logz,logdust,logNpix,logage,lnprob,N_walkers
-0.6280,-2.7071,2.8417,8.3599,-70839.0818,20
-0.6692,-2.8061,2.7262,8.2890,-68730.4232,20
-0.6692,-2.8061,2.7262,8.2890,-68730.4232,20
-0.6692,-2.8061,2.7262,8.2890,-68730.4232,20
-0.7410,-2.9785,2.5251,8.1654,-62702.8869,20
-0.7998,-3.1196,2.3605,8.0643,-57192.9232,20
-0.8683,-3.2839,2.1687,7.9465,-53368.8319,20
-0.8683,-3.2839,2.1687,7.9465,-53368.8319,20
-0.8683,-3.2839,2.1687,7.9465,-53368.8319,20
-0.8683,-3.2839,2.1687,7.9465,-53368.8319,20
-0.8683,-3.2839,2.1687,7.9465,-53368.8319,20
-1.3566,-4.4559,0.8015,7.1066,-51589.4658,20
-1.3566,-4.4559,0.8015,7.1066,-51589.4658,20
-1.3974,-4.5537,0.6874,7.0365,-50674.7038,20
-1.6410,-5.1383,0.0053,6.6176,-41540.1671,20
-1.6410,-5.1383,0.0053,6.6176,-41540.1671,20
-1.6410,-5.1383,0.0053,6.6176,-41540.1671,20
-1.6410,-5.1383,0.0053,6.6176,-41540.1671,20
-1.6410,-5.1383,0.0053,6.6176,-41540.1671,20
-1.6410,-5.1383,0.0053,6.6176,-41540.1671,20
-1.7000,-5.2799,-0.1599,6.5161,-40090.6053,20
-1.6825,-5.2381,-0.1111,6.5460,-39762.1582,20
-1.6825,-5.2381,-0.1111,6.5460,-39762.1582,20
-1.6825,-5.2381,-0.1111,6.5460,-39762.1582,20
-1.9869,-5.9686,-0.9633,6.0225,-32165.4723,20
-1.9869,-5.9686,-0.9633,6.0225,-32165.4723,20
-1.9869,-5.9686,-0.9633,6.0225,-32165.4723,20
-1.9779,-5.9470,-0.9382,6.0380,-30076.7382,20
-1.9779,-5.9470,-0.9382,6.0380,-30076.7382,20
-1.9779,-5.9470,-0.9382,6.0380,-30076.7382,20
-1.9921,-5.9810,-0.9779,6.0136,-30078.4840,20
-1.9921,-5.9810,-0.9779,6.0136,-30078.4840,20
-1.9921,-5.9810,-0.9779,6.0136,-30078.4840,20
-1.9921,-5.9810,-0.9779,6.0136,-30078.4840,20
-1.9921,-5.9810,-0.9779,6.0136,-30078.4840,20
-1.9921,-5.9810,-0.9779,6.0136,-30078.4840,20
-1.9921,-5.9810,-0.9779,6.0136,-30078.4840,20
-1.9921,-5.9810,-0.9779,6.0136,-30078.4840,20
-1.9921,-5.9810,-0.9779,6.0136,-30078.4840,20
-1.9921,-5.9810,-0.9779,6.0136,-30078.4840,20
-1.9921,-5.9810,-0.9779,6.0136,-30078.4840,20
-1.9921,-5.9810,-0.9779,6.0136,-30078.4840,20
-1.9921,-5.9810,-0.9779,6.0136,-30078.4840,20
-1.9921,-5.9810,-0.9779,6.0136,-30078.4840,20
-1.9921,-5.9810,-0.9779,6.0136,-30078.4840,20
-1.9921,-5.9810,-0.9779,6.0136,-30078.4840,20
-1.9921,-5.9810,-0.9779,6.0136,-30078.4840,20
-1.9921,-5.9810,-0.9779,6.0136,-30078.4840,20
-1.9921,-5.9810,-0.9779,6.0136,-30078.4840,20
-1.9912,-5.9788,-0.9753,6.0152,-29871.0357,20
-1.9912,-5.9788,-0.9753,6.0152,-29871.0357,20
-1.9912,-5.9788,-0.9753,6.0152,-29871.0357,20
-1.9912,-5.9788,-0.9753,6.0152,-29871.0357,20
-1.9912,-5.9788,-0.9753,6.0152,-29871.0357,20
-1.9912,-5.9788,-0.9753,6.0152,-29871.0357,20
-1.9912,-5.9788,-0.9753,6.0152,-29871.0357,20
-1.9912,-5.9788,-0.9753,6.0152,-29871.0357,20
-1.9912,-5.9788,-0.9753,6.0152,-29871.0357,20
-1.9912,-5.9788,-0.9753,6.0152,-29871.0357,20
-1.9914,-5.9793,-0.9759,6.0148,-29753.9302,20
-1.9914,-5.9793,-0.9759,6.0148,-29753.9302,20
-1.9914,-5.9793,-0.9759,6.0148,-29753.9302,20
-1.9914,-5.9793,-0.9759,6.0148,-29753.9302,20
-1.9914,-5.9793,-0.9759,6.0148,-29753.9302,20
-1.9914,-5.9793,-0.9759,6.0148,-29753.9302,20
-1.9842,-5.9620,-0.9557,6.0272,-29321.0425,20
-1.9842,-5.9620,-0.9557,6.0272,-29321.0425,20
-1.9842,-5.9620,-0.9557,6.0272,-29321.0425,20
-1.9842,-5.9620,-0.9557,6.0272,-29321.0425,20
-1.9842,-5.9620,-0.9557,6.0272,-29321.0425,20
-1.9842,-5.9620,-0.9557,6.0272,-29321.0425,20
-1.9842,-5.9620,-0.9557,6.0272,-29321.0425,20
-1.9842,-5.9620,-0.9557,6.0272,-29321.0425,20
-1.9842,-5.9620,-0.9557,6.0272,-29321.0425,20
-1.9837,-5.9608,-0.9543,6.0281,-28659.8015,20
-1.9837,-5.9608,-0.9543,6.0281,-28659.8015,20
-1.9837,-5.9608,-0.9543,6.0281,-28659.8015,20
-1.9837,-5.9608,-0.9543,6.0281,-28659.8015,20
-1.9837,-5.9608,-0.9543,6.0281,-28659.8015,20
-1.9837,-5.9608,-0.9543,6.0281,-28659.8015,20
-1.9837,-5.9608,-0.9543,6.0281,-28659.8015,20
-1.9837,-5.9608,-0.9543,6.0281,-28659.8015,20
-1.9837,-5.9608,-0.9543,6.0281,-28659.8015,20
-1.9837,-5.9608,-0.9543,6.0281,-28659.8015,20
-1.9837,-5.9608,-0.9543,6.0281,-28659.8015,20
-1.9837,-5.9608,-0.9543,6.0281,-28659.8015,20
-1.9837,-5.9608,-0.9543,6.0281,-28659.8015,20
-1.9837,-5.9608,-0.9543,6.0281,-28659.8015,20
-1.9837,-5.9608,-0.9543,6.0281,-28659.8015,20
-1.9837,-5.9608,-0.9543,6.0281,-28659.8015,20
-1.9837,-5.9608,-0.9543,6.0281,-28659.8015,20
-1.9837,-5.9608,-0.9543,6.0281,-28659.8015,20
-1.9837,-5.9608,-0.9543,6.0281,-28659.8015,20
-1.9837,-5.9608,-0.9543,6.0281,-28659.8015,20
-1.9837,-5.9608,-0.9543,6.0281,-28659.8015,20
-1.9837,-5.9608,-0.9543,6.0281,-28659.8015,20
-1.9837,-5.9608,-0.9543,6.0281,-28659.8015,20
-1.9837,-5.9608,-0.9543,6.0281,-28659.8015,20
-1.9837,-5.9608,-0.9543,6.0281,-28659.8015,20
-1.9837,-5.9608,-0.9543,6.0281,-28659.8015,20
-0.6217,-2.6920,2.8593,8.3707,-71042.2039,20
-0.6217,-2.6920,2.8593,8.3707,-71042.2039,20
-1.1778,-4.0266,1.3023,7.4142,-53853.2769,20
-1.9884,-5.9721,-0.9674,6.0200,-29502.0953,20
-1.9884,-5.9721,-0.9674,6.0200,-29502.0953,20
-1.9884,-5.9721,-0.9674,6.0200,-29502.0953,20
-1.9884,-5.9721,-0.9674,6.0200,-29502.0953,20
-1.9884,-5.9721,-0.9674,6.0200,-29502.0953,20
-1.9884,-5.9721,-0.9674,6.0200,-29502.0953,20
-1.9884,-5.9721,-0.9674,6.0200,-29502.0953,20
-1.9884,-5.9721,-0.9674,6.0200,-29502.0953,20
-1.9834,-5.9601,-0.9534,6.0286,-29351.3760,20
-1.9834,-5.9601,-0.9534,6.0286,-29351.3760,20
-1.9834,-5.9601,-0.9534,6.0286,-29351.3760,20
-1.9834,-5.9601,-0.9534,6.0286,-29351.3760,20
-1.9834,-5.9601,-0.9534,6.0286,-29351.3760,20
-1.9834,-5.9601,-0.9534,6.0286,-29351.3760,20
-1.9834,-5.9601,-0.9534,6.0286,-29351.3760,20
-1.9834,-5.9601,-0.9534,6.0286,-29351.3760,20
-1.9834,-5.9601,-0.9534,6.0286,-29351.3760,20
-1.9834,-5.9601,-0.9534,6.0286,-29351.3760,20
-1.9834,-5.9601,-0.9534,6.0286,-29351.3760,20
-1.9834,-5.9601,-0.9534,6.0286,-29351.3760,20
-1.9834,-5.9601,-0.9534,6.0286,-29351.3760,20
-1.9834,-5.9601,-0.9534,6.0286,-29351.3760,20
-1.9834,-5.9601,-0.9534,6.0286,-29351.3760,20
-1.9834,-5.9601,-0.9534,6.0286,-28591.7161,20
-1.9834,-5.9601,-0.9534,6.0286,-28591.7161,20
-1.9834,-5.9601,-0.9534,6.0286,-28591.7161,20
-1.9834,-5.9601,-0.9534,6.0286,-28591.7161,20
-1.9834,-5.9601,-0.9534,6.0286,-28591.7161,20
-1.9834,-5.9601,-0.9534,6.0286,-28591.7161,20
-1.9834,-5.9601,-0.9534,6.0286,-28591.7161,20
-1.9834,-5.9601,-0.9534,6.0286,-28591.7161,20
-1.9834,-5.9601,-0.9534,6.0286,-28591.7161,20
-1.9834,-5.9601,-0.9534,6.0286,-28591.7161,20
-1.9834,-5.9601,-0.9534,6.0286,-28591.7161,20
-1.9834,-5.9601,-0.9534,6.0286,-28591.7161,20
-1.9834,-5.9601,-0.9534,6.0286,-28591.7161,20
-1.9834,-5.9601,-0.9534,6.0286,-28591.7161,20
-1.9834,-5.9601,-0.9534,6.0286,-28591.7161,20
-1.9834,-5.9601,-0.9534,6.0286,-28591.7161,20
-1.9834,-5.9601,-0.9534,6.0286,-28591.7161,20
-1.9834,-5.9601,-0.9534,6.0286,-28591.7161,20
-1.9834,-5.9601,-0.9534,6.0286,-28591.7161,20
-1.9834,-5.9601,-0.9534,6.0286,-28591.7161,20
-1.9834,-5.9601,-0.9534,6.0286,-28591.7161,20
-1.9834,-5.9601,-0.9534,6.0286,-28591.7161,20
-1.9834,-5.9601,-0.9534,6.0286,-28591.7161,20
-1.9834,-5.9601,-0.9534,6.0286,-28591.7161,20
-1.9834,-5.9601,-0.9534,6.0286,-28591.7161,20
-1.9834,-5.9601,-0.9534,6.0286,-28591.7161,20
-1.9834,-5.9601,-0.9534,6.0286,-28591.7161,20
-1.9834,-5.9601,-0.9534,6.0286,-28591.7161,20
-1.9834,-5.9601,-0.9534,6.0286,-28591.7161,20
-1.9834,-5.9601,-0.9534,6.0286,-28591.7161,20
-1.9834,-5.9601,-0.9534,6.0286,-28591.7161,20
-1.9834,-5.9601,-0.9534,6.0286,-28591.7161,20
-1.9834,-5.9601,-0.9534,6.0286,-28591.7161,20
-1.9834,-5.9601,-0.9534,6.0286,-28591.7161,20
-1.9834,-5.9601,-0.9534,6.0286,-28591.7161,20
-1.9834,-5.9601,-0.9534,6.0286,-28591.7161,20
-1.9834,-5.9601,-0.9534,6.0286,-28591.7161,20
-1.9834,-5.9601,-0.9534,6.0286,-28591.7161,20
-1.9834,-5.9601,-0.9534,6.0286,-28591.7161,20
-1.9834,-5.9601,-0.9534,6.0286,-28591.7161,20
-1.9834,-5.9601,-0.9534,6.0286,-28591.7161,20
-1.9834,-5.9601,-0.9534,6.0286,-28591.7161,20
-1.9834,-5.9601,-0.9534,6.0286,-28591.7161,20
-1.9834,-5.9601,-0.9534,6.0286,-28591.7161,20
-1.9834,-5.9601,-0.9534,6.0286,-28591.7161,20
-1.9834,-5.9601,-0.9534,6.0286,-28591.7161,20
-1.9834,-5.9601,-0.9534,6.0286,-28591.7161,20
-1.9834,-5.9601,-0.9534,6.0286,-28591.7161,20
-1.9834,-5.9601,-0.9534,6.0286,-28591.7161,20
-1.9834,-5.9601,-0.9534,6.0286,-28591.7161,20
-1.9834,-5.9601,-0.9534,6.0286,-28591.7161,20
-1.9834,-5.9601,-0.9534,6.0286,-28591.7161,20
-1.9834,-5.9601,-0.9534,6.0286,-28591.7161,20
-1.9834,-5.9601,-0.9534,6.0286,-28591.7161,20
-1.9834,-5.9601,-0.9534,6.0286,-28591.7161,20
-1.9834,-5.9601,-0.9534,6.0286,-28591.7161,20
-1.9834,-5.9601,-0.9534,6.0286,-28591.7161,20
-1.9834,-5.9601,-0.9534,6.0286,-28591.7161,20
-1.9834,-5.9601,-0.9534,6.0286,-28591.7161,20
-1.9834,-5.9601,-0.9534,6.0286,-28591.7161,20
-1.9834,-5.9601,-0.9534,6.0286,-28591.7161,20
-1.9834,-5.9601,-0.9534,6.0286,-28591.7161,20
-1.9834,-5.9601,-0.9534,6.0286,-28591.7161,20
-1.9834,-5.9601,-0.9534,6.0286,-28591.7161,20
-1.9834,-5.9601,-0.9534,6.0286,-28591.7161,20
-1.9834,-5.9601,-0.9534,6.0286,-28591.7161,20
-1.9834,-5.9601,-0.9534,6.0286,-28591.7161,20
-1.9834,-5.9601,-0.9534,6.0286,-28591.7161,20
-1.9834,-5.9601,-0.9534,6.0286,-28591.7161,20
-1.9834,-5.9601,-0.9534,6.0286,-28591.7161,20
-1.9834,-5.9601,-0.9534,6.0286,-28591.7161,20
-1.9834,-5.9601,-0.9534,6.0286,-28591.7161,20
-1.9834,-5.9601,-0.9534,6.0286,-28591.7161,20
-1.9834,-5.9601,-0.9534,6.0286,-28591.7161,20
-0.8043,-3.1302,2.3481,8.0567,-56833.2329,20
-0.8384,-3.2121,2.2526,7.9980,-54522.8357,20
-0.8384,-3.2121,2.2526,7.9980,-54522.8357,20
-0.8384,-3.2121,2.2526,7.9980,-54522.8357,20
-0.8384,-3.2121,2.2526,7.9980,-54522.8357,20
-0.8384,-3.2121,2.2526,7.9980,-54522.8357,20
-1.4067,-4.5762,0.6612,7.0204,-50767.5711,20
-1.5829,-4.9990,0.1678,6.7174,-44840.4325,20
-1.7597,-5.4234,-0.3273,6.4133,-36672.5557,20
-1.7597,-5.4234,-0.3273,6.4133,-36672.5557,20
-1.7597,-5.4234,-0.3273,6.4133,-36672.5557,20
-1.7597,-5.4234,-0.3273,6.4133,-36672.5557,20
-1.7597,-5.4234,-0.3273,6.4133,-36672.5557,20
-1.7597,-5.4234,-0.3273,6.4133,-36672.5557,20
-1.7597,-5.4234,-0.3273,6.4133,-36672.5557,20
-1.7597,-5.4234,-0.3273,6.4133,-36672.5557,20
-1.7597,-5.4234,-0.3273,6.4133,-36672.5557,20
-1.7597,-5.4234,-0.3273,6.4133,-36672.5557,20
-1.7597,-5.4234,-0.3273,6.4133,-36672.5557,20
-1.7597,-5.4234,-0.3273,6.4133,-36672.5557,20
-1.7597,-5.4234,-0.3273,6.4133,-36672.5557,20
-1.7597,-5.4234,-0.3273,6.4133,-36672.5557,20
-1.7597,-5.4234,-0.3273,6.4133,-36672.5557,20
-1.7597,-5.4234,-0.3273,6.4133,-36672.5557,20
-1.8407,-5.6176,-0.5538,6.2741,-35275.6260,20
-1.8407,-5.6176,-0.5538,6.2741,-35275.6260,20
-1.9227,-5.8145,-0.7835,6.1330,-30111.8438,20
-1.9227,-5.8145,-0.7835,6.1330,-30111.8438,20
-1.9227,-5.8145,-0.7835,6.1330,-30111.8438,20
-1.9227,-5.8145,-0.7835,6.1330,-30111.8438,20
-1.9227,-5.8145,-0.7835,6.1330,-30111.8438,20
-1.9227,-5.8145,-0.7835,6.1330,-30111.8438,20
-1.9227,-5.8145,-0.7835,6.1330,-30111.8438,20
-1.9227,-5.8145,-0.7835,6.1330,-30111.8438,20
-1.9227,-5.8145,-0.7835,6.1330,-30111.8438,20
-1.9227,-5.8145,-0.7835,6.1330,-30111.8438,20
-1.9227,-5.8145,-0.7835,6.1330,-30111.8438,20
-1.9227,-5.8145,-0.7835,6.1330,-30111.8438,20
-1.9227,-5.8145,-0.7835,6.1330,-30111.8438,20
-1.9227,-5.8145,-0.7835,6.1330,-30111.8438,20
-1.9227,-5.8145,-0.7835,6.1330,-30111.8438,20
-1.9227,-5.8145,-0.7835,6.1330,-30111.8438,20
-1.9227,-5.8145,-0.7835,6.1330,-30111.8438,20
-1.9227,-5.8145,-0.7835,6.1330,-30111.8438,20
-1.9227,-5.8145,-0.7835,6.1330,-30111.8438,20
-1.9227,-5.8145,-0.7835,6.1330,-30111.8438,20
-1.9227,-5.8145,-0.7835,6.1330,-30111.8438,20
-1.9227,-5.8145,-0.7835,6.1330,-30111.8438,20
-1.9227,-5.8145,-0.7835,6.1330,-30111.8438,20
-1.9227,-5.8145,-0.7835,6.1330,-30111.8438,20
-1.9227,-5.8145,-0.7835,6.1330,-30111.8438,20
-1.9227,-5.8145,-0.7835,6.1330,-30111.8438,20
-1.9227,-5.8145,-0.7835,6.1330,-30111.8438,20
-1.9227,-5.8145,-0.7835,6.1330,-30111.8438,20
-1.9227,-5.8145,-0.7835,6.1330,-30111.8438,20
-1.9227,-5.8145,-0.7835,6.1330,-30111.8438,20
-1.9227,-5.8145,-0.7835,6.1330,-30111.8438,20
-1.9227,-5.8145,-0.7835,6.1330,-30111.8438,20
-1.9227,-5.8145,-0.7835,6.1330,-30111.8438,20
-1.9227,-5.8145,-0.7835,6.1330,-30111.8438,20
-1.9227,-5.8145,-0.7835,6.1330,-30111.8438,20
-1.9227,-5.8145,-0.7835,6.1330,-30111.8438,20
-1.9227,-5.8145,-0.7835,6.1330,-30111.8438,20
-1.9227,-5.8145,-0.7835,6.1330,-30111.8438,20
-1.9227,-5.8145,-0.7835,6.1330,-30111.8438,20
-1.9227,-5.8145,-0.7835,6.1330,-30111.8438,20
-1.9227,-5.8145,-0.7835,6.1330,-30111.8438,20
-1.9227,-5.8145,-0.7835,6.1330,-30111.8438,20
-1.9227,-5.8145,-0.7835,6.1330,-30111.8438,20
-1.9227,-5.8145,-0.7835,6.1330,-30111.8438,20
-1.9227,-5.8145,-0.7835,6.1330,-30111.8438,20
-1.9227,-5.8145,-0.7835,6.1330,-30111.8438,20
-1.9227,-5.8145,-0.7835,6.1330,-30111.8438,20
-1.9227,-5.8145,-0.7835,6.1330,-30111.8438,20
-1.9227,-5.8145,-0.7835,6.1330,-30111.8438,20
-1.9227,-5.8145,-0.7835,6.1330,-30111.8438,20
-1.9227,-5.8145,-0.7835,6.1330,-30111.8438,20
-1.9227,-5.8145,-0.7835,6.1330,-30111.8438,20
-1.9227,-5.8145,-0.7835,6.1330,-30111.8438,20
-1.9227,-5.8145,-0.7835,6.1330,-30111.8438,20
-1.9227,-5.8145,-0.7835,6.1330,-30111.8438,20
-1.9227,-5.8145,-0.7835,6.1330,-30111.8438,20
-1.9227,-5.8145,-0.7835,6.1330,-30111.8438,20
-1.9227,-5.8145,-0.7835,6.1330,-30111.8438,20
-1.9227,-5.8145,-0.7835,6.1330,-30111.8438,20
-1.9227,-5.8145,-0.7835,6.1330,-30111.8438,20
-1.9227,-5.8145,-0.7835,6.1330,-30111.8438,20
-1.9227,-5.8145,-0.7835,6.1330,-30111.8438,20
-1.9227,-5.8145,-0.7835,6.1330,-30111.8438,20
-1.9227,-5.8145,-0.7835,6.1330,-30111.8438,20
-1.9227,-5.8145,-0.7835,6.1330,-30111.8438,20
-1.9227,-5.8145,-0.7835,6.1330,-30111.8438,20
-1.9227,-5.8145,-0.7835,6.1330,-30111.8438,20
-1.9227,-5.8145,-0.7835,6.1330,-30111.8438,20
-1.9227,-5.8145,-0.7835,6.1330,-30111.8438,20
-1.9227,-5.8145,-0.7835,6.1330,-30111.8438,20
-1.9227,-5.8145,-0.7835,6.1330,-30111.8438,20
-1.9227,-5.8145,-0.7835,6.1330,-30111.8438,20
-1.9227,-5.8145,-0.7835,6.1330,-30111.8438,20
-1.9227,-5.8145,-0.7835,6.1330,-30111.8438,20
-0.6652,-2.7965,2.7374,8.2959,-69213.4174,20
-1.0448,-3.7075,1.6745,7.6429,-54972.7054,20
-1.4251,-4.6203,0.6096,6.9888,-48995.6236,20
-1.4251,-4.6203,0.6096,6.9888,-48995.6236,20
-1.4251,-4.6203,0.6096,6.9888,-48995.6236,20
-1.6934,-5.2641,-0.1415,6.5274,-39669.2729,20
-1.6934,-5.2641,-0.1415,6.5274,-39669.2729,20
-1.6934,-5.2641,-0.1415,6.5274,-39669.2729,20
-1.7381,-5.3713,-0.2665,6.4505,-37199.3303,20
-1.7381,-5.3713,-0.2665,6.4505,-37199.3303,20
-1.7381,-5.3713,-0.2665,6.4505,-37199.3303,20
-1.7381,-5.3713,-0.2665,6.4505,-37199.3303,20
-1.7381,-5.3713,-0.2665,6.4505,-37199.3303,20
-1.7381,-5.3713,-0.2665,6.4505,-37199.3303,20
-1.7381,-5.3713,-0.2665,6.4505,-37199.3303,20
-1.7381,-5.3713,-0.2665,6.4505,-37199.3303,20
-1.7381,-5.3713,-0.2665,6.4505,-37199.3303,20
-1.8876,-5.7303,-0.6854,6.1933,-32311.8727,20
-1.8876,-5.7303,-0.6854,6.1933,-32311.8727,20
-1.8876,-5.7303,-0.6854,6.1933,-32311.8727,20
-1.8876,-5.7303,-0.6854,6.1933,-32311.8727,20
-1.8876,-5.7303,-0.6854,6.1933,-32311.8727,20
-1.8876,-5.7303,-0.6854,6.1933,-32311.8727,20
-1.8876,-5.7303,-0.6854,6.1933,-32311.8727,20
-1.8876,-5.7303,-0.6854,6.1933,-32311.8727,20
-1.9347,-5.8432,-0.8170,6.1124,-32104.5519,20
-1.9347,-5.8432,-0.8170,6.1124,-32104.5519,20
-1.9347,-5.8432,-0.8170,6.1124,-32104.5519,20
-1.9347,-5.8432,-0.8170,6.1124,-32104.5519,20
-1.9347,-5.8432,-0.8170,6.1124,-32104.5519,20
-1.9347,-5.8432,-0.8170,6.1124,-32104.5519,20
-1.9347,-5.8432,-0.8170,6.1124,-32104.5519,20
-1.9347,-5.8432,-0.8170,6.1124,-32104.5519,20
-1.9475,-5.8740,-0.8530,6.0903,-31025.2976,20
-1.9475,-5.8740,-0.8530,6.0903,-31025.2976,20
-1.9475,-5.8740,-0.8530,6.0903,-31025.2976,20
-1.9525,-5.8860,-0.8670,6.0817,-30511.3976,20
-1.9525,-5.8860,-0.8670,6.0817,-30511.3976,20
-1.9525,-5.8860,-0.8670,6.0817,-30511.3976,20
-1.9525,-5.8860,-0.8670,6.0817,-30511.3976,20
-1.9525,-5.8860,-0.8670,6.0817,-30511.3976,20
-1.9566,-5.8959,-0.8786,6.0746,-30338.9923,20
-1.9566,-5.8959,-0.8786,6.0746,-30338.9923,20
-1.9566,-5.8959,-0.8786,6.0746,-30338.9923,20
-1.9566,-5.8959,-0.8786,6.0746,-30338.9923,20
-1.9566,-5.8959,-0.8786,6.0746,-30338.9923,20
-1.9566,-5.8959,-0.8786,6.0746,-30338.9923,20
-1.9566,-5.8959,-0.8786,6.0746,-30338.9923,20
-1.9582,-5.8996,-0.8829,6.0719,-30332.5723,20
-1.9582,-5.8996,-0.8829,6.0719,-30332.5723,20
-1.9582,-5.8996,-0.8829,6.0719,-30332.5723,20
-1.9582,-5.8996,-0.8829,6.0719,-30332.5723,20
-1.9582,-5.8996,-0.8829,6.0719,-30332.5723,20
-1.9582,-5.8996,-0.8829,6.0719,-30332.5723,20
-1.9582,-5.8996,-0.8829,6.0719,-30332.5723,20
-1.9582,-5.8996,-0.8829,6.0719,-30332.5723,20
-1.9582,-5.8996,-0.8829,6.0719,-30332.5723,20
-1.9582,-5.8996,-0.8829,6.0719,-30332.5723,20
-1.9582,-5.8996,-0.8829,6.0719,-30332.5723,20
-1.9582,-5.8996,-0.8829,6.0719,-30332.5723,20
-1.9582,-5.8996,-0.8829,6.0719,-30332.5723,20
-1.9582,-5.8996,-0.8829,6.0719,-30332.5723,20
-1.9582,-5.8996,-0.8829,6.0719,-30332.5723,20
-1.9582,-5.8996,-0.8829,6.0719,-30332.5723,20
-1.9582,-5.8996,-0.8829,6.0719,-30332.5723,20
-1.9582,-5.8996,-0.8829,6.0719,-30332.5723,20
-1.9582,-5.8996,-0.8829,6.0719,-30332.5723,20
-1.9582,-5.8996,-0.8829,6.0719,-30332.5723,20
-1.9582,-5.8996,-0.8829,6.0719,-30332.5723,20
-1.9582,-5.8996,-0.8829,6.0719,-30332.5723,20
-1.9582,-5.8996,-0.8829,6.0719,-30332.5723,20
-1.9582,-5.8996,-0.8829,6.0719,-30332.5723,20
-1.9582,-5.8996,-0.8829,6.0719,-30332.5723,20
-1.9582,-5.8996,-0.8829,6.0719,-30332.5723,20
-1.9582,-5.8996,-0.8829,6.0719,-30332.5723,20
-1.9582,-5.8996,-0.8829,6.0719,-30332.5723,20
-1.9582,-5.8996,-0.8829,6.0719,-30332.5723,20
-1.9582,-5.8996,-0.8829,6.0719,-30332.5723,20
-1.9582,-5.8996,-0.8829,6.0719,-30332.5723,20
-1.9582,-5.8996,-0.8829,6.0719,-30332.5723,20
-1.9582,-5.8996,-0.8829,6.0719,-30332.5723,20
-1.9582,-5.8996,-0.8829,6.0719,-30332.5723,20
-1.9582,-5.8996,-0.8829,6.0719,-30332.5723,20
-1.9582,-5.8996,-0.8829,6.0719,-30332.5723,20
-1.9582,-5.8996,-0.8829,6.0719,-30332.5723,20
-1.9582,-5.8996,-0.8829,6.0719,-30332.5723,20
-1.9582,-5.8996,-0.8829,6.0719,-30332.5723,20
-1.9582,-5.8996,-0.8829,6.0719,-30332.5723,20
-1.9582,-5.8996,-0.8829,6.0719,-30332.5723,20
-1.9582,-5.8996,-0.8829,6.0719,-30332.5723,20
-1.9534,-5.8882,-0.8696,6.0801,-30174.5888,20
-1.9534,-5.8882,-0.8696,6.0801,-30174.5888,20
-1.9534,-5.8882,-0.8696,6.0801,-30174.5888,20
-1.9534,-5.8882,-0.8696,6.0801,-30174.5888,20
-1.9534,-5.8882,-0.8696,6.0801,-30174.5888,20
-1.9534,-5.8882,-0.8696,6.0801,-30174.5888,20
-1.9587,-5.9009,-0.8844,6.0710,-30164.1382,20
-1.9587,-5.9009,-0.8844,6.0710,-30164.1382,20
-1.9587,-5.9009,-0.8844,6.0710,-30164.1382,20
-1.9587,-5.9009,-0.8844,6.0710,-30164.1382,20
-1.1327,-3.9186,1.4283,7.4917,-52557.0742,20
-1.1327,-3.9186,1.4283,7.4917,-52557.0742,20
-1.1327,-3.9186,1.4283,7.4917,-52557.0742,20
-1.1327,-3.9186,1.4283,7.4917,-52557.0742,20
-1.1327,-3.9186,1.4283,7.4917,-52557.0742,20
-1.5003,-4.8007,0.3992,6.8595,-47201.0674,20
-1.5003,-4.8007,0.3992,6.8595,-47201.0674,20
-1.9246,-5.8190,-0.7889,6.1297,-32356.4849,20
-1.9277,-5.8266,-0.7977,6.1243,-32154.5679,20
-1.9277,-5.8266,-0.7977,6.1243,-32154.5679,20
-1.9277,-5.8266,-0.7977,6.1243,-32154.5679,20
-1.9277,-5.8266,-0.7977,6.1243,-32154.5679,20
-1.9277,-5.8266,-0.7977,6.1243,-32154.5679,20
-1.9277,-5.8266,-0.7977,6.1243,-32154.5679,20
-1.9277,-5.8266,-0.7977,6.1243,-32154.5679,20
-1.9171,-5.8009,-0.7677,6.1427,-30986.1637,20
-1.9171,-5.8009,-0.7677,6.1427,-30986.1637,20
-1.9171,-5.8009,-0.7677,6.1427,-30986.1637,20
-1.9171,-5.8009,-0.7677,6.1427,-30986.1637,20
-1.9171,-5.8009,-0.7677,6.1427,-30986.1637,20
-1.9171,-5.8009,-0.7677,6.1427,-30986.1637,20
-1.9171,-5.8009,-0.7677,6.1427,-30986.1637,20
-1.9171,-5.8009,-0.7677,6.1427,-30986.1637,20
-1.9171,-5.8009,-0.7677,6.1427,-30986.1637,20
-1.9171,-5.8009,-0.7677,6.1427,-30986.1637,20
-1.9171,-5.8009,-0.7677,6.1427,-30986.1637,20
-1.9171,-5.8009,-0.7677,6.1427,-30986.1637,20
-1.9171,-5.8009,-0.7677,6.1427,-30986.1637,20
-1.9171,-5.8009,-0.7677,6.1427,-30986.1637,20
-1.9171,-5.8009,-0.7677,6.1427,-30986.1637,20
-1.9100,-5.7841,-0.7481,6.1547,-30722.7208,20
-1.9100,-5.7841,-0.7481,6.1547,-30722.7208,20
-1.9100,-5.7841,-0.7481,6.1547,-30722.7208,20
-1.9100,-5.7841,-0.7481,6.1547,-30722.7208,20
-1.9100,-5.7841,-0.7481,6.1547,-30722.7208,20
-1.9100,-5.7841,-0.7481,6.1547,-30722.7208,20
-1.9100,-5.7841,-0.7481,6.1547,-30722.7208,20
-1.9100,-5.7841,-0.7481,6.1547,-30722.7208,20
-1.9100,-5.7841,-0.7481,6.1547,-30722.7208,20
-1.9100,-5.7841,-0.7481,6.1547,-30722.7208,20
-1.9100,-5.7841,-0.7481,6.1547,-30722.7208,20
-1.9100,-5.7841,-0.7481,6.1547,-30722.7208,20
-1.9100,-5.7841,-0.7481,6.1547,-30722.7208,20
-1.9100,-5.7841,-0.7481,6.1547,-30722.7208,20
-1.9100,-5.7841,-0.7481,6.1547,-30722.7208,20
-1.9100,-5.7841,-0.7481,6.1547,-30722.7208,20
-1.9191,-5.8058,-0.7735,6.1392,-29763.5977,20
-1.9191,-5.8058,-0.7735,6.1392,-29763.5977,20
-1.9191,-5.8058,-0.7735,6.1392,-29763.5977,20
-1.9191,-5.8058,-0.7735,6.1392,-29763.5977,20
-1.9191,-5.8058,-0.7735,6.1392,-29763.5977,20
-1.9191,-5.8058,-0.7735,6.1392,-29763.5977,20
-1.9191,-5.8058,-0.7735,6.1392,-29763.5977,20
-1.9191,-5.8058,-0.7735,6.1392,-29763.5977,20
-1.9191,-5.8058,-0.7735,6.1392,-29763.5977,20
-1.9191,-5.8058,-0.7735,6.1392,-29763.5977,20
-1.9191,-5.8058,-0.7735,6.1392,-29763.5977,20
-1.9191,-5.8058,-0.7735,6.1392,-29763.5977,20
-1.9191,-5.8058,-0.7735,6.1392,-29763.5977,20
-1.9191,-5.8058,-0.7735,6.1392,-29763.5977,20
-1.9191,-5.8058,-0.7735,6.1392,-29763.5977,20
-1.9191,-5.8058,-0.7735,6.1392,-29763.5977,20
-1.9191,-5.8058,-0.7735,6.1392,-29763.5977,20
-1.9191,-5.8058,-0.7735,6.1392,-29763.5977,20
-1.9191,-5.8058,-0.7735,6.1392,-29763.5977,20
-1.9191,-5.8058,-0.7735,6.1392,-29763.5977,20
-1.9191,-5.8058,-0.7735,6.1392,-29763.5977,20
-1.9191,-5.8058,-0.7735,6.1392,-29763.5977,20
-1.9191,-5.8058,-0.7735,6.1392,-29763.5977,20
-1.9191,-5.8058,-0.7735,6.1392,-29763.5977,20
-1.9191,-5.8058,-0.7735,6.1392,-29763.5977,20
-1.9191,-5.8058,-0.7735,6.1392,-29763.5977,20
-1.9191,-5.8058,-0.7735,6.1392,-29763.5977,20
-1.9191,-5.8058,-0.7735,6.1392,-29763.5977,20
-1.9191,-5.8058,-0.7735,6.1392,-29763.5977,20
-1.9191,-5.8058,-0.7735,6.1392,-29763.5977,20
-1.9191,-5.8058,-0.7735,6.1392,-29763.5977,20
-1.9191,-5.8058,-0.7735,6.1392,-29763.5977,20
-1.9191,-5.8058,-0.7735,6.1392,-29763.5977,20
-1.9191,-5.8058,-0.7735,6.1392,-29763.5977,20
-1.9191,-5.8058,-0.7735,6.1392,-29763.5977,20
-1.9191,-5.8058,-0.7735,6.1392,-29763.5977,20
-1.9191,-5.8058,-0.7735,6.1392,-29763.5977,20
-1.9191,-5.8058,-0.7735,6.1392,-29763.5977,20
-1.9191,-5.8058,-0.7735,6.1392,-29763.5977,20
-1.9191,-5.8058,-0.7735,6.1392,-29763.5977,20
-1.9191,-5.8058,-0.7735,6.1392,-29763.5977,20
-1.9191,-5.8058,-0.7735,6.1392,-29763.5977,20
-1.9191,-5.8058,-0.7735,6.1392,-29763.5977,20
-1.9191,-5.8058,-0.7735,6.1392,-29763.5977,20
-1.9191,-5.8058,-0.7735,6.1392,-29763.5977,20
-1.9191,-5.8058,-0.7735,6.1392,-29763.5977,20
-1.9191,-5.8058,-0.7735,6.1392,-29763.5977,20
-1.9191,-5.8058,-0.7735,6.1392,-29763.5977,20
-1.9191,-5.8058,-0.7735,6.1392,-29763.5977,20
-1.9191,-5.8058,-0.7735,6.1392,-29763.5977,20
-1.9191,-5.8058,-0.7735,6.1392,-29763.5977,20
-1.9191,-5.8058,-0.7735,6.1392,-29763.5977,20
-1.9191,-5.8058,-0.7735,6.1392,-29763.5977,20
-1.9191,-5.8058,-0.7735,6.1392,-29763.5977,20
-0.3853,-2.1246,3.5213,8.7773,-77546.7716,20
-0.3853,-2.1246,3.5213,8.7773,-77546.7716,20
-0.3853,-2.1246,3.5213,8.7773,-77546.7716,20
-0.3853,-2.1246,3.5213,8.7773,-77546.7716,20
-0.7130,-2.9111,2.6037,8.2137,-65472.2621,20
-0.7130,-2.9111,2.6037,8.2137,-65472.2621,20
-0.7414,-2.9795,2.5239,8.1647,-62575.2512,20
-1.0811,-3.7946,1.5730,7.5805,-56720.3355,20
-1.2025,-4.0861,1.2329,7.3716,-51880.1979,20
-1.2025,-4.0861,1.2329,7.3716,-51880.1979,20
-1.2025,-4.0861,1.2329,7.3716,-51880.1979,20
-1.2025,-4.0861,1.2329,7.3716,-51880.1979,20
-1.4556,-4.6935,0.5243,6.9363,-47474.0862,20
-1.4556,-4.6935,0.5243,6.9363,-47474.0862,20
-1.4556,-4.6935,0.5243,6.9363,-47474.0862,20
-1.8677,-5.6824,-0.6295,6.2276,-32472.3621,20
-1.8677,-5.6824,-0.6295,6.2276,-32472.3621,20
-1.8677,-5.6824,-0.6295,6.2276,-32472.3621,20
-1.8677,-5.6824,-0.6295,6.2276,-32472.3621,20
-1.8677,-5.6824,-0.6295,6.2276,-32472.3621,20
-1.8677,-5.6824,-0.6295,6.2276,-32472.3621,20
-1.8987,-5.7568,-0.7162,6.1743,-31571.2571,20
-1.8987,-5.7568,-0.7162,6.1743,-31571.2571,20
-1.8987,-5.7568,-0.7162,6.1743,-31571.2571,20
-1.8987,-5.7568,-0.7162,6.1743,-31571.2571,20
-1.8987,-5.7568,-0.7162,6.1743,-31571.2571,20
-1.8987,-5.7568,-0.7162,6.1743,-31571.2571,20
-1.9063,-5.7752,-0.7377,6.1611,-30429.8398,20
-1.9063,-5.7752,-0.7377,6.1611,-30429.8398,20
-1.9063,-5.7752,-0.7377,6.1611,-30429.8398,20
-1.9063,-5.7752,-0.7377,6.1611,-30429.8398,20
-1.9063,-5.7752,-0.7377,6.1611,-30429.8398,20
-1.9063,-5.7752,-0.7377,6.1611,-30429.8398,20
-1.9063,-5.7752,-0.7377,6.1611,-30429.8398,20
-1.9063,-5.7752,-0.7377,6.1611,-30429.8398,20
-1.9063,-5.7752,-0.7377,6.1611,-30429.8398,20
-1.9063,-5.7752,-0.7377,6.1611,-30429.8398,20
-1.9063,-5.7752,-0.7377,6.1611,-30429.8398,20
-1.9063,-5.7752,-0.7377,6.1611,-30429.8398,20
-1.9063,-5.7752,-0.7377,6.1611,-30429.8398,20
-1.9063,-5.7752,-0.7377,6.1611,-30429.8398,20
-1.9063,-5.7752,-0.7377,6.1611,-30429.8398,20
-1.9063,-5.7752,-0.7377,6.1611,-30429.8398,20
-1.9063,-5.7752,-0.7377,6.1611,-30429.8398,20
-1.9063,-5.7752,-0.7377,6.1611,-30429.8398,20
-1.9063,-5.7752,-0.7377,6.1611,-30429.8398,20
-1.9063,-5.7752,-0.7377,6.1611,-30429.8398,20
-1.9063,-5.7752,-0.7377,6.1611,-30429.8398,20
-1.9063,-5.7752,-0.7377,6.1611,-30429.8398,20
-1.9063,-5.7752,-0.7377,6.1611,-30429.8398,20
-1.9063,-5.7752,-0.7377,6.1611,-30429.8398,20
-1.9063,-5.7752,-0.7377,6.1611,-30429.8398,20
-1.9063,-5.7752,-0.7377,6.1611,-30429.8398,20
-1.9063,-5.7752,-0.7377,6.1611,-30429.8398,20
-1.9063,-5.7752,-0.7377,6.1611,-30429.8398,20
-1.9063,-5.7752,-0.7377,6.1611,-30429.8398,20
-1.9063,-5.7752,-0.7377,6.1611,-30429.8398,20
-1.9063,-5.7752,-0.7377,6.1611,-30429.8398,20
-1.9063,-5.7752,-0.7377,6.1611,-30429.8398,20
-1.9063,-5.7752,-0.7377,6.1611,-30429.8398,20
-1.9063,-5.7752,-0.7377,6.1611,-30429.8398,20
-1.9063,-5.7752,-0.7377,6.1611,-30429.8398,20
-1.9063,-5.7752,-0.7377,6.1611,-30429.8398,20
-1.9063,-5.7752,-0.7377,6.1611,-30429.8398,20
-1.9063,-5.7752,-0.7377,6.1611,-30429.8398,20
-1.9063,-5.7752,-0.7377,6.1611,-30429.8398,20
-1.9063,-5.7752,-0.7377,6.1611,-30429.8398,20
-1.9063,-5.7752,-0.7377,6.1611,-30429.8398,20
-1.9063,-5.7752,-0.7377,6.1611,-30429.8398,20
-1.9063,-5.7752,-0.7377,6.1611,-30429.8398,20
-1.9063,-5.7752,-0.7377,6.1611,-30429.8398,20
-1.9063,-5.7752,-0.7377,6.1611,-30429.8398,20
-1.9063,-5.7752,-0.7377,6.1611,-30429.8398,20
-1.9063,-5.7752,-0.7377,6.1611,-30429.8398,20
-1.9063,-5.7752,-0.7377,6.1611,-30429.8398,20
-1.9063,-5.7752,-0.7377,6.1611,-30429.8398,20
-1.9063,-5.7752,-0.7377,6.1611,-30429.8398,20
-1.9063,-5.7752,-0.7377,6.1611,-30429.8398,20
-1.9063,-5.7752,-0.7377,6.1611,-30429.8398,20
-1.9063,-5.7752,-0.7377,6.1611,-30429.8398,20
-1.9063,-5.7752,-0.7377,6.1611,-30429.8398,20
-1.9063,-5.7752,-0.7377,6.1611,-30429.8398,20
-1.9063,-5.7752,-0.7377,6.1611,-30429.8398,20
-1.9063,-5.7752,-0.7377,6.1611,-30429.8398,20
-1.9063,-5.7752,-0.7377,6.1611,-30429.8398,20
-1.9063,-5.7752,-0.7377,6.1611,-30429.8398,20
-1.9063,-5.7752,-0.7377,6.1611,-30429.8398,20
-1.9063,-5.7752,-0.7377,6.1611,-30429.8398,20
-1.9063,-5.7752,-0.7377,6.1611,-30429.8398,20
-1.9063,-5.7752,-0.7377,6.1611,-30429.8398,20
-1.9063,-5.7752,-0.7377,6.1611,-30429.8398,20
-1.9063,-5.7752,-0.7377,6.1611,-30429.8398,20
-1.9063,-5.7752,-0.7377,6.1611,-30429.8398,20
-1.9063,-5.7752,-0.7377,6.1611,-30429.8398,20
-1.9063,-5.7752,-0.7377,6.1611,-30429.8398,20
-1.9063,-5.7752,-0.7377,6.1611,-30429.8398,20
-1.9063,-5.7752,-0.7377,6.1611,-30429.8398,20
-1.9063,-5.7752,-0.7377,6.1611,-30429.8398,20
-1.9063,-5.7752,-0.7377,6.1611,-30429.8398,20
-1.9063,-5.7752,-0.7377,6.1611,-30429.8398,20
-1.4842,-4.7620,0.4443,6.8872,-46952.5910,20
-1.5055,-4.8132,0.3846,6.8505,-45446.2967,20
-1.5055,-4.8132,0.3846,6.8505,-45446.2967,20
-1.5055,-4.8132,0.3846,6.8505,-45446.2967,20
-1.5055,-4.8132,0.3846,6.8505,-45446.2967,20
-1.5055,-4.8132,0.3846,6.8505,-45446.2967,20
-1.5055,-4.8132,0.3846,6.8505,-45446.2967,20
-1.5055,-4.8132,0.3846,6.8505,-45446.2967,20
-1.5055,-4.8132,0.3846,6.8505,-45446.2967,20
-1.5055,-4.8132,0.3846,6.8505,-45446.2967,20
-1.9906,-5.9775,-0.9738,6.0161,-32920.0512,20
-1.9906,-5.9775,-0.9738,6.0161,-32920.0512,20
-1.9607,-5.9056,-0.8899,6.0676,-29949.4090,20
-1.9607,-5.9056,-0.8899,6.0676,-29949.4090,20
-1.9607,-5.9056,-0.8899,6.0676,-29949.4090,20
-1.9607,-5.9056,-0.8899,6.0676,-29949.4090,20
-1.9607,-5.9056,-0.8899,6.0676,-29949.4090,20
-1.9607,-5.9056,-0.8899,6.0676,-29949.4090,20
-1.9607,-5.9056,-0.8899,6.0676,-29949.4090,20
-1.9607,-5.9056,-0.8899,6.0676,-29949.4090,20
-1.9607,-5.9056,-0.8899,6.0676,-29949.4090,20
-1.9607,-5.9056,-0.8899,6.0676,-29949.4090,20
-1.9607,-5.9056,-0.8899,6.0676,-29949.4090,20
-1.9607,-5.9056,-0.8899,6.0676,-29949.4090,20
-1.9607,-5.9056,-0.8899,6.0676,-29949.4090,20
-1.9607,-5.9056,-0.8899,6.0676,-29949.4090,20
-1.9607,-5.9056,-0.8899,6.0676,-29949.4090,20
-1.9607,-5.9056,-0.8899,6.0676,-29949.4090,20
-1.9607,-5.9056,-0.8899,6.0676,-29949.4090,20
-1.9607,-5.9056,-0.8899,6.0676,-29949.4090,20
-1.9607,-5.9056,-0.8899,6.0676,-29949.4090,20
-1.9607,-5.9056,-0.8899,6.0676,-29949.4090,20
-1.9607,-5.9056,-0.8899,6.0676,-29949.4090,20
-1.9607,-5.9056,-0.8899,6.0676,-29949.4090,20
-1.9607,-5.9056,-0.8899,6.0676,-29949.4090,20
-1.9607,-5.9056,-0.8899,6.0676,-29949.4090,20
-1.9607,-5.9056,-0.8899,6.0676,-29949.4090,20
-1.9607,-5.9056,-0.8899,6.0676,-29949.4090,20
-1.9607,-5.9056,-0.8899,6.0676,-29949.4090,20
-1.9607,-5.9056,-0.8899,6.0676,-29949.4090,20
-1.9607,-5.9056,-0.8899,6.0676,-29949.4090,20
-1.9607,-5.9056,-0.8899,6.0676,-29949.4090,20
-1.9607,-5.9056,-0.8899,6.0676,-29949.4090,20
-1.9607,-5.9056,-0.8899,6.0676,-29949.4090,20
-1.9607,-5.9056,-0.8899,6.0676,-29949.4090,20
-1.9607,-5.9056,-0.8899,6.0676,-29949.4090,20
-1.9607,-5.9056,-0.8899,6.0676,-29949.4090,20
-1.9607,-5.9056,-0.8899,6.0676,-29949.4090,20
-1.9607,-5.9056,-0.8899,6.0676,-29949.4090,20
-1.9607,-5.9056,-0.8899,6.0676,-29949.4090,20
-1.9353,-5.8448,-0.8189,6.1112,-29942.8297,20
-1.9353,-5.8448,-0.8189,6.1112,-29942.8297,20
-1.9353,-5.8448,-0.8189,6.1112,-29942.8297,20
-1.9353,-5.8448,-0.8189,6.1112,-29942.8297,20
-1.9353,-5.8448,-0.8189,6.1112,-29942.8297,20
-1.9353,-5.8448,-0.8189,6.1112,-29942.8297,20
-1.9353,-5.8448,-0.8189,6.1112,-29942.8297,20
-1.9353,-5.8448,-0.8189,6.1112,-29942.8297,20
-1.9353,-5.8448,-0.8189,6.1112,-29942.8297,20
-1.9353,-5.8448,-0.8189,6.1112,-29942.8297,20
-1.9353,-5.8448,-0.8189,6.1112,-29942.8297,20
-1.9353,-5.8448,-0.8189,6.1112,-29942.8297,20
-1.9353,-5.8448,-0.8189,6.1112,-29942.8297,20
-1.9353,-5.8448,-0.8189,6.1112,-29942.8297,20
-1.9353,-5.8448,-0.8189,6.1112,-29942.8297,20
-1.9353,-5.8448,-0.8189,6.1112,-29942.8297,20
-1.9353,-5.8448,-0.8189,6.1112,-29942.8297,20
-1.9353,-5.8448,-0.8189,6.1112,-29942.8297,20
-1.9353,-5.8448,-0.8189,6.1112,-29942.8297,20
-1.9353,-5.8448,-0.8189,6.1112,-29942.8297,20
-1.9353,-5.8448,-0.8189,6.1112,-29942.8297,20
-1.9353,-5.8448,-0.8189,6.1112,-29942.8297,20
-1.9353,-5.8448,-0.8189,6.1112,-29942.8297,20
-1.9353,-5.8448,-0.8189,6.1112,-29942.8297,20
-1.9353,-5.8448,-0.8189,6.1112,-29942.8297,20
-1.9353,-5.8448,-0.8189,6.1112,-29942.8297,20
-1.9353,-5.8448,-0.8189,6.1112,-29942.8297,20
-1.9353,-5.8448,-0.8189,6.1112,-29942.8297,20
-1.9353,-5.8448,-0.8189,6.1112,-29942.8297,20
-1.9353,-5.8448,-0.8189,6.1112,-29942.8297,20
-1.9353,-5.8448,-0.8189,6.1112,-29942.8297,20
-1.9353,-5.8448,-0.8189,6.1112,-29942.8297,20
-1.9353,-5.8448,-0.8189,6.1112,-29942.8297,20
-1.9353,-5.8448,-0.8189,6.1112,-29942.8297,20
-1.9353,-5.8448,-0.8189,6.1112,-29942.8297,20
-1.9353,-5.8448,-0.8189,6.1112,-29942.8297,20
-1.9353,-5.8448,-0.8189,6.1112,-29942.8297,20
-1.9353,-5.8448,-0.8189,6.1112,-29942.8297,20
-1.9353,-5.8448,-0.8189,6.1112,-29942.8297,20
-1.9353,-5.8448,-0.8189,6.1112,-29942.8297,20
-1.9353,-5.8448,-0.8189,6.1112,-29942.8297,20
-1.9353,-5.8448,-0.8189,6.1112,-29942.8297,20
-1.9488,-5.8772,-0.8567,6.0880,-29831.7021,20
-1.9488,-5.8772,-0.8567,6.0880,-29831.7021,20
-1.9488,-5.8772,-0.8567,6.0880,-29831.7021,20
-1.9488,-5.8772,-0.8567,6.0880,-29831.7021,20
-1.9488,-5.8772,-0.8567,6.0880,-29831.7021,20
-1.9488,-5.8772,-0.8567,6.0880,-29831.7021,20
-1.9488,-5.8772,-0.8567,6.0880,-29831.7021,20
-1.9488,-5.8772,-0.8567,6.0880,-29831.7021,20
0.2294,-0.6494,5.2424,9.8346,-80672.6220,20
0.2100,-0.6960,5.1880,9.8012,-80667.1352,20
0.2100,-0.6960,5.1880,9.8012,-80667.1352,20
-0.3928,-2.1428,3.5001,8.7643,-77442.7459,20
-0.4216,-2.2119,3.4194,8.7148,-76923.7836,20
-1.1487,-3.9569,1.3837,7.4643,-53729.5790,20
-1.1487,-3.9569,1.3837,7.4643,-53729.5790,20
-1.1487,-3.9569,1.3837,7.4643,-53729.5790,20
-1.3546,-4.4510,0.8071,7.1101,-52728.3365,20
-1.3546,-4.4510,0.8071,7.1101,-52728.3365,20
-1.4878,-4.7707,0.4342,6.8810,-47835.3398,20
-1.4878,-4.7707,0.4342,6.8810,-47835.3398,20
-1.8719,-5.6926,-0.6414,6.2203,-33965.2960,20
-1.8802,-5.7125,-0.6646,6.2061,-32392.3986,20
-1.8802,-5.7125,-0.6646,6.2061,-32392.3986,20
-1.8802,-5.7125,-0.6646,6.2061,-32392.3986,20
-1.8802,-5.7125,-0.6646,6.2061,-32392.3986,20
-1.8802,-5.7125,-0.6646,6.2061,-32392.3986,20
-1.8802,-5.7125,-0.6646,6.2061,-32392.3986,20
-1.8802,-5.7125,-0.6646,6.2061,-32392.3986,20
-1.8802,-5.7125,-0.6646,6.2061,-32392.3986,20
-1.8802,-5.7125,-0.6646,6.2061,-32392.3986,20
-1.8802,-5.7125,-0.6646,6.2061,-32392.3986,20
-1.9887,-5.9729,-0.9684,6.0194,-30260.7146,20
-1.9887,-5.9729,-0.9684,6.0194,-30260.7146,20
-1.9887,-5.9729,-0.9684,6.0194,-30260.7146,20
-1.9887,-5.9729,-0.9684,6.0194,-30260.7146,20
-1.9887,-5.9729,-0.9684,6.0194,-30260.7146,20
-1.9914,-5.9793,-0.9758,6.0148,-30232.7061,20
-1.9935,-5.9845,-0.9819,6.0111,-29863.0715,20
-1.9935,-5.9845,-0.9819,6.0111,-29863.0715,20
-1.9935,-5.9845,-0.9819,6.0111,-29863.0715,20
-1.9935,-5.9845,-0.9819,6.0111,-29863.0715,20
-1.9935,-5.9845,-0.9819,6.0111,-29863.0715,20
-1.9935,-5.9845,-0.9819,6.0111,-29863.0715,20
-1.9935,-5.9845,-0.9819,6.0111,-29863.0715,20
-1.9935,-5.9845,-0.9819,6.0111,-29863.0715,20
-1.9935,-5.9845,-0.9819,6.0111,-29863.0715,20
-1.9935,-5.9845,-0.9819,6.0111,-29863.0715,20
-1.9935,-5.9845,-0.9819,6.0111,-29863.0715,20
-1.9935,-5.9845,-0.9819,6.0111,-29863.0715,20
-1.9935,-5.9845,-0.9819,6.0111,-29863.0715,20
-1.9890,-5.9735,-0.9691,6.0190,-29501.8414,20
-1.9890,-5.9735,-0.9691,6.0190,-29501.8414,20
-1.9890,-5.9735,-0.9691,6.0190,-29501.8414,20
-1.9890,-5.9735,-0.9691,6.0190,-29501.8414,20
-1.9890,-5.9735,-0.9691,6.0190,-29501.8414,20
-1.9890,-5.9735,-0.9691,6.0190,-29501.8414,20
-1.9890,-5.9735,-0.9691,6.0190,-29501.8414,20
-1.9890,-5.9735,-0.9691,6.0190,-29501.8414,20
-1.9890,-5.9735,-0.9691,6.0190,-29501.8414,20
-1.9890,-5.9735,-0.9691,6.0190,-29501.8414,20
-1.9890,-5.9735,-0.9691,6.0190,-29501.8414,20
-1.9890,-5.9735,-0.9691,6.0190,-29501.8414,20
-1.9890,-5.9735,-0.9691,6.0190,-29501.8414,20
-1.9890,-5.9735,-0.9691,6.0190,-29501.8414,20
-1.9890,-5.9735,-0.9691,6.0190,-29501.8414,20
-1.9890,-5.9735,-0.9691,6.0190,-29501.8414,20
-1.9890,-5.9735,-0.9691,6.0190,-29501.8414,20
-1.9890,-5.9735,-0.9691,6.0190,-29501.8414,20
-1.9890,-5.9735,-0.9691,6.0190,-29501.8414,20
-1.9890,-5.9735,-0.9691,6.0190,-29501.8414,20
-1.9890,-5.9735,-0.9691,6.0190,-29501.8414,20
-1.9890,-5.9735,-0.9691,6.0190,-29501.8414,20
-1.9890,-5.9735,-0.9691,6.0190,-29501.8414,20
-1.9890,-5.9735,-0.9691,6.0190,-29501.8414,20
-1.9890,-5.9735,-0.9691,6.0190,-29501.8414,20
-1.9890,-5.9735,-0.9691,6.0190,-29501.8414,20
-1.9890,-5.9735,-0.9691,6.0190,-29501.8414,20
-1.9890,-5.9735,-0.9691,6.0190,-29501.8414,20
-1.9890,-5.9735,-0.9691,6.0190,-29501.8414,20
-1.9890,-5.9735,-0.9691,6.0190,-29501.8414,20
-1.9890,-5.9735,-0.9691,6.0190,-29501.8414,20
-1.9890,-5.9735,-0.9691,6.0190,-29501.8414,20
-1.9890,-5.9735,-0.9691,6.0190,-29501.8414,20
-1.9890,-5.9735,-0.9691,6.0190,-29217.8479,20
-1.9890,-5.9735,-0.9691,6.0190,-29217.8479,20
-1.9890,-5.9735,-0.9691,6.0190,-29217.8479,20
-1.9890,-5.9735,-0.9691,6.0190,-29217.8479,20
-1.9890,-5.9735,-0.9691,6.0190,-29217.8479,20
-1.9890,-5.9735,-0.9691,6.0190,-29217.8479,20
-1.9890,-5.9735,-0.9691,6.0190,-29217.8479,20
-1.9890,-5.9735,-0.9691,6.0190,-29217.8479,20
-1.9890,-5.9735,-0.9691,6.0190,-29217.8479,20
-1.9890,-5.9735,-0.9691,6.0190,-29217.8479,20
-1.9890,-5.9735,-0.9691,6.0190,-29217.8479,20
-1.9890,-5.9735,-0.9691,6.0190,-29217.8479,20
-1.9890,-5.9735,-0.9691,6.0190,-29217.8479,20
-1.9890,-5.9735,-0.9691,6.0190,-29217.8479,20
-1.9890,-5.9735,-0.9691,6.0190,-29217.8479,20
-1.9890,-5.9735,-0.9691,6.0190,-29217.8479,20
-1.9890,-5.9735,-0.9691,6.0190,-29217.8479,20
-1.9890,-5.9735,-0.9691,6.0190,-29217.8479,20
-1.9890,-5.9735,-0.9691,6.0190,-29217.8479,20
-1.9890,-5.9735,-0.9691,6.0190,-29217.8479,20
-1.9890,-5.9735,-0.9691,6.0190,-29217.8479,20
-1.9890,-5.9735,-0.9691,6.0190,-29217.8479,20
-1.9890,-5.9735,-0.9691,6.0190,-29217.8479,20
-1.9890,-5.9735,-0.9691,6.0190,-29217.8479,20
-1.9890,-5.9735,-0.9691,6.0190,-29217.8479,20
0.4092,-0.2180,5.7456,10.1437,-80842.1546,20
0.4092,-0.2180,5.7456,10.1437,-80842.1546,20
-0.0068,-1.2164,4.5809,9.4283,-80237.2568,20
-0.0068,-1.2164,4.5809,9.4283,-80237.2568,20
-0.0233,-1.2559,4.5348,9.3999,-80199.5229,20
-0.3028,-1.9266,3.7523,8.9193,-78628.4822,20
-0.3028,-1.9266,3.7523,8.9193,-78628.4822,20
-0.3579,-2.0590,3.5978,8.8244,-77939.8222,20
-0.3579,-2.0590,3.5978,8.8244,-77939.8222,20
-0.3579,-2.0590,3.5978,8.8244,-77939.8222,20
-0.3579,-2.0590,3.5978,8.8244,-77939.8222,20
-0.4689,-2.3255,3.2870,8.6334,-76050.7058,20
-0.4689,-2.3255,3.2870,8.6334,-76050.7058,20
-0.4689,-2.3255,3.2870,8.6334,-76050.7058,20
-0.4689,-2.3255,3.2870,8.6334,-76050.7058,20
-0.5519,-2.5246,3.0547,8.4907,-73871.6342,20
-0.6647,-2.7953,2.7388,8.2967,-69016.2755,20
-0.7322,-2.9573,2.5498,8.1806,-64521.6959,20
-0.7322,-2.9573,2.5498,8.1806,-64521.6959,20
-0.7322,-2.9573,2.5498,8.1806,-64521.6959,20
-0.8444,-3.2266,2.2356,7.9876,-54718.1873,20
-0.8444,-3.2266,2.2356,7.9876,-54718.1873,20
-0.8444,-3.2266,2.2356,7.9876,-54718.1873,20
-0.8444,-3.2266,2.2356,7.9876,-54718.1873,20
-0.8444,-3.2266,2.2356,7.9876,-54718.1873,20
-1.1598,-3.9834,1.3526,7.4452,-53633.3865,20
-1.1598,-3.9834,1.3526,7.4452,-53633.3865,20
-1.1598,-3.9834,1.3526,7.4452,-53633.3865,20
-1.1598,-3.9834,1.3526,7.4452,-53633.3865,20
-1.1598,-3.9834,1.3526,7.4452,-53633.3865,20
-1.1598,-3.9834,1.3526,7.4452,-53633.3865,20
-1.2171,-4.1209,1.1923,7.3467,-49387.1761,20
-1.2171,-4.1209,1.1923,7.3467,-49387.1761,20
-1.2171,-4.1209,1.1923,7.3467,-49387.1761,20
-1.2171,-4.1209,1.1923,7.3467,-49387.1761,20
-1.2171,-4.1209,1.1923,7.3467,-49387.1761,20
-1.2171,-4.1209,1.1923,7.3467,-49387.1761,20
-1.5968,-5.0323,0.1290,6.6935,-44558.2737,20
-1.5968,-5.0323,0.1290,6.6935,-44558.2737,20
-1.6561,-5.1747,-0.0371,6.5915,-41837.5204,20
-1.6561,-5.1747,-0.0371,6.5915,-41837.5204,20
-1.6670,-5.2008,-0.0676,6.5728,-41271.8500,20
-1.6886,-5.2526,-0.1280,6.5357,-39359.9664,20
-1.7314,-5.3555,-0.2480,6.4619,-37879.6872,20
-1.7314,-5.3555,-0.2480,6.4619,-37879.6872,20
-1.7314,-5.3555,-0.2480,6.4619,-37879.6872,20
-1.7923,-5.5014,-0.4183,6.3573,-34771.6152,20
-1.8635,-5.6724,-0.6178,6.2348,-34498.2724,20
-1.8635,-5.6724,-0.6178,6.2348,-34498.2724,20
-1.8670,-5.6809,-0.6277,6.2287,-32470.5909,20
-1.8670,-5.6809,-0.6277,6.2287,-32470.5909,20
-1.8670,-5.6809,-0.6277,6.2287,-32470.5909,20
-1.8670,-5.6809,-0.6277,6.2287,-32470.5909,20
-1.8670,-5.6809,-0.6277,6.2287,-32470.5909,20
-1.8670,-5.6809,-0.6277,6.2287,-32470.5909,20
-1.8670,-5.6809,-0.6277,6.2287,-32470.5909,20
-1.8670,-5.6809,-0.6277,6.2287,-32470.5909,20
-1.8670,-5.6809,-0.6277,6.2287,-32470.5909,20
-1.8670,-5.6809,-0.6277,6.2287,-32470.5909,20
-1.8670,-5.6809,-0.6277,6.2287,-32470.5909,20
-1.8670,-5.6809,-0.6277,6.2287,-32470.5909,20
-1.8670,-5.6809,-0.6277,6.2287,-32470.5909,20
-1.8670,-5.6809,-0.6277,6.2287,-32470.5909,20
-1.8930,-5.7431,-0.7003,6.1841,-32325.9469,20
-1.8930,-5.7431,-0.7003,6.1841,-32325.9469,20
-1.8930,-5.7431,-0.7003,6.1841,-32325.9469,20
-1.8930,-5.7431,-0.7003,6.1841,-32325.9469,20
-1.8930,-5.7431,-0.7003,6.1841,-32325.9469,20
-1.8930,-5.7431,-0.7003,6.1841,-32325.9469,20
-1.8930,-5.7431,-0.7003,6.1841,-32325.9469,20
-1.9242,-5.8182,-0.7878,6.1303,-31229.5491,20
-1.9242,-5.8182,-0.7878,6.1303,-31229.5491,20
-1.9333,-5.8398,-0.8131,6.1148,-30983.5342,20
-1.9333,-5.8398,-0.8131,6.1148,-30983.5342,20
-1.9333,-5.8398,-0.8131,6.1148,-30983.5342,20
-1.9333,-5.8398,-0.8131,6.1148,-30983.5342,20
-1.9333,-5.8398,-0.8131,6.1148,-30983.5342,20
-1.9333,-5.8398,-0.8131,6.1148,-30983.5342,20
-1.9333,-5.8398,-0.8131,6.1148,-30983.5342,20
-1.9333,-5.8398,-0.8131,6.1148,-30983.5342,20
-1.9333,-5.8398,-0.8131,6.1148,-30983.5342,20
-1.9333,-5.8398,-0.8131,6.1148,-30983.5342,20
-1.9333,-5.8398,-0.8131,6.1148,-30983.5342,20
-1.9366,-5.8479,-0.8225,6.1090,-30980.4582,20
-1.9366,-5.8479,-0.8225,6.1090,-30980.4582,20
-1.9366,-5.8479,-0.8225,6.1090,-30980.4582,20
-1.9366,-5.8479,-0.8225,6.1090,-30980.4582,20
-1.9366,-5.8479,-0.8225,6.1090,-30980.4582,20
-1.9366,-5.8479,-0.8225,6.1090,-30980.4582,20
-1.9366,-5.8479,-0.8225,6.1090,-30980.4582,20
-1.9366,-5.8479,-0.8225,6.1090,-30980.4582,20
-1.9366,-5.8479,-0.8225,6.1090,-30980.4582,20
-1.9366,-5.8479,-0.8225,6.1090,-30980.4582,20
-1.9366,-5.8479,-0.8225,6.1090,-30980.4582,20
-1.9366,-5.8479,-0.8225,6.1090,-30980.4582,20
-1.9366,-5.8479,-0.8225,6.1090,-30980.4582,20
-1.9450,-5.8680,-0.8460,6.0946,-30729.9423,20
-1.9397,-5.8552,-0.8311,6.1038,-29897.8964,20
-1.9397,-5.8552,-0.8311,6.1038,-29897.8964,20
-1.9397,-5.8552,-0.8311,6.1038,-29897.8964,20
-1.4267,-4.6240,0.6053,6.9861,-50994.4978,20
-1.5793,-4.9904,0.1779,6.7236,-45461.9831,20
-1.5793,-4.9904,0.1779,6.7236,-45461.9831,20
-1.5793,-4.9904,0.1779,6.7236,-45461.9831,20
-1.5793,-4.9904,0.1779,6.7236,-45461.9831,20
-1.8158,-5.5580,-0.4843,6.3168,-35495.5497,20
-1.8158,-5.5580,-0.4843,6.3168,-35495.5497,20
-1.8158,-5.5580,-0.4843,6.3168,-35495.5497,20
-1.9757,-5.9417,-0.9320,6.0418,-32754.2539,20
-1.9757,-5.9417,-0.9320,6.0418,-32754.2539,20
-1.9757,-5.9417,-0.9320,6.0418,-32754.2539,20
-1.9626,-5.9102,-0.8952,6.0644,-31527.2944,20
-1.9626,-5.9102,-0.8952,6.0644,-31527.2944,20
-1.9626,-5.9102,-0.8952,6.0644,-31527.2944,20
-1.9626,-5.9102,-0.8952,6.0644,-31527.2944,20
-1.9626,-5.9102,-0.8952,6.0644,-31527.2944,20
-1.9626,-5.9102,-0.8952,6.0644,-31527.2944,20
-1.9626,-5.9102,-0.8952,6.0644,-31527.2944,20
-1.9626,-5.9102,-0.8952,6.0644,-31527.2944,20
-1.9626,-5.9102,-0.8952,6.0644,-31527.2944,20
-1.9626,-5.9102,-0.8952,6.0644,-31527.2944,20
-1.9626,-5.9102,-0.8952,6.0644,-31527.2944,20
-1.9626,-5.9102,-0.8952,6.0644,-31527.2944,20
-1.9626,-5.9102,-0.8952,6.0644,-31527.2944,20
-1.9626,-5.9102,-0.8952,6.0644,-31527.2944,20
-1.9626,-5.9102,-0.8952,6.0644,-31527.2944,20
-1.9626,-5.9102,-0.8952,6.0644,-31527.2944,20
-1.9626,-5.9102,-0.8952,6.0644,-31527.2944,20
-1.9626,-5.9102,-0.8952,6.0644,-31527.2944,20
-1.9533,-5.8880,-0.8693,6.0803,-31195.4295,20
-1.9533,-5.8880,-0.8693,6.0803,-31195.4295,20
-1.9533,-5.8880,-0.8693,6.0803,-31195.4295,20
-1.9533,-5.8880,-0.8693,6.0803,-31195.4295,20
-1.9533,-5.8880,-0.8693,6.0803,-31195.4295,20
-1.9533,-5.8880,-0.8693,6.0803,-31195.4295,20
-1.9533,-5.8880,-0.8693,6.0803,-31195.4295,20
-1.9535,-5.8884,-0.8697,6.0800,-30909.9834,20
-1.9535,-5.8884,-0.8697,6.0800,-30909.9834,20
-1.9535,-5.8884,-0.8697,6.0800,-30909.9834,20
-1.9535,-5.8884,-0.8697,6.0800,-30909.9834,20
-1.9535,-5.8884,-0.8697,6.0800,-30909.9834,20
-1.9535,-5.8884,-0.8697,6.0800,-30909.9834,20
-1.9535,-5.8884,-0.8697,6.0800,-30909.9834,20
-1.9535,-5.8884,-0.8697,6.0800,-30909.9834,20
-1.9535,-5.8884,-0.8697,6.0800,-30909.9834,20
-1.9535,-5.8884,-0.8697,6.0800,-30909.9834,20
-1.9535,-5.8884,-0.8697,6.0800,-30909.9834,20
-1.9978,-5.9946,-0.9938,6.0038,-30830.1467,20
-1.9978,-5.9946,-0.9938,6.0038,-30830.1467,20
-1.9978,-5.9946,-0.9938,6.0038,-30830.1467,20
-1.9979,-5.9949,-0.9940,6.0037,-30312.7946,20
-1.9979,-5.9949,-0.9940,6.0037,-30312.7946,20
-1.9979,-5.9949,-0.9940,6.0037,-30312.7946,20
-1.9979,-5.9949,-0.9940,6.0037,-30312.7946,20
-1.9994,-5.9986,-0.9984,6.0010,-30096.8609,20
-1.9994,-5.9986,-0.9984,6.0010,-30096.8609,20
-1.9994,-5.9986,-0.9984,6.0010,-30096.8609,20
-1.9994,-5.9986,-0.9984,6.0010,-30096.8609,20
-1.9994,-5.9986,-0.9984,6.0010,-30096.8609,20
-1.9994,-5.9986,-0.9984,6.0010,-30096.8609,20
-1.9994,-5.9986,-0.9984,6.0010,-30096.8609,20
-1.9999,-5.9997,-0.9997,6.0002,-29146.8277,20
-1.9999,-5.9997,-0.9997,6.0002,-29146.8277,20
-1.9999,-5.9997,-0.9997,6.0002,-29146.8277,20
-1.9999,-5.9997,-0.9997,6.0002,-29146.8277,20
-1.9999,-5.9997,-0.9997,6.0002,-29146.8277,20
-1.9999,-5.9997,-0.9997,6.0002,-29146.8277,20
-1.9999,-5.9997,-0.9997,6.0002,-29146.8277,20
-1.9999,-5.9997,-0.9997,6.0002,-29146.8277,20
-1.9999,-5.9997,-0.9997,6.0002,-29146.8277,20
-1.9999,-5.9997,-0.9997,6.0002,-29146.8277,20
-1.9999,-5.9997,-0.9997,6.0002,-29146.8277,20
-1.9999,-5.9997,-0.9997,6.0002,-29146.8277,20
-1.9999,-5.9997,-0.9997,6.0002,-29146.8277,20
-1.9999,-5.9997,-0.9997,6.0002,-29146.8277,20
-1.9999,-5.9997,-0.9997,6.0002,-29146.8277,20
-1.9999,-5.9997,-0.9997,6.0002,-29146.8277,20
-1.9999,-5.9997,-0.9997,6.0002,-29146.8277,20
-1.9999,-5.9997,-0.9997,6.0002,-29146.8277,20
-1.9999,-5.9997,-0.9997,6.0002,-29146.8277,20
-1.9999,-5.9997,-0.9997,6.0002,-29146.8277,20
-1.9999,-5.9997,-0.9997,6.0002,-29146.8277,20
-1.9999,-5.9997,-0.9997,6.0002,-29146.8277,20
-1.9999,-5.9997,-0.9997,6.0002,-29146.8277,20
-1.9999,-5.9997,-0.9997,6.0002,-29146.8277,20
-1.9999,-5.9997,-0.9997,6.0002,-29146.8277,20
-1.9999,-5.9997,-0.9997,6.0002,-29146.8277,20
-1.9999,-5.9997,-0.9997,6.0002,-29146.8277,20
-1.9999,-5.9997,-0.9997,6.0002,-29146.8277,20
-1.9999,-5.9997,-0.9997,6.0002,-29146.8277,20
-1.9999,-5.9997,-0.9997,6.0002,-29146.8277,20
-1.9999,-5.9997,-0.9997,6.0002,-29146.8277,20
-1.9999,-5.9997,-0.9997,6.0002,-29146.8277,20
-1.9999,-5.9997,-0.9997,6.0002,-29146.8277,20
-1.9999,-5.9997,-0.9997,6.0002,-29146.8277,20
-1.9999,-5.9997,-0.9997,6.0002,-29146.8277,20
-1.9999,-5.9997,-0.9997,6.0002,-29146.8277,20
-1.9999,-5.9997,-0.9997,6.0002,-29146.8277,20
-1.9999,-5.9997,-0.9997,6.0002,-29146.8277,20
-1.9999,-5.9997,-0.9997,6.0002,-29146.8277,20
-0.1017,-1.4441,4.3152,9.2650,-79904.3118,20
-0.1017,-1.4441,4.3152,9.2650,-79904.3118,20
-0.1321,-1.5170,4.2301,9.2128,-79778.6236,20
-0.1321,-1.5170,4.2301,9.2128,-79778.6236,20
-0.1368,-1.5284,4.2169,9.2047,-79725.3537,20
-0.1368,-1.5284,4.2169,9.2047,-79725.3537,20
-0.2053,-1.6928,4.0251,9.0869,-79338.6151,20
-0.2053,-1.6928,4.0251,9.0869,-79338.6151,20
-0.2053,-1.6928,4.0251,9.0869,-79338.6151,20
-0.2053,-1.6928,4.0251,9.0869,-79338.6151,20
-0.2053,-1.6928,4.0251,9.0869,-79338.6151,20
-0.4975,-2.3941,3.2069,8.5842,-75350.0408,20
-0.6334,-2.7200,2.8266,8.3506,-70563.3296,20
-1.1840,-4.0416,1.2848,7.4035,-52629.4868,20
-1.1840,-4.0416,1.2848,7.4035,-52629.4868,20
-1.1840,-4.0416,1.2848,7.4035,-52629.4868,20
-1.1840,-4.0416,1.2848,7.4035,-52629.4868,20
-1.3978,-4.5547,0.6862,7.0358,-50670.1540,20
-1.3978,-4.5547,0.6862,7.0358,-50670.1540,20
-1.3978,-4.5547,0.6862,7.0358,-50670.1540,20
-1.3978,-4.5547,0.6862,7.0358,-50670.1540,20
-1.6624,-5.1899,-0.0548,6.5806,-41007.9199,20
-1.6717,-5.2120,-0.0807,6.5647,-40691.5162,20
-1.8133,-5.5519,-0.4772,6.3211,-34473.5175,20
-1.8847,-5.7233,-0.6772,6.1983,-32874.1828,20
-1.8847,-5.7233,-0.6772,6.1983,-32874.1828,20
-1.8847,-5.7233,-0.6772,6.1983,-32874.1828,20
-1.8740,-5.6975,-0.6471,6.2168,-32334.7534,20
-1.8740,-5.6975,-0.6471,6.2168,-32334.7534,20
-1.8740,-5.6975,-0.6471,6.2168,-32334.7534,20
-1.8740,-5.6975,-0.6471,6.2168,-32334.7534,20
-1.8926,-5.7423,-0.6993,6.1847,-31317.5224,20
-1.8926,-5.7423,-0.6993,6.1847,-31317.5224,20
-1.8926,-5.7423,-0.6993,6.1847,-31317.5224,20
-1.8926,-5.7423,-0.6993,6.1847,-31317.5224,20
-1.8926,-5.7423,-0.6993,6.1847,-31317.5224,20
-1.8926,-5.7423,-0.6993,6.1847,-31317.5224,20
-1.8926,-5.7423,-0.6993,6.1847,-31317.5224,20
-1.9955,-5.9893,-0.9875,6.0077,-30694.6036,20
-1.9955,-5.9893,-0.9875,6.0077,-30694.6036,20
-1.9955,-5.9893,-0.9875,6.0077,-30694.6036,20
-1.9988,-5.9971,-0.9966,6.0021,-30634.8891,20
-1.9993,-5.9983,-0.9980,6.0012,-30586.0115,20
-1.9993,-5.9983,-0.9980,6.0012,-30586.0115,20
-1.9969,-5.9926,-0.9914,6.0053,-30458.7270,20
-1.9969,-5.9926,-0.9914,6.0053,-30458.7270,20
-1.9969,-5.9926,-0.9914,6.0053,-30458.7270,20
-1.9969,-5.9926,-0.9914,6.0053,-30458.7270,20
-1.9969,-5.9926,-0.9914,6.0053,-30458.7270,20
-1.9969,-5.9926,-0.9914,6.0053,-30458.7270,20
-1.9969,-5.9926,-0.9914,6.0053,-30458.7270,20
-1.9969,-5.9926,-0.9914,6.0053,-30458.7270,20
-1.9969,-5.9926,-0.9914,6.0053,-30458.7270,20
-1.9969,-5.9926,-0.9914,6.0053,-30458.7270,20
-1.9969,-5.9926,-0.9914,6.0053,-30458.7270,20
-1.9969,-5.9926,-0.9914,6.0053,-30458.7270,20
-1.9969,-5.9926,-0.9914,6.0053,-30458.7270,20
-1.9969,-5.9926,-0.9914,6.0053,-30458.7270,20
-1.9969,-5.9926,-0.9914,6.0053,-30458.7270,20
-1.9969,-5.9926,-0.9914,6.0053,-30458.7270,20
-1.9969,-5.9926,-0.9914,6.0053,-30458.7270,20
-1.9969,-5.9926,-0.9914,6.0053,-30458.7270,20
-1.9969,-5.9926,-0.9914,6.0053,-30458.7270,20
-1.9969,-5.9926,-0.9914,6.0053,-30458.7270,20
-1.9862,-5.9669,-0.9614,6.0237,-29891.6014,20
-1.9862,-5.9669,-0.9614,6.0237,-29891.6014,20
-1.9862,-5.9669,-0.9614,6.0237,-29891.6014,20
-1.9862,-5.9669,-0.9614,6.0237,-29891.6014,20
-1.9862,-5.9669,-0.9614,6.0237,-29891.6014,20
-1.9862,-5.9669,-0.9614,6.0237,-29891.6014,20
-1.9862,-5.9669,-0.9614,6.0237,-29891.6014,20
-1.9862,-5.9669,-0.9614,6.0237,-29891.6014,20
-1.9862,-5.9669,-0.9614,6.0237,-29891.6014,20
-1.9862,-5.9669,-0.9614,6.0237,-29891.6014,20
-1.9862,-5.9669,-0.9614,6.0237,-29891.6014,20
-1.9862,-5.9669,-0.9614,6.0237,-29891.6014,20
-1.9862,-5.9669,-0.9614,6.0237,-29891.6014,20
-1.9862,-5.9669,-0.9614,6.0237,-29891.6014,20
-1.9862,-5.9669,-0.9614,6.0237,-29891.6014,20
-1.9862,-5.9669,-0.9614,6.0237,-29891.6014,20
-1.9862,-5.9669,-0.9614,6.0237,-29891.6014,20
-1.9862,-5.9669,-0.9614,6.0237,-29891.6014,20
-1.9862,-5.9669,-0.9614,6.0237,-29891.6014,20
-1.9862,-5.9669,-0.9614,6.0237,-29891.6014,20
-1.9862,-5.9669,-0.9614,6.0237,-29891.6014,20
-1.9862,-5.9669,-0.9614,6.0237,-29891.6014,20
-1.9862,-5.9669,-0.9614,6.0237,-29891.6014,20
-1.9862,-5.9669,-0.9614,6.0237,-29891.6014,20
-1.9862,-5.9669,-0.9614,6.0237,-29891.6014,20
-1.9851,-5.9643,-0.9584,6.0256,-29083.5836,20
-1.9851,-5.9643,-0.9584,6.0256,-29083.5836,20
-1.9851,-5.9643,-0.9584,6.0256,-29083.5836,20
-1.9851,-5.9643,-0.9584,6.0256,-29083.5836,20
-1.9851,-5.9643,-0.9584,6.0256,-29083.5836,20
-1.9851,-5.9643,-0.9584,6.0256,-29083.5836,20
-1.9851,-5.9643,-0.9584,6.0256,-29083.5836,20
-1.9851,-5.9643,-0.9584,6.0256,-29083.5836,20
-1.9851,-5.9643,-0.9584,6.0256,-29083.5836,20
-1.9851,-5.9643,-0.9584,6.0256,-29083.5836,20
-1.9851,-5.9643,-0.9584,6.0256,-29083.5836,20
-0.6778,-2.8266,2.7023,8.2742,-67992.7330,20
-1.0911,-3.8186,1.5450,7.5634,-57466.2323,20
-1.0911,-3.8186,1.5450,7.5634,-57466.2323,20
-1.1103,-3.8647,1.4912,7.5303,-56788.3788,20
-1.1103,-3.8647,1.4912,7.5303,-56788.3788,20
-0.9798,-3.5515,1.8566,7.7548,-53341.4459,20
-0.9798,-3.5515,1.8566,7.7548,-53341.4459,20
-0.9798,-3.5515,1.8566,7.7548,-53341.4459,20
-0.9798,-3.5515,1.8566,7.7548,-53341.4459,20
-0.9798,-3.5515,1.8566,7.7548,-53341.4459,20
-0.9024,-3.3659,2.0732,7.8878,-53263.6529,20
-0.9024,-3.3659,2.0732,7.8878,-53263.6529,20
-0.9024,-3.3659,2.0732,7.8878,-53263.6529,20
-0.9024,-3.3659,2.0732,7.8878,-53263.6529,20
-0.9024,-3.3659,2.0732,7.8878,-53263.6529,20
-1.2042,-4.0900,1.2283,7.3688,-50468.7102,20
-1.2042,-4.0900,1.2283,7.3688,-50468.7102,20
-1.2042,-4.0900,1.2283,7.3688,-50468.7102,20
-1.2042,-4.0900,1.2283,7.3688,-50468.7102,20
-1.2042,-4.0900,1.2283,7.3688,-50468.7102,20
-1.2042,-4.0900,1.2283,7.3688,-50468.7102,20
-1.2042,-4.0900,1.2283,7.3688,-50468.7102,20
-1.2042,-4.0900,1.2283,7.3688,-50468.7102,20
-1.2042,-4.0900,1.2283,7.3688,-50468.7102,20
-1.2042,-4.0900,1.2283,7.3688,-50468.7102,20
-1.2214,-4.1313,1.1802,7.3393,-50418.2485,20
-1.2214,-4.1313,1.1802,7.3393,-50418.2485,20
-1.2214,-4.1313,1.1802,7.3393,-50418.2485,20
-1.4383,-4.6518,0.5729,6.9662,-49450.8537,20
-1.4383,-4.6518,0.5729,6.9662,-49450.8537,20
-1.4383,-4.6518,0.5729,6.9662,-49450.8537,20
-1.4383,-4.6518,0.5729,6.9662,-49450.8537,20
-1.4383,-4.6518,0.5729,6.9662,-49450.8537,20
-1.4383,-4.6518,0.5729,6.9662,-49450.8537,20
-1.5325,-4.8781,0.3089,6.8040,-46978.2645,20
-1.5817,-4.9962,0.1711,6.7194,-45688.3413,20
-1.6210,-5.0903,0.0613,6.6520,-42904.7649,20
-1.6210,-5.0903,0.0613,6.6520,-42904.7649,20
-1.7207,-5.3297,-0.2180,6.4804,-37568.9584,20
-1.8065,-5.5356,-0.4582,6.3328,-35295.3619,20
-1.8065,-5.5356,-0.4582,6.3328,-35295.3619,20
-1.8065,-5.5356,-0.4582,6.3328,-35295.3619,20
-1.8065,-5.5356,-0.4582,6.3328,-35295.3619,20
-1.8065,-5.5356,-0.4582,6.3328,-35295.3619,20
-1.8065,-5.5356,-0.4582,6.3328,-35295.3619,20
-1.8065,-5.5356,-0.4582,6.3328,-35295.3619,20
-1.8065,-5.5356,-0.4582,6.3328,-35295.3619,20
-1.8453,-5.6286,-0.5667,6.2662,-34352.8622,20
-1.8453,-5.6286,-0.5667,6.2662,-34352.8622,20
-1.8453,-5.6286,-0.5667,6.2662,-34352.8622,20
-1.8453,-5.6286,-0.5667,6.2662,-34352.8622,20
-1.8453,-5.6286,-0.5667,6.2662,-34352.8622,20
-1.8453,-5.6286,-0.5667,6.2662,-34352.8622,20
-1.8453,-5.6286,-0.5667,6.2662,-34352.8622,20
-1.8313,-5.5951,-0.5276,6.2902,-34289.2664,20
-1.9096,-5.7829,-0.7467,6.1556,-32437.4299,20
-1.9096,-5.7829,-0.7467,6.1556,-32437.4299,20
-1.9123,-5.7895,-0.7544,6.1508,-32238.0764,20
-1.9123,-5.7895,-0.7544,6.1508,-32238.0764,20
-1.9475,-5.8741,-0.8531,6.0903,-32129.8781,20
-1.9475,-5.8741,-0.8531,6.0903,-32129.8781,20
-1.9630,-5.9113,-0.8965,6.0636,-31526.6535,20
-1.9635,-5.9124,-0.8978,6.0628,-30923.3133,20
-1.9635,-5.9124,-0.8978,6.0628,-30923.3133,20
-1.9545,-5.8907,-0.8725,6.0783,-30742.2871,20
-1.9545,-5.8907,-0.8725,6.0783,-30742.2871,20
-1.9474,-5.8738,-0.8528,6.0904,-30121.9787,20
-1.9474,-5.8738,-0.8528,6.0904,-30121.9787,20
-1.9474,-5.8738,-0.8528,6.0904,-30121.9787,20
-1.9474,-5.8738,-0.8528,6.0904,-30121.9787,20
-1.9474,-5.8738,-0.8528,6.0904,-30121.9787,20
-1.9474,-5.8738,-0.8528,6.0904,-30121.9787,20
-1.9474,-5.8738,-0.8528,6.0904,-30121.9787,20
-1.9474,-5.8738,-0.8528,6.0904,-30121.9787,20
-1.9474,-5.8738,-0.8528,6.0904,-30121.9787,20
-1.9474,-5.8738,-0.8528,6.0904,-30121.9787,20
-1.9474,-5.8738,-0.8528,6.0904,-30121.9787,20
-1.9474,-5.8738,-0.8528,6.0904,-30121.9787,20
-1.9474,-5.8738,-0.8528,6.0904,-30121.9787,20
-1.9474,-5.8738,-0.8528,6.0904,-30121.9787,20
-1.9474,-5.8738,-0.8528,6.0904,-30121.9787,20
-1.9474,-5.8738,-0.8528,6.0904,-30121.9787,20
-1.9474,-5.8738,-0.8528,6.0904,-30121.9787,20
-1.9474,-5.8738,-0.8528,6.0904,-30121.9787,20
-1.9474,-5.8738,-0.8528,6.0904,-30121.9787,20
-1.9474,-5.8738,-0.8528,6.0904,-30121.9787,20
-1.9474,-5.8738,-0.8528,6.0904,-30121.9787,20
-1.9474,-5.8738,-0.8528,6.0904,-30121.9787,20
-1.9474,-5.8738,-0.8528,6.0904,-30121.9787,20
-1.9474,-5.8738,-0.8528,6.0904,-30121.9787,20
-1.9474,-5.8738,-0.8528,6.0904,-30121.9787,20
-1.9474,-5.8738,-0.8528,6.0904,-30121.9787,20
-1.9474,-5.8738,-0.8528,6.0904,-30121.9787,20
-1.9474,-5.8738,-0.8528,6.0904,-30121.9787,20
-1.9474,-5.8738,-0.8528,6.0904,-30121.9787,20
-1.9474,-5.8738,-0.8528,6.0904,-30121.9787,20
-1.9474,-5.8738,-0.8528,6.0904,-30121.9787,20
-1.9474,-5.8738,-0.8528,6.0904,-30121.9787,20
-1.9474,-5.8738,-0.8528,6.0904,-30121.9787,20
-1.9474,-5.8738,-0.8528,6.0904,-30121.9787,20
-0.7279,-2.9469,2.5619,8.1880,-64805.7495,20
-0.7279,-2.9469,2.5619,8.1880,-64805.7495,20
-0.7957,-3.1096,2.3721,8.0714,-57471.8591,20
-0.8195,-3.1669,2.3053,8.0304,-56381.5674,20
-0.8195,-3.1669,2.3053,8.0304,-56381.5674,20
-0.8195,-3.1669,2.3053,8.0304,-56381.5674,20
-0.8195,-3.1669,2.3053,8.0304,-56381.5674,20
-0.8195,-3.1669,2.3053,8.0304,-56381.5674,20
-0.9994,-3.5986,1.8016,7.7210,-54907.6678,20
-0.9994,-3.5986,1.8016,7.7210,-54907.6678,20
-0.9994,-3.5986,1.8016,7.7210,-54907.6678,20
-1.1541,-3.9698,1.3685,7.4550,-53319.5359,20
-1.1541,-3.9698,1.3685,7.4550,-53319.5359,20
-1.3932,-4.5436,0.6991,7.0437,-51704.8972,20
-1.5605,-4.9453,0.2305,6.7559,-45899.5786,20
-1.7017,-5.2840,-0.1647,6.5131,-39146.1442,20
-1.7780,-5.4672,-0.3784,6.3818,-36828.6196,20
-1.7780,-5.4672,-0.3784,6.3818,-36828.6196,20
-1.8620,-5.6689,-0.6137,6.2373,-33150.4243,20
-1.8620,-5.6689,-0.6137,6.2373,-33150.4243,20
-1.8614,-5.6673,-0.6119,6.2384,-33058.7640,20
-1.8614,-5.6673,-0.6119,6.2384,-33058.7640,20
-1.8643,-5.6742,-0.6199,6.2335,-32284.7596,20
-1.9200,-5.8080,-0.7760,6.1376,-32057.2361,20
-1.9200,-5.8080,-0.7760,6.1376,-32057.2361,20
-1.9419,-5.8606,-0.8373,6.0999,-31909.2291,20
-1.9826,-5.9583,-0.9514,6.0299,-29298.7621,20
-1.9826,-5.9583,-0.9514,6.0299,-29298.7621,20
-1.9826,-5.9583,-0.9514,6.0299,-29298.7621,20
-1.9826,-5.9583,-0.9514,6.0299,-29298.7621,20
-1.9826,-5.9583,-0.9514,6.0299,-29298.7621,20
-1.9826,-5.9583,-0.9514,6.0299,-29298.7621,20
-1.9826,-5.9583,-0.9514,6.0299,-29298.7621,20
-1.9826,-5.9583,-0.9514,6.0299,-29298.7621,20
-1.9826,-5.9583,-0.9514,6.0299,-29298.7621,20
-1.9826,-5.9583,-0.9514,6.0299,-29298.7621,20
-1.9826,-5.9583,-0.9514,6.0299,-29298.7621,20
-1.9826,-5.9583,-0.9514,6.0299,-29298.7621,20
-1.9826,-5.9583,-0.9514,6.0299,-29298.7621,20
-1.9826,-5.9583,-0.9514,6.0299,-29298.7621,20
-1.9826,-5.9583,-0.9514,6.0299,-29298.7621,20
-1.9826,-5.9583,-0.9514,6.0299,-29298.7621,20
-1.9826,-5.9583,-0.9514,6.0299,-29298.7621,20
-1.9826,-5.9583,-0.9514,6.0299,-29298.7621,20
-1.9826,-5.9583,-0.9514,6.0299,-29298.7621,20
-1.9826,-5.9583,-0.9514,6.0299,-29298.7621,20
-1.9826,-5.9583,-0.9514,6.0299,-29298.7621,20
-1.9826,-5.9583,-0.9514,6.0299,-29298.7621,20
-1.9826,-5.9583,-0.9514,6.0299,-29298.7621,20
-1.9826,-5.9583,-0.9514,6.0299,-29298.7621,20
-1.9826,-5.9583,-0.9514,6.0299,-29298.7621,20
-1.9826,-5.9583,-0.9514,6.0299,-29298.7621,20
-1.9826,-5.9583,-0.9514,6.0299,-29298.7621,20
-1.9826,-5.9583,-0.9514,6.0299,-29298.7621,20
-1.9826,-5.9583,-0.9514,6.0299,-29298.7621,20
-1.9826,-5.9583,-0.9514,6.0299,-29298.7621,20
-1.9826,-5.9583,-0.9514,6.0299,-29298.7621,20
-1.9826,-5.9583,-0.9514,6.0299,-29298.7621,20
-1.9826,-5.9583,-0.9514,6.0299,-29298.7621,20
-1.9826,-5.9583,-0.9514,6.0299,-29298.7621,20
-1.9826,-5.9583,-0.9514,6.0299,-29298.7621,20
-1.9826,-5.9583,-0.9514,6.0299,-29298.7621,20
-1.9826,-5.9583,-0.9514,6.0299,-29298.7621,20
-1.9826,-5.9583,-0.9514,6.0299,-29298.7621,20
-1.9826,-5.9583,-0.9514,6.0299,-29298.7621,20
-1.9826,-5.9583,-0.9514,6.0299,-29298.7621,20
-1.9826,-5.9583,-0.9514,6.0299,-29298.7621,20
-1.9826,-5.9583,-0.9514,6.0299,-29298.7621,20
-1.9826,-5.9583,-0.9514,6.0299,-29298.7621,20
-1.9826,-5.9583,-0.9514,6.0299,-29298.7621,20
-1.9826,-5.9583,-0.9514,6.0299,-29298.7621,20
-1.9826,-5.9583,-0.9514,6.0299,-29298.7621,20
-1.9826,-5.9583,-0.9514,6.0299,-29298.7621,20
-1.9826,-5.9583,-0.9514,6.0299,-29298.7621,20
-1.9826,-5.9583,-0.9514,6.0299,-29298.7621,20
-1.9826,-5.9583,-0.9514,6.0299,-29298.7621,20
-1.9826,-5.9583,-0.9514,6.0299,-29298.7621,20
-1.9826,-5.9583,-0.9514,6.0299,-29298.7621,20
-1.9826,-5.9583,-0.9514,6.0299,-29298.7621,20
-1.9826,-5.9583,-0.9514,6.0299,-29298.7621,20
-1.9826,-5.9583,-0.9514,6.0299,-29298.7621,20
-1.9826,-5.9583,-0.9514,6.0299,-29298.7621,20
-1.9826,-5.9583,-0.9514,6.0299,-29298.7621,20
-1.9826,-5.9583,-0.9514,6.0299,-29298.7621,20
-1.9826,-5.9583,-0.9514,6.0299,-29298.7621,20
-1.9826,-5.9583,-0.9514,6.0299,-29298.7621,20
-1.9826,-5.9583,-0.9514,6.0299,-29298.7621,20
-1.9826,-5.9583,-0.9514,6.0299,-29298.7621,20
-1.9826,-5.9583,-0.9514,6.0299,-29298.7621,20
-1.9826,-5.9583,-0.9514,6.0299,-29298.7621,20
-1.9826,-5.9583,-0.9514,6.0299,-29298.7621,20
-1.9826,-5.9583,-0.9514,6.0299,-29298.7621,20
-1.9826,-5.9583,-0.9514,6.0299,-29298.7621,20
-1.9826,-5.9583,-0.9514,6.0299,-29298.7621,20
-1.9826,-5.9583,-0.9514,6.0299,-29298.7621,20
-1.9826,-5.9583,-0.9514,6.0299,-29298.7621,20
-1.9826,-5.9583,-0.9514,6.0299,-29298.7621,20
-1.9826,-5.9583,-0.9514,6.0299,-29298.7621,20
-1.9826,-5.9583,-0.9514,6.0299,-29298.7621,20
-1.9826,-5.9583,-0.9514,6.0299,-29298.7621,20
0.3140,-0.4464,5.4792,9.9801,-80814.9104,20
-0.0873,-1.4096,4.3555,9.2898,-80006.9991,20
-0.2362,-1.7668,3.9387,9.0338,-79188.6099,20
-0.5845,-2.6028,2.9634,8.4346,-72648.0548,20
-0.5845,-2.6028,2.9634,8.4346,-72648.0548,20
-0.5845,-2.6028,2.9634,8.4346,-72648.0548,20
-0.5845,-2.6028,2.9634,8.4346,-72648.0548,20
-1.0731,-3.7755,1.5952,7.5942,-57545.8749,20
-0.9930,-3.5832,1.8196,7.7320,-54148.3562,20
-0.9930,-3.5832,1.8196,7.7320,-54148.3562,20
-0.9930,-3.5832,1.8196,7.7320,-54148.3562,20
-0.9930,-3.5832,1.8196,7.7320,-54148.3562,20
-0.9930,-3.5832,1.8196,7.7320,-54148.3562,20
-0.9107,-3.3856,2.0501,7.8737,-51414.9165,20
-0.9107,-3.3856,2.0501,7.8737,-51414.9165,20
-0.9107,-3.3856,2.0501,7.8737,-51414.9165,20
-0.9107,-3.3856,2.0501,7.8737,-51414.9165,20
-0.9107,-3.3856,2.0501,7.8737,-51414.9165,20
-1.4307,-4.6337,0.5940,6.9792,-50330.2864,20
-1.4307,-4.6337,0.5940,6.9792,-50330.2864,20
-1.4307,-4.6337,0.5940,6.9792,-50330.2864,20
-1.4307,-4.6337,0.5940,6.9792,-50330.2864,20
-1.4485,-4.6763,0.5443,6.9486,-46928.8089,20
-1.4485,-4.6763,0.5443,6.9486,-46928.8089,20
-1.4485,-4.6763,0.5443,6.9486,-46928.8089,20
-1.4485,-4.6763,0.5443,6.9486,-46928.8089,20
-1.6319,-5.1165,0.0308,6.6332,-42075.6155,20
-1.6319,-5.1165,0.0308,6.6332,-42075.6155,20
-1.6319,-5.1165,0.0308,6.6332,-42075.6155,20
-1.6319,-5.1165,0.0308,6.6332,-42075.6155,20
-1.6319,-5.1165,0.0308,6.6332,-42075.6155,20
-1.6319,-5.1165,0.0308,6.6332,-42075.6155,20
-1.6319,-5.1165,0.0308,6.6332,-42075.6155,20
-1.6319,-5.1165,0.0308,6.6332,-42075.6155,20
-1.6319,-5.1165,0.0308,6.6332,-42075.6155,20
-1.6319,-5.1165,0.0308,6.6332,-42075.6155,20
-1.7398,-5.3755,-0.2714,6.4476,-36636.3583,20
-1.7398,-5.3755,-0.2714,6.4476,-36636.3583,20
-1.7398,-5.3755,-0.2714,6.4476,-36636.3583,20
-1.7398,-5.3755,-0.2714,6.4476,-36636.3583,20
-1.7398,-5.3755,-0.2714,6.4476,-36636.3583,20
-1.7299,-5.3517,-0.2436,6.4646,-36412.0657,20
-1.7299,-5.3517,-0.2436,6.4646,-36412.0657,20
-1.7299,-5.3517,-0.2436,6.4646,-36412.0657,20
-1.7299,-5.3517,-0.2436,6.4646,-36412.0657,20
-1.7299,-5.3517,-0.2436,6.4646,-36412.0657,20
-1.7299,-5.3517,-0.2436,6.4646,-36412.0657,20
-1.7299,-5.3517,-0.2436,6.4646,-36412.0657,20
-1.7299,-5.3517,-0.2436,6.4646,-36412.0657,20
-1.7299,-5.3517,-0.2436,6.4646,-36412.0657,20
-1.7566,-5.4158,-0.3184,6.4187,-36112.1352,20
-1.7566,-5.4158,-0.3184,6.4187,-36112.1352,20
-1.7781,-5.4674,-0.3786,6.3817,-35829.2960,20
-1.8295,-5.5909,-0.5227,6.2932,-33691.4040,20
-1.8295,-5.5909,-0.5227,6.2932,-33691.4040,20
-1.8295,-5.5909,-0.5227,6.2932,-33691.4040,20
-1.8295,-5.5909,-0.5227,6.2932,-33691.4040,20
-1.8310,-5.5943,-0.5267,6.2908,-33639.9890,20
-1.8310,-5.5943,-0.5267,6.2908,-33639.9890,20
-1.8310,-5.5943,-0.5267,6.2908,-33639.9890,20
-1.8310,-5.5943,-0.5267,6.2908,-33639.9890,20
-1.8310,-5.5943,-0.5267,6.2908,-33639.9890,20
-1.8618,-5.6683,-0.6130,6.2377,-33105.7689,20
-1.8618,-5.6683,-0.6130,6.2377,-33105.7689,20
-1.8618,-5.6683,-0.6130,6.2377,-33105.7689,20
-1.8618,-5.6683,-0.6130,6.2377,-33105.7689,20
-1.8618,-5.6683,-0.6130,6.2377,-33105.7689,20
-1.8618,-5.6683,-0.6130,6.2377,-33105.7689,20
-1.8747,-5.6993,-0.6492,6.2155,-32050.8550,20
-1.8747,-5.6993,-0.6492,6.2155,-32050.8550,20
-1.8747,-5.6993,-0.6492,6.2155,-32050.8550,20
-1.8747,-5.6993,-0.6492,6.2155,-32050.8550,20
-1.9308,-5.8340,-0.8063,6.1190,-31750.6712,20
-1.9641,-5.9140,-0.8996,6.0617,-31137.3391,20
-1.9641,-5.9140,-0.8996,6.0617,-31137.3391,20
-1.9641,-5.9140,-0.8996,6.0617,-31137.3391,20
-1.9641,-5.9140,-0.8996,6.0617,-31137.3391,20
-1.9641,-5.9140,-0.8996,6.0617,-31137.3391,20
-1.9641,-5.9140,-0.8996,6.0617,-31137.3391,20
-1.9641,-5.9140,-0.8996,6.0617,-31137.3391,20
-1.9641,-5.9140,-0.8996,6.0617,-31137.3391,20
-1.9697,-5.9272,-0.9151,6.0521,-29961.3848,20
-1.9697,-5.9272,-0.9151,6.0521,-29961.3848,20
-1.9697,-5.9272,-0.9151,6.0521,-29961.3848,20
-1.9697,-5.9272,-0.9151,6.0521,-29961.3848,20
-1.9697,-5.9272,-0.9151,6.0521,-29961.3848,20
-1.9697,-5.9272,-0.9151,6.0521,-29961.3848,20
-1.9697,-5.9272,-0.9151,6.0521,-29961.3848,20
-1.9697,-5.9272,-0.9151,6.0521,-29961.3848,20
-1.9697,-5.9272,-0.9151,6.0521,-29961.3848,20
-1.9697,-5.9272,-0.9151,6.0521,-29961.3848,20
-1.9697,-5.9272,-0.9151,6.0521,-29961.3848,20
-1.9697,-5.9272,-0.9151,6.0521,-29961.3848,20
-1.9697,-5.9272,-0.9151,6.0521,-29961.3848,20
-1.9697,-5.9272,-0.9151,6.0521,-29961.3848,20
-1.9697,-5.9272,-0.9151,6.0521,-29961.3848,20
-1.9697,-5.9272,-0.9151,6.0521,-29961.3848,20
-1.9697,-5.9272,-0.9151,6.0521,-29961.3848,20
-1.9697,-5.9272,-0.9151,6.0521,-29961.3848,20
-1.9697,-5.9272,-0.9151,6.0521,-29961.3848,20
-1.8224,-5.5738,-0.5027,6.3055,-34370.0828,20
-1.8224,-5.5738,-0.5027,6.3055,-34370.0828,20
-1.8224,-5.5738,-0.5027,6.3055,-34370.0828,20
-1.8224,-5.5738,-0.5027,6.3055,-34370.0828,20
-1.9069,-5.7765,-0.7393,6.1602,-32679.4898,20
-1.8978,-5.7548,-0.7139,6.1758,-31230.3937,20
-1.8978,-5.7548,-0.7139,6.1758,-31230.3937,20
-1.8978,-5.7548,-0.7139,6.1758,-31230.3937,20
-1.8978,-5.7548,-0.7139,6.1758,-31230.3937,20
-1.8978,-5.7548,-0.7139,6.1758,-31230.3937,20
-1.8978,-5.7548,-0.7139,6.1758,-31230.3937,20
-1.8978,-5.7548,-0.7139,6.1758,-31230.3937,20
-1.8978,-5.7548,-0.7139,6.1758,-31230.3937,20
-1.8978,-5.7548,-0.7139,6.1758,-31230.3937,20
-1.8978,-5.7548,-0.7139,6.1758,-31230.3937,20
-1.8978,-5.7548,-0.7139,6.1758,-31230.3937,20
-1.8978,-5.7548,-0.7139,6.1758,-31230.3937,20
-1.8978,-5.7548,-0.7139,6.1758,-31230.3937,20
-1.8978,-5.7548,-0.7139,6.1758,-31230.3937,20
-1.8978,-5.7548,-0.7139,6.1758,-31230.3937,20
-1.8978,-5.7548,-0.7139,6.1758,-31230.3937,20
-1.9682,-5.9237,-0.9109,6.0547,-31078.3803,20
-1.9682,-5.9237,-0.9109,6.0547,-31078.3803,20
-1.9682,-5.9237,-0.9109,6.0547,-31078.3803,20
-1.9731,-5.9354,-0.9246,6.0463,-30488.4646,20
-1.9731,-5.9354,-0.9246,6.0463,-30488.4646,20
-1.9731,-5.9354,-0.9246,6.0463,-30488.4646,20
-1.9731,-5.9354,-0.9246,6.0463,-30488.4646,20
-1.9595,-5.9027,-0.8865,6.0697,-29999.7478,20
-1.9595,-5.9027,-0.8865,6.0697,-29999.7478,20
-1.9595,-5.9027,-0.8865,6.0697,-29999.7478,20
-1.9595,-5.9027,-0.8865,6.0697,-29999.7478,20
-1.9595,-5.9027,-0.8865,6.0697,-29999.7478,20
-1.9595,-5.9027,-0.8865,6.0697,-29999.7478,20
-1.9595,-5.9027,-0.8865,6.0697,-29999.7478,20
-1.9595,-5.9027,-0.8865,6.0697,-29999.7478,20
-1.9595,-5.9027,-0.8865,6.0697,-29999.7478,20
-1.9595,-5.9027,-0.8865,6.0697,-29999.7478,20
-1.9595,-5.9027,-0.8865,6.0697,-29999.7478,20
-1.9595,-5.9027,-0.8865,6.0697,-29999.7478,20
-1.9595,-5.9027,-0.8865,6.0697,-29999.7478,20
-1.9634,-5.9121,-0.8974,6.0630,-29725.6122,20
-1.9634,-5.9121,-0.8974,6.0630,-29725.6122,20
-1.9634,-5.9121,-0.8974,6.0630,-29725.6122,20
-1.9634,-5.9121,-0.8974,6.0630,-29725.6122,20
-1.9634,-5.9121,-0.8974,6.0630,-29725.6122,20
-1.9634,-5.9121,-0.8974,6.0630,-29725.6122,20
-1.9634,-5.9121,-0.8974,6.0630,-29725.6122,20
-1.9743,-5.9383,-0.9281,6.0442,-29592.7275,20
-1.9743,-5.9383,-0.9281,6.0442,-29592.7275,20
-1.9743,-5.9383,-0.9281,6.0442,-29592.7275,20
-1.9743,-5.9383,-0.9281,6.0442,-29592.7275,20
-1.9743,-5.9383,-0.9281,6.0442,-29592.7275,20
-1.9743,-5.9383,-0.9281,6.0442,-29592.7275,20
-1.9743,-5.9383,-0.9281,6.0442,-29592.7275,20
-1.9743,-5.9383,-0.9281,6.0442,-29592.7275,20
-1.9743,-5.9383,-0.9281,6.0442,-29592.7275,20
-1.9743,-5.9383,-0.9281,6.0442,-29592.7275,20
-1.9743,-5.9383,-0.9281,6.0442,-29592.7275,20
-1.9743,-5.9383,-0.9281,6.0442,-29592.7275,20
-1.9743,-5.9383,-0.9281,6.0442,-29592.7275,20
-1.9743,-5.9383,-0.9281,6.0442,-29592.7275,20
-1.9760,-5.9425,-0.9329,6.0412,-29182.0121,20
-1.9760,-5.9425,-0.9329,6.0412,-29182.0121,20
-1.9760,-5.9425,-0.9329,6.0412,-29182.0121,20
-1.9760,-5.9425,-0.9329,6.0412,-29182.0121,20
-1.9760,-5.9425,-0.9329,6.0412,-29182.0121,20
-1.9760,-5.9425,-0.9329,6.0412,-29182.0121,20
-1.9760,-5.9425,-0.9329,6.0412,-29182.0121,20
-1.9760,-5.9425,-0.9329,6.0412,-29182.0121,20
-1.9760,-5.9425,-0.9329,6.0412,-29182.0121,20
-1.9760,-5.9425,-0.9329,6.0412,-29182.0121,20
-1.9760,-5.9425,-0.9329,6.0412,-29182.0121,20
-1.9760,-5.9425,-0.9329,6.0412,-29182.0121,20
-1.9760,-5.9425,-0.9329,6.0412,-29182.0121,20
-1.9760,-5.9425,-0.9329,6.0412,-29182.0121,20
-1.9760,-5.9425,-0.9329,6.0412,-29182.0121,20
-1.9760,-5.9425,-0.9329,6.0412,-29182.0121,20
-1.9760,-5.9425,-0.9329,6.0412,-29182.0121,20
-1.9760,-5.9425,-0.9329,6.0412,-29182.0121,20
-1.9760,-5.9425,-0.9329,6.0412,-29182.0121,20
-1.9760,-5.9425,-0.9329,6.0412,-29182.0121,20
-1.9760,-5.9425,-0.9329,6.0412,-29182.0121,20
-1.9760,-5.9425,-0.9329,6.0412,-29182.0121,20
-1.9760,-5.9425,-0.9329,6.0412,-29182.0121,20
-1.9760,-5.9425,-0.9329,6.0412,-29182.0121,20
-1.9760,-5.9425,-0.9329,6.0412,-29182.0121,20
-1.9760,-5.9425,-0.9329,6.0412,-29182.0121,20
-1.9760,-5.9425,-0.9329,6.0412,-29182.0121,20
-1.9760,-5.9425,-0.9329,6.0412,-29182.0121,20
-1.9760,-5.9425,-0.9329,6.0412,-29182.0121,20
-1.9760,-5.9425,-0.9329,6.0412,-29182.0121,20
-1.9760,-5.9425,-0.9329,6.0412,-29182.0121,20
-1.9760,-5.9425,-0.9329,6.0412,-29182.0121,20
-1.9760,-5.9425,-0.9329,6.0412,-29182.0121,20
-1.9760,-5.9425,-0.9329,6.0412,-29182.0121,20
-1.9760,-5.9425,-0.9329,6.0412,-29182.0121,20
-1.9760,-5.9425,-0.9329,6.0412,-29182.0121,20
-1.9760,-5.9425,-0.9329,6.0412,-29182.0121,20
-1.9760,-5.9425,-0.9329,6.0412,-29182.0121,20
-1.9780,-5.9471,-0.9383,6.0379,-31003.8990,20
-1.9780,-5.9471,-0.9383,6.0379,-31003.8990,20
-1.9780,-5.9471,-0.9383,6.0379,-31003.8990,20
-1.9780,-5.9471,-0.9383,6.0379,-31003.8990,20
-1.9780,-5.9471,-0.9383,6.0379,-31003.8990,20
-1.9780,-5.9471,-0.9383,6.0379,-31003.8990,20
-1.9780,-5.9471,-0.9383,6.0379,-31003.8990,20
-1.9780,-5.9471,-0.9383,6.0379,-31003.8990,20
-1.9780,-5.9471,-0.9383,6.0379,-31003.8990,20
-1.9780,-5.9471,-0.9383,6.0379,-31003.8990,20
-1.9780,-5.9471,-0.9383,6.0379,-31003.8990,20
-1.9621,-5.9091,-0.8940,6.0651,-30654.3948,20
-1.9621,-5.9091,-0.8940,6.0651,-30654.3948,20
-1.9621,-5.9091,-0.8940,6.0651,-30654.3948,20
-1.9621,-5.9091,-0.8940,6.0651,-30654.3948,20
-1.9621,-5.9091,-0.8940,6.0651,-30654.3948,20
-1.9621,-5.9091,-0.8940,6.0651,-30654.3948,20
-1.9621,-5.9091,-0.8940,6.0651,-30654.3948,20
-1.9621,-5.9091,-0.8940,6.0651,-30654.3948,20
-1.9621,-5.9091,-0.8940,6.0651,-30654.3948,20
-1.9621,-5.9091,-0.8940,6.0651,-30654.3948,20
-1.9831,-5.9595,-0.9527,6.0290,-30014.5853,20
-1.9831,-5.9595,-0.9527,6.0290,-30014.5853,20
-1.9831,-5.9595,-0.9527,6.0290,-30014.5853,20
-1.9831,-5.9595,-0.9527,6.0290,-30014.5853,20
-1.9831,-5.9595,-0.9527,6.0290,-30014.5853,20
-1.9831,-5.9595,-0.9527,6.0290,-30014.5853,20
-1.9831,-5.9595,-0.9527,6.0290,-30014.5853,20
-1.9831,-5.9595,-0.9527,6.0290,-30014.5853,20
-1.9831,-5.9595,-0.9527,6.0290,-30014.5853,20
-1.9831,-5.9595,-0.9527,6.0290,-30014.5853,20
-1.9831,-5.9595,-0.9527,6.0290,-30014.5853,20
-1.9831,-5.9595,-0.9527,6.0290,-30014.5853,20
-1.9831,-5.9595,-0.9527,6.0290,-30014.5853,20
-1.9969,-5.9926,-0.9913,6.0053,-28954.8603,20
-1.9969,-5.9926,-0.9913,6.0053,-28954.8603,20
-1.9969,-5.9926,-0.9913,6.0053,-28954.8603,20
-1.9969,-5.9926,-0.9913,6.0053,-28954.8603,20
-1.9969,-5.9926,-0.9913,6.0053,-28954.8603,20
-1.9969,-5.9926,-0.9913,6.0053,-28954.8603,20
-1.9969,-5.9926,-0.9913,6.0053,-28954.8603,20
-1.9969,-5.9926,-0.9913,6.0053,-28954.8603,20
-1.9969,-5.9926,-0.9913,6.0053,-28954.8603,20
-1.9969,-5.9926,-0.9913,6.0053,-28954.8603,20
-1.9969,-5.9926,-0.9913,6.0053,-28954.8603,20
-1.9969,-5.9926,-0.9913,6.0053,-28954.8603,20
-1.9969,-5.9926,-0.9913,6.0053,-28954.8603,20
-1.9969,-5.9926,-0.9913,6.0053,-28954.8603,20
-1.9969,-5.9926,-0.9913,6.0053,-28954.8603,20
-1.9969,-5.9926,-0.9913,6.0053,-28954.8603,20
-1.9969,-5.9926,-0.9913,6.0053,-28954.8603,20
-1.9969,-5.9926,-0.9913,6.0053,-28954.8603,20
-1.9969,-5.9926,-0.9913,6.0053,-28954.8603,20
-1.9969,-5.9926,-0.9913,6.0053,-28954.8603,20
-1.9969,-5.9926,-0.9913,6.0053,-28954.8603,20
-1.9969,-5.9926,-0.9913,6.0053,-28954.8603,20
-1.9969,-5.9926,-0.9913,6.0053,-28954.8603,20
-1.9969,-5.9926,-0.9913,6.0053,-28954.8603,20
-1.9969,-5.9926,-0.9913,6.0053,-28954.8603,20
-1.9969,-5.9926,-0.9913,6.0053,-28954.8603,20
-1.9969,-5.9926,-0.9913,6.0053,-28954.8603,20
-1.9969,-5.9926,-0.9913,6.0053,-28954.8603,20
-1.9969,-5.9926,-0.9913,6.0053,-28954.8603,20
-1.9969,-5.9926,-0.9913,6.0053,-28954.8603,20
-1.9939,-5.9855,-0.9830,6.0104,-28666.6113,20
-1.9939,-5.9855,-0.9830,6.0104,-28666.6113,20
-1.9939,-5.9855,-0.9830,6.0104,-28666.6113,20
-1.9939,-5.9855,-0.9830,6.0104,-28666.6113,20
-1.9939,-5.9855,-0.9830,6.0104,-28666.6113,20
-1.9939,-5.9855,-0.9830,6.0104,-28666.6113,20
-1.9939,-5.9855,-0.9830,6.0104,-28666.6113,20
-1.9939,-5.9855,-0.9830,6.0104,-28666.6113,20
-1.9939,-5.9855,-0.9830,6.0104,-28666.6113,20
-1.9939,-5.9855,-0.9830,6.0104,-28666.6113,20
-1.9939,-5.9855,-0.9830,6.0104,-28666.6113,20
-1.9939,-5.9855,-0.9830,6.0104,-28666.6113,20
-1.9939,-5.9855,-0.9830,6.0104,-28666.6113,20
-1.9939,-5.9855,-0.9830,6.0104,-28666.6113,20
-1.9939,-5.9855,-0.9830,6.0104,-28666.6113,20
-1.9939,-5.9855,-0.9830,6.0104,-28666.6113,20
-1.9939,-5.9855,-0.9830,6.0104,-28666.6113,20
-1.9939,-5.9855,-0.9830,6.0104,-28666.6113,20
-1.9939,-5.9855,-0.9830,6.0104,-28666.6113,20
-1.9939,-5.9855,-0.9830,6.0104,-28666.6113,20
-1.9939,-5.9855,-0.9830,6.0104,-28666.6113,20
-1.9939,-5.9855,-0.9830,6.0104,-28666.6113,20
-1.9939,-5.9855,-0.9830,6.0104,-28666.6113,20
-1.9939,-5.9855,-0.9830,6.0104,-28666.6113,20
-1.9939,-5.9855,-0.9830,6.0104,-28666.6113,20
-1.9939,-5.9855,-0.9830,6.0104,-28666.6113,20
-1.9939,-5.9855,-0.9830,6.0104,-28666.6113,20
-1.9939,-5.9855,-0.9830,6.0104,-28666.6113,20
-1.9939,-5.9855,-0.9830,6.0104,-28666.6113,20
-1.9939,-5.9855,-0.9830,6.0104,-28666.6113,20
-1.9939,-5.9855,-0.9830,6.0104,-28666.6113,20
-1.9939,-5.9855,-0.9830,6.0104,-28666.6113,20
-1.9939,-5.9855,-0.9830,6.0104,-28666.6113,20
-1.9939,-5.9855,-0.9830,6.0104,-28666.6113,20
-1.9939,-5.9855,-0.9830,6.0104,-28666.6113,20
-1.9939,-5.9855,-0.9830,6.0104,-28666.6113,20
-1.9495,-5.8787,-0.8585,6.0869,-32379.4019,20
-1.9495,-5.8787,-0.8585,6.0869,-32379.4019,20
-1.9214,-5.8115,-0.7801,6.1351,-31238.5084,20
-1.9214,-5.8115,-0.7801,6.1351,-31238.5084,20
-1.9214,-5.8115,-0.7801,6.1351,-31238.5084,20
-1.9214,-5.8115,-0.7801,6.1351,-31238.5084,20
-1.9214,-5.8115,-0.7801,6.1351,-31238.5084,20
-1.9214,-5.8115,-0.7801,6.1351,-31238.5084,20
-1.9214,-5.8115,-0.7801,6.1351,-31238.5084,20
-1.9214,-5.8115,-0.7801,6.1351,-31238.5084,20
-1.9427,-5.8624,-0.8394,6.0986,-30800.2668,20
-1.9427,-5.8624,-0.8394,6.0986,-30800.2668,20
-1.9427,-5.8624,-0.8394,6.0986,-30800.2668,20
-1.9500,-5.8801,-0.8601,6.0859,-30723.8533,20
-1.9500,-5.8801,-0.8601,6.0859,-30723.8533,20
-1.9417,-5.8601,-0.8367,6.1003,-30686.7610,20
-1.9417,-5.8601,-0.8367,6.1003,-30686.7610,20
-1.9417,-5.8601,-0.8367,6.1003,-30686.7610,20
-1.9417,-5.8601,-0.8367,6.1003,-30686.7610,20
-1.9417,-5.8601,-0.8367,6.1003,-30686.7610,20
-1.9417,-5.8601,-0.8367,6.1003,-30686.7610,20
-1.9417,-5.8601,-0.8367,6.1003,-30686.7610,20
-1.9417,-5.8601,-0.8367,6.1003,-30686.7610,20
-1.9417,-5.8601,-0.8367,6.1003,-30686.7610,20
-1.9417,-5.8601,-0.8367,6.1003,-30686.7610,20
-1.9417,-5.8601,-0.8367,6.1003,-30686.7610,20
-1.9417,-5.8601,-0.8367,6.1003,-30686.7610,20
-1.9417,-5.8601,-0.8367,6.1003,-30686.7610,20
-1.9417,-5.8601,-0.8367,6.1003,-30686.7610,20
-1.9375,-5.8499,-0.8249,6.1076,-29967.5463,20
-1.9375,-5.8499,-0.8249,6.1076,-29967.5463,20
-1.9531,-5.8875,-0.8688,6.0806,-29683.0222,20
-1.9531,-5.8875,-0.8688,6.0806,-29683.0222,20
-1.9531,-5.8875,-0.8688,6.0806,-29683.0222,20
-1.9531,-5.8875,-0.8688,6.0806,-29683.0222,20
-1.9531,-5.8875,-0.8688,6.0806,-29683.0222,20
-1.9531,-5.8875,-0.8688,6.0806,-29683.0222,20
-1.9531,-5.8875,-0.8688,6.0806,-29683.0222,20
-1.9531,-5.8875,-0.8688,6.0806,-29683.0222,20
-1.9531,-5.8875,-0.8688,6.0806,-29683.0222,20
-1.9531,-5.8875,-0.8688,6.0806,-29683.0222,20
-1.9531,-5.8875,-0.8688,6.0806,-29683.0222,20
-1.9531,-5.8875,-0.8688,6.0806,-29683.0222,20
-1.9531,-5.8875,-0.8688,6.0806,-29683.0222,20
-1.9531,-5.8875,-0.8688,6.0806,-29683.0222,20
-1.9531,-5.8875,-0.8688,6.0806,-29683.0222,20
-1.9646,-5.9149,-0.9008,6.0610,-28974.4474,20
-1.9646,-5.9149,-0.9008,6.0610,-28974.4474,20
-1.9646,-5.9149,-0.9008,6.0610,-28974.4474,20
-1.9646,-5.9149,-0.9008,6.0610,-28974.4474,20
-1.9646,-5.9149,-0.9008,6.0610,-28974.4474,20
-1.9646,-5.9149,-0.9008,6.0610,-28974.4474,20
-1.9646,-5.9149,-0.9008,6.0610,-28974.4474,20
-1.9646,-5.9149,-0.9008,6.0610,-28974.4474,20
-1.9646,-5.9149,-0.9008,6.0610,-28974.4474,20
-1.9646,-5.9149,-0.9008,6.0610,-28974.4474,20
-1.9646,-5.9149,-0.9008,6.0610,-28974.4474,20
-1.9646,-5.9149,-0.9008,6.0610,-28974.4474,20
-1.9646,-5.9149,-0.9008,6.0610,-28974.4474,20
-1.9646,-5.9149,-0.9008,6.0610,-28974.4474,20
-1.9646,-5.9149,-0.9008,6.0610,-28974.4474,20
-1.9646,-5.9149,-0.9008,6.0610,-28974.4474,20
-1.9646,-5.9149,-0.9008,6.0610,-28974.4474,20
-1.9646,-5.9149,-0.9008,6.0610,-28974.4474,20
-1.9646,-5.9149,-0.9008,6.0610,-28974.4474,20
-1.9646,-5.9149,-0.9008,6.0610,-28974.4474,20
-1.9646,-5.9149,-0.9008,6.0610,-28974.4474,20
-1.9646,-5.9149,-0.9008,6.0610,-28974.4474,20
-1.9646,-5.9149,-0.9008,6.0610,-28974.4474,20
-1.9646,-5.9149,-0.9008,6.0610,-28974.4474,20
-1.9646,-5.9149,-0.9008,6.0610,-28974.4474,20
-1.9646,-5.9149,-0.9008,6.0610,-28974.4474,20
-1.9646,-5.9149,-0.9008,6.0610,-28974.4474,20
-1.9646,-5.9149,-0.9008,6.0610,-28974.4474,20
-1.9646,-5.9149,-0.9008,6.0610,-28974.4474,20
-1.9646,-5.9149,-0.9008,6.0610,-28974.4474,20
-1.9646,-5.9149,-0.9008,6.0610,-28974.4474,20
-1.9646,-5.9149,-0.9008,6.0610,-28974.4474,20
-1.9646,-5.9149,-0.9008,6.0610,-28974.4474,20
-1.9646,-5.9149,-0.9008,6.0610,-28974.4474,20
-1.9646,-5.9149,-0.9008,6.0610,-28974.4474,20
-1.9646,-5.9149,-0.9008,6.0610,-28974.4474,20
-1.9646,-5.9149,-0.9008,6.0610,-28974.4474,20
-1.9646,-5.9149,-0.9008,6.0610,-28974.4474,20
-1.9646,-5.9149,-0.9008,6.0610,-28974.4474,20
-1.9646,-5.9149,-0.9008,6.0610,-28974.4474,20
-1.9646,-5.9149,-0.9008,6.0610,-28974.4474,20
-1.9646,-5.9149,-0.9008,6.0610,-28974.4474,20
-1.9646,-5.9149,-0.9008,6.0610,-28974.4474,20
-1.9646,-5.9149,-0.9008,6.0610,-28974.4474,20
-1.9646,-5.9149,-0.9008,6.0610,-28974.4474,20
-1.9646,-5.9149,-0.9008,6.0610,-28974.4474,20
-1.9646,-5.9149,-0.9008,6.0610,-28974.4474,20
-1.9646,-5.9149,-0.9008,6.0610,-28974.4474,20
-1.9646,-5.9149,-0.9008,6.0610,-28974.4474,20
-1.9646,-5.9149,-0.9008,6.0610,-28974.4474,20
-1.9646,-5.9149,-0.9008,6.0610,-28974.4474,20
-1.9646,-5.9149,-0.9008,6.0610,-28974.4474,20
-1.9646,-5.9149,-0.9008,6.0610,-28974.4474,20
-1.9646,-5.9149,-0.9008,6.0610,-28974.4474,20
0.0815,-1.0043,4.8283,9.5803,-80476.1726,20
0.0815,-1.0043,4.8283,9.5803,-80476.1726,20
0.0815,-1.0043,4.8283,9.5803,-80476.1726,20
0.0815,-1.0043,4.8283,9.5803,-80476.1726,20
-0.0028,-1.2067,4.5922,9.4352,-80247.4295,20
-0.0028,-1.2067,4.5922,9.4352,-80247.4295,20
-0.1980,-1.6752,4.0456,9.0994,-79390.4158,20
-0.1980,-1.6752,4.0456,9.0994,-79390.4158,20
-0.1980,-1.6752,4.0456,9.0994,-79390.4158,20
-0.1980,-1.6752,4.0456,9.0994,-79390.4158,20
-0.8129,-3.1509,2.3239,8.0419,-56673.4451,20
-0.8129,-3.1509,2.3239,8.0419,-56673.4451,20
-1.1383,-3.9319,1.4127,7.4821,-56254.1630,20
-0.9009,-3.3621,2.0775,7.8905,-52895.9747,20
-0.9009,-3.3621,2.0775,7.8905,-52895.9747,20
-0.9009,-3.3621,2.0775,7.8905,-52895.9747,20
-0.9009,-3.3621,2.0775,7.8905,-52895.9747,20
-0.9009,-3.3621,2.0775,7.8905,-52895.9747,20
-0.9009,-3.3621,2.0775,7.8905,-52895.9747,20
-0.9009,-3.3621,2.0775,7.8905,-52895.9747,20
-0.9009,-3.3621,2.0775,7.8905,-52895.9747,20
-0.9009,-3.3621,2.0775,7.8905,-52895.9747,20
-0.9009,-3.3621,2.0775,7.8905,-52895.9747,20
-0.9009,-3.3621,2.0775,7.8905,-52895.9747,20
-0.9009,-3.3621,2.0775,7.8905,-52895.9747,20
-0.9009,-3.3621,2.0775,7.8905,-52895.9747,20
-0.9009,-3.3621,2.0775,7.8905,-52895.9747,20
-0.9009,-3.3621,2.0775,7.8905,-52895.9747,20
-0.9009,-3.3621,2.0775,7.8905,-52895.9747,20
-0.9009,-3.3621,2.0775,7.8905,-52895.9747,20
-0.9009,-3.3621,2.0775,7.8905,-52895.9747,20
-0.9009,-3.3621,2.0775,7.8905,-52895.9747,20
-0.9009,-3.3621,2.0775,7.8905,-52895.9747,20
-0.9009,-3.3621,2.0775,7.8905,-52895.9747,20
-0.9009,-3.3621,2.0775,7.8905,-52895.9747,20
-0.9009,-3.3621,2.0775,7.8905,-52895.9747,20
-0.9009,-3.3621,2.0775,7.8905,-52895.9747,20
-1.4230,-4.6153,0.6155,6.9924,-46994.1925,20
-1.4230,-4.6153,0.6155,6.9924,-46994.1925,20
-1.4230,-4.6153,0.6155,6.9924,-46994.1925,20
-1.4230,-4.6153,0.6155,6.9924,-46994.1925,20
-1.4230,-4.6153,0.6155,6.9924,-46994.1925,20
-1.4230,-4.6153,0.6155,6.9924,-46994.1925,20
-1.4230,-4.6153,0.6155,6.9924,-46994.1925,20
-1.4230,-4.6153,0.6155,6.9924,-46994.1925,20
-1.4230,-4.6153,0.6155,6.9924,-46994.1925,20
-1.6007,-5.0416,0.1181,6.6869,-44660.3551,20
-1.6832,-5.2396,-0.1129,6.5450,-39857.7868,20
-1.6832,-5.2396,-0.1129,6.5450,-39857.7868,20
-1.6832,-5.2396,-0.1129,6.5450,-39857.7868,20
-1.7634,-5.4322,-0.3375,6.4069,-35960.5080,20
-1.7634,-5.4322,-0.3375,6.4069,-35960.5080,20
-1.7634,-5.4322,-0.3375,6.4069,-35960.5080,20
-1.7634,-5.4322,-0.3375,6.4069,-35960.5080,20
-1.7634,-5.4322,-0.3375,6.4069,-35960.5080,20
-1.8246,-5.5791,-0.5089,6.3017,-35581.4959,20
-1.7950,-5.5079,-0.4259,6.3527,-35394.5757,20
-1.8399,-5.6157,-0.5516,6.2754,-34681.4449,20
-1.8326,-5.5982,-0.5313,6.2879,-33232.3534,20
-1.8573,-5.6576,-0.6005,6.2454,-32308.1630,20
-1.8573,-5.6576,-0.6005,6.2454,-32308.1630,20
-1.8573,-5.6576,-0.6005,6.2454,-32308.1630,20
-1.8573,-5.6576,-0.6005,6.2454,-32308.1630,20
-1.8573,-5.6576,-0.6005,6.2454,-32308.1630,20
-1.8573,-5.6576,-0.6005,6.2454,-32308.1630,20
-1.8573,-5.6576,-0.6005,6.2454,-32308.1630,20
-1.8573,-5.6576,-0.6005,6.2454,-32308.1630,20
-1.8573,-5.6576,-0.6005,6.2454,-32308.1630,20
-1.8573,-5.6576,-0.6005,6.2454,-32308.1630,20
-1.8588,-5.6611,-0.6047,6.2429,-31850.5963,20
-1.8588,-5.6611,-0.6047,6.2429,-31850.5963,20
-1.8588,-5.6611,-0.6047,6.2429,-31850.5963,20
-1.8588,-5.6611,-0.6047,6.2429,-31850.5963,20
-1.8588,-5.6611,-0.6047,6.2429,-31850.5963,20
-1.8588,-5.6611,-0.6047,6.2429,-31850.5963,20
-1.8588,-5.6611,-0.6047,6.2429,-31850.5963,20
-1.8588,-5.6611,-0.6047,6.2429,-31850.5963,20
-1.8588,-5.6611,-0.6047,6.2429,-31850.5963,20
-1.8588,-5.6611,-0.6047,6.2429,-31850.5963,20
-1.8588,-5.6611,-0.6047,6.2429,-31850.5963,20
-1.8588,-5.6611,-0.6047,6.2429,-31850.5963,20
-1.8588,-5.6611,-0.6047,6.2429,-31850.5963,20
-1.8588,-5.6611,-0.6047,6.2429,-31850.5963,20
-1.8588,-5.6611,-0.6047,6.2429,-31850.5963,20
-1.8588,-5.6611,-0.6047,6.2429,-31850.5963,20
-1.8588,-5.6611,-0.6047,6.2429,-31850.5963,20
-1.8588,-5.6611,-0.6047,6.2429,-31850.5963,20
-1.8588,-5.6611,-0.6047,6.2429,-31850.5963,20
-1.8588,-5.6611,-0.6047,6.2429,-31850.5963,20
-1.8588,-5.6611,-0.6047,6.2429,-31850.5963,20
-1.8588,-5.6611,-0.6047,6.2429,-31850.5963,20
-1.8588,-5.6611,-0.6047,6.2429,-31850.5963,20
-1.8588,-5.6611,-0.6047,6.2429,-31850.5963,20
-1.8588,-5.6611,-0.6047,6.2429,-31850.5963,20
-1.9026,-5.7663,-0.7273,6.1675,-31819.4054,20
-1.9026,-5.7663,-0.7273,6.1675,-31819.4054,20
-1.9026,-5.7663,-0.7273,6.1675,-31819.4054,20
-1.9026,-5.7663,-0.7273,6.1675,-31819.4054,20
-1.9026,-5.7663,-0.7273,6.1675,-31819.4054,20
-1.9026,-5.7663,-0.7273,6.1675,-31819.4054,20
-0.0546,-1.3311,4.4471,9.3461,-80116.7506,20
-0.0546,-1.3311,4.4471,9.3461,-80116.7506,20
-0.0546,-1.3311,4.4471,9.3461,-80116.7506,20
-0.0546,-1.3311,4.4471,9.3461,-80116.7506,20
-0.0546,-1.3311,4.4471,9.3461,-80116.7506,20
-0.4369,-2.2486,3.3766,8.6885,-76734.3798,20
-0.4369,-2.2486,3.3766,8.6885,-76734.3798,20
-0.4369,-2.2486,3.3766,8.6885,-76734.3798,20
-0.8182,-3.1637,2.3091,8.0327,-56460.9732,20
-1.0949,-3.8278,1.5342,7.5567,-55705.6225,20
-1.0949,-3.8278,1.5342,7.5567,-55705.6225,20
-0.9561,-3.4948,1.9228,7.7954,-53544.8752,20
-0.9202,-3.4086,2.0233,7.8572,-51647.2513,20
-0.9202,-3.4086,2.0233,7.8572,-51647.2513,20
-0.9202,-3.4086,2.0233,7.8572,-51647.2513,20
-0.9202,-3.4086,2.0233,7.8572,-51647.2513,20
-0.9202,-3.4086,2.0233,7.8572,-51647.2513,20
-1.3751,-4.5002,0.7498,7.0749,-51036.1572,20
-1.3751,-4.5002,0.7498,7.0749,-51036.1572,20
-1.3751,-4.5002,0.7498,7.0749,-51036.1572,20
-1.3751,-4.5002,0.7498,7.0749,-51036.1572,20
-1.3751,-4.5002,0.7498,7.0749,-51036.1572,20
-1.7080,-5.2992,-0.1824,6.5023,-38835.4200,20
-1.8313,-5.5951,-0.5276,6.2902,-35275.6592,20
-1.8226,-5.5742,-0.5033,6.3051,-34620.6717,20
-1.8226,-5.5742,-0.5033,6.3051,-34620.6717,20
-1.8412,-5.6190,-0.5554,6.2731,-33288.8343,20
-1.8412,-5.6190,-0.5554,6.2731,-33288.8343,20
-1.8412,-5.6190,-0.5554,6.2731,-33288.8343,20
-1.8412,-5.6190,-0.5554,6.2731,-33288.8343,20
-1.8412,-5.6190,-0.5554,6.2731,-33288.8343,20
-1.8412,-5.6190,-0.5554,6.2731,-33288.8343,20
-1.8412,-5.6190,-0.5554,6.2731,-33288.8343,20
-1.8456,-5.6294,-0.5677,6.2656,-33273.3875,20
-1.8456,-5.6294,-0.5677,6.2656,-33273.3875,20
-1.8456,-5.6294,-0.5677,6.2656,-33273.3875,20
-1.8456,-5.6294,-0.5677,6.2656,-33273.3875,20
-1.8456,-5.6294,-0.5677,6.2656,-33273.3875,20
-1.8456,-5.6294,-0.5677,6.2656,-33273.3875,20
-1.8456,-5.6294,-0.5677,6.2656,-33273.3875,20
-1.8456,-5.6294,-0.5677,6.2656,-33273.3875,20
-1.8456,-5.6294,-0.5677,6.2656,-33273.3875,20
-1.8456,-5.6294,-0.5677,6.2656,-33273.3875,20
-1.8456,-5.6294,-0.5677,6.2656,-33273.3875,20
-1.8456,-5.6294,-0.5677,6.2656,-33273.3875,20
-1.8906,-5.7373,-0.6936,6.1882,-32941.2604,20
-1.8986,-5.7566,-0.7161,6.1744,-31402.3327,20
-1.8986,-5.7566,-0.7161,6.1744,-31402.3327,20
-1.8986,-5.7566,-0.7161,6.1744,-31402.3327,20
-1.8986,-5.7566,-0.7161,6.1744,-31402.3327,20
-1.8986,-5.7566,-0.7161,6.1744,-31402.3327,20
-1.8986,-5.7566,-0.7161,6.1744,-31402.3327,20
-1.8986,-5.7566,-0.7161,6.1744,-31402.3327,20
-1.8986,-5.7566,-0.7161,6.1744,-31402.3327,20
-1.8986,-5.7566,-0.7161,6.1744,-31402.3327,20
-1.8885,-5.7324,-0.6878,6.1918,-30954.1996,20
-1.8885,-5.7324,-0.6878,6.1918,-30954.1996,20
-1.8885,-5.7324,-0.6878,6.1918,-30954.1996,20
-1.8885,-5.7324,-0.6878,6.1918,-30954.1996,20
-1.8885,-5.7324,-0.6878,6.1918,-30954.1996,20
-1.8885,-5.7324,-0.6878,6.1918,-30954.1996,20
-1.8885,-5.7324,-0.6878,6.1918,-30954.1996,20
-1.8885,-5.7324,-0.6878,6.1918,-30954.1996,20
-1.8885,-5.7324,-0.6878,6.1918,-30954.1996,20
-1.8885,-5.7324,-0.6878,6.1918,-30954.1996,20
-1.8885,-5.7324,-0.6878,6.1918,-30954.1996,20
-1.8885,-5.7324,-0.6878,6.1918,-30954.1996,20
-1.8885,-5.7324,-0.6878,6.1918,-30954.1996,20
-1.8885,-5.7324,-0.6878,6.1918,-30954.1996,20
-1.8885,-5.7324,-0.6878,6.1918,-30954.1996,20
-1.8885,-5.7324,-0.6878,6.1918,-30954.1996,20
-1.8885,-5.7324,-0.6878,6.1918,-30954.1996,20
-1.8885,-5.7324,-0.6878,6.1918,-30954.1996,20
-1.8885,-5.7324,-0.6878,6.1918,-30954.1996,20
-1.8885,-5.7324,-0.6878,6.1918,-30954.1996,20
-1.8885,-5.7324,-0.6878,6.1918,-30954.1996,20
-1.8885,-5.7324,-0.6878,6.1918,-30954.1996,20
-1.8885,-5.7324,-0.6878,6.1918,-30954.1996,20
-1.8885,-5.7324,-0.6878,6.1918,-30954.1996,20
-1.8885,-5.7324,-0.6878,6.1918,-30954.1996,20
-1.8885,-5.7324,-0.6878,6.1918,-30954.1996,20
-1.8885,-5.7324,-0.6878,6.1918,-30954.1996,20
-1.8885,-5.7324,-0.6878,6.1918,-30954.1996,20
-1.8885,-5.7324,-0.6878,6.1918,-30954.1996,20
-1.8885,-5.7324,-0.6878,6.1918,-30954.1996,20
-1.9342,-5.8422,-0.8158,6.1131,-30878.4123,20
-1.9342,-5.8422,-0.8158,6.1131,-30878.4123,20
-1.9342,-5.8422,-0.8158,6.1131,-30878.4123,20
-1.9342,-5.8422,-0.8158,6.1131,-30878.4123,20
-1.9342,-5.8422,-0.8158,6.1131,-30878.4123,20
-1.9342,-5.8422,-0.8158,6.1131,-30878.4123,20
-1.9342,-5.8422,-0.8158,6.1131,-30878.4123,20
-1.9342,-5.8422,-0.8158,6.1131,-30878.4123,20
-1.9342,-5.8422,-0.8158,6.1131,-30878.4123,20
-1.9342,-5.8422,-0.8158,6.1131,-30878.4123,20
-1.9342,-5.8422,-0.8158,6.1131,-30878.4123,20
-1.9342,-5.8422,-0.8158,6.1131,-30878.4123,20
-1.9342,-5.8422,-0.8158,6.1131,-30878.4123,20
-1.9342,-5.8422,-0.8158,6.1131,-30878.4123,20
-1.9342,-5.8422,-0.8158,6.1131,-30878.4123,20
0.1750,-0.7799,5.0901,9.7411,-80643.4895,20
0.0327,-1.1216,4.6914,9.4962,-80393.7583,20
0.0327,-1.1216,4.6914,9.4962,-80393.7583,20
0.0327,-1.1216,4.6914,9.4962,-80393.7583,20
0.0327,-1.1216,4.6914,9.4962,-80393.7583,20
-0.0675,-1.3620,4.4111,9.3239,-80092.7461,20
-0.0675,-1.3620,4.4111,9.3239,-80092.7461,20
-0.0675,-1.3620,4.4111,9.3239,-80092.7461,20
-0.0675,-1.3620,4.4111,9.3239,-80092.7461,20
-0.0675,-1.3620,4.4111,9.3239,-80092.7461,20
-0.3013,-1.9232,3.7562,8.9217,-78612.5823,20
-0.3013,-1.9232,3.7562,8.9217,-78612.5823,20
-0.7984,-3.1163,2.3644,8.0667,-57440.1100,20
-0.7984,-3.1163,2.3644,8.0667,-57440.1100,20
-0.7984,-3.1163,2.3644,8.0667,-57440.1100,20
-0.7984,-3.1163,2.3644,8.0667,-57440.1100,20
-0.7984,-3.1163,2.3644,8.0667,-57440.1100,20
-1.1106,-3.8654,1.4904,7.5298,-57143.0017,20
-1.4930,-4.7832,0.4196,6.8721,-46868.4153,20
-1.4528,-4.6868,0.5321,6.9411,-43368.2242,20
-1.4528,-4.6868,0.5321,6.9411,-43368.2242,20
-1.4528,-4.6868,0.5321,6.9411,-43368.2242,20
-1.4528,-4.6868,0.5321,6.9411,-43368.2242,20
-1.4528,-4.6868,0.5321,6.9411,-43368.2242,20
-1.4528,-4.6868,0.5321,6.9411,-43368.2242,20
-1.4528,-4.6868,0.5321,6.9411,-43368.2242,20
-1.4528,-4.6868,0.5321,6.9411,-43368.2242,20
-1.4528,-4.6868,0.5321,6.9411,-43368.2242,20
-1.4528,-4.6868,0.5321,6.9411,-43368.2242,20
-1.6589,-5.1814,-0.0449,6.5867,-41049.0144,20
-1.7955,-5.5091,-0.4273,6.3518,-34910.6290,20
-1.7955,-5.5091,-0.4273,6.3518,-34910.6290,20
-1.8446,-5.6271,-0.5649,6.2673,-34292.0943,20
-1.8446,-5.6271,-0.5649,6.2673,-34292.0943,20
-1.8446,-5.6271,-0.5649,6.2673,-34292.0943,20
-1.8446,-5.6271,-0.5649,6.2673,-34292.0943,20
-1.8446,-5.6271,-0.5649,6.2673,-34292.0943,20
-1.8446,-5.6271,-0.5649,6.2673,-34292.0943,20
-1.9741,-5.9379,-0.9275,6.0445,-32364.5737,20
-1.9690,-5.9255,-0.9131,6.0534,-32056.5500,20
-1.9690,-5.9255,-0.9131,6.0534,-32056.5500,20
-1.9786,-5.9485,-0.9400,6.0369,-31546.2661,20
-1.9786,-5.9485,-0.9400,6.0369,-31546.2661,20
-1.9786,-5.9485,-0.9400,6.0369,-31546.2661,20
-1.9786,-5.9485,-0.9400,6.0369,-31546.2661,20
-1.9885,-5.9725,-0.9679,6.0197,-29899.8697,20
-1.9885,-5.9725,-0.9679,6.0197,-29899.8697,20
-1.9885,-5.9725,-0.9679,6.0197,-29899.8697,20
-1.9885,-5.9725,-0.9679,6.0197,-29899.8697,20
-1.9885,-5.9725,-0.9679,6.0197,-29899.8697,20
-1.9885,-5.9725,-0.9679,6.0197,-29899.8697,20
-1.9885,-5.9725,-0.9679,6.0197,-29899.8697,20
-1.9885,-5.9725,-0.9679,6.0197,-29899.8697,20
-1.9885,-5.9725,-0.9679,6.0197,-29899.8697,20
-1.9885,-5.9725,-0.9679,6.0197,-29899.8697,20
-1.9885,-5.9725,-0.9679,6.0197,-29899.8697,20
-1.9885,-5.9725,-0.9679,6.0197,-29899.8697,20
-1.9885,-5.9725,-0.9679,6.0197,-29899.8697,20
-1.9885,-5.9725,-0.9679,6.0197,-29899.8697,20
-1.9885,-5.9725,-0.9679,6.0197,-29899.8697,20
-1.9885,-5.9725,-0.9679,6.0197,-29899.8697,20
-1.9885,-5.9725,-0.9679,6.0197,-29899.8697,20
-1.9885,-5.9725,-0.9679,6.0197,-29899.8697,20
-1.9885,-5.9725,-0.9679,6.0197,-29899.8697,20
-1.9885,-5.9725,-0.9679,6.0197,-29899.8697,20
-1.9885,-5.9725,-0.9679,6.0197,-29899.8697,20
-1.9885,-5.9725,-0.9679,6.0197,-29899.8697,20
-1.9885,-5.9725,-0.9679,6.0197,-29899.8697,20
-1.9885,-5.9725,-0.9679,6.0197,-29899.8697,20
-1.9885,-5.9725,-0.9679,6.0197,-29899.8697,20
-1.9885,-5.9725,-0.9679,6.0197,-29899.8697,20
-1.9885,-5.9725,-0.9679,6.0197,-29899.8697,20
-1.9885,-5.9725,-0.9679,6.0197,-29899.8697,20
-1.9885,-5.9725,-0.9679,6.0197,-29899.8697,20
-1.9885,-5.9725,-0.9679,6.0197,-29899.8697,20
-1.9885,-5.9725,-0.9679,6.0197,-29899.8697,20
-1.9885,-5.9725,-0.9679,6.0197,-29899.8697,20
-1.9885,-5.9725,-0.9679,6.0197,-29899.8697,20
-1.9885,-5.9725,-0.9679,6.0197,-29899.8697,20
-1.9885,-5.9725,-0.9679,6.0197,-29899.8697,20
-1.9885,-5.9725,-0.9679,6.0197,-29899.8697,20
-1.9885,-5.9725,-0.9679,6.0197,-29899.8697,20
-1.9885,-5.9725,-0.9679,6.0197,-29899.8697,20
-1.9885,-5.9725,-0.9679,6.0197,-29899.8697,20
-1.9885,-5.9725,-0.9679,6.0197,-29899.8697,20
-1.9885,-5.9725,-0.9679,6.0197,-29899.8697,20
-1.9885,-5.9725,-0.9679,6.0197,-29899.8697,20
-1.9885,-5.9725,-0.9679,6.0197,-29899.8697,20
-1.9885,-5.9725,-0.9679,6.0197,-29899.8697,20
-1.9885,-5.9725,-0.9679,6.0197,-29899.8697,20
-1.9932,-5.9836,-0.9809,6.0118,-29339.7406,20
-1.9932,-5.9836,-0.9809,6.0118,-29339.7406,20
-1.9932,-5.9836,-0.9809,6.0118,-29339.7406,20
-1.9932,-5.9836,-0.9809,6.0118,-29339.7406,20
-1.9932,-5.9836,-0.9809,6.0118,-29339.7406,20
-1.9932,-5.9836,-0.9809,6.0118,-29339.7406,20
-1.9932,-5.9836,-0.9809,6.0118,-29339.7406,20
-1.9932,-5.9836,-0.9809,6.0118,-29339.7406,20
-1.9932,-5.9836,-0.9809,6.0118,-29339.7406,20
-1.9932,-5.9836,-0.9809,6.0118,-29339.7406,20
