logfeh,logdust,logSFH0,logSFH1,logSFH2,dmod,logl
-1.1224e+00,-1.5728e+00,3.0478e-01,1.9215e+00,3.1691e+00,3.1120e+01,-1.3124e+03
-1.1349e+00,-1.5638e+00,1.0928e+00,1.9464e+00,3.1622e+00,3.1125e+01,-1.3125e+03
-1.0299e+00,-1.6572e+00,1.0160e+00,2.8675e+00,2.6605e+00,3.1058e+01,-1.3180e+03
-1.1436e+00,-1.6886e+00,1.6126e+00,1.7953e+00,3.1765e+00,3.1193e+01,-1.3155e+03
-1.0279e+00,-1.5740e+00,5.5542e-01,2.9739e+00,1.6085e+00,3.0959e+01,-1.3182e+03
-1.0284e+00,-1.6822e+00,3.4119e-01,2.8819e+00,2.5981e+00,3.1045e+01,-1.3145e+03
-1.1230e+00,-1.7634e+00,9.0282e-01,2.5746e+00,2.9777e+00,3.1089e+01,-1.3106e+03
-1.0874e+00,-1.7522e+00,2.9207e-01,2.0753e+00,3.1166e+00,3.1057e+01,-1.3140e+03
-1.0705e+00,-1.6628e+00,1.2760e-01,3.0466e+00,1.8905e+00,3.1176e+01,-1.3169e+03
-1.0325e+00,-1.5724e+00,7.4463e-01,3.0466e+00,1.5088e+00,3.1136e+01,-1.3180e+03
-1.0163e+00,-1.5968e+00,1.0398e+00,2.1963e+00,3.1087e+00,3.1056e+01,-1.3189e+03
-1.0407e+00,-1.5503e+00,1.3444e+00,2.4493e+00,2.9961e+00,3.0974e+01,-1.3178e+03
-1.0287e+00,-1.6252e+00,1.1823e+00,3.0291e+00,1.3020e+00,3.1113e+01,-1.3191e+03
-1.0425e+00,-1.9551e+00,1.6352e+00,1.4889e+00,3.1439e+00,3.1073e+01,-1.3125e+03
-1.0398e+00,-1.7692e+00,1.4677e+00,1.9393e+00,3.1165e+00,3.1036e+01,-1.3185e+03
-1.0710e+00,-1.6187e+00,5.2530e-01,2.8230e+00,2.8241e+00,3.1137e+01,-1.3191e+03
-1.0475e+00,-1.5022e+00,1.1526e+00,3.0011e+00,1.7748e+00,3.1045e+01,-1.3152e+03
-1.0369e+00,-1.5735e+00,1.5464e+00,1.6111e+00,3.1743e+00,3.1113e+01,-1.3191e+03
-1.0460e+00,-1.5153e+00,2.7607e-01,3.0845e+00,1.4620e+00,3.1212e+01,-1.3192e+03
-1.0880e+00,-1.7044e+00,1.8583e+00,1.8116e+00,3.0873e+00,3.1037e+01,-1.3171e+03
-1.0272e+00,-1.5821e+00,1.9748e-02,2.8902e+00,2.6166e+00,3.1060e+01,-1.3165e+03
-1.1093e+00,-1.6649e+00,6.2834e-01,2.0542e+00,3.1492e+00,3.1118e+01,-1.3150e+03
-1.0718e+00,-1.8795e+00,5.8639e-01,1.5950e+00,3.1793e+00,3.1123e+01,-1.3179e+03
-1.0533e+00,-1.8465e+00,1.1730e+00,2.7017e+00,2.9099e+00,3.1104e+01,-1.3190e+03
-1.1583e+00,-1.7834e+00,1.2082e+00,2.1777e+00,3.0906e+00,3.1064e+01,-1.3170e+03
-1.0765e+00,-1.7137e+00,4.2303e-01,2.2709e+00,3.1326e+00,3.1137e+01,-1.3133e+03
-1.0291e+00,-1.7229e+00,1.3086e+00,2.7114e+00,2.8943e+00,3.1099e+01,-1.3190e+03
-1.1328e+00,-1.5889e+00,1.3241e+00,1.5164e+00,3.1823e+00,3.1132e+01,-1.3183e+03
-1.1375e+00,-1.5982e+00,1.0489e+00,1.6903e+00,3.1704e+00,3.1112e+01,-1.3157e+03
-1.0125e+00,-1.5697e+00,6.0932e-01,2.9177e+00,2.5200e+00,3.1054e+01,-1.3169e+03
-1.0753e+00,-1.5776e+00,9.5559e-01,1.4913e+00,3.1450e+00,3.1023e+01,-1.3139e+03
-1.0142e+00,-1.6109e+00,7.9512e-01,2.7341e+00,2.9160e+00,3.1104e+01,-1.3183e+03
-1.0414e+00,-1.6556e+00,6.3518e-01,2.8249e+00,2.7632e+00,3.1077e+01,-1.3175e+03
-1.1299e+00,-1.5267e+00,1.7820e+00,2.1975e+00,3.0866e+00,3.1085e+01,-1.3182e+03
-1.0047e+00,-1.5612e+00,1.7242e+00,2.5688e+00,2.9480e+00,3.1052e+01,-1.3143e+03
-1.0321e+00,-1.6269e+00,1.6078e+00,2.8812e+00,2.5219e+00,3.1047e+01,-1.3087e+03
-1.0098e+00,-1.5062e+00,7.7344e-01,3.0216e+00,1.7685e+00,3.1089e+01,-1.3175e+03
-1.0227e+00,-1.5845e+00,1.7665e+00,2.8684e+00,2.5829e+00,3.1078e+01,-1.3172e+03
-1.2483e+00,-1.5607e+00,4.7821e-01,1.5425e+00,3.1899e+00,3.1148e+01,-1.3173e+03
-1.0433e+00,-1.5250e+00,1.3639e+00,2.8168e+00,2.7915e+00,3.1091e+01,-1.3149e+03
-1.0190e+00,-1.8536e+00,1.6288e+00,1.7731e+00,3.1362e+00,3.1077e+01,-1.3146e+03
-1.1053e+00,-1.7099e+00,1.1996e+00,1.9679e+00,3.1160e+00,3.1059e+01,-1.3176e+03
-1.0212e+00,-1.6482e+00,1.9359e+00,1.0109e+00,3.1472e+00,3.1115e+01,-1.3169e+03
-1.0455e+00,-1.6428e+00,1.7898e+00,1.3441e+00,3.1548e+00,3.1095e+01,-1.3133e+03
-1.0307e+00,-1.5254e+00,4.1716e-01,3.0527e+00,1.1300e+00,3.1132e+01,-1.3084e+03
-1.0327e+00,-1.7430e+00,1.2040e+00,2.6941e+00,2.9052e+00,3.1084e+01,-1.3192e+03
-1.0382e+00,-1.5646e+00,1.7076e+00,2.7093e+00,2.7999e+00,3.1017e+01,-1.3185e+03
-1.1222e+00,-1.5798e+00,2.1090e+00,2.2044e+00,3.0654e+00,3.1170e+01,-1.3113e+03
-1.0014e+00,-1.8121e+00,1.9823e+00,2.3676e+00,3.0120e+00,3.1089e+01,-1.3180e+03
-1.1411e+00,-1.6301e+00,2.5203e-01,2.2964e+00,3.1417e+00,3.1178e+01,-1.3179e+03
-1.0826e+00,-1.5174e+00,5.3089e-02,2.5647e+00,2.9928e+00,3.1050e+01,-1.3163e+03
-1.0527e+00,-1.5237e+00,7.5566e-01,2.7533e+00,2.8411e+00,3.1048e+01,-1.3093e+03
-1.0036e+00,-1.6092e+00,1.9106e+00,2.5030e+00,2.9656e+00,3.1062e+01,-1.3163e+03
-1.0650e+00,-1.5839e+00,2.5474e-01,2.1604e+00,3.1516e+00,3.1128e+01,-1.3157e+03
-1.0066e+00,-1.9279e+00,1.5679e+00,2.2092e+00,3.1314e+00,3.1162e+01,-1.3184e+03
-1.0453e+00,-1.5847e+00,8.5284e-01,2.9797e+00,2.0676e+00,3.1043e+01,-1.3143e+03
-1.1579e+00,-1.5958e+00,1.1767e+00,1.9661e+00,3.1381e+00,3.1096e+01,-1.3168e+03
-1.0496e+00,-1.6726e+00,1.6056e+00,2.7738e+00,2.8110e+00,3.1093e+01,-1.3157e+03
-1.0524e+00,-1.5376e+00,1.2596e+00,2.8778e+00,2.7258e+00,3.1140e+01,-1.3180e+03
-1.0255e+00,-1.7166e+00,8.3497e-01,2.4461e+00,3.0420e+00,3.1051e+01,-1.3187e+03
-1.0555e+00,-1.5025e+00,1.3812e+00,1.6976e+00,3.1755e+00,3.1113e+01,-1.3182e+03
-1.1661e+00,-1.6337e+00,1.9702e+00,1.7303e+00,3.1248e+00,3.1142e+01,-1.3145e+03
-1.1074e+00,-1.7493e+00,2.5487e-01,1.8246e+00,3.1430e+00,3.1071e+01,-1.3192e+03
-1.0182e+00,-1.5831e+00,8.2313e-01,2.8357e+00,2.7755e+00,3.1097e+01,-1.3167e+03
-1.0027e+00,-1.6988e+00,1.4442e+00,3.0127e+00,1.4611e+00,3.1090e+01,-1.3186e+03
-1.1338e+00,-1.6343e+00,8.9823e-01,2.4177e+00,3.0784e+00,3.1125e+01,-1.3175e+03
-1.0817e+00,-1.6001e+00,1.9495e+00,1.1697e+00,3.1492e+00,3.1135e+01,-1.3179e+03
-1.0370e+00,-1.6104e+00,3.0964e-01,3.0792e+00,1.7179e+00,3.1231e+01,-1.3139e+03
-1.0403e+00,-1.6187e+00,1.2876e+00,2.8040e+00,2.7377e+00,3.1033e+01,-1.3182e+03
-1.2033e+00,-1.5249e+00,1.3095e+00,1.9092e+00,3.1954e+00,3.1220e+01,-1.3169e+03
-1.1071e+00,-1.6164e+00,1.6498e+00,1.7521e+00,3.1644e+00,3.1146e+01,-1.3140e+03
-1.0005e+00,-1.6340e+00,1.3259e+00,3.0023e+00,2.2170e+00,3.1144e+01,-1.3184e+03
-1.2281e+00,-1.6171e+00,4.8342e-01,1.2908e+00,3.2020e+00,3.1164e+01,-1.3129e+03
-1.1103e+00,-1.7515e+00,1.4243e+00,1.6184e+00,3.1417e+00,3.1066e+01,-1.3163e+03
-1.0148e+00,-1.8291e+00,4.2211e-01,1.9828e+00,3.1033e+00,3.0987e+01,-1.3168e+03
-1.0189e+00,-1.6576e+00,7.6993e-01,3.0097e+00,1.8471e+00,3.1086e+01,-1.3094e+03
-1.0487e+00,-1.6171e+00,7.7562e-03,3.0600e+00,1.6014e+00,3.1176e+01,-1.3172e+03
-1.0309e+00,-1.5810e+00,1.3338e+00,2.7133e+00,2.9410e+00,3.1143e+01,-1.3159e+03
-1.1423e+00,-1.5550e+00,7.7243e-01,2.4107e+00,3.0888e+00,3.1127e+01,-1.3155e+03
-1.0084e+00,-1.5383e+00,1.6172e+00,2.9862e+00,1.9632e+00,3.1084e+01,-1.3163e+03
-1.0213e+00,-1.5740e+00,4.1250e-01,2.9708e+00,1.6099e+00,3.0965e+01,-1.3137e+03
-1.0027e+00,-1.5722e+00,1.2262e+00,3.0168e+00,1.7994e+00,3.1099e+01,-1.3176e+03
-1.0778e+00,-1.7977e+00,1.1903e+00,1.7887e+00,3.1508e+00,3.1097e+01,-1.3181e+03
-1.1968e+00,-1.6185e+00,9.3884e-01,2.2591e+00,3.1154e+00,3.1130e+01,-1.3181e+03
-1.0101e+00,-1.8310e+00,7.5764e-01,2.7331e+00,2.9051e+00,3.1123e+01,-1.3173e+03
-1.0406e+00,-1.5983e+00,2.0878e+00,1.6566e+00,3.0988e+00,3.1089e+01,-1.3155e+03
-1.1279e+00,-1.6358e+00,2.2975e-01,2.2225e+00,3.1048e+00,3.1078e+01,-1.3148e+03
-1.0744e+00,-1.5129e+00,3.7789e-01,3.0135e+00,1.5548e+00,3.1057e+01,-1.3172e+03
-1.0173e+00,-1.6408e+00,7.7011e-01,2.9710e+00,2.1883e+00,3.1048e+01,-1.3154e+03
-1.0255e+00,-1.5924e+00,1.8164e-01,3.0088e+00,1.3252e+00,3.1026e+01,-1.3125e+03
-1.0468e+00,-1.5542e+00,1.2358e+00,2.9956e+00,2.3868e+00,3.1180e+01,-1.3184e+03
-1.0635e+00,-1.5561e+00,1.6609e+00,1.3235e+00,3.1443e+00,3.1057e+01,-1.3150e+03
-1.1394e+00,-1.5637e+00,1.6221e+00,2.4295e+00,3.0123e+00,3.1054e+01,-1.3191e+03
-1.1413e+00,-1.6342e+00,1.5351e+00,2.0995e+00,3.1193e+00,3.1111e+01,-1.3161e+03
-1.0808e+00,-1.9726e+00,1.0457e-01,1.8612e+00,3.1462e+00,3.1072e+01,-1.3123e+03
-1.0962e+00,-1.5146e+00,9.9883e-01,2.7423e+00,2.8777e+00,3.1076e+01,-1.3175e+03
-1.0925e+00,-1.7367e+00,1.3120e+00,2.2916e+00,3.0664e+00,3.1060e+01,-1.3181e+03
-1.0120e+00,-1.6450e+00,1.9080e+00,2.4096e+00,2.9794e+00,3.1024e+01,-1.3158e+03
-1.0027e+00,-1.5742e+00,1.3997e+00,1.4985e+00,3.1649e+00,3.1080e+01,-1.3191e+03
-1.0085e+00,-1.5904e+00,8.8402e-01,3.0112e+00,1.4494e+00,3.1052e+01,-1.3175e+03
-1.1315e+00,-1.5407e+00,1.3495e+00,2.1310e+00,3.1432e+00,3.1136e+01,-1.3080e+03
-1.0427e+00,-1.7083e+00,3.3102e-01,3.0543e+00,1.2470e+00,3.1156e+01,-1.3106e+03
-1.1887e+00,-1.6276e+00,1.8975e+00,2.1350e+00,3.0787e+00,3.1111e+01,-1.3190e+03
-1.0006e+00,-1.5084e+00,8.5064e-01,2.8889e+00,2.7227e+00,3.1121e+01,-1.3187e+03
-1.0792e+00,-1.5003e+00,1.1730e+00,2.5329e+00,3.0021e+00,3.1055e+01,-1.3143e+03
-1.0390e+00,-1.5886e+00,1.1226e+00,2.9290e+00,2.5631e+00,3.1121e+01,-1.3153e+03
-1.0999e+00,-1.5476e+00,1.2286e+00,2.8277e+00,2.8274e+00,3.1163e+01,-1.3147e+03
-1.0709e+00,-1.7765e+00,1.2396e+00,2.6493e+00,2.9952e+00,3.1179e+01,-1.3167e+03
-1.0314e+00,-1.7932e+00,1.1359e+00,1.6573e+00,3.1175e+00,3.0974e+01,-1.3166e+03
-1.1735e+00,-1.6817e+00,1.8401e+00,1.6777e+00,3.1520e+00,3.1165e+01,-1.3192e+03
-1.0434e+00,-1.6881e+00,1.1366e+00,3.0075e+00,2.1618e+00,3.1143e+01,-1.3092e+03
-1.2102e+00,-1.5464e+00,6.5010e-01,2.1143e+00,3.1794e+00,3.1226e+01,-1.3179e+03
-1.1113e+00,-1.6691e+00,1.1048e+00,2.1985e+00,3.1754e+00,3.1227e+01,-1.3176e+03
-1.0603e+00,-1.5103e+00,1.7526e+00,2.4762e+00,2.9770e+00,3.1023e+01,-1.3168e+03
-1.0259e+00,-1.5998e+00,9.3599e-01,2.6286e+00,3.0053e+00,3.1122e+01,-1.3189e+03
-1.0559e+00,-1.5692e+00,1.3153e+00,2.7419e+00,2.8183e+00,3.1034e+01,-1.3135e+03
-1.0504e+00,-1.5439e+00,6.4407e-01,2.5093e+00,3.0598e+00,3.1122e+01,-1.3146e+03
-1.0048e+00,-1.5675e+00,2.1901e+00,2.1435e+00,3.0131e+00,3.1061e+01,-1.3180e+03
-1.0773e+00,-1.5437e+00,1.0426e+00,2.8464e+00,2.7684e+00,3.1115e+01,-1.3172e+03
-1.0653e+00,-1.9599e+00,1.3491e+00,1.4550e+00,3.1807e+00,3.1152e+01,-1.3159e+03
-1.1103e+00,-1.6591e+00,7.3399e-01,2.2740e+00,3.1080e+00,3.1101e+01,-1.3178e+03
-1.0377e+00,-1.5671e+00,1.9009e+00,2.5015e+00,2.9014e+00,3.0985e+01,-1.3158e+03
-1.0323e+00,-1.9104e+00,8.1469e-01,1.5226e+00,3.1465e+00,3.1035e+01,-1.3170e+03
-1.0223e+00,-1.6813e+00,2.4741e-01,3.0697e+00,1.4194e+00,3.1198e+01,-1.3176e+03
-1.0256e+00,-1.6299e+00,1.1638e+00,3.0185e+00,2.1120e+00,3.1149e+01,-1.3104e+03
-1.0099e+00,-1.5713e+00,1.6720e+00,1.8053e+00,3.1303e+00,3.1058e+01,-1.3190e+03
-1.0180e+00,-1.6349e+00,1.4750e+00,2.8450e+00,2.6747e+00,3.1060e+01,-1.3171e+03
-1.0464e+00,-1.5915e+00,1.7452e+00,2.4651e+00,3.0425e+00,3.1120e+01,-1.3135e+03
-1.0317e+00,-1.9568e+00,1.1769e-01,1.3272e+00,3.2023e+00,3.1156e+01,-1.3137e+03
-1.0355e+00,-1.7707e+00,1.0983e+00,2.7877e+00,2.7683e+00,3.1048e+01,-1.3188e+03
-1.0174e+00,-1.8026e+00,6.0368e-01,2.9755e+00,1.5374e+00,3.0989e+01,-1.3185e+03
-1.0266e+00,-1.9904e+00,1.5689e-01,2.6275e+00,2.9176e+00,3.1026e+01,-1.3139e+03
-1.0010e+00,-1.6659e+00,5.3297e-01,2.5168e+00,2.9810e+00,3.0995e+01,-1.3172e+03
-1.0497e+00,-1.6575e+00,1.9804e+00,2.7892e+00,2.6573e+00,3.1063e+01,-1.3191e+03
-1.2232e+00,-1.6026e+00,6.3392e-01,1.9755e+00,3.1987e+00,3.1240e+01,-1.3154e+03
-1.0075e+00,-1.5701e+00,1.2129e+00,2.0319e+00,3.1479e+00,3.1090e+01,-1.3139e+03
-1.0130e+00,-1.5119e+00,6.7434e-01,2.7177e+00,2.8807e+00,3.1038e+01,-1.3131e+03
-1.0195e+00,-1.9314e+00,1.1242e-01,1.7672e+00,3.1511e+00,3.1063e+01,-1.3188e+03
-1.0328e+00,-1.5246e+00,3.4993e-01,2.8004e+00,2.7200e+00,3.0978e+01,-1.3103e+03
-1.0188e+00,-1.5046e+00,5.5062e-01,3.0217e+00,1.0758e+00,3.1035e+01,-1.3183e+03
-1.0752e+00,-1.7981e+00,1.3462e+00,1.4037e+00,3.2158e+00,3.1219e+01,-1.3183e+03
-1.0923e+00,-1.8829e+00,5.3683e-01,1.6969e+00,3.1546e+00,3.1078e+01,-1.3156e+03
-1.0092e+00,-1.7037e+00,1.3128e+00,2.4628e+00,3.0537e+00,3.1112e+01,-1.3171e+03
-1.0001e+00,-1.7498e+00,1.3743e+00,2.5229e+00,3.0055e+00,3.1069e+01,-1.3181e+03
-1.1000e+00,-1.5115e+00,3.0910e-01,3.0454e+00,1.7815e+00,3.1149e+01,-1.3190e+03
-1.0299e+00,-1.8663e+00,1.2545e+00,1.3980e+00,3.1725e+00,3.1092e+01,-1.3180e+03
-1.0379e+00,-1.8507e+00,3.8324e-01,2.2843e+00,3.1520e+00,3.1180e+01,-1.3174e+03
-1.0012e+00,-1.6333e+00,3.2894e-01,2.7593e+00,2.7948e+00,3.1006e+01,-1.3112e+03
-1.0829e+00,-1.6051e+00,1.3850e+00,2.3688e+00,3.0661e+00,3.1081e+01,-1.3154e+03
-1.0470e+00,-1.9009e+00,1.4482e+00,2.5200e+00,3.0505e+00,3.1156e+01,-1.3171e+03
-1.0061e+00,-1.6146e+00,2.0346e+00,2.3398e+00,3.0230e+00,3.1102e+01,-1.3186e+03
-1.0197e+00,-1.6908e+00,1.7570e+00,2.4373e+00,2.9783e+00,3.1011e+01,-1.3188e+03
-1.1132e+00,-1.6257e+00,1.4111e-01,2.0205e+00,3.1322e+00,3.1061e+01,-1.3145e+03
-1.0296e+00,-1.5722e+00,5.6931e-01,3.0333e+00,1.6922e+00,3.1103e+01,-1.3169e+03
-1.0294e+00,-1.6444e+00,1.0296e+00,3.0263e+00,1.6642e+00,3.1111e+01,-1.3167e+03
-1.0159e+00,-1.7271e+00,1.3321e+00,2.4922e+00,3.0677e+00,3.1161e+01,-1.3153e+03
-1.0492e+00,-1.6948e+00,1.8956e+00,1.5282e+00,3.1083e+00,3.1043e+01,-1.3162e+03
-1.1427e+00,-1.5989e+00,1.0301e+00,1.3774e+00,3.2099e+00,3.1186e+01,-1.3188e+03
-1.0708e+00,-1.7443e+00,3.0080e-01,1.7028e+00,3.1568e+00,3.1065e+01,-1.3179e+03
-1.0392e+00,-1.6790e+00,1.3221e+00,2.9941e+00,1.7800e+00,3.1071e+01,-1.3173e+03
-1.0666e+00,-1.6798e+00,5.3000e-01,2.2288e+00,3.1094e+00,3.1075e+01,-1.3111e+03
-1.0759e+00,-1.6228e+00,8.7861e-01,2.4303e+00,3.0853e+00,3.1125e+01,-1.3181e+03
-1.0066e+00,-1.7817e+00,7.5230e-01,1.6563e+00,3.1612e+00,3.1066e+01,-1.3108e+03
-1.0817e+00,-1.8684e+00,1.8464e+00,1.6077e+00,3.1166e+00,3.1094e+01,-1.3149e+03
-1.0353e+00,-1.6453e+00,4.6491e-01,2.5750e+00,3.0287e+00,3.1118e+01,-1.3184e+03
-1.0429e+00,-1.6690e+00,4.6841e-01,2.3848e+00,3.0714e+00,3.1063e+01,-1.3139e+03
-1.0807e+00,-1.8808e+00,1.0203e+00,1.9318e+00,3.1418e+00,3.1094e+01,-1.3184e+03
-1.1008e+00,-1.6029e+00,1.2888e+00,1.0782e+00,3.1982e+00,3.1139e+01,-1.3178e+03
-1.0966e+00,-1.5283e+00,6.5978e-01,1.7843e+00,3.1777e+00,3.1125e+01,-1.3186e+03
-1.1245e+00,-1.5562e+00,1.4205e+00,1.9918e+00,3.1217e+00,3.1054e+01,-1.3178e+03
-1.1170e+00,-1.5717e+00,1.2907e+00,1.5120e+00,3.1770e+00,3.1105e+01,-1.3189e+03
-1.0332e+00,-1.7596e+00,6.2898e-01,1.0174e+00,3.1932e+00,3.1116e+01,-1.3191e+03
-1.0503e+00,-1.6463e+00,6.6671e-01,2.5039e+00,3.0608e+00,3.1127e+01,-1.3141e+03
-1.0738e+00,-1.7793e+00,1.3089e+00,2.4010e+00,3.0855e+00,3.1157e+01,-1.3113e+03
-1.0781e+00,-1.5486e+00,1.7231e+00,2.7755e+00,2.7709e+00,3.1071e+01,-1.3184e+03
-1.0385e+00,-1.6408e+00,8.4720e-01,2.7338e+00,2.9167e+00,3.1111e+01,-1.3175e+03
-1.0133e+00,-1.5083e+00,4.4475e-01,3.0532e+00,1.4441e+00,3.1130e+01,-1.3113e+03
-1.0030e+00,-1.5604e+00,1.0328e+00,2.5177e+00,3.0116e+00,3.1029e+01,-1.3129e+03
-1.0085e+00,-1.9675e+00,1.7289e+00,2.1005e+00,3.0576e+00,3.1008e+01,-1.3171e+03
-1.1734e+00,-1.5245e+00,1.4569e+00,1.8671e+00,3.1380e+00,3.1093e+01,-1.3164e+03
-1.0498e+00,-1.6329e+00,1.4647e+00,2.7184e+00,2.9122e+00,3.1132e+01,-1.3143e+03
-1.0156e+00,-1.5749e+00,1.4514e+00,2.9885e+00,1.9720e+00,3.1081e+01,-1.3187e+03
-1.0867e+00,-1.5778e+00,1.1367e+00,2.5073e+00,3.1024e+00,3.1226e+01,-1.3191e+03
-1.0692e+00,-1.5014e+00,8.1384e-01,2.7465e+00,2.9741e+00,3.1201e+01,-1.3175e+03
-1.1323e+00,-1.5090e+00,1.1169e+00,2.3621e+00,3.0801e+00,3.1099e+01,-1.3183e+03
-1.0621e+00,-1.5615e+00,7.8981e-01,2.7040e+00,2.9536e+00,3.1142e+01,-1.3187e+03
-1.0397e+00,-1.8432e+00,1.5832e+00,2.5549e+00,3.0168e+00,3.1152e+01,-1.3162e+03
-1.0671e+00,-1.7234e+00,6.3453e-01,2.1955e+00,3.1078e+00,3.1062e+01,-1.3178e+03
-1.0611e+00,-1.5241e+00,2.5620e-01,2.6027e+00,3.0054e+00,3.1089e+01,-1.3134e+03
-1.1422e+00,-1.6249e+00,1.0835e+00,1.6291e+00,3.2053e+00,3.1191e+01,-1.3189e+03
-1.0431e+00,-1.6189e+00,1.1473e+00,2.5358e+00,2.9371e+00,3.0969e+01,-1.3192e+03
-1.0751e+00,-1.5069e+00,1.6671e-01,2.7807e+00,2.8506e+00,3.1105e+01,-1.3151e+03
-1.0506e+00,-1.5749e+00,2.0000e+00,1.3012e+00,3.1414e+00,3.1136e+01,-1.3183e+03
-1.1591e+00,-1.5293e+00,1.4707e+00,1.6983e+00,3.1665e+00,3.1126e+01,-1.3192e+03
-1.0240e+00,-1.5087e+00,1.3313e+00,3.0422e+00,1.4886e+00,3.1140e+01,-1.3181e+03
-1.0469e+00,-1.6839e+00,1.1596e+00,1.3570e+00,3.1807e+00,3.1088e+01,-1.3192e+03
-1.0845e+00,-1.5725e+00,2.1520e+00,1.5674e+00,3.0644e+00,3.1053e+01,-1.3174e+03
-1.0121e+00,-1.7758e+00,1.9420e+00,2.7504e+00,2.7620e+00,3.1100e+01,-1.3152e+03
-1.0670e+00,-1.5343e+00,1.2613e+00,1.1797e+00,3.2034e+00,3.1132e+01,-1.3170e+03
-1.1790e+00,-1.5860e+00,3.7832e-01,1.1593e+00,3.1946e+00,3.1126e+01,-1.3158e+03
-1.0016e+00,-1.6024e+00,9.9631e-01,3.0267e+00,1.3042e+00,3.1095e+01,-1.3125e+03
-1.0261e+00,-1.5613e+00,4.4816e-02,3.0255e+00,1.3543e+00,3.1065e+01,-1.3176e+03
-1.0605e+00,-1.5807e+00,2.0824e+00,2.1711e+00,3.0416e+00,3.1091e+01,-1.3150e+03
-1.0190e+00,-1.5867e+00,1.1209e+00,2.5584e+00,3.0511e+00,3.1153e+01,-1.3126e+03
-1.0392e+00,-1.6309e+00,1.1297e+00,3.0184e+00,1.5563e+00,3.1081e+01,-1.3151e+03
-1.0676e+00,-1.7460e+00,5.0134e-01,2.1979e+00,3.1136e+00,3.1094e+01,-1.3027e+03
-1.0952e+00,-1.7224e+00,1.2803e+00,1.8195e+00,3.2023e+00,3.1221e+01,-1.3185e+03
-1.0331e+00,-1.5681e+00,1.3732e+00,2.6946e+00,2.9468e+00,3.1140e+01,-1.3141e+03
-1.0301e+00,-1.5677e+00,1.0909e+00,3.0386e+00,1.4100e+00,3.1117e+01,-1.3151e+03
-1.0689e+00,-1.6206e+00,1.1243e+00,2.5096e+00,3.0054e+00,3.1049e+01,-1.3139e+03
-1.0396e+00,-1.5735e+00,1.3676e+00,2.9987e+00,2.2483e+00,3.1147e+01,-1.3108e+03
-1.0790e+00,-1.7965e+00,4.7253e-01,2.7232e+00,2.9296e+00,3.1144e+01,-1.3185e+03
-1.0024e+00,-1.6155e+00,1.1590e+00,2.7754e+00,2.9258e+00,3.1185e+01,-1.3183e+03
-1.0516e+00,-1.7707e+00,2.0951e+00,1.7557e+00,3.1094e+00,3.1140e+01,-1.3185e+03
-1.0549e+00,-1.5099e+00,1.4546e+00,2.5722e+00,3.0184e+00,3.1138e+01,-1.3147e+03
-1.0206e+00,-1.5299e+00,1.0001e+00,3.0578e+00,1.8180e+00,3.1185e+01,-1.3188e+03
-1.0312e+00,-1.9261e+00,1.6825e+00,1.0198e+00,3.1476e+00,3.1076e+01,-1.3142e+03
-1.0982e+00,-1.5241e+00,8.0198e-01,2.5996e+00,3.0259e+00,3.1157e+01,-1.3152e+03
-1.0331e+00,-1.5025e+00,1.3903e+00,2.8282e+00,2.6021e+00,3.0967e+01,-1.3158e+03
-1.0847e+00,-1.6668e+00,1.7813e+00,1.2706e+00,3.1415e+00,3.1094e+01,-1.3124e+03
-1.0787e+00,-1.5824e+00,1.4400e+00,1.8725e+00,3.1273e+00,3.1063e+01,-1.3184e+03
-1.1185e+00,-1.5194e+00,7.7279e-01,1.8776e+00,3.1674e+00,3.1116e+01,-1.3136e+03
-1.0326e+00,-1.5813e+00,5.4926e-01,3.0206e+00,1.4383e+00,3.1061e+01,-1.3181e+03
-1.0116e+00,-1.8817e+00,4.6389e-01,2.7142e+00,2.8938e+00,3.1078e+01,-1.3175e+03
-1.0667e+00,-1.5065e+00,1.1748e+00,2.5401e+00,2.9556e+00,3.0985e+01,-1.3126e+03
-1.0142e+00,-1.6753e+00,1.6543e+00,1.6015e+00,3.1217e+00,3.1019e+01,-1.3180e+03
-1.0630e+00,-1.7284e+00,1.4311e+00,2.5441e+00,3.0189e+00,3.1124e+01,-1.3191e+03
-1.0628e+00,-1.6967e+00,2.0908e+00,1.9814e+00,3.1021e+00,3.1174e+01,-1.3184e+03
-1.0870e+00,-1.7822e+00,1.0073e+00,1.1136e+00,3.1668e+00,3.1065e+01,-1.3157e+03
-1.0015e+00,-1.5467e+00,1.6053e+00,1.1764e+00,3.1292e+00,3.0996e+01,-1.3184e+03
-1.0118e+00,-1.5769e+00,1.4221e+00,2.8118e+00,2.8716e+00,3.1176e+01,-1.3186e+03
-1.0530e+00,-1.8301e+00,3.9090e-01,2.4819e+00,3.0538e+00,3.1121e+01,-1.3190e+03
-1.0977e+00,-1.5807e+00,1.1102e+00,1.4834e+00,3.1442e+00,3.1027e+01,-1.3160e+03
-1.0005e+00,-1.5810e+00,1.4042e+00,2.8058e+00,2.8856e+00,3.1188e+01,-1.3108e+03
-1.0164e+00,-1.6148e+00,3.7677e-02,2.5647e+00,3.0579e+00,3.1152e+01,-1.3077e+03
-1.1455e+00,-1.8226e+00,1.5723e-01,2.1996e+00,3.1297e+00,3.1142e+01,-1.3191e+03
-1.1122e+00,-1.8077e+00,8.4588e-01,2.1957e+00,3.1181e+00,3.1126e+01,-1.3181e+03
-1.1195e+00,-1.7207e+00,1.2235e+00,2.3259e+00,3.1041e+00,3.1140e+01,-1.3162e+03
-1.1528e+00,-1.5883e+00,4.5220e-02,1.4998e+00,3.1936e+00,3.1136e+01,-1.3148e+03
-1.0170e+00,-1.5468e+00,1.2608e-01,3.0150e+00,1.4704e+00,3.1045e+01,-1.3162e+03
-1.0739e+00,-1.7142e+00,1.4387e+00,1.4068e+00,3.1801e+00,3.1151e+01,-1.3181e+03
-1.0085e+00,-1.8774e+00,1.8014e+00,1.9140e+00,3.1300e+00,3.1125e+01,-1.3166e+03
-1.0181e+00,-1.6729e+00,1.4578e+00,1.8090e+00,3.1672e+00,3.1134e+01,-1.3187e+03
-1.0462e+00,-1.7022e+00,1.5036e+00,2.7204e+00,2.8475e+00,3.1068e+01,-1.3157e+03
-1.1588e+00,-1.5462e+00,1.2411e+00,2.2241e+00,3.0727e+00,3.1033e+01,-1.3175e+03
-1.0687e+00,-1.6241e+00,1.1792e+00,2.9917e+00,1.9193e+00,3.1076e+01,-1.3172e+03
-1.0854e+00,-1.8587e+00,1.6520e+00,1.1685e+00,3.1739e+00,3.1146e+01,-1.3179e+03
-1.0597e+00,-1.7101e+00,4.1037e-01,1.6055e+00,3.1759e+00,3.1106e+01,-1.3151e+03
-1.0328e+00,-1.6542e+00,1.2968e-01,2.8071e+00,2.8206e+00,3.1111e+01,-1.3174e+03
-1.0565e+00,-1.5056e+00,5.0881e-01,3.0534e+00,2.0631e+00,3.1196e+01,-1.3187e+03
-1.1977e+00,-1.5601e+00,1.8540e+00,2.0972e+00,3.0736e+00,3.1080e+01,-1.3192e+03
-1.0351e+00,-1.8376e+00,1.5918e+00,2.1133e+00,3.0871e+00,3.1037e+01,-1.3186e+03
-1.0360e+00,-1.9470e+00,1.5637e-01,2.3306e+00,3.0658e+00,3.1038e+01,-1.3180e+03
-1.0522e+00,-1.9497e+00,3.9921e-01,1.4916e+00,3.2064e+00,3.1180e+01,-1.3191e+03
-1.0663e+00,-1.6866e+00,6.3785e-01,1.5204e+00,3.2032e+00,3.1162e+01,-1.3065e+03
-1.1525e+00,-1.5070e+00,1.2770e+00,1.5215e+00,3.1974e+00,3.1152e+01,-1.3187e+03
-1.0161e+00,-1.5227e+00,8.2960e-01,3.0067e+00,1.9817e+00,3.1078e+01,-1.3175e+03
-1.0832e+00,-1.5431e+00,4.8656e-01,2.6482e+00,3.0252e+00,3.1180e+01,-1.3189e+03
-1.0051e+00,-1.5463e+00,1.2119e+00,2.7656e+00,2.7457e+00,3.0972e+01,-1.3187e+03
-1.2173e+00,-1.5692e+00,1.2533e+00,1.7505e+00,3.1380e+00,3.1071e+01,-1.3096e+03
-1.0595e+00,-1.5929e+00,1.5319e+00,1.9888e+00,3.1912e+00,3.1218e+01,-1.3189e+03
-1.0014e+00,-1.5602e+00,1.0108e+00,2.9984e+00,2.2092e+00,3.1107e+01,-1.3137e+03
-1.0245e+00,-1.8037e+00,2.0262e+00,2.2443e+00,3.0247e+00,3.1080e+01,-1.3129e+03
-1.1926e+00,-1.9149e+00,6.1259e-01,1.9138e+00,3.1243e+00,3.1069e+01,-1.3157e+03
-1.0632e+00,-1.5126e+00,1.4397e+00,2.4731e+00,3.0218e+00,3.1052e+01,-1.3187e+03
-1.1347e+00,-1.8984e+00,4.8163e-01,1.9193e+00,3.1757e+00,3.1173e+01,-1.3126e+03
-1.0259e+00,-1.5020e+00,2.1200e-01,2.6982e+00,2.9481e+00,3.1099e+01,-1.3184e+03
-1.0033e+00,-1.5812e+00,9.5560e-01,2.9705e+00,2.0887e+00,3.1024e+01,-1.3187e+03
-1.0741e+00,-1.6740e+00,1.3096e+00,1.4261e+00,3.1410e+00,3.1029e+01,-1.3157e+03
-1.0265e+00,-1.5998e+00,2.3104e+00,1.9418e+00,2.9912e+00,3.1061e+01,-1.3153e+03
-1.0610e+00,-1.5286e+00,1.4028e+00,2.9480e+00,2.5230e+00,3.1151e+01,-1.3171e+03
-1.1442e+00,-1.5028e+00,1.0027e+00,2.5431e+00,3.0204e+00,3.1097e+01,-1.3184e+03
-1.0219e+00,-1.5561e+00,1.1782e+00,2.4927e+00,3.0279e+00,3.1058e+01,-1.3130e+03
-1.0688e+00,-1.5786e+00,6.2502e-01,2.7398e+00,2.8892e+00,3.1097e+01,-1.3171e+03
-1.0314e+00,-1.6129e+00,1.2691e+00,3.0222e+00,2.0895e+00,3.1172e+01,-1.3182e+03
-1.1372e+00,-1.5691e+00,7.4469e-01,1.7107e+00,3.1778e+00,3.1113e+01,-1.3137e+03
-1.0449e+00,-1.6302e+00,1.8757e+00,2.8644e+00,2.5824e+00,3.1097e+01,-1.3169e+03
-1.0335e+00,-1.6909e+00,6.9079e-01,2.4556e+00,3.0932e+00,3.1142e+01,-1.3182e+03
-1.1877e+00,-1.5213e+00,1.5588e+00,1.9525e+00,3.1693e+00,3.1171e+01,-1.3170e+03
-1.0183e+00,-1.5152e+00,5.4150e-02,3.0383e+00,1.3220e+00,3.1092e+01,-1.3170e+03
-1.0335e+00,-1.5339e+00,1.3329e+00,1.2778e+00,3.1686e+00,3.1042e+01,-1.3098e+03
-1.0421e+00,-1.5113e+00,1.4926e+00,3.0431e+00,1.2225e+00,3.1153e+01,-1.3137e+03
-1.0374e+00,-1.5505e+00,1.6034e+00,2.7235e+00,2.8321e+00,3.1052e+01,-1.3176e+03
-1.0288e+00,-1.5965e+00,1.4732e+00,2.9183e+00,2.4317e+00,3.1048e+01,-1.3169e+03
-1.0503e+00,-1.5323e+00,4.4157e-01,2.7065e+00,2.9239e+00,3.1083e+01,-1.3188e+03
-1.1079e+00,-1.7294e+00,1.6807e+00,1.5272e+00,3.1724e+00,3.1175e+01,-1.3168e+03
-1.1081e+00,-1.5087e+00,3.5255e-01,2.7622e+00,2.8561e+00,3.1081e+01,-1.3167e+03
-1.0362e+00,-1.5031e+00,1.0910e+00,2.8891e+00,2.6398e+00,3.1081e+01,-1.3097e+03
-1.0139e+00,-1.5039e+00,1.1111e+00,3.0579e+00,1.0545e+00,3.1139e+01,-1.3161e+03
-1.0961e+00,-1.5247e+00,3.9195e-01,2.0619e+00,3.1108e+00,3.1012e+01,-1.3161e+03
-1.0130e+00,-1.8939e+00,2.0062e-01,1.9130e+00,3.1297e+00,3.1031e+01,-1.3174e+03
-1.0002e+00,-1.8338e+00,1.1759e+00,2.6278e+00,2.9258e+00,3.1051e+01,-1.3161e+03
-1.1718e+00,-1.5179e+00,7.7613e-01,1.3794e+00,3.1577e+00,3.1049e+01,-1.3191e+03
-1.0354e+00,-1.5083e+00,3.2941e-01,2.5123e+00,3.0802e+00,3.1140e+01,-1.3157e+03
-1.0281e+00,-1.5193e+00,4.1604e-01,2.7869e+00,2.8555e+00,3.1088e+01,-1.3145e+03
-1.1157e+00,-1.8839e+00,6.7303e-01,1.8091e+00,3.1554e+00,3.1100e+01,-1.3140e+03
-1.1568e+00,-1.5061e+00,1.8390e+00,2.0504e+00,3.1101e+00,3.1126e+01,-1.3161e+03
-1.0932e+00,-1.8739e+00,4.7034e-01,2.1954e+00,3.0787e+00,3.1029e+01,-1.3188e+03
-1.1269e+00,-1.5535e+00,8.7738e-01,2.2855e+00,3.1118e+00,3.1100e+01,-1.3188e+03
-1.0343e+00,-1.6562e+00,1.5089e+00,2.7589e+00,2.8283e+00,3.1088e+01,-1.3173e+03
-1.1567e+00,-1.6200e+00,6.5070e-01,1.9574e+00,3.1405e+00,3.1088e+01,-1.3148e+03
-1.0694e+00,-1.5810e+00,1.3498e+00,1.7488e+00,3.1468e+00,3.1059e+01,-1.3189e+03
-1.0465e+00,-1.5125e+00,2.0403e+00,1.9286e+00,3.0893e+00,3.1068e+01,-1.3190e+03
-1.0089e+00,-1.5626e+00,5.7880e-01,3.0586e+00,1.9304e+00,3.1188e+01,-1.3182e+03
-1.0903e+00,-1.6286e+00,1.4072e+00,1.0410e+00,3.1672e+00,3.1079e+01,-1.3181e+03
-1.1172e+00,-1.7442e+00,1.6276e+00,1.7636e+00,3.1840e+00,3.1216e+01,-1.3182e+03
-1.1424e+00,-1.5481e+00,1.5120e+00,1.7894e+00,3.1604e+00,3.1117e+01,-1.3129e+03
-1.0537e+00,-1.6030e+00,2.4966e-01,2.2177e+00,3.0976e+00,3.1033e+01,-1.3093e+03
-1.0038e+00,-1.6329e+00,1.1168e+00,2.8801e+00,2.7464e+00,3.1167e+01,-1.3175e+03
-1.0636e+00,-1.8156e+00,3.1340e-01,2.0421e+00,3.1428e+00,3.1087e+01,-1.3183e+03
-1.0158e+00,-1.5179e+00,8.7918e-01,2.6320e+00,2.9647e+00,3.1063e+01,-1.3139e+03
-1.0149e+00,-1.6006e+00,1.0030e+00,2.5237e+00,3.0570e+00,3.1126e+01,-1.3176e+03
-1.0936e+00,-1.6757e+00,8.0918e-01,1.3586e+00,3.1715e+00,3.1081e+01,-1.3158e+03
-1.0618e+00,-1.6998e+00,1.2765e+00,2.5264e+00,3.0020e+00,3.1080e+01,-1.3176e+03
-1.0416e+00,-1.5289e+00,1.1182e+00,1.5671e+00,3.1702e+00,3.1063e+01,-1.3166e+03
-1.0102e+00,-1.9594e+00,1.3821e-01,2.5784e+00,2.9906e+00,3.1073e+01,-1.3189e+03
-1.0147e+00,-1.8886e+00,4.6439e-01,2.5766e+00,2.9903e+00,3.1085e+01,-1.3158e+03
-1.0386e+00,-1.5183e+00,2.3628e-01,3.0671e+00,1.7073e+00,3.1185e+01,-1.3155e+03
-1.0482e+00,-1.5011e+00,2.1236e+00,1.6145e+00,3.0556e+00,3.1001e+01,-1.3173e+03
-1.0172e+00,-1.7331e+00,1.2268e+00,2.9873e+00,1.8670e+00,3.1053e+01,-1.3156e+03
-1.0779e+00,-1.7899e+00,1.7743e+00,1.5560e+00,3.1206e+00,3.1061e+01,-1.3156e+03
-1.1356e+00,-1.7802e+00,1.0949e+00,1.3530e+00,3.1523e+00,3.1055e+01,-1.3157e+03
-1.0354e+00,-1.6471e+00,2.0215e+00,1.0567e+00,3.1017e+00,3.1031e+01,-1.3188e+03
-1.0478e+00,-1.5716e+00,1.2502e+00,2.7063e+00,2.8778e+00,3.1038e+01,-1.3097e+03
-1.1385e+00,-1.5055e+00,2.1544e+00,1.7713e+00,3.0964e+00,3.1149e+01,-1.3169e+03
-1.0245e+00,-1.9070e+00,1.0453e+00,1.6745e+00,3.1920e+00,3.1153e+01,-1.3184e+03
-1.1407e+00,-1.8084e+00,4.7276e-01,1.6276e+00,3.1569e+00,3.1069e+01,-1.3166e+03
-1.0356e+00,-1.6305e+00,7.4107e-01,2.7301e+00,2.9123e+00,3.1106e+01,-1.3157e+03
-1.1388e+00,-1.6258e+00,1.7107e+00,2.2299e+00,3.0786e+00,3.1094e+01,-1.3178e+03
-1.0467e+00,-1.5325e+00,1.7887e-01,2.8977e+00,2.6910e+00,3.1115e+01,-1.3168e+03
-1.0247e+00,-1.7626e+00,1.0902e+00,1.8956e+00,3.1340e+00,3.1045e+01,-1.3136e+03
-1.0128e+00,-1.5518e+00,6.5919e-01,2.8933e+00,2.7125e+00,3.1121e+01,-1.3178e+03
-1.0721e+00,-1.6352e+00,8.8291e-02,1.9212e+00,3.1508e+00,3.1065e+01,-1.3164e+03
-1.0539e+00,-1.5533e+00,1.9251e+00,2.3923e+00,2.9774e+00,3.1013e+01,-1.3082e+03
-1.1837e+00,-1.5195e+00,9.8711e-01,1.9133e+00,3.1612e+00,3.1128e+01,-1.3189e+03
-1.0391e+00,-1.6954e+00,1.5687e+00,1.0785e+00,3.1464e+00,3.1043e+01,-1.3161e+03
-1.0483e+00,-1.5003e+00,1.2529e+00,3.0249e+00,1.3618e+00,3.1088e+01,-1.3128e+03
-1.0380e+00,-1.6727e+00,1.7917e+00,2.2578e+00,3.0837e+00,3.1104e+01,-1.3185e+03
-1.0008e+00,-1.5779e+00,1.2450e+00,2.9694e+00,2.3194e+00,3.1085e+01,-1.3155e+03
-1.0614e+00,-1.6392e+00,6.1819e-01,1.2330e+00,3.1572e+00,3.1021e+01,-1.3125e+03
-1.1270e+00,-1.5833e+00,9.4119e-01,2.1700e+00,3.1173e+00,3.1082e+01,-1.3118e+03
-1.0106e+00,-1.5272e+00,4.3898e-01,2.7414e+00,2.9545e+00,3.1160e+01,-1.3131e+03
-1.0086e+00,-1.5122e+00,3.4511e-01,2.5261e+00,3.0450e+00,3.1082e+01,-1.3173e+03
-1.0281e+00,-1.6177e+00,8.0326e-01,2.7368e+00,2.8890e+00,3.1084e+01,-1.3186e+03
-1.0389e+00,-1.5628e+00,1.0794e+00,2.8352e+00,2.7351e+00,3.1049e+01,-1.3172e+03
-1.0317e+00,-1.8967e+00,1.1116e+00,2.5541e+00,2.9973e+00,3.1089e+01,-1.3117e+03
-1.0158e+00,-1.5279e+00,1.4319e+00,3.0439e+00,1.2613e+00,3.1128e+01,-1.3192e+03
-1.1709e+00,-1.8789e+00,3.9339e-01,1.7559e+00,3.1841e+00,3.1166e+01,-1.3185e+03
-1.0951e+00,-1.5943e+00,7.3586e-01,2.7651e+00,2.9661e+00,3.1227e+01,-1.3182e+03
-1.0359e+00,-1.6047e+00,1.3526e+00,2.6304e+00,2.9542e+00,3.1085e+01,-1.3176e+03
-1.0104e+00,-1.6946e+00,1.3121e+00,2.8353e+00,2.8215e+00,3.1177e+01,-1.3132e+03
-1.0290e+00,-1.8900e+00,1.0785e+00,2.2999e+00,3.0688e+00,3.1035e+01,-1.3171e+03
-1.0643e+00,-1.6127e+00,6.5667e-01,2.5067e+00,3.0725e+00,3.1150e+01,-1.3176e+03
-1.0547e+00,-1.6047e+00,1.1732e+00,2.4557e+00,3.0240e+00,3.1043e+01,-1.3192e+03
-1.0154e+00,-1.5375e+00,9.5178e-01,3.0511e+00,1.4325e+00,3.1143e+01,-1.3181e+03
-1.0114e+00,-1.5661e+00,1.8970e-01,2.5935e+00,3.0171e+00,3.1109e+01,-1.3137e+03
-1.0465e+00,-1.5987e+00,1.6596e+00,3.0175e+00,1.8532e+00,3.1151e+01,-1.3168e+03
-1.1186e+00,-1.6029e+00,1.8329e+00,1.6309e+00,3.1144e+00,3.1055e+01,-1.3166e+03
-1.0118e+00,-1.5032e+00,9.9823e-01,2.9796e+00,2.1074e+00,3.1033e+01,-1.3138e+03
-1.1042e+00,-1.7159e+00,1.9923e+00,2.1213e+00,3.0436e+00,3.1070e+01,-1.3184e+03
-1.0366e+00,-1.7453e+00,4.5033e-01,2.5168e+00,2.9589e+00,3.0959e+01,-1.3172e+03
-1.0368e+00,-1.5283e+00,4.4972e-01,3.0151e+00,1.0289e+00,3.1024e+01,-1.3113e+03
-1.0024e+00,-1.5403e+00,3.8299e-01,2.3816e+00,3.0865e+00,3.1073e+01,-1.3187e+03
-1.0223e+00,-1.5771e+00,9.6134e-01,2.8029e+00,2.8353e+00,3.1106e+01,-1.3189e+03
-1.0283e+00,-1.5659e+00,1.7423e+00,2.7800e+00,2.8431e+00,3.1157e+01,-1.3164e+03
-1.0096e+00,-1.6293e+00,1.2420e+00,3.0173e+00,1.1980e+00,3.1084e+01,-1.3167e+03
-1.0727e+00,-1.7034e+00,1.0983e+00,2.5763e+00,3.0371e+00,3.1167e+01,-1.3191e+03
-1.0394e+00,-1.5485e+00,9.9604e-01,2.3927e+00,3.1009e+00,3.1113e+01,-1.3187e+03
-1.1805e+00,-1.5081e+00,3.8231e-01,1.9324e+00,3.1357e+00,3.1051e+01,-1.3190e+03
-1.0956e+00,-1.5783e+00,2.3140e+00,2.0084e+00,3.0004e+00,3.1109e+01,-1.3189e+03
-1.0333e+00,-1.5061e+00,6.8441e-01,2.8028e+00,2.7664e+00,3.1022e+01,-1.3189e+03
-1.0406e+00,-1.6202e+00,6.1358e-01,2.7870e+00,2.8403e+00,3.1097e+01,-1.3185e+03
-1.0201e+00,-1.6420e+00,1.1899e+00,2.7881e+00,2.7415e+00,3.1020e+01,-1.3169e+03
-1.0145e+00,-1.5576e+00,1.3303e+00,3.0019e+00,1.1435e+00,3.1046e+01,-1.3180e+03
-1.0623e+00,-1.5653e+00,8.1828e-01,1.5881e+00,3.1480e+00,3.1028e+01,-1.3175e+03
-1.0030e+00,-1.7643e+00,1.9040e+00,2.0678e+00,3.0673e+00,3.1051e+01,-1.3181e+03
-1.1017e+00,-1.5547e+00,5.5427e-01,2.4576e+00,3.0926e+00,3.1160e+01,-1.3179e+03
-1.1943e+00,-1.5428e+00,1.0487e+00,1.7825e+00,3.1668e+00,3.1125e+01,-1.3176e+03
-1.0365e+00,-1.6594e+00,1.3232e+00,2.7595e+00,2.8477e+00,3.1083e+01,-1.3108e+03
-1.0367e+00,-1.6268e+00,1.0231e+00,2.7274e+00,2.8400e+00,3.1016e+01,-1.3155e+03
-1.1989e+00,-1.5274e+00,1.4737e+00,1.6797e+00,3.1547e+00,3.1107e+01,-1.3184e+03
-1.0276e+00,-1.5129e+00,1.6349e+00,2.4130e+00,3.0570e+00,3.1097e+01,-1.3186e+03
-1.0448e+00,-1.9908e+00,4.2910e-01,1.5326e+00,3.1847e+00,3.1126e+01,-1.3166e+03
-1.0720e+00,-1.5988e+00,1.6450e+00,2.3840e+00,3.0573e+00,3.1099e+01,-1.3180e+03
-1.0373e+00,-1.5789e+00,1.1306e+00,3.0300e+00,1.7243e+00,3.1113e+01,-1.3127e+03
-1.0488e+00,-1.6303e+00,4.9815e-01,2.5952e+00,3.0126e+00,3.1101e+01,-1.3164e+03
-1.0377e+00,-1.5636e+00,1.2494e+00,3.0455e+00,1.3595e+00,3.1135e+01,-1.3181e+03
-1.0137e+00,-1.7924e+00,1.1493e+00,2.8021e+00,2.7703e+00,3.1080e+01,-1.3192e+03
-1.0403e+00,-1.7051e+00,1.2789e+00,2.7548e+00,2.8630e+00,3.1106e+01,-1.3120e+03
-1.1351e+00,-1.6872e+00,4.4177e-01,2.3831e+00,3.1275e+00,3.1191e+01,-1.3191e+03
-1.1267e+00,-1.7429e+00,1.8949e+00,1.8624e+00,3.1455e+00,3.1187e+01,-1.3189e+03
-1.0296e+00,-1.5518e+00,2.3629e-01,3.0215e+00,1.6403e+00,3.1070e+01,-1.3183e+03
-1.0953e+00,-1.5458e+00,2.7130e-01,2.1774e+00,3.1804e+00,3.1204e+01,-1.3185e+03
-1.0536e+00,-1.6640e+00,2.0946e+00,2.0549e+00,3.0901e+00,3.1142e+01,-1.3184e+03
-1.0089e+00,-1.9323e+00,1.1633e+00,2.9936e+00,1.8524e+00,3.1068e+01,-1.3168e+03
-1.0623e+00,-1.5571e+00,6.7797e-01,2.6567e+00,2.9630e+00,3.1093e+01,-1.3147e+03
-1.0222e+00,-1.5136e+00,1.5350e+00,3.0248e+00,1.2844e+00,3.1104e+01,-1.3191e+03
-1.0032e+00,-1.5668e+00,8.3618e-01,3.0087e+00,2.0743e+00,3.1097e+01,-1.3131e+03
-1.0328e+00,-1.7996e+00,1.2622e+00,1.0540e+00,3.2118e+00,3.1168e+01,-1.3124e+03
-1.0243e+00,-1.6591e+00,1.1862e+00,2.7840e+00,2.8299e+00,3.1102e+01,-1.3166e+03
-1.1422e+00,-1.6744e+00,8.3377e-01,2.1121e+00,3.1049e+00,3.1050e+01,-1.3164e+03
-1.2007e+00,-1.5791e+00,1.3982e+00,2.4408e+00,3.0604e+00,3.1149e+01,-1.3188e+03
-1.1017e+00,-1.8718e+00,1.2402e+00,2.2177e+00,3.1188e+00,3.1126e+01,-1.3192e+03
-1.0204e+00,-1.6544e+00,6.0313e-01,3.0152e+00,1.7268e+00,3.1074e+01,-1.3172e+03
-1.0322e+00,-1.6064e+00,3.7019e-01,3.0220e+00,1.9567e+00,3.1108e+01,-1.3163e+03
-1.0931e+00,-1.6624e+00,8.7429e-01,1.3128e+00,3.1556e+00,3.1038e+01,-1.3168e+03
-1.1120e+00,-1.5929e+00,1.1258e+00,2.8030e+00,2.7920e+00,3.1096e+01,-1.3159e+03
-1.1069e+00,-1.5041e+00,1.2812e+00,2.7810e+00,2.9303e+00,3.1207e+01,-1.3181e+03
-1.0890e+00,-1.8420e+00,1.2128e+00,2.6827e+00,2.9075e+00,3.1098e+01,-1.3173e+03
-1.0104e+00,-1.6469e+00,1.0499e+00,2.9033e+00,2.7397e+00,3.1186e+01,-1.3165e+03
-1.0244e+00,-1.5701e+00,2.5484e-03,3.0224e+00,2.0137e+00,3.1104e+01,-1.3192e+03
-1.0333e+00,-1.6505e+00,1.3170e+00,3.0192e+00,1.5763e+00,3.1109e+01,-1.3192e+03
-1.0500e+00,-1.5449e+00,1.1795e+00,3.0027e+00,2.0559e+00,3.1087e+01,-1.3170e+03
-1.0089e+00,-1.5928e+00,5.3136e-01,2.7513e+00,2.8710e+00,3.1083e+01,-1.3160e+03
-1.0793e+00,-1.7053e+00,7.2453e-01,2.2175e+00,3.0714e+00,3.1006e+01,-1.3128e+03
-1.0376e+00,-1.6200e+00,1.4965e+00,2.0378e+00,3.1136e+00,3.1061e+01,-1.3184e+03
-1.0134e+00,-1.7831e+00,1.3461e+00,2.8074e+00,2.7471e+00,3.1073e+01,-1.3134e+03
-1.0080e+00,-1.5555e+00,7.5226e-01,2.6874e+00,2.9765e+00,3.1133e+01,-1.3169e+03
-1.0069e+00,-1.7144e+00,1.4333e+00,1.7305e+00,3.1474e+00,3.1068e+01,-1.3192e+03
-1.1222e+00,-1.5555e+00,1.6619e+00,1.8329e+00,3.1438e+00,3.1115e+01,-1.3171e+03
-1.0421e+00,-1.8021e+00,1.2916e+00,1.7099e+00,3.1757e+00,3.1116e+01,-1.3160e+03
-1.0236e+00,-1.5587e+00,2.0322e+00,1.5068e+00,3.1140e+00,3.1085e+01,-1.3152e+03
-1.1147e+00,-1.5460e+00,3.2800e-01,2.7371e+00,2.8819e+00,3.1094e+01,-1.3134e+03
-1.0929e+00,-1.5345e+00,4.6423e-01,2.6068e+00,2.9809e+00,3.1076e+01,-1.3184e+03
-1.0357e+00,-1.5367e+00,1.5036e+00,2.7651e+00,2.7825e+00,3.1021e+01,-1.3186e+03
-1.0182e+00,-1.6027e+00,8.4300e-01,2.9447e+00,2.5803e+00,3.1142e+01,-1.3180e+03
-1.0865e+00,-1.8123e+00,1.1574e+00,1.6014e+00,3.1448e+00,3.1067e+01,-1.3188e+03
-1.0035e+00,-1.5321e+00,1.1244e+00,2.8508e+00,2.6505e+00,3.1006e+01,-1.3180e+03
-1.1440e+00,-1.5232e+00,1.4192e+00,1.8607e+00,3.1660e+00,3.1138e+01,-1.3144e+03
-1.0074e+00,-1.5217e+00,4.7231e-02,3.0143e+00,1.5558e+00,3.1034e+01,-1.3190e+03
-1.1017e+00,-1.6762e+00,1.8061e+00,1.4590e+00,3.1447e+00,3.1116e+01,-1.3190e+03
-1.0006e+00,-1.5422e+00,2.1419e+00,1.2967e+00,3.0871e+00,3.1055e+01,-1.3084e+03
-1.0058e+00,-1.8925e+00,7.7898e-01,3.0210e+00,1.8206e+00,3.1128e+01,-1.3189e+03
-1.0752e+00,-1.7527e+00,1.2841e+00,1.1538e+00,3.1535e+00,3.1048e+01,-1.3161e+03
-1.1119e+00,-1.5699e+00,1.5496e+00,1.1381e+00,3.1842e+00,3.1134e+01,-1.3150e+03
-1.0091e+00,-1.5633e+00,1.4026e+00,1.0359e+00,3.1543e+00,3.1016e+01,-1.3183e+03
-1.0747e+00,-1.5238e+00,7.8487e-02,1.6500e+00,3.1798e+00,3.1098e+01,-1.3159e+03
-1.0328e+00,-1.5103e+00,9.4110e-01,2.8375e+00,2.7538e+00,3.1068e+01,-1.3161e+03
-1.2067e+00,-1.5129e+00,1.0353e+00,1.8184e+00,3.1584e+00,3.1102e+01,-1.3184e+03
-1.0419e+00,-1.8785e+00,1.4395e+00,2.4519e+00,3.0114e+00,3.1055e+01,-1.3179e+03
-1.0694e+00,-1.5365e+00,1.2637e+00,2.3530e+00,3.0655e+00,3.1055e+01,-1.3181e+03
-1.1101e+00,-1.5089e+00,8.4617e-01,2.0670e+00,3.1359e+00,3.1074e+01,-1.3186e+03
-1.1095e+00,-1.5711e+00,1.8579e+00,2.1050e+00,3.0798e+00,3.1073e+01,-1.3191e+03
-1.0438e+00,-1.5853e+00,4.0104e-01,3.0830e+00,1.2084e+00,3.1215e+01,-1.3191e+03
-1.0739e+00,-1.9178e+00,1.1912e-02,1.8598e+00,3.1607e+00,3.1105e+01,-1.3189e+03
-1.0391e+00,-1.6017e+00,5.2181e-01,2.3776e+00,3.0774e+00,3.1076e+01,-1.3169e+03
-1.0389e+00,-1.6477e+00,1.3501e+00,2.4743e+00,3.0242e+00,3.1061e+01,-1.3146e+03
-1.1287e+00,-1.5615e+00,9.4744e-01,1.6578e+00,3.1614e+00,3.1065e+01,-1.3191e+03
-1.0414e+00,-1.7125e+00,1.8728e+00,1.5068e+00,3.0799e+00,3.0968e+01,-1.3191e+03
-1.2030e+00,-1.5835e+00,1.4876e+00,1.7026e+00,3.1500e+00,3.1114e+01,-1.3140e+03
-1.1340e+00,-1.7292e+00,8.9404e-01,2.2380e+00,3.1094e+00,3.1107e+01,-1.3191e+03
-1.0184e+00,-1.8599e+00,9.4477e-01,1.9888e+00,3.1440e+00,3.1077e+01,-1.3161e+03
-1.0448e+00,-1.8675e+00,1.2351e+00,2.3142e+00,3.1300e+00,3.1171e+01,-1.3133e+03
-1.0545e+00,-1.5275e+00,8.8486e-01,2.7504e+00,2.8322e+00,3.1034e+01,-1.3150e+03
-1.0492e+00,-1.5810e+00,7.1525e-01,1.6898e+00,3.1614e+00,3.1055e+01,-1.3157e+03
-1.0241e+00,-1.5486e+00,1.3067e+00,3.0194e+00,1.9352e+00,3.1123e+01,-1.3127e+03
-1.1542e+00,-1.5567e+00,1.5437e+00,2.4302e+00,3.0670e+00,3.1143e+01,-1.3178e+03
-1.0899e+00,-1.5425e+00,9.0553e-01,2.1810e+00,3.1208e+00,3.1094e+01,-1.3157e+03
-1.0650e+00,-1.5011e+00,2.0364e+00,2.0011e+00,3.0948e+00,3.1111e+01,-1.3127e+03
-1.0372e+00,-1.7969e+00,7.2816e-01,2.6514e+00,2.9883e+00,3.1149e+01,-1.3133e+03
-1.0011e+00,-1.5123e+00,9.5865e-01,2.7274e+00,2.8500e+00,3.1019e+01,-1.3164e+03
-1.0397e+00,-1.6083e+00,1.4320e+00,2.8095e+00,2.8408e+00,3.1169e+01,-1.3169e+03
-1.0408e+00,-1.7496e+00,1.4374e+00,1.5327e+00,3.1866e+00,3.1156e+01,-1.3142e+03
-1.1029e+00,-1.9701e+00,3.9443e-01,1.7530e+00,3.1440e+00,3.1071e+01,-1.3187e+03
-1.0340e+00,-1.9284e+00,1.1886e+00,2.5280e+00,2.9858e+00,3.1050e+01,-1.3169e+03
-1.1096e+00,-1.9391e+00,5.5382e-01,2.4204e+00,3.0828e+00,3.1152e+01,-1.3158e+03
-1.0419e+00,-1.6729e+00,9.3784e-01,2.5698e+00,3.0480e+00,3.1152e+01,-1.3187e+03
-1.0924e+00,-1.7134e+00,6.5237e-01,2.4790e+00,3.0203e+00,3.1054e+01,-1.3168e+03
-1.0716e+00,-1.5569e+00,5.8893e-01,3.0513e+00,1.6063e+00,3.1163e+01,-1.3173e+03
-1.0181e+00,-1.6065e+00,1.4049e+00,2.5863e+00,2.9313e+00,3.0999e+01,-1.3153e+03
-1.0102e+00,-1.5593e+00,1.4422e+00,2.6892e+00,2.9463e+00,3.1132e+01,-1.3173e+03
-1.1083e+00,-1.5496e+00,3.4984e-01,2.7917e+00,2.8121e+00,3.1086e+01,-1.3176e+03
-1.0853e+00,-1.8177e+00,8.2271e-01,1.5396e+00,3.1491e+00,3.1040e+01,-1.3167e+03
-1.0245e+00,-1.6042e+00,1.6314e-01,1.3266e+00,3.1207e+00,3.0918e+01,-1.3076e+03
-1.0520e+00,-1.5183e+00,1.8950e+00,2.6748e+00,2.8659e+00,3.1076e+01,-1.3179e+03
-1.0800e+00,-1.5780e+00,1.4400e+00,1.3496e+00,3.1741e+00,3.1098e+01,-1.3172e+03
-1.0411e+00,-1.5263e+00,1.4051e+00,2.9156e+00,2.5605e+00,3.1091e+01,-1.3143e+03
-1.0370e+00,-1.5979e+00,5.9502e-01,2.7252e+00,2.8402e+00,3.1016e+01,-1.3156e+03
-1.0380e+00,-1.6166e+00,1.9848e+00,2.0789e+00,3.1013e+00,3.1131e+01,-1.3182e+03
-1.0002e+00,-1.6984e+00,1.7014e+00,1.9315e+00,3.1109e+00,3.1050e+01,-1.3187e+03
-1.0076e+00,-1.5434e+00,1.9346e+00,2.6163e+00,2.9127e+00,3.1085e+01,-1.3191e+03
-1.0231e+00,-1.8044e+00,1.0567e+00,3.0256e+00,1.3291e+00,3.1112e+01,-1.3179e+03
-1.1051e+00,-1.6092e+00,1.1260e-03,1.7639e+00,3.1759e+00,3.1118e+01,-1.3127e+03
-1.0673e+00,-1.6278e+00,8.7336e-01,2.9060e+00,2.7393e+00,3.1196e+01,-1.3162e+03
-1.0470e+00,-1.6403e+00,1.0757e+00,2.7914e+00,2.7635e+00,3.1020e+01,-1.3190e+03
-1.0791e+00,-1.5431e+00,3.3183e-01,2.5034e+00,3.0559e+00,3.1101e+01,-1.3171e+03
-1.0285e+00,-1.8380e+00,7.0928e-01,1.1767e+00,3.1490e+00,3.1012e+01,-1.3174e+03
-1.1603e+00,-1.6034e+00,1.2282e+00,2.0690e+00,3.1666e+00,3.1176e+01,-1.3149e+03
-1.0595e+00,-1.7274e+00,5.0478e-01,2.5475e+00,3.0104e+00,3.1086e+01,-1.3165e+03
-1.1114e+00,-1.5693e+00,5.2441e-01,2.3783e+00,3.1117e+00,3.1140e+01,-1.3104e+03
-1.0230e+00,-1.6058e+00,1.5667e-01,1.6473e+00,3.1577e+00,3.1037e+01,-1.3185e+03
-1.0400e+00,-1.6734e+00,1.5761e+00,2.8620e+00,2.6824e+00,3.1125e+01,-1.3160e+03
-1.0505e+00,-1.8339e+00,7.0362e-01,1.4445e+00,3.1901e+00,3.1129e+01,-1.3160e+03
-1.0387e+00,-1.5268e+00,2.9053e-01,3.0116e+00,1.0106e+00,3.1022e+01,-1.3180e+03
-1.0781e+00,-1.7062e+00,2.4488e-01,1.5413e+00,3.1369e+00,3.1001e+01,-1.3174e+03
-1.0384e+00,-1.5044e+00,1.9058e+00,2.3393e+00,3.0434e+00,3.1079e+01,-1.3158e+03
-1.0230e+00,-1.5532e+00,5.7522e-01,2.8967e+00,2.7815e+00,3.1187e+01,-1.3174e+03
-1.0826e+00,-1.5494e+00,1.1654e+00,2.7474e+00,2.8569e+00,3.1086e+01,-1.3191e+03
-1.1094e+00,-1.5350e+00,1.2579e+00,1.9790e+00,3.1264e+00,3.1050e+01,-1.3187e+03
-1.0268e+00,-1.6981e+00,1.5105e+00,1.7730e+00,3.1221e+00,3.1026e+01,-1.3135e+03
