niter,nc,eff,logl,logwt,logvol,logz,logzerr,h,delta_logz,time_elapsed,logfeh,logdust,logNpix,logage,dmod
1.0000e+00,1.0000e+00,1.9960e-01,-1.6744e+05,-1.6744e+05,-1.9980e-03,-1.6744e+05,1.1750e-01,6.9098e+00,inf,4.2162e-01,-2.2306e-01,-1.7742e+00,6.4460e+00,9.5868e+00,2.8478e+01
2.0000e+00,1.0000e+00,3.9841e-01,-1.6701e+05,-1.6702e+05,-3.9960e-03,-1.6702e+05,1.1751e-01,6.9118e+00,1.0239e+05,8.5682e-01,-2.4619e-01,-1.5518e+00,6.4927e+00,1.0064e+01,2.8121e+01
3.0000e+00,1.0000e+00,5.9642e-01,-1.6682e+05,-1.6682e+05,-5.9940e-03,-1.6682e+05,1.1753e-01,6.9138e+00,1.0196e+05,1.2936e+00,-4.5198e-02,-1.9971e+00,6.3620e+00,9.9237e+00,2.8026e+01
4.0000e+00,1.0000e+00,7.9365e-01,-1.6681e+05,-1.6682e+05,-7.9920e-03,-1.6682e+05,1.1595e-01,6.7292e+00,1.0177e+05,1.7062e+00,2.1249e-01,-1.7354e+00,6.4136e+00,9.8831e+00,2.8026e+01
5.0000e+00,1.0000e+00,9.9010e-01,-1.6676e+05,-1.6677e+05,-9.9900e-03,-1.6677e+05,1.1757e-01,6.9177e+00,1.0176e+05,2.1230e+00,-2.4533e-01,-1.5497e+00,6.4317e+00,9.8898e+00,2.8339e+01
6.0000e+00,1.0000e+00,1.1858e+00,-1.6649e+05,-1.6650e+05,-1.1988e-02,-1.6650e+05,1.1758e-01,6.9197e+00,1.0171e+05,2.5467e+00,3.4854e-02,-1.5553e+00,6.2544e+00,9.6067e+00,2.8476e+01
7.0000e+00,1.0000e+00,1.3807e+00,-1.6648e+05,-1.6649e+05,-1.3986e-02,-1.6649e+05,1.1760e-01,6.9216e+00,1.0144e+05,2.9748e+00,1.5784e-01,-1.5132e+00,6.2618e+00,9.5693e+00,2.8474e+01
8.0000e+00,1.0000e+00,1.5748e+00,-1.6638e+05,-1.6639e+05,-1.5984e-02,-1.6639e+05,1.1762e-01,6.9237e+00,1.0143e+05,3.3967e+00,1.7303e-01,-1.9084e+00,6.2389e+00,9.5726e+00,2.8507e+01
9.0000e+00,1.0000e+00,1.7682e+00,-1.6619e+05,-1.6619e+05,-1.7982e-02,-1.6619e+05,1.1763e-01,6.9257e+00,1.0134e+05,3.8293e+00,-1.7237e-01,-1.8195e+00,6.3652e+00,9.5911e+00,2.9091e+01
1.0000e+01,1.0000e+00,1.9608e+00,-1.6614e+05,-1.6615e+05,-1.9980e-02,-1.6615e+05,1.1765e-01,6.9277e+00,1.0114e+05,4.3666e+00,2.0779e-01,-1.9111e+00,6.4463e+00,9.9581e+00,2.8568e+01
1.1000e+01,1.0000e+00,2.1526e+00,-1.6610e+05,-1.6610e+05,-2.1978e-02,-1.6610e+05,1.1767e-01,6.9297e+00,1.0109e+05,4.7903e+00,-2.0094e-01,-1.7809e+00,6.3425e+00,9.5291e+00,2.9243e+01
1.2000e+01,1.0000e+00,2.3438e+00,-1.6609e+05,-1.6609e+05,-2.3976e-02,-1.6609e+05,1.1768e-01,6.9314e+00,1.0105e+05,5.2223e+00,-1.5061e-01,-1.7780e+00,6.2743e+00,9.9700e+00,2.8326e+01
1.3000e+01,1.0000e+00,2.5341e+00,-1.6602e+05,-1.6603e+05,-2.5974e-02,-1.6603e+05,1.1770e-01,6.9337e+00,1.0104e+05,5.6508e+00,-3.9196e-02,-1.5339e+00,6.1029e+00,9.8116e+00,2.8117e+01
1.4000e+01,1.0000e+00,2.7237e+00,-1.6590e+05,-1.6590e+05,-2.7972e-02,-1.6590e+05,1.1772e-01,6.9357e+00,1.0097e+05,6.0767e+00,9.8177e-03,-1.8961e+00,6.1253e+00,9.6569e+00,2.8555e+01
1.5000e+01,1.0000e+00,2.9126e+00,-1.6584e+05,-1.6585e+05,-2.9970e-02,-1.6585e+05,1.1774e-01,6.9377e+00,1.0085e+05,6.4966e+00,1.3364e-02,-1.6851e+00,6.1445e+00,9.9488e+00,2.8091e+01
1.6000e+01,1.0000e+00,3.1008e+00,-1.6573e+05,-1.6574e+05,-3.1968e-02,-1.6574e+05,1.1775e-01,6.9397e+00,1.0079e+05,6.9120e+00,-2.3034e-01,-1.7841e+00,6.0628e+00,9.7956e+00,2.8354e+01
1.7000e+01,1.0000e+00,3.2882e+00,-1.6566e+05,-1.6567e+05,-3.3966e-02,-1.6567e+05,1.1777e-01,6.9417e+00,1.0068e+05,7.3570e+00,5.8606e-03,-1.5782e+00,6.4806e+00,9.9415e+00,2.9142e+01
1.8000e+01,1.0000e+00,3.4749e+00,-1.6558e+05,-1.6559e+05,-3.5964e-02,-1.6559e+05,1.1779e-01,6.9437e+00,1.0061e+05,7.7792e+00,2.3703e-01,-1.6229e+00,6.2500e+00,9.5264e+00,2.9143e+01
1.9000e+01,1.0000e+00,3.6609e+00,-1.6550e+05,-1.6551e+05,-3.7962e-02,-1.6551e+05,1.1780e-01,6.9457e+00,1.0053e+05,8.2043e+00,5.2994e-02,-1.5176e+00,6.4028e+00,1.0151e+01,2.8739e+01
2.0000e+01,1.0000e+00,3.8462e+00,-1.6550e+05,-1.6551e+05,-3.9960e-02,-1.6551e+05,1.1603e-01,6.7386e+00,1.0045e+05,8.6698e+00,1.5286e-01,-1.7579e+00,6.1300e+00,9.6066e+00,2.8879e+01
2.1000e+01,1.0000e+00,4.0307e+00,-1.6549e+05,-1.6550e+05,-4.1958e-02,-1.6550e+05,1.1782e-01,6.9473e+00,1.0045e+05,9.0846e+00,-2.4559e-01,-1.6901e+00,6.2371e+00,9.6488e+00,2.9289e+01
2.2000e+01,1.0000e+00,4.2146e+00,-1.6548e+05,-1.6549e+05,-4.3956e-02,-1.6549e+05,1.1785e-01,6.9516e+00,1.0044e+05,9.5069e+00,-8.8403e-02,-1.7048e+00,6.0617e+00,9.7009e+00,2.8692e+01
2.3000e+01,1.0000e+00,4.3977e+00,-1.6545e+05,-1.6545e+05,-4.5954e-02,-1.6545e+05,1.1787e-01,6.9537e+00,1.0043e+05,9.9306e+00,-1.4239e-01,-1.9908e+00,6.0890e+00,9.5778e+00,2.9008e+01
2.4000e+01,1.0000e+00,4.5802e+00,-1.6536e+05,-1.6537e+05,-4.7952e-02,-1.6537e+05,1.1789e-01,6.9557e+00,1.0040e+05,1.0362e+01,-1.8411e-01,-1.5364e+00,5.9834e+00,9.7749e+00,2.8562e+01
2.5000e+01,1.0000e+00,4.7619e+00,-1.6533e+05,-1.6534e+05,-4.9950e-02,-1.6534e+05,1.1790e-01,6.9577e+00,1.0031e+05,1.0792e+01,-1.5241e-01,-1.9713e+00,6.2442e+00,1.0081e+01,2.8636e+01
2.6000e+01,1.0000e+00,4.9430e+00,-1.6526e+05,-1.6527e+05,-5.1948e-02,-1.6527e+05,1.1792e-01,6.9597e+00,1.0028e+05,1.1224e+01,1.7301e-01,-1.7633e+00,6.2077e+00,9.6582e+00,2.9217e+01
2.7000e+01,1.0000e+00,5.1233e+00,-1.6526e+05,-1.6526e+05,-5.3946e-02,-1.6526e+05,1.1785e-01,6.9511e+00,1.0021e+05,1.1653e+01,2.1395e-02,-1.7525e+00,5.9038e+00,9.7156e+00,2.8456e+01
2.8000e+01,1.0000e+00,5.3030e+00,-1.6524e+05,-1.6525e+05,-5.5944e-02,-1.6525e+05,1.1796e-01,6.9637e+00,1.0021e+05,1.2085e+01,-2.2393e-01,-1.9536e+00,6.1610e+00,9.6177e+00,2.9452e+01
2.9000e+01,1.0000e+00,5.4820e+00,-1.6524e+05,-1.6524e+05,-5.7942e-02,-1.6524e+05,1.1703e-01,6.8548e+00,1.0019e+05,1.2498e+01,1.4032e-01,-1.5893e+00,6.3602e+00,9.9270e+00,2.9160e+01
3.0000e+01,1.0000e+00,5.6604e+00,-1.6523e+05,-1.6524e+05,-5.9940e-02,-1.6524e+05,1.1790e-01,6.9575e+00,1.0019e+05,1.2950e+01,1.5518e-01,-1.5179e+00,6.3731e+00,9.9138e+00,2.9246e+01
3.1000e+01,1.0000e+00,5.8380e+00,-1.6517e+05,-1.6517e+05,-6.1938e-02,-1.6517e+05,1.1801e-01,6.9697e+00,1.0018e+05,1.3377e+01,1.4121e-01,-1.8254e+00,5.7490e+00,9.5385e+00,2.8313e+01
3.2000e+01,1.0000e+00,6.0150e+00,-1.6511e+05,-1.6511e+05,-6.3936e-02,-1.6511e+05,1.1802e-01,6.9717e+00,1.0012e+05,1.3797e+01,-1.1918e-01,-1.5533e+00,5.9674e+00,9.6832e+00,2.8828e+01
3.3000e+01,1.0000e+00,6.1914e+00,-1.6510e+05,-1.6511e+05,-6.5934e-02,-1.6511e+05,1.1107e-01,6.1749e+00,1.0006e+05,1.4212e+01,-3.6892e-02,-1.7390e+00,6.3402e+00,9.8604e+00,2.9501e+01
3.4000e+01,1.0000e+00,6.3670e+00,-1.6503e+05,-1.6504e+05,-6.7932e-02,-1.6504e+05,1.1806e-01,6.9757e+00,1.0005e+05,1.4633e+01,-1.6644e-01,-1.8820e+00,6.3525e+00,9.9076e+00,2.9564e+01
3.5000e+01,1.0000e+00,6.5421e+00,-1.6501e+05,-1.6501e+05,-6.9930e-02,-1.6501e+05,1.1807e-01,6.9777e+00,9.9983e+04,1.5068e+01,-8.4996e-02,-1.6967e+00,5.9665e+00,9.9396e+00,2.8472e+01
3.6000e+01,1.0000e+00,6.7164e+00,-1.6500e+05,-1.6501e+05,-7.1928e-02,-1.6501e+05,1.1697e-01,6.8478e+00,9.9956e+04,1.5490e+01,-9.5575e-02,-1.8162e+00,5.7899e+00,9.6263e+00,2.8551e+01
3.7000e+01,1.0000e+00,6.8901e+00,-1.6500e+05,-1.6500e+05,-7.3926e-02,-1.6500e+05,1.1758e-01,6.9195e+00,9.9952e+04,1.5914e+01,-2.4301e-01,-1.6955e+00,6.4657e+00,9.6569e+00,3.0349e+01
3.8000e+01,1.0000e+00,7.0632e+00,-1.6499e+05,-1.6500e+05,-7.5924e-02,-1.6500e+05,1.1038e-01,6.0979e+00,9.9946e+04,1.6329e+01,-1.5328e-01,-1.6300e+00,6.3702e+00,9.8611e+00,2.9720e+01
3.9000e+01,1.0000e+00,7.2356e+00,-1.6499e+05,-1.6499e+05,-7.7922e-02,-1.6499e+05,1.1802e-01,6.9716e+00,9.9945e+04,1.6746e+01,-1.0330e-01,-1.9718e+00,6.3036e+00,9.9541e+00,2.9382e+01
4.0000e+01,1.0000e+00,7.4074e+00,-1.6497e+05,-1.6498e+05,-7.9920e-02,-1.6498e+05,1.1816e-01,6.9877e+00,9.9938e+04,1.7210e+01,-2.3911e-01,-1.7758e+00,6.1793e+00,1.0043e+01,2.8997e+01
4.1000e+01,1.0000e+00,7.5786e+00,-1.6497e+05,-1.6497e+05,-8.1918e-02,-1.6497e+05,1.1319e-01,6.4129e+00,9.9919e+04,1.7629e+01,1.1664e-01,-1.9672e+00,5.9465e+00,1.0102e+01,2.8126e+01
4.2000e+01,1.0000e+00,7.7491e+00,-1.6493e+05,-1.6494e+05,-8.3916e-02,-1.6494e+05,1.1819e-01,6.9917e+00,9.9917e+04,1.8056e+01,-1.0068e-01,-1.5692e+00,6.2174e+00,1.0038e+01,2.9045e+01
4.3000e+01,1.0000e+00,7.9190e+00,-1.6491e+05,-1.6492e+05,-8.5914e-02,-1.6492e+05,1.1821e-01,6.9937e+00,9.9881e+04,1.8480e+01,1.7662e-02,-1.6950e+00,6.0543e+00,9.7870e+00,2.9046e+01
4.4000e+01,1.0000e+00,8.0882e+00,-1.6490e+05,-1.6491e+05,-8.7912e-02,-1.6491e+05,1.1822e-01,6.9950e+00,9.9861e+04,1.8897e+01,2.9666e-02,-1.8355e+00,5.9978e+00,9.6716e+00,2.9152e+01
4.5000e+01,1.0000e+00,8.2569e+00,-1.6480e+05,-1.6481e+05,-8.9910e-02,-1.6481e+05,1.1824e-01,6.9977e+00,9.9851e+04,1.9329e+01,-2.1800e-01,-1.7471e+00,6.3003e+00,9.6043e+00,3.0278e+01
4.6000e+01,2.0000e+00,8.4095e+00,-1.6477e+05,-1.6477e+05,-9.1908e-02,-1.6477e+05,1.1826e-01,6.9997e+00,9.9749e+04,2.0180e+01,5.7201e-02,-1.5980e+00,5.8360e+00,9.8390e+00,2.8510e+01
4.7000e+01,1.0000e+00,8.5766e+00,-1.6471e+05,-1.6471e+05,-9.3906e-02,-1.6471e+05,1.1828e-01,7.0017e+00,9.9718e+04,2.0615e+01,-6.6740e-02,-1.9671e+00,5.8634e+00,9.8587e+00,2.8707e+01
4.8000e+01,1.0000e+00,8.7432e+00,-1.6469e+05,-1.6470e+05,-9.5904e-02,-1.6470e+05,1.1829e-01,7.0037e+00,9.9657e+04,2.1028e+01,-1.7430e-01,-1.8324e+00,5.4727e+00,9.5513e+00,2.8220e+01
4.9000e+01,1.0000e+00,8.9091e+00,-1.6467e+05,-1.6467e+05,-9.7902e-02,-1.6467e+05,1.1831e-01,7.0057e+00,9.9641e+04,2.1453e+01,-8.4736e-03,-1.9373e+00,6.3934e+00,9.5119e+00,3.0706e+01
5.0000e+01,1.0000e+00,9.0744e+00,-1.6465e+05,-1.6466e+05,-9.9900e-02,-1.6466e+05,1.1833e-01,7.0077e+00,9.9616e+04,2.1899e+01,-2.3868e-01,-1.8936e+00,5.6787e+00,9.9713e+00,2.8154e+01
5.1000e+01,1.0000e+00,9.2391e+00,-1.6464e+05,-1.6465e+05,-1.0190e-01,-1.6465e+05,1.1795e-01,6.9634e+00,9.9600e+04,2.2325e+01,-6.3288e-02,-1.9938e+00,6.2657e+00,1.0111e+01,2.9407e+01
5.2000e+01,1.0000e+00,9.4033e+00,-1.6464e+05,-1.6464e+05,-1.0390e-01,-1.6464e+05,1.1832e-01,7.0072e+00,9.9594e+04,2.2745e+01,-4.1822e-02,-1.6861e+00,6.2221e+00,9.5486e+00,3.0202e+01
5.3000e+01,2.0000e+00,9.5495e+00,-1.6462e+05,-1.6463e+05,-1.0589e-01,-1.6463e+05,1.1838e-01,7.0135e+00,9.9586e+04,2.3575e+01,-5.4989e-02,-1.8664e+00,5.9065e+00,1.0130e+01,2.8406e+01
5.4000e+01,1.0000e+00,9.7122e+00,-1.6461e+05,-1.6462e+05,-1.0789e-01,-1.6462e+05,1.1836e-01,7.0121e+00,9.9574e+04,2.4002e+01,-2.3542e-01,-1.5597e+00,6.2350e+00,9.5633e+00,3.0397e+01
5.5000e+01,1.0000e+00,9.8743e+00,-1.6460e+05,-1.6461e+05,-1.0989e-01,-1.6461e+05,1.1841e-01,7.0176e+00,9.9565e+04,2.4428e+01,-2.4580e-01,-1.7642e+00,6.0573e+00,1.0146e+01,2.8926e+01
5.6000e+01,1.0000e+00,1.0036e+01,-1.6457e+05,-1.6458e+05,-1.1189e-01,-1.6458e+05,1.1843e-01,7.0196e+00,9.9552e+04,2.4853e+01,2.4794e-01,-1.6684e+00,5.9537e+00,9.6900e+00,2.9168e+01
5.7000e+01,1.0000e+00,1.0197e+01,-1.6457e+05,-1.6458e+05,-1.1389e-01,-1.6458e+05,1.1442e-01,6.5526e+00,9.9524e+04,2.5275e+01,-2.1192e-01,-1.7392e+00,6.4522e+00,9.7970e+00,3.0543e+01
5.8000e+01,1.0000e+00,1.0357e+01,-1.6457e+05,-1.6457e+05,-1.1588e-01,-1.6457e+05,1.1774e-01,6.9382e+00,9.9521e+04,2.5708e+01,6.8990e-02,-1.6721e+00,5.8080e+00,9.5002e+00,2.9203e+01
5.9000e+01,2.0000e+00,1.0498e+01,-1.6456e+05,-1.6456e+05,-1.1788e-01,-1.6456e+05,1.1846e-01,7.0230e+00,9.9517e+04,2.6566e+01,8.6414e-02,-1.9563e+00,6.1609e+00,1.0048e+01,2.9269e+01
6.0000e+01,1.0000e+00,1.0657e+01,-1.6453e+05,-1.6453e+05,-1.1988e-01,-1.6453e+05,1.1850e-01,7.0276e+00,9.9508e+04,2.7031e+01,2.4023e-01,-1.9278e+00,6.2096e+00,1.0022e+01,2.9394e+01
6.1000e+01,1.0000e+00,1.0816e+01,-1.6447e+05,-1.6448e+05,-1.2188e-01,-1.6448e+05,1.1851e-01,7.0296e+00,9.9476e+04,2.7457e+01,-2.4533e-01,-1.6694e+00,5.8284e+00,1.0149e+01,2.8438e+01
6.2000e+01,2.0000e+00,1.0954e+01,-1.6444e+05,-1.6445e+05,-1.2388e-01,-1.6445e+05,1.1853e-01,7.0316e+00,9.9419e+04,2.8292e+01,-1.9555e-01,-1.7688e+00,6.1591e+00,9.8255e+00,2.9865e+01
6.3000e+01,1.0000e+00,1.1111e+01,-1.6443e+05,-1.6444e+05,-1.2587e-01,-1.6444e+05,1.1855e-01,7.0336e+00,9.9395e+04,2.8715e+01,1.5239e-01,-1.8528e+00,5.8419e+00,9.6574e+00,2.9159e+01
6.4000e+01,1.0000e+00,1.1268e+01,-1.6434e+05,-1.6435e+05,-1.2787e-01,-1.6435e+05,1.1856e-01,7.0356e+00,9.9379e+04,2.9142e+01,2.0624e-01,-1.7233e+00,5.8043e+00,9.5307e+00,2.9311e+01
6.5000e+01,1.0000e+00,1.1424e+01,-1.6434e+05,-1.6435e+05,-1.2987e-01,-1.6435e+05,1.1032e-01,6.0909e+00,9.9292e+04,2.9561e+01,6.6312e-02,-1.5856e+00,5.6393e+00,9.7348e+00,2.8671e+01
6.6000e+01,1.0000e+00,1.1579e+01,-1.6431e+05,-1.6432e+05,-1.3187e-01,-1.6432e+05,1.1860e-01,7.0396e+00,9.9290e+04,3.0002e+01,-1.0337e-01,-1.7349e+00,6.0990e+00,1.0108e+01,2.9426e+01
6.7000e+01,2.0000e+00,1.1713e+01,-1.6430e+05,-1.6431e+05,-1.3387e-01,-1.6431e+05,1.1861e-01,7.0416e+00,9.9264e+04,3.0832e+01,4.8487e-02,-1.6858e+00,6.4480e+00,9.6234e+00,3.1200e+01
6.8000e+01,1.0000e+00,1.1867e+01,-1.6430e+05,-1.6430e+05,-1.3586e-01,-1.6430e+05,1.1806e-01,6.9757e+00,9.9251e+04,3.1261e+01,1.2874e-01,-1.5058e+00,5.9042e+00,9.7408e+00,2.9342e+01
6.9000e+01,1.0000e+00,1.2021e+01,-1.6429e+05,-1.6430e+05,-1.3786e-01,-1.6430e+05,1.1662e-01,6.8064e+00,9.9246e+04,3.1686e+01,-6.3060e-02,-1.7992e+00,6.2753e+00,9.6714e+00,3.0656e+01
7.0000e+01,1.0000e+00,1.2174e+01,-1.6428e+05,-1.6429e+05,-1.3986e-01,-1.6429e+05,1.1865e-01,7.0460e+00,9.9243e+04,3.2133e+01,6.8602e-02,-1.9170e+00,6.1224e+00,9.5669e+00,3.0360e+01
7.1000e+01,1.0000e+00,1.2326e+01,-1.6428e+05,-1.6429e+05,-1.4186e-01,-1.6429e+05,1.1691e-01,6.8413e+00,9.9233e+04,3.2559e+01,1.1464e-01,-1.7875e+00,5.6769e+00,9.9116e+00,2.8548e+01
7.2000e+01,2.0000e+00,1.2457e+01,-1.6426e+05,-1.6427e+05,-1.4386e-01,-1.6427e+05,1.1870e-01,7.0516e+00,9.9229e+04,3.3405e+01,-5.7642e-02,-1.9316e+00,6.3621e+00,9.6943e+00,3.0914e+01
7.3000e+01,2.0000e+00,1.2586e+01,-1.6426e+05,-1.6427e+05,-1.4585e-01,-1.6427e+05,1.1188e-01,6.2648e+00,9.9211e+04,3.4241e+01,9.8970e-02,-1.8709e+00,6.2474e+00,9.8727e+00,3.0232e+01
7.4000e+01,1.0000e+00,1.2737e+01,-1.6425e+05,-1.6426e+05,-1.4785e-01,-1.6426e+05,1.1853e-01,7.0321e+00,9.9209e+04,3.4658e+01,-2.0283e-01,-1.8849e+00,6.1973e+00,9.9870e+00,3.0018e+01
7.5000e+01,1.0000e+00,1.2887e+01,-1.6424e+05,-1.6425e+05,-1.4985e-01,-1.6425e+05,1.1875e-01,7.0575e+00,9.9203e+04,3.5076e+01,1.9495e-01,-1.9158e+00,6.1507e+00,9.9919e+00,2.9688e+01
7.6000e+01,1.0000e+00,1.3036e+01,-1.6424e+05,-1.6424e+05,-1.5185e-01,-1.6424e+05,1.1449e-01,6.5604e+00,9.9190e+04,3.5517e+01,-1.8554e-02,-1.5764e+00,5.5341e+00,9.7575e+00,2.8552e+01
7.7000e+01,2.0000e+00,1.3162e+01,-1.6422e+05,-1.6423e+05,-1.5385e-01,-1.6423e+05,1.1878e-01,7.0616e+00,9.9188e+04,3.6351e+01,-2.8834e-02,-1.8097e+00,5.9978e+00,9.9984e+00,2.9420e+01
7.8000e+01,1.0000e+00,1.3311e+01,-1.6422e+05,-1.6423e+05,-1.5584e-01,-1.6423e+05,1.1535e-01,6.6593e+00,9.9172e+04,3.6784e+01,2.1498e-01,-1.9714e+00,5.9549e+00,9.6152e+00,2.9759e+01
7.9000e+01,1.0000e+00,1.3458e+01,-1.6421e+05,-1.6422e+05,-1.5784e-01,-1.6422e+05,1.1875e-01,7.0574e+00,9.9169e+04,3.7214e+01,3.3541e-02,-1.5908e+00,6.3170e+00,9.6350e+00,3.0851e+01
8.0000e+01,1.0000e+00,1.3605e+01,-1.6420e+05,-1.6421e+05,-1.5984e-01,-1.6421e+05,1.1883e-01,7.0675e+00,9.9162e+04,3.7673e+01,-2.3698e-01,-1.9411e+00,5.9881e+00,9.5969e+00,3.0278e+01
8.1000e+01,1.0000e+00,1.3752e+01,-1.6418e+05,-1.6419e+05,-1.6184e-01,-1.6419e+05,1.1885e-01,7.0696e+00,9.9149e+04,3.8108e+01,2.8584e-02,-1.7724e+00,6.3338e+00,1.0023e+01,3.0371e+01
8.2000e+01,1.0000e+00,1.3898e+01,-1.6418e+05,-1.6418e+05,-1.6384e-01,-1.6418e+05,1.1664e-01,6.8097e+00,9.9131e+04,3.8520e+01,1.1333e-01,-1.5500e+00,5.8375e+00,9.9194e+00,2.9165e+01
8.3000e+01,2.0000e+00,1.4020e+01,-1.6418e+05,-1.6418e+05,-1.6583e-01,-1.6418e+05,1.1245e-01,6.3292e+00,9.9128e+04,3.9374e+01,-3.8567e-02,-1.5333e+00,6.4819e+00,9.8835e+00,3.0921e+01
8.4000e+01,1.0000e+00,1.4165e+01,-1.6417e+05,-1.6417e+05,-1.6783e-01,-1.6417e+05,1.1887e-01,7.0726e+00,9.9126e+04,3.9791e+01,5.8070e-02,-1.8904e+00,6.1176e+00,9.9535e+00,2.9892e+01
8.5000e+01,1.0000e+00,1.4310e+01,-1.6414e+05,-1.6415e+05,-1.6983e-01,-1.6415e+05,1.1892e-01,7.0776e+00,9.9117e+04,4.0214e+01,-2.3601e-01,-1.5682e+00,6.4959e+00,9.7277e+00,3.1401e+01
8.6000e+01,2.0000e+00,1.4430e+01,-1.6412e+05,-1.6413e+05,-1.7183e-01,-1.6413e+05,1.1893e-01,7.0796e+00,9.9092e+04,4.1043e+01,1.4124e-01,-1.6192e+00,6.2432e+00,9.9610e+00,3.0273e+01
8.7000e+01,1.0000e+00,1.4573e+01,-1.6410e+05,-1.6411e+05,-1.7383e-01,-1.6411e+05,1.1895e-01,7.0816e+00,9.9072e+04,4.1460e+01,-1.1427e-01,-1.9828e+00,5.3813e+00,9.8641e+00,2.8168e+01
8.8000e+01,1.0000e+00,1.4716e+01,-1.6410e+05,-1.6411e+05,-1.7582e-01,-1.6411e+05,1.1839e-01,7.0153e+00,9.9055e+04,4.1899e+01,-1.7315e-02,-1.9216e+00,6.2497e+00,1.0005e+01,3.0238e+01
8.9000e+01,1.0000e+00,1.4858e+01,-1.6410e+05,-1.6411e+05,-1.7782e-01,-1.6411e+05,1.0918e-01,5.9658e+00,9.9050e+04,4.2327e+01,-1.7508e-01,-1.6270e+00,5.9930e+00,9.9436e+00,2.9753e+01
9.0000e+01,1.0000e+00,1.5000e+01,-1.6408e+05,-1.6409e+05,-1.7982e-01,-1.6409e+05,1.1900e-01,7.0876e+00,9.9049e+04,4.2779e+01,1.5826e-01,-1.8853e+00,5.4953e+00,9.9029e+00,2.8317e+01
9.1000e+01,1.0000e+00,1.5141e+01,-1.6406e+05,-1.6407e+05,-1.8182e-01,-1.6407e+05,1.1902e-01,7.0896e+00,9.9032e+04,4.3202e+01,1.8992e-01,-1.5015e+00,5.8512e+00,1.0008e+01,2.9149e+01
9.2000e+01,1.0000e+00,1.5282e+01,-1.6405e+05,-1.6406e+05,-1.8382e-01,-1.6406e+05,1.1786e-01,6.9529e+00,9.9009e+04,4.3624e+01,-7.2443e-02,-1.7213e+00,5.4476e+00,1.0047e+01,2.8021e+01
9.3000e+01,1.0000e+00,1.5423e+01,-1.6403e+05,-1.6404e+05,-1.8581e-01,-1.6404e+05,1.1905e-01,7.0936e+00,9.9005e+04,4.4050e+01,-2.3163e-01,-1.5324e+00,6.4764e+00,9.8851e+00,3.1268e+01
9.4000e+01,2.0000e+00,1.5537e+01,-1.6401e+05,-1.6402e+05,-1.8781e-01,-1.6402e+05,1.1907e-01,7.0956e+00,9.8983e+04,4.4895e+01,3.6330e-02,-1.9397e+00,6.4999e+00,1.0198e+01,3.0779e+01
9.5000e+01,1.0000e+00,1.5677e+01,-1.6400e+05,-1.6400e+05,-1.8981e-01,-1.6400e+05,1.1908e-01,7.0975e+00,9.8959e+04,4.5320e+01,7.3879e-02,-1.6140e+00,6.0375e+00,1.0081e+01,2.9713e+01
9.6000e+01,2.0000e+00,1.5789e+01,-1.6400e+05,-1.6400e+05,-1.9181e-01,-1.6400e+05,1.0969e-01,6.0223e+00,9.8946e+04,4.6144e+01,2.2474e-01,-1.6239e+00,5.4208e+00,9.6459e+00,2.8671e+01
9.7000e+01,2.0000e+00,1.5902e+01,-1.6399e+05,-1.6400e+05,-1.9381e-01,-1.6400e+05,1.1516e-01,6.6380e+00,9.8945e+04,4.6983e+01,6.1388e-02,-1.7532e+00,6.0216e+00,9.9985e+00,2.9776e+01
9.8000e+01,1.0000e+00,1.6039e+01,-1.6399e+05,-1.6400e+05,-1.9580e-01,-1.6400e+05,1.0832e-01,5.8727e+00,9.8942e+04,4.7401e+01,-1.6719e-01,-1.7276e+00,6.1531e+00,9.9983e+00,3.0225e+01
9.9000e+01,2.0000e+00,1.6150e+01,-1.6399e+05,-1.6400e+05,-1.9780e-01,-1.6400e+05,1.0500e-01,5.5177e+00,9.8941e+04,4.8238e+01,2.1131e-01,-1.9149e+00,5.6551e+00,1.0109e+01,2.8517e+01
1.0000e+02,1.0000e+00,1.6287e+01,-1.6397e+05,-1.6398e+05,-1.9980e-01,-1.6398e+05,1.1917e-01,7.1076e+00,9.8940e+04,4.8701e+01,-1.1622e-01,-1.5336e+00,5.9784e+00,9.6018e+00,3.0588e+01
1.0100e+02,1.0000e+00,1.6423e+01,-1.6397e+05,-1.6397e+05,-2.0180e-01,-1.6397e+05,1.1860e-01,7.0403e+00,9.8923e+04,4.9118e+01,1.6415e-01,-1.6914e+00,6.4089e+00,9.7096e+00,3.1383e+01
1.0200e+02,1.0000e+00,1.6558e+01,-1.6397e+05,-1.6397e+05,-2.0380e-01,-1.6397e+05,1.1134e-01,6.2045e+00,9.8918e+04,4.9552e+01,1.8298e-01,-1.6440e+00,5.4913e+00,9.7694e+00,2.8717e+01
1.0300e+02,2.0000e+00,1.6667e+01,-1.6395e+05,-1.6396e+05,-2.0579e-01,-1.6396e+05,1.1921e-01,7.1131e+00,9.8916e+04,5.0394e+01,-2.3448e-01,-1.8184e+00,5.6922e+00,9.8329e+00,2.9378e+01
1.0400e+02,2.0000e+00,1.6774e+01,-1.6395e+05,-1.6396e+05,-2.0779e-01,-1.6396e+05,1.1821e-01,6.9940e+00,9.8905e+04,5.1231e+01,-1.8790e-01,-1.6956e+00,5.5799e+00,9.5545e+00,2.9616e+01
1.0500e+02,3.0000e+00,1.6854e+01,-1.6395e+05,-1.6395e+05,-2.0979e-01,-1.6395e+05,1.1723e-01,6.8781e+00,9.8901e+04,5.2486e+01,-6.3051e-02,-1.7919e+00,6.1327e+00,1.0033e+01,3.0192e+01
1.0600e+02,1.0000e+00,1.6987e+01,-1.6394e+05,-1.6395e+05,-2.1179e-01,-1.6395e+05,1.1816e-01,6.9877e+00,9.8897e+04,5.2924e+01,-2.3606e-01,-1.7133e+00,5.9169e+00,9.7944e+00,3.0101e+01
1.0700e+02,1.0000e+00,1.7120e+01,-1.6393e+05,-1.6394e+05,-2.1379e-01,-1.6394e+05,1.1928e-01,7.1209e+00,9.8893e+04,5.3359e+01,-2.3690e-01,-1.7497e+00,5.0844e+00,9.6563e+00,2.8007e+01
1.0800e+02,1.0000e+00,1.7252e+01,-1.6393e+05,-1.6394e+05,-2.1578e-01,-1.6394e+05,1.1256e-01,6.3411e+00,9.8882e+04,5.3779e+01,-1.0154e-01,-1.8140e+00,5.9831e+00,1.0131e+01,2.9709e+01
1.0900e+02,1.0000e+00,1.7384e+01,-1.6392e+05,-1.6393e+05,-2.1778e-01,-1.6393e+05,1.1931e-01,7.1246e+00,9.8880e+04,5.4196e+01,1.2798e-03,-1.7316e+00,5.9576e+00,9.5400e+00,3.0678e+01
1.1000e+02,1.0000e+00,1.7516e+01,-1.6392e+05,-1.6392e+05,-2.1978e-01,-1.6392e+05,1.1753e-01,6.9141e+00,9.8870e+04,5.4646e+01,-7.9191e-02,-1.5944e+00,6.1181e+00,9.9662e+00,3.0355e+01
1.1100e+02,1.0000e+00,1.7647e+01,-1.6390e+05,-1.6391e+05,-2.2178e-01,-1.6391e+05,1.1935e-01,7.1293e+00,9.8866e+04,5.5067e+01,-2.1647e-01,-1.5282e+00,5.8790e+00,1.0106e+01,2.9576e+01
1.1200e+02,2.0000e+00,1.7750e+01,-1.6390e+05,-1.6391e+05,-2.2378e-01,-1.6391e+05,1.1097e-01,6.1631e+00,9.8855e+04,5.5891e+01,-2.7347e-02,-1.5132e+00,5.8933e+00,9.6989e+00,3.0223e+01
1.1300e+02,3.0000e+00,1.7823e+01,-1.6389e+05,-1.6390e+05,-2.2577e-01,-1.6390e+05,1.1938e-01,7.1332e+00,9.8853e+04,5.7145e+01,-3.2216e-02,-1.7236e+00,5.8547e+00,9.6138e+00,3.0331e+01
1.1400e+02,1.0000e+00,1.7953e+01,-1.6388e+05,-1.6389e+05,-2.2777e-01,-1.6389e+05,1.1940e-01,7.1352e+00,9.8842e+04,5.7572e+01,-1.5419e-01,-1.6808e+00,5.9974e+00,9.8289e+00,3.0321e+01
1.1500e+02,1.0000e+00,1.8082e+01,-1.6388e+05,-1.6389e+05,-2.2977e-01,-1.6389e+05,1.1448e-01,6.5599e+00,9.8831e+04,5.8002e+01,-3.0298e-02,-1.6853e+00,6.2752e+00,9.7499e+00,3.1277e+01
1.1600e+02,2.0000e+00,1.8182e+01,-1.6387e+05,-1.6388e+05,-2.3177e-01,-1.6388e+05,1.1919e-01,7.1101e+00,9.8829e+04,5.8839e+01,1.3216e-01,-1.5741e+00,6.0199e+00,9.8830e+00,3.0179e+01
1.1700e+02,1.0000e+00,1.8310e+01,-1.6387e+05,-1.6387e+05,-2.3377e-01,-1.6387e+05,1.1936e-01,7.1308e+00,9.8823e+04,5.9267e+01,1.0620e-01,-1.9831e+00,5.9841e+00,9.9977e+00,2.9974e+01
1.1800e+02,1.0000e+00,1.8438e+01,-1.6386e+05,-1.6387e+05,-2.3576e-01,-1.6387e+05,1.1905e-01,7.0932e+00,9.8815e+04,5.9697e+01,1.4557e-01,-1.8906e+00,5.7386e+00,9.8179e+00,2.9633e+01
1.1900e+02,1.0000e+00,1.8565e+01,-1.6386e+05,-1.6387e+05,-2.3776e-01,-1.6387e+05,1.0983e-01,6.0371e+00,9.8810e+04,6.0125e+01,-2.2305e-02,-1.9222e+00,6.4879e+00,1.0123e+01,3.1215e+01
1.2000e+02,2.0000e+00,1.8663e+01,-1.6386e+05,-1.6387e+05,-2.3976e-01,-1.6386e+05,1.0519e-01,5.5380e+00,9.8809e+04,6.1014e+01,1.4114e-01,-1.6022e+00,6.0577e+00,9.8807e+00,3.0363e+01
1.2100e+02,1.0000e+00,1.8789e+01,-1.6385e+05,-1.6385e+05,-2.4176e-01,-1.6385e+05,1.1952e-01,7.1493e+00,9.8808e+04,6.1441e+01,2.1923e-01,-1.5307e+00,5.7351e+00,1.0138e+01,2.8949e+01
1.2200e+02,1.0000e+00,1.8915e+01,-1.6384e+05,-1.6385e+05,-2.4376e-01,-1.6385e+05,1.1945e-01,7.1414e+00,9.8797e+04,6.1860e+01,2.1184e-01,-1.7704e+00,5.3888e+00,9.5853e+00,2.8923e+01
1.2300e+02,1.0000e+00,1.9040e+01,-1.6384e+05,-1.6385e+05,-2.4575e-01,-1.6384e+05,1.1014e-01,6.0719e+00,9.8789e+04,6.2278e+01,-3.1553e-02,-1.6939e+00,6.2546e+00,9.9380e+00,3.0824e+01
1.2400e+02,1.0000e+00,1.9165e+01,-1.6383e+05,-1.6384e+05,-2.4775e-01,-1.6384e+05,1.1883e-01,7.0672e+00,9.8788e+04,6.2706e+01,7.0071e-02,-1.6425e+00,5.7153e+00,1.0180e+01,2.8984e+01
1.2500e+02,1.0000e+00,1.9290e+01,-1.6383e+05,-1.6384e+05,-2.4975e-01,-1.6384e+05,1.0980e-01,6.0339e+00,9.8783e+04,6.3139e+01,7.5689e-02,-1.8014e+00,5.8662e+00,9.7218e+00,3.0272e+01
1.2600e+02,2.0000e+00,1.9385e+01,-1.6383e+05,-1.6384e+05,-2.5175e-01,-1.6384e+05,1.1266e-01,6.3530e+00,9.8782e+04,6.3984e+01,-1.9242e-01,-1.8534e+00,5.7931e+00,9.5520e+00,3.0513e+01
1.2700e+02,1.0000e+00,1.9508e+01,-1.6383e+05,-1.6383e+05,-2.5375e-01,-1.6383e+05,1.1877e-01,7.0598e+00,9.8780e+04,6.4425e+01,-1.5200e-01,-1.9806e+00,5.3476e+00,9.8952e+00,2.8433e+01
1.2800e+02,2.0000e+00,1.9602e+01,-1.6382e+05,-1.6383e+05,-2.5574e-01,-1.6383e+05,1.0999e-01,6.0549e+00,9.8776e+04,6.5275e+01,-2.0193e-01,-1.5903e+00,5.3888e+00,1.0049e+01,2.8309e+01
1.2900e+02,2.0000e+00,1.9695e+01,-1.6382e+05,-1.6383e+05,-2.5774e-01,-1.6383e+05,1.1900e-01,7.0878e+00,9.8774e+04,6.6116e+01,2.3903e-01,-1.7636e+00,5.1984e+00,9.6027e+00,2.8399e+01
1.3000e+02,1.0000e+00,1.9817e+01,-1.6380e+05,-1.6381e+05,-2.5974e-01,-1.6381e+05,1.1967e-01,7.1675e+00,9.8770e+04,6.6663e+01,-1.2167e-01,-1.6501e+00,6.2047e+00,1.0189e+01,3.0564e+01
1.3100e+02,1.0000e+00,1.9939e+01,-1.6380e+05,-1.6380e+05,-2.6174e-01,-1.6380e+05,1.1959e-01,7.1585e+00,9.8755e+04,6.7092e+01,-1.3006e-01,-1.9362e+00,6.1868e+00,1.0137e+01,3.0516e+01
1.3200e+02,1.0000e+00,2.0061e+01,-1.6379e+05,-1.6380e+05,-2.6374e-01,-1.6380e+05,1.1952e-01,7.1501e+00,9.8747e+04,6.7514e+01,2.0606e-01,-1.6047e+00,6.4762e+00,1.0171e+01,3.1168e+01
1.3300e+02,2.0000e+00,2.0152e+01,-1.6379e+05,-1.6380e+05,-2.6573e-01,-1.6380e+05,1.1331e-01,6.4265e+00,9.8741e+04,6.8338e+01,-1.6215e-02,-1.8306e+00,6.2610e+00,1.0156e+01,3.0685e+01
1.3400e+02,1.0000e+00,2.0272e+01,-1.6378e+05,-1.6379e+05,-2.6773e-01,-1.6379e+05,1.1784e-01,6.9505e+00,9.8739e+04,6.8766e+01,1.7513e-01,-1.5243e+00,5.5489e+00,9.5533e+00,2.9640e+01
1.3500e+02,1.0000e+00,2.0393e+01,-1.6378e+05,-1.6379e+05,-2.6973e-01,-1.6379e+05,1.1926e-01,7.1186e+00,9.8735e+04,6.9184e+01,1.2740e-01,-1.6045e+00,5.8619e+00,1.0163e+01,2.9601e+01
1.3600e+02,1.0000e+00,2.0513e+01,-1.6378e+05,-1.6379e+05,-2.7173e-01,-1.6378e+05,1.1152e-01,6.2245e+00,9.8730e+04,6.9611e+01,-8.9696e-02,-1.7038e+00,5.3302e+00,9.8587e+00,2.8579e+01
1.3700e+02,1.0000e+00,2.0633e+01,-1.6377e+05,-1.6378e+05,-2.7373e-01,-1.6378e+05,1.1937e-01,7.1313e+00,9.8728e+04,7.0032e+01,1.6421e-01,-1.5475e+00,5.6943e+00,9.6878e+00,2.9888e+01
1.3800e+02,1.0000e+00,2.0752e+01,-1.6377e+05,-1.6378e+05,-2.7572e-01,-1.6378e+05,1.1857e-01,7.0362e+00,9.8723e+04,7.0458e+01,9.7595e-02,-1.5577e+00,5.7542e+00,9.6842e+00,3.0030e+01
1.3900e+02,1.0000e+00,2.0871e+01,-1.6376e+05,-1.6377e+05,-2.7772e-01,-1.6377e+05,1.1909e-01,7.0980e+00,9.8718e+04,7.0895e+01,4.2830e-02,-1.5652e+00,5.9967e+00,1.0045e+01,3.0194e+01
1.4000e+02,1.0000e+00,2.0990e+01,-1.6376e+05,-1.6377e+05,-2.7972e-01,-1.6377e+05,1.1252e-01,6.3369e+00,9.8713e+04,7.1363e+01,7.6876e-02,-1.6967e+00,5.6236e+00,9.7199e+00,2.9783e+01
1.4100e+02,1.0000e+00,2.1108e+01,-1.6376e+05,-1.6376e+05,-2.8172e-01,-1.6376e+05,1.1923e-01,7.1152e+00,9.8712e+04,7.1790e+01,7.4443e-02,-1.9430e+00,5.6161e+00,9.7518e+00,2.9692e+01
1.4200e+02,1.0000e+00,2.1226e+01,-1.6375e+05,-1.6376e+05,-2.8372e-01,-1.6376e+05,1.1921e-01,7.1128e+00,9.8707e+04,7.2216e+01,-2.1354e-01,-1.6746e+00,5.7671e+00,1.0152e+01,2.9506e+01
1.4300e+02,1.0000e+00,2.1343e+01,-1.6375e+05,-1.6376e+05,-2.8571e-01,-1.6376e+05,1.1141e-01,6.2118e+00,9.8702e+04,7.2635e+01,1.7308e-02,-1.8412e+00,5.7609e+00,9.6255e+00,3.0254e+01
1.4400e+02,1.0000e+00,2.1461e+01,-1.6374e+05,-1.6375e+05,-2.8771e-01,-1.6375e+05,1.1926e-01,7.1185e+00,9.8700e+04,7.3058e+01,-2.4805e-01,-1.9079e+00,6.2839e+00,9.9806e+00,3.1259e+01
1.4500e+02,1.0000e+00,2.1577e+01,-1.6373e+05,-1.6373e+05,-2.8971e-01,-1.6373e+05,1.1992e-01,7.1975e+00,9.8695e+04,7.3489e+01,7.0021e-03,-1.5656e+00,5.6610e+00,1.0133e+01,2.9110e+01
1.4600e+02,1.0000e+00,2.1694e+01,-1.6372e+05,-1.6373e+05,-2.9171e-01,-1.6373e+05,1.1404e-01,6.5089e+00,9.8677e+04,7.3929e+01,-6.9998e-02,-1.9196e+00,5.6791e+00,1.0085e+01,2.9276e+01
1.4700e+02,1.0000e+00,2.1810e+01,-1.6372e+05,-1.6373e+05,-2.9371e-01,-1.6373e+05,1.1182e-01,6.2579e+00,9.8674e+04,7.4357e+01,-1.7983e-01,-1.8000e+00,5.9813e+00,9.8188e+00,3.0774e+01
1.4800e+02,1.0000e+00,2.1926e+01,-1.6372e+05,-1.6373e+05,-2.9570e-01,-1.6373e+05,1.1039e-01,6.0989e+00,9.8673e+04,7.4772e+01,7.1239e-02,-1.6169e+00,5.7531e+00,9.5392e+00,3.0475e+01
1.4900e+02,1.0000e+00,2.2041e+01,-1.6372e+05,-1.6373e+05,-2.9770e-01,-1.6373e+05,1.0649e-01,5.6754e+00,9.8671e+04,7.5200e+01,-4.5264e-02,-1.8605e+00,5.9577e+00,9.9399e+00,3.0347e+01
1.5000e+02,1.0000e+00,2.2157e+01,-1.6372e+05,-1.6373e+05,-2.9970e-01,-1.6373e+05,1.0439e-01,5.4543e+00,9.8670e+04,7.5665e+01,-1.7903e-01,-1.7671e+00,5.2122e+00,9.6392e+00,2.8745e+01
1.5100e+02,1.0000e+00,2.2271e+01,-1.6372e+05,-1.6373e+05,-3.0170e-01,-1.6373e+05,1.0241e-01,5.2492e+00,9.8669e+04,7.6091e+01,7.9437e-02,-1.9084e+00,5.8922e+00,9.9287e+00,3.0223e+01
1.5200e+02,1.0000e+00,2.2386e+01,-1.6372e+05,-1.6372e+05,-3.0370e-01,-1.6372e+05,1.1797e-01,6.9650e+00,9.8669e+04,7.6516e+01,-4.1115e-02,-1.9350e+00,5.4530e+00,9.9115e+00,2.9019e+01
1.5300e+02,2.0000e+00,2.2467e+01,-1.6371e+05,-1.6372e+05,-3.0569e-01,-1.6372e+05,1.1285e-01,6.3735e+00,9.8665e+04,7.7359e+01,1.8456e-01,-1.7819e+00,5.9064e+00,9.6006e+00,3.0817e+01
1.5400e+02,1.0000e+00,2.2581e+01,-1.6371e+05,-1.6371e+05,-3.0769e-01,-1.6371e+05,1.1999e-01,7.2056e+00,9.8663e+04,7.7786e+01,1.9198e-01,-1.6293e+00,5.0471e+00,9.5947e+00,2.8160e+01
1.5500e+02,1.0000e+00,2.2694e+01,-1.6369e+05,-1.6370e+05,-3.0969e-01,-1.6370e+05,1.2008e-01,7.2172e+00,9.8656e+04,7.8205e+01,1.4942e-01,-1.9286e+00,5.9170e+00,1.0116e+01,3.0000e+01
1.5600e+02,1.0000e+00,2.2807e+01,-1.6369e+05,-1.6370e+05,-3.1169e-01,-1.6370e+05,1.1189e-01,6.2663e+00,9.8644e+04,7.8624e+01,-2.0865e-01,-1.9321e+00,6.2381e+00,1.0110e+01,3.1135e+01
1.5700e+02,1.0000e+00,2.2920e+01,-1.6368e+05,-1.6369e+05,-3.1369e-01,-1.6369e+05,1.2012e-01,7.2214e+00,9.8643e+04,7.9054e+01,-1.0859e-01,-1.8791e+00,6.1141e+00,9.7570e+00,3.1552e+01
1.5800e+02,1.0000e+00,2.3032e+01,-1.6368e+05,-1.6369e+05,-3.1568e-01,-1.6369e+05,1.1068e-01,6.1315e+00,9.8630e+04,7.9470e+01,-1.6336e-01,-1.7100e+00,5.6821e+00,1.0011e+01,2.9616e+01
1.5900e+02,1.0000e+00,2.3144e+01,-1.6368e+05,-1.6368e+05,-3.1768e-01,-1.6368e+05,1.1809e-01,6.9791e+00,9.8629e+04,7.9895e+01,-2.5163e-03,-1.5951e+00,6.3637e+00,9.9462e+00,3.1643e+01
1.6000e+02,1.0000e+00,2.3256e+01,-1.6367e+05,-1.6368e+05,-3.1968e-01,-1.6368e+05,1.1751e-01,6.9110e+00,9.8625e+04,8.0488e+01,1.0229e-01,-1.8906e+00,6.2746e+00,9.8095e+00,3.1637e+01
1.6100e+02,2.0000e+00,2.3333e+01,-1.6367e+05,-1.6367e+05,-3.2168e-01,-1.6367e+05,1.1965e-01,7.1649e+00,9.8622e+04,8.1334e+01,-1.3059e-01,-1.5849e+00,5.7343e+00,9.9105e+00,2.9971e+01
1.6200e+02,1.0000e+00,2.3444e+01,-1.6366e+05,-1.6367e+05,-3.2368e-01,-1.6367e+05,1.2014e-01,7.2239e+00,9.8617e+04,8.1773e+01,1.1262e-01,-1.5131e+00,5.1064e+00,9.8114e+00,2.8088e+01
1.6300e+02,1.0000e+00,2.3555e+01,-1.6365e+05,-1.6366e+05,-3.2567e-01,-1.6366e+05,1.2017e-01,7.2281e+00,9.8609e+04,8.2206e+01,1.4787e-01,-1.8742e+00,5.0914e+00,9.5394e+00,2.8549e+01
1.6400e+02,1.0000e+00,2.3665e+01,-1.6365e+05,-1.6366e+05,-3.2767e-01,-1.6366e+05,1.1190e-01,6.2676e+00,9.8601e+04,8.2636e+01,-1.7122e-01,-1.6347e+00,6.4673e+00,1.0046e+01,3.1918e+01
1.6500e+02,4.0000e+00,2.3673e+01,-1.6363e+05,-1.6364e+05,-3.2967e-01,-1.6364e+05,1.2025e-01,7.2374e+00,9.8599e+04,8.4313e+01,-4.2582e-02,-1.8590e+00,5.1943e+00,9.8555e+00,2.8448e+01
1.6600e+02,1.0000e+00,2.3782e+01,-1.6363e+05,-1.6364e+05,-3.3167e-01,-1.6364e+05,1.1409e-01,6.5149e+00,9.8583e+04,8.4743e+01,1.2929e-01,-1.7794e+00,6.1657e+00,9.8705e+00,3.1540e+01
1.6700e+02,1.0000e+00,2.3891e+01,-1.6363e+05,-1.6364e+05,-3.3367e-01,-1.6364e+05,1.1403e-01,6.5075e+00,9.8580e+04,8.5159e+01,-2.4493e-01,-1.7202e+00,4.9431e+00,9.7126e+00,3.1963e+01
1.6800e+02,1.0000e+00,2.4000e+01,-1.6363e+05,-1.6363e+05,-3.3566e-01,-1.6363e+05,1.0856e-01,5.8982e+00,9.8578e+04,8.5580e+01,3.3271e-02,-1.5863e+00,6.4248e+00,1.0176e+01,3.1799e+01
1.6900e+02,2.0000e+00,2.4074e+01,-1.6363e+05,-1.6363e+05,-3.3766e-01,-1.6363e+05,1.0552e-01,5.5726e+00,9.8577e+04,8.6410e+01,1.5980e-01,-1.9979e+00,6.1658e+00,9.6169e+00,3.1921e+01
1.7000e+02,1.0000e+00,2.4182e+01,-1.6363e+05,-1.6363e+05,-3.3966e-01,-1.6363e+05,1.0345e-01,5.3560e+00,9.8576e+04,8.7023e+01,-2.4552e-01,-1.6458e+00,5.4508e+00,9.5537e+00,3.0033e+01
1.7100e+02,1.0000e+00,2.4290e+01,-1.6363e+05,-1.6363e+05,-3.4166e-01,-1.6363e+05,1.0243e-01,5.2513e+00,9.8576e+04,8.7443e+01,-1.4733e-01,-1.5584e+00,5.5875e+00,9.9976e+00,2.9479e+01
1.7200e+02,1.0000e+00,2.4397e+01,-1.6362e+05,-1.6363e+05,-3.4366e-01,-1.6363e+05,1.0523e-01,5.5421e+00,9.8575e+04,8.7879e+01,7.8678e-02,-1.6848e+00,5.9967e+00,1.0113e+01,3.0427e+01
1.7300e+02,1.0000e+00,2.4504e+01,-1.6362e+05,-1.6363e+05,-3.4565e-01,-1.6363e+05,1.1584e-01,6.7159e+00,9.8574e+04,8.8308e+01,4.2586e-02,-1.9778e+00,6.3325e+00,1.0127e+01,3.1526e+01
1.7400e+02,2.0000e+00,2.4576e+01,-1.6362e+05,-1.6363e+05,-3.4765e-01,-1.6363e+05,1.1077e-01,6.1408e+00,9.8572e+04,8.9154e+01,7.5849e-02,-1.6728e+00,5.1570e+00,9.6300e+00,3.1924e+01
1.7500e+02,4.0000e+00,2.4579e+01,-1.6361e+05,-1.6362e+05,-3.4965e-01,-1.6362e+05,1.2040e-01,7.2559e+00,9.8570e+04,9.0844e+01,3.8860e-02,-1.7121e+00,5.8163e+00,9.7869e+00,3.0668e+01
1.7600e+02,1.0000e+00,2.4684e+01,-1.6360e+05,-1.6361e+05,-3.5165e-01,-1.6361e+05,1.2016e-01,7.2261e+00,9.8561e+04,9.1280e+01,1.7449e-01,-1.5443e+00,6.1997e+00,1.0107e+01,3.1351e+01
1.7700e+02,1.0000e+00,2.4790e+01,-1.6360e+05,-1.6361e+05,-3.5365e-01,-1.6361e+05,1.1673e-01,6.8197e+00,9.8555e+04,9.1721e+01,-2.1745e-01,-1.7906e+00,5.1678e+00,9.7698e+00,2.8720e+01
1.7800e+02,1.0000e+00,2.4895e+01,-1.6360e+05,-1.6361e+05,-3.5564e-01,-1.6361e+05,1.0999e-01,6.0553e+00,9.8552e+04,9.2144e+01,1.3185e-02,-1.9913e+00,4.7522e+00,9.5623e+00,3.1949e+01
1.7900e+02,1.0000e+00,2.5000e+01,-1.6360e+05,-1.6361e+05,-3.5764e-01,-1.6361e+05,1.0586e-01,5.6089e+00,9.8551e+04,9.2576e+01,1.7992e-02,-1.9079e+00,5.2603e+00,1.0050e+01,3.1992e+01
1.8000e+02,1.0000e+00,2.5105e+01,-1.6360e+05,-1.6361e+05,-3.5964e-01,-1.6361e+05,1.0810e-01,5.8489e+00,9.8550e+04,9.3039e+01,-1.2197e-01,-1.8992e+00,6.0422e+00,1.0117e+01,3.0892e+01
1.8100e+02,2.0000e+00,2.5174e+01,-1.6360e+05,-1.6360e+05,-3.6164e-01,-1.6360e+05,1.1819e-01,6.9915e+00,9.8549e+04,9.3901e+01,5.6726e-02,-1.6329e+00,5.1991e+00,1.0043e+01,3.1946e+01
1.8200e+02,1.0000e+00,2.5278e+01,-1.6359e+05,-1.6360e+05,-3.6364e-01,-1.6360e+05,1.1677e-01,6.8249e+00,9.8545e+04,9.4331e+01,-7.1091e-02,-1.7495e+00,5.5504e+00,9.9989e+00,2.9481e+01
1.8300e+02,2.0000e+00,2.5346e+01,-1.6359e+05,-1.6360e+05,-3.6563e-01,-1.6360e+05,1.0977e-01,6.0311e+00,9.8543e+04,9.5197e+01,1.0416e-02,-1.7045e+00,4.8336e+00,9.6001e+00,3.1845e+01
1.8400e+02,1.0000e+00,2.5450e+01,-1.6359e+05,-1.6360e+05,-3.6763e-01,-1.6360e+05,1.0596e-01,5.6192e+00,9.8541e+04,9.5634e+01,-2.2632e-01,-1.5778e+00,5.4970e+00,9.5839e+00,3.0335e+01
1.8500e+02,1.0000e+00,2.5552e+01,-1.6359e+05,-1.6360e+05,-3.6963e-01,-1.6360e+05,1.0794e-01,5.8309e+00,9.8541e+04,9.6068e+01,-2.0403e-01,-1.9731e+00,6.0884e+00,9.9410e+00,3.1479e+01
1.8600e+02,1.0000e+00,2.5655e+01,-1.6359e+05,-1.6359e+05,-3.7163e-01,-1.6359e+05,1.1558e-01,6.6860e+00,9.8540e+04,9.6505e+01,-1.9719e-01,-1.7114e+00,5.4629e+00,1.0176e+01,2.8787e+01
1.8700e+02,2.0000e+00,2.5722e+01,-1.6358e+05,-1.6359e+05,-3.7363e-01,-1.6359e+05,1.1904e-01,7.0928e+00,9.8537e+04,9.7342e+01,-1.5250e-01,-1.5897e+00,5.0609e+00,9.7754e+00,2.8164e+01
1.8800e+02,1.0000e+00,2.5824e+01,-1.6358e+05,-1.6359e+05,-3.7562e-01,-1.6359e+05,1.1073e-01,6.1370e+00,9.8533e+04,9.7762e+01,-1.3254e-01,-1.9754e+00,5.5326e+00,9.7375e+00,3.0074e+01
1.8900e+02,1.0000e+00,2.5926e+01,-1.6358e+05,-1.6359e+05,-3.7762e-01,-1.6359e+05,1.1746e-01,6.9059e+00,9.8532e+04,9.8189e+01,-4.7955e-02,-1.8914e+00,5.8208e+00,1.0093e+01,3.0119e+01
1.9000e+02,1.0000e+00,2.6027e+01,-1.6358e+05,-1.6358e+05,-3.7962e-01,-1.6358e+05,1.1089e-01,6.1546e+00,9.8529e+04,9.8642e+01,-1.3931e-01,-1.7101e+00,5.4248e+00,1.0151e+01,3.1893e+01
1.9100e+02,2.0000e+00,2.6093e+01,-1.6357e+05,-1.6358e+05,-3.8162e-01,-1.6358e+05,1.1743e-01,6.9016e+00,9.8528e+04,9.9495e+01,1.9409e-02,-1.7462e+00,5.4292e+00,9.8813e+00,2.9273e+01
1.9200e+02,1.0000e+00,2.6194e+01,-1.6357e+05,-1.6358e+05,-3.8362e-01,-1.6358e+05,1.1558e-01,6.6861e+00,9.8525e+04,9.9929e+01,-1.8743e-01,-1.5785e+00,5.4845e+00,9.9321e+00,3.1951e+01
1.9300e+02,1.0000e+00,2.6294e+01,-1.6357e+05,-1.6358e+05,-3.8561e-01,-1.6358e+05,1.1154e-01,6.2271e+00,9.8522e+04,1.0034e+02,3.8543e-02,-1.7374e+00,5.4307e+00,9.6819e+00,3.1913e+01
1.9400e+02,1.0000e+00,2.6395e+01,-1.6357e+05,-1.6358e+05,-3.8761e-01,-1.6358e+05,1.0869e-01,5.9122e+00,9.8521e+04,1.0077e+02,-1.5628e-01,-1.8926e+00,5.7826e+00,1.0161e+01,3.0006e+01
1.9500e+02,1.0000e+00,2.6495e+01,-1.6357e+05,-1.6358e+05,-3.8961e-01,-1.6358e+05,1.0585e-01,5.6080e+00,9.8520e+04,1.0121e+02,1.4178e-01,-1.5522e+00,4.8825e+00,9.5175e+00,3.1535e+01
1.9600e+02,1.0000e+00,2.6594e+01,-1.6356e+05,-1.6357e+05,-3.9161e-01,-1.6357e+05,1.1997e-01,7.2041e+00,9.8519e+04,1.0165e+02,-2.2525e-01,-1.6418e+00,5.1538e+00,9.7411e+00,3.1766e+01
1.9700e+02,1.0000e+00,2.6694e+01,-1.6356e+05,-1.6357e+05,-3.9361e-01,-1.6357e+05,1.1674e-01,6.8209e+00,9.8514e+04,1.0208e+02,1.0831e-01,-1.7596e+00,6.1184e+00,9.8556e+00,3.1932e+01
1.9800e+02,2.0000e+00,2.6757e+01,-1.6356e+05,-1.6357e+05,-3.9560e-01,-1.6357e+05,1.1143e-01,6.2148e+00,9.8512e+04,1.0294e+02,-2.6791e-03,-1.5691e+00,5.2839e+00,1.0163e+01,3.1867e+01
1.9900e+02,1.0000e+00,2.6856e+01,-1.6356e+05,-1.6356e+05,-3.9760e-01,-1.6356e+05,1.1594e-01,6.7280e+00,9.8510e+04,1.0338e+02,-2.1879e-01,-1.8703e+00,5.0965e+00,9.8450e+00,3.1730e+01
2.0000e+02,1.0000e+00,2.6954e+01,-1.6356e+05,-1.6356e+05,-3.9960e-01,-1.6356e+05,1.1200e-01,6.2786e+00,9.8508e+04,1.0385e+02,-2.4378e-01,-1.5359e+00,4.8807e+00,9.5487e+00,3.1640e+01
2.0100e+02,2.0000e+00,2.7016e+01,-1.6355e+05,-1.6356e+05,-4.0160e-01,-1.6356e+05,1.1787e-01,6.9539e+00,9.8506e+04,1.0470e+02,-1.2878e-01,-1.9436e+00,4.7150e+00,9.5295e+00,3.1706e+01
2.0200e+02,2.0000e+00,2.7078e+01,-1.6355e+05,-1.6356e+05,-4.0360e-01,-1.6356e+05,1.1774e-01,6.9380e+00,9.8503e+04,1.0555e+02,-1.3258e-01,-1.8676e+00,5.4800e+00,9.6192e+00,3.1997e+01
2.0300e+02,2.0000e+00,2.7139e+01,-1.6355e+05,-1.6355e+05,-4.0559e-01,-1.6355e+05,1.1836e-01,7.0114e+00,9.8500e+04,1.0641e+02,-1.7642e-01,-1.9852e+00,5.2817e+00,9.5798e+00,3.1803e+01
2.0400e+02,1.0000e+00,2.7236e+01,-1.6355e+05,-1.6355e+05,-4.0759e-01,-1.6355e+05,1.1091e-01,6.1570e+00,9.8496e+04,1.0685e+02,1.3519e-01,-1.8347e+00,5.1295e+00,1.0014e+01,3.1531e+01
2.0500e+02,1.0000e+00,2.7333e+01,-1.6354e+05,-1.6355e+05,-4.0959e-01,-1.6355e+05,1.1276e-01,6.3639e+00,9.8495e+04,1.0726e+02,6.9902e-02,-1.9625e+00,4.8603e+00,9.6919e+00,3.1534e+01
2.0600e+02,1.0000e+00,2.7430e+01,-1.6354e+05,-1.6355e+05,-4.1159e-01,-1.6355e+05,1.1652e-01,6.7950e+00,9.8494e+04,1.0771e+02,-2.4740e-02,-1.5799e+00,5.9676e+00,1.0151e+01,3.0808e+01
2.0700e+02,1.0000e+00,2.7527e+01,-1.6354e+05,-1.6355e+05,-4.1359e-01,-1.6355e+05,1.0981e-01,6.0353e+00,9.8491e+04,1.0815e+02,1.0822e-01,-1.7496e+00,5.7802e+00,1.0083e+01,3.0240e+01
2.0800e+02,1.0000e+00,2.7623e+01,-1.6354e+05,-1.6355e+05,-4.1558e-01,-1.6355e+05,1.0624e-01,5.6494e+00,9.8490e+04,1.0858e+02,2.2662e-01,-1.5573e+00,5.8379e+00,9.5223e+00,3.1850e+01
2.0900e+02,1.0000e+00,2.7719e+01,-1.6354e+05,-1.6355e+05,-4.1758e-01,-1.6355e+05,1.0376e-01,5.3881e+00,9.8489e+04,1.0901e+02,-2.2914e-01,-1.5022e+00,5.3570e+00,1.0046e+01,3.1725e+01
2.1000e+02,1.0000e+00,2.7815e+01,-1.6354e+05,-1.6355e+05,-4.1958e-01,-1.6354e+05,1.0443e-01,5.4578e+00,9.8489e+04,1.0947e+02,1.8186e-01,-1.7973e+00,5.5895e+00,9.5864e+00,3.1930e+01
2.1100e+02,1.0000e+00,2.7910e+01,-1.6354e+05,-1.6354e+05,-4.2158e-01,-1.6354e+05,1.1456e-01,6.5686e+00,9.8488e+04,1.0989e+02,9.7736e-02,-1.9546e+00,5.0709e+00,1.0126e+01,3.1855e+01
2.1200e+02,2.0000e+00,2.7968e+01,-1.6354e+05,-1.6354e+05,-4.2358e-01,-1.6354e+05,1.0907e-01,5.9538e+00,9.8486e+04,1.1074e+02,7.4427e-02,-1.7060e+00,5.5702e+00,9.9874e+00,2.9666e+01
2.1300e+02,2.0000e+00,2.8026e+01,-1.6353e+05,-1.6354e+05,-4.2557e-01,-1.6354e+05,1.0751e-01,5.7851e+00,9.8485e+04,1.1158e+02,1.7773e-01,-1.7136e+00,6.1976e+00,1.0010e+01,3.1881e+01
2.1400e+02,1.0000e+00,2.8121e+01,-1.6353e+05,-1.6354e+05,-4.2757e-01,-1.6354e+05,1.0752e-01,5.7859e+00,9.8484e+04,1.1201e+02,-6.4537e-02,-1.7766e+00,4.7453e+00,9.8363e+00,3.1933e+01
2.1500e+02,1.0000e+00,2.8215e+01,-1.6353e+05,-1.6354e+05,-4.2957e-01,-1.6354e+05,1.0539e-01,5.5592e+00,9.8483e+04,1.1244e+02,-1.3355e-01,-1.5858e+00,6.1743e+00,1.0070e+01,3.1845e+01
2.1600e+02,1.0000e+00,2.8309e+01,-1.6353e+05,-1.6354e+05,-4.3157e-01,-1.6354e+05,1.0699e-01,5.7288e+00,9.8482e+04,1.1286e+02,-1.2690e-01,-1.8806e+00,5.4005e+00,9.6712e+00,3.1725e+01
2.1700e+02,1.0000e+00,2.8403e+01,-1.6353e+05,-1.6354e+05,-4.3357e-01,-1.6354e+05,1.0657e-01,5.6848e+00,9.8481e+04,1.1329e+02,1.0292e-01,-1.8107e+00,5.9493e+00,9.9470e+00,3.1725e+01
2.1800e+02,2.0000e+00,2.8460e+01,-1.6353e+05,-1.6354e+05,-4.3556e-01,-1.6354e+05,1.0806e-01,5.8445e+00,9.8480e+04,1.1413e+02,1.1747e-01,-1.8172e+00,5.9048e+00,1.0048e+01,3.0805e+01
2.1900e+02,1.0000e+00,2.8553e+01,-1.6353e+05,-1.6354e+05,-4.3756e-01,-1.6354e+05,1.0559e-01,5.5806e+00,9.8479e+04,1.1456e+02,-2.6912e-02,-1.5724e+00,6.2335e+00,1.0114e+01,3.1862e+01
2.2000e+02,1.0000e+00,2.8646e+01,-1.6353e+05,-1.6353e+05,-4.3956e-01,-1.6353e+05,1.0592e-01,5.6156e+00,9.8478e+04,1.1502e+02,1.9061e-01,-1.7137e+00,4.7841e+00,9.6809e+00,3.1461e+01
2.2100e+02,1.0000e+00,2.8739e+01,-1.6353e+05,-1.6353e+05,-4.4156e-01,-1.6353e+05,1.0417e-01,5.4316e+00,9.8477e+04,1.1543e+02,-2.4480e-01,-1.6634e+00,5.8698e+00,1.0082e+01,3.1978e+01
2.2200e+02,2.0000e+00,2.8794e+01,-1.6353e+05,-1.6353e+05,-4.4356e-01,-1.6353e+05,1.0238e-01,5.2460e+00,9.8477e+04,1.1627e+02,4.0661e-02,-1.9436e+00,5.4322e+00,9.7945e+00,3.1608e+01
2.2300e+02,1.0000e+00,2.8886e+01,-1.6353e+05,-1.6353e+05,-4.4555e-01,-1.6353e+05,1.0486e-01,5.5033e+00,9.8476e+04,1.1670e+02,-2.3848e-01,-1.7463e+00,5.5597e+00,9.5967e+00,3.0690e+01
2.2400e+02,1.0000e+00,2.8978e+01,-1.6352e+05,-1.6353e+05,-4.4755e-01,-1.6353e+05,1.1346e-01,6.4428e+00,9.8475e+04,1.1714e+02,8.1924e-02,-1.9770e+00,6.1267e+00,1.0160e+01,3.1876e+01
2.2500e+02,1.0000e+00,2.9070e+01,-1.6352e+05,-1.6353e+05,-4.4955e-01,-1.6353e+05,1.0894e-01,5.9400e+00,9.8473e+04,1.1756e+02,-1.5581e-01,-1.5376e+00,5.6190e+00,9.5412e+00,3.1535e+01
2.2600e+02,1.0000e+00,2.9161e+01,-1.6352e+05,-1.6353e+05,-4.5155e-01,-1.6353e+05,1.1364e-01,6.4631e+00,9.8472e+04,1.1798e+02,9.7064e-02,-1.8216e+00,5.8041e+00,1.0072e+01,3.1707e+01
2.2700e+02,1.0000e+00,2.9253e+01,-1.6352e+05,-1.6352e+05,-4.5355e-01,-1.6352e+05,1.1881e-01,7.0648e+00,9.8470e+04,1.1839e+02,1.3382e-01,-1.8935e+00,5.5616e+00,9.9755e+00,3.1502e+01
2.2800e+02,1.0000e+00,2.9344e+01,-1.6352e+05,-1.6352e+05,-4.5554e-01,-1.6352e+05,1.1160e-01,6.2334e+00,9.8467e+04,1.1881e+02,1.4410e-01,-1.7178e+00,4.7467e+00,9.7296e+00,3.1683e+01
2.2900e+02,2.0000e+00,2.9397e+01,-1.6351e+05,-1.6352e+05,-4.5754e-01,-1.6352e+05,1.1146e-01,6.2176e+00,9.8466e+04,1.1968e+02,-7.0656e-02,-1.6244e+00,6.0970e+00,1.0168e+01,3.1518e+01
2.3000e+02,2.0000e+00,2.9449e+01,-1.6351e+05,-1.6352e+05,-4.5954e-01,-1.6352e+05,1.0886e-01,5.9309e+00,9.8464e+04,1.2056e+02,-2.2595e-01,-1.7015e+00,5.5354e+00,9.8468e+00,3.1662e+01
2.3100e+02,2.0000e+00,2.9502e+01,-1.6351e+05,-1.6352e+05,-4.6154e-01,-1.6352e+05,1.0924e-01,5.9726e+00,9.8463e+04,1.2141e+02,2.3705e-01,-1.7372e+00,6.0743e+00,1.0073e+01,3.1354e+01
2.3200e+02,1.0000e+00,2.9592e+01,-1.6351e+05,-1.6352e+05,-4.6354e-01,-1.6352e+05,1.0669e-01,5.6973e+00,9.8462e+04,1.2183e+02,-2.3076e-01,-1.9579e+00,5.0060e+00,9.7134e+00,3.1482e+01
2.3300e+02,5.0000e+00,2.9531e+01,-1.6351e+05,-1.6352e+05,-4.6553e-01,-1.6352e+05,1.0694e-01,5.7240e+00,9.8461e+04,1.2393e+02,1.7630e-01,-1.7010e+00,5.5815e+00,9.8760e+00,3.1557e+01
2.3400e+02,1.0000e+00,2.9620e+01,-1.6351e+05,-1.6352e+05,-4.6753e-01,-1.6352e+05,1.0952e-01,6.0032e+00,9.8460e+04,1.2437e+02,1.5952e-02,-1.5123e+00,5.4823e+00,1.0130e+01,3.1547e+01
2.3500e+02,1.0000e+00,2.9709e+01,-1.6351e+05,-1.6352e+05,-4.6953e-01,-1.6351e+05,1.0796e-01,5.8338e+00,9.8459e+04,1.2479e+02,9.6068e-02,-1.9785e+00,6.0008e+00,9.7590e+00,3.1746e+01
2.3600e+02,1.0000e+00,2.9798e+01,-1.6351e+05,-1.6351e+05,-4.7153e-01,-1.6351e+05,1.0555e-01,5.5759e+00,9.8458e+04,1.2521e+02,6.5766e-02,-1.8489e+00,5.0811e+00,9.9587e+00,3.1412e+01
2.3700e+02,1.0000e+00,2.9887e+01,-1.6351e+05,-1.6351e+05,-4.7353e-01,-1.6351e+05,1.0319e-01,5.3292e+00,9.8457e+04,1.2564e+02,2.1730e-01,-1.5710e+00,5.3734e+00,1.0037e+01,3.1194e+01
2.3800e+02,1.0000e+00,2.9975e+01,-1.6351e+05,-1.6351e+05,-4.7552e-01,-1.6351e+05,1.0122e-01,5.1279e+00,9.8457e+04,1.2606e+02,2.1940e-01,-1.6559e+00,5.1993e+00,9.9844e+00,3.1152e+01
2.3900e+02,1.0000e+00,3.0063e+01,-1.6351e+05,-1.6351e+05,-4.7752e-01,-1.6351e+05,9.9540e-02,4.9591e+00,9.8456e+04,1.2650e+02,7.2820e-02,-1.7933e+00,5.3331e+00,9.9099e+00,3.1396e+01
2.4000e+02,1.0000e+00,3.0151e+01,-1.6351e+05,-1.6351e+05,-4.7952e-01,-1.6351e+05,1.0070e-01,5.0750e+00,9.8456e+04,1.2705e+02,-1.0886e-01,-1.6711e+00,5.8313e+00,1.0162e+01,3.0672e+01
2.4100e+02,1.0000e+00,3.0238e+01,-1.6350e+05,-1.6351e+05,-4.8152e-01,-1.6351e+05,1.1140e-01,6.2108e+00,9.8456e+04,1.2748e+02,1.3356e-01,-1.6459e+00,5.8906e+00,9.8904e+00,3.1863e+01
2.4200e+02,1.0000e+00,3.0326e+01,-1.6350e+05,-1.6351e+05,-4.8352e-01,-1.6351e+05,1.0861e-01,5.9038e+00,9.8454e+04,1.2792e+02,-2.1506e-01,-1.5561e+00,5.6177e+00,9.6511e+00,3.0890e+01
2.4300e+02,2.0000e+00,3.0375e+01,-1.6350e+05,-1.6351e+05,-4.8551e-01,-1.6351e+05,1.0963e-01,6.0154e+00,9.8453e+04,1.2876e+02,2.1707e-01,-1.7646e+00,5.0371e+00,9.6841e+00,2.8396e+01
2.4400e+02,2.0000e+00,3.0424e+01,-1.6350e+05,-1.6351e+05,-4.8751e-01,-1.6351e+05,1.1209e-01,6.2883e+00,9.8452e+04,1.2961e+02,2.1655e-02,-1.5613e+00,6.1118e+00,1.0184e+01,3.1925e+01
2.4500e+02,1.0000e+00,3.0511e+01,-1.6350e+05,-1.6351e+05,-4.8951e-01,-1.6351e+05,1.1114e-01,6.1818e+00,9.8450e+04,1.3003e+02,-2.2482e-01,-1.9228e+00,5.1996e+00,9.5287e+00,2.9670e+01
2.4600e+02,1.0000e+00,3.0597e+01,-1.6350e+05,-1.6350e+05,-4.9151e-01,-1.6350e+05,1.1017e-01,6.0745e+00,9.8449e+04,1.3046e+02,2.5893e-02,-1.9537e+00,5.7213e+00,9.8950e+00,3.0983e+01
2.4700e+02,3.0000e+00,3.0607e+01,-1.6350e+05,-1.6350e+05,-4.9351e-01,-1.6350e+05,1.0686e-01,5.7152e+00,9.8447e+04,1.3173e+02,3.9137e-02,-1.9581e+00,5.2825e+00,9.6239e+00,2.9683e+01
2.4800e+02,4.0000e+00,3.0580e+01,-1.6350e+05,-1.6350e+05,-4.9550e-01,-1.6350e+05,1.0428e-01,5.4423e+00,9.8447e+04,1.3339e+02,-2.2364e-01,-1.9787e+00,5.0868e+00,9.9224e+00,2.8329e+01
2.4900e+02,1.0000e+00,3.0665e+01,-1.6350e+05,-1.6350e+05,-4.9750e-01,-1.6350e+05,1.0235e-01,5.2426e+00,9.8446e+04,1.3380e+02,-4.1333e-02,-1.9177e+00,5.1637e+00,9.7322e+00,3.1381e+01
2.5000e+02,1.0000e+00,3.0750e+01,-1.6350e+05,-1.6350e+05,-4.9950e-01,-1.6350e+05,1.0217e-01,5.2242e+00,9.8446e+04,1.3427e+02,-2.1162e-01,-1.5316e+00,6.0075e+00,1.0181e+01,3.1293e+01
2.5100e+02,3.0000e+00,3.0760e+01,-1.6350e+05,-1.6350e+05,-5.0150e-01,-1.6350e+05,1.0139e-01,5.1452e+00,9.8445e+04,1.3554e+02,2.1084e-01,-1.7090e+00,5.6633e+00,9.9320e+00,3.1037e+01
2.5200e+02,1.0000e+00,3.0845e+01,-1.6350e+05,-1.6350e+05,-5.0350e-01,-1.6350e+05,1.0033e-01,5.0379e+00,9.8445e+04,1.3597e+02,6.2967e-02,-1.9498e+00,5.3091e+00,9.7787e+00,2.9341e+01
2.5300e+02,1.0000e+00,3.0929e+01,-1.6349e+05,-1.6350e+05,-5.0549e-01,-1.6350e+05,1.0787e-01,5.8237e+00,9.8444e+04,1.3640e+02,-1.0696e-01,-1.5337e+00,5.5797e+00,1.0172e+01,2.9621e+01
2.5400e+02,3.0000e+00,3.0938e+01,-1.6349e+05,-1.6350e+05,-5.0749e-01,-1.6350e+05,1.1102e-01,6.1685e+00,9.8443e+04,1.3765e+02,-2.0674e-01,-1.6235e+00,5.7269e+00,9.7209e+00,3.1381e+01
2.5500e+02,5.0000e+00,3.0872e+01,-1.6349e+05,-1.6350e+05,-5.0949e-01,-1.6350e+05,1.1035e-01,6.0945e+00,9.8442e+04,1.3974e+02,-7.4214e-02,-1.7785e+00,5.2385e+00,9.9323e+00,2.8708e+01
2.5600e+02,2.0000e+00,3.0918e+01,-1.6349e+05,-1.6350e+05,-5.1149e-01,-1.6350e+05,1.0750e-01,5.7839e+00,9.8440e+04,1.4057e+02,1.8166e-01,-1.8825e+00,5.1913e+00,9.5186e+00,2.9520e+01
2.5700e+02,1.0000e+00,3.1001e+01,-1.6349e+05,-1.6350e+05,-5.1349e-01,-1.6350e+05,1.0748e-01,5.7823e+00,9.8439e+04,1.4099e+02,-2.1058e-01,-1.9955e+00,5.1750e+00,1.0169e+01,2.8138e+01
2.5800e+02,1.0000e+00,3.1084e+01,-1.6349e+05,-1.6349e+05,-5.1548e-01,-1.6349e+05,1.0924e-01,5.9728e+00,9.8438e+04,1.4141e+02,1.9998e-01,-1.7916e+00,5.1076e+00,9.5043e+00,2.9203e+01
2.5900e+02,1.0000e+00,3.1167e+01,-1.6349e+05,-1.6349e+05,-5.1748e-01,-1.6349e+05,1.0667e-01,5.6950e+00,9.8437e+04,1.4183e+02,4.2800e-02,-1.8508e+00,5.3014e+00,9.7288e+00,2.9581e+01
2.6000e+02,2.0000e+00,3.1212e+01,-1.6349e+05,-1.6349e+05,-5.1948e-01,-1.6349e+05,1.0423e-01,5.4369e+00,9.8436e+04,1.4272e+02,-8.6091e-02,-1.6245e+00,5.5324e+00,1.0171e+01,3.1364e+01
2.6100e+02,1.0000e+00,3.1295e+01,-1.6349e+05,-1.6349e+05,-5.2148e-01,-1.6349e+05,1.0217e-01,5.2241e+00,9.8436e+04,1.4316e+02,2.3952e-01,-1.9699e+00,5.6448e+00,9.6253e+00,3.1448e+01
2.6200e+02,1.0000e+00,3.1377e+01,-1.6349e+05,-1.6349e+05,-5.2348e-01,-1.6349e+05,1.0112e-01,5.1174e+00,9.8436e+04,1.4358e+02,6.9602e-02,-1.5071e+00,5.6535e+00,9.8359e+00,3.0900e+01
2.6300e+02,2.0000e+00,3.1422e+01,-1.6349e+05,-1.6349e+05,-5.2547e-01,-1.6349e+05,1.0033e-01,5.0381e+00,9.8435e+04,1.4443e+02,4.3181e-02,-1.7588e+00,6.0822e+00,1.0058e+01,3.1291e+01
2.6400e+02,1.0000e+00,3.1504e+01,-1.6349e+05,-1.6349e+05,-5.2747e-01,-1.6349e+05,9.9201e-02,4.9253e+00,9.8435e+04,1.4486e+02,-4.9447e-02,-1.5347e+00,5.0460e+00,1.0067e+01,3.1527e+01
2.6500e+02,1.0000e+00,3.1585e+01,-1.6349e+05,-1.6349e+05,-5.2947e-01,-1.6349e+05,9.8008e-02,4.8076e+00,9.8434e+04,1.4529e+02,-1.8358e-01,-1.9485e+00,5.2257e+00,9.7214e+00,3.1383e+01
2.6600e+02,1.0000e+00,3.1667e+01,-1.6348e+05,-1.6349e+05,-5.3147e-01,-1.6349e+05,9.8631e-02,4.8689e+00,9.8434e+04,1.4572e+02,6.1481e-02,-1.7935e+00,4.5892e+00,9.5256e+00,3.1473e+01
2.6700e+02,1.0000e+00,3.1748e+01,-1.6348e+05,-1.6349e+05,-5.3347e-01,-1.6349e+05,1.0233e-01,5.2405e+00,9.8434e+04,1.4616e+02,-1.0201e-01,-1.9045e+00,5.5418e+00,9.6289e+00,3.1504e+01
2.6800e+02,2.0000e+00,3.1791e+01,-1.6348e+05,-1.6349e+05,-5.3546e-01,-1.6349e+05,1.1913e-01,7.1033e+00,9.8433e+04,1.4699e+02,-1.1370e-01,-1.8618e+00,5.9056e+00,1.0171e+01,3.1504e+01
2.6900e+02,1.0000e+00,3.1872e+01,-1.6348e+05,-1.6348e+05,-5.3746e-01,-1.6348e+05,1.1512e-01,6.6332e+00,9.8430e+04,1.4742e+02,-2.3110e-02,-1.8030e+00,5.5149e+00,9.8877e+00,3.1372e+01
2.7000e+02,2.0000e+00,3.1915e+01,-1.6348e+05,-1.6348e+05,-5.3946e-01,-1.6348e+05,1.1599e-01,6.7331e+00,9.8428e+04,1.4831e+02,-2.4116e-01,-1.7564e+00,5.1491e+00,9.6405e+00,3.1342e+01
2.7100e+02,1.0000e+00,3.1995e+01,-1.6347e+05,-1.6348e+05,-5.4146e-01,-1.6348e+05,1.1298e-01,6.3886e+00,9.8426e+04,1.4874e+02,2.2003e-01,-1.5599e+00,4.8744e+00,9.5121e+00,2.8275e+01
2.7200e+02,3.0000e+00,3.2000e+01,-1.6347e+05,-1.6348e+05,-5.4346e-01,-1.6348e+05,1.0895e-01,5.9410e+00,9.8424e+04,1.5003e+02,-1.2337e-01,-1.5382e+00,5.5941e+00,9.7978e+00,3.1361e+01
2.7300e+02,1.0000e+00,3.2080e+01,-1.6347e+05,-1.6348e+05,-5.4545e-01,-1.6348e+05,1.0675e-01,5.7032e+00,9.8423e+04,1.5047e+02,-1.0142e-01,-1.9708e+00,5.3640e+00,9.5159e+00,3.1420e+01
2.7400e+02,1.0000e+00,3.2160e+01,-1.6347e+05,-1.6348e+05,-5.4745e-01,-1.6348e+05,1.1389e-01,6.4918e+00,9.8422e+04,1.5089e+02,9.7045e-02,-1.7056e+00,5.6519e+00,1.0112e+01,3.1221e+01
2.7500e+02,2.0000e+00,3.2201e+01,-1.6347e+05,-1.6348e+05,-5.4945e-01,-1.6348e+05,1.1477e-01,6.5930e+00,9.8421e+04,1.5173e+02,-1.8818e-01,-1.9289e+00,4.6881e+00,9.5573e+00,3.1367e+01
2.7600e+02,1.0000e+00,3.2281e+01,-1.6347e+05,-1.6347e+05,-5.5145e-01,-1.6347e+05,1.1095e-01,6.1613e+00,9.8419e+04,1.5216e+02,-2.0203e-01,-1.6259e+00,5.0739e+00,9.7035e+00,2.8913e+01
2.7700e+02,1.0000e+00,3.2360e+01,-1.6347e+05,-1.6347e+05,-5.5345e-01,-1.6347e+05,1.0780e-01,5.8162e+00,9.8417e+04,1.5260e+02,-7.4322e-02,-1.7709e+00,5.0769e+00,9.9818e+00,2.8014e+01
2.7800e+02,1.0000e+00,3.2439e+01,-1.6347e+05,-1.6347e+05,-5.5544e-01,-1.6347e+05,1.0839e-01,5.8800e+00,9.8417e+04,1.5304e+02,1.5935e-01,-1.7274e+00,4.8538e+00,1.0123e+01,3.1893e+01
2.7900e+02,2.0000e+00,3.2480e+01,-1.6347e+05,-1.6347e+05,-5.5744e-01,-1.6347e+05,1.0612e-01,5.6367e+00,9.8416e+04,1.5388e+02,-1.8129e-01,-1.5313e+00,5.7687e+00,1.0167e+01,3.1439e+01
2.8000e+02,1.0000e+00,3.2558e+01,-1.6346e+05,-1.6347e+05,-5.5944e-01,-1.6347e+05,1.0542e-01,5.5625e+00,9.8415e+04,1.5434e+02,7.1669e-02,-1.7067e+00,5.7240e+00,1.0021e+01,3.1196e+01
2.8100e+02,5.0000e+00,3.2486e+01,-1.6346e+05,-1.6347e+05,-5.6144e-01,-1.6347e+05,1.0605e-01,5.6288e+00,9.8414e+04,1.5643e+02,1.8708e-02,-1.5398e+00,5.6307e+00,9.8754e+00,3.0573e+01
2.8200e+02,4.0000e+00,3.2451e+01,-1.6346e+05,-1.6347e+05,-5.6344e-01,-1.6347e+05,1.1161e-01,6.2346e+00,9.8413e+04,1.5813e+02,2.2196e-01,-1.9296e+00,5.4683e+00,9.5799e+00,3.0987e+01
2.8300e+02,1.0000e+00,3.2529e+01,-1.6346e+05,-1.6347e+05,-5.6543e-01,-1.6347e+05,1.0874e-01,5.9176e+00,9.8412e+04,1.5855e+02,5.7685e-02,-1.5821e+00,4.8793e+00,9.9427e+00,3.1377e+01
2.8400e+02,1.0000e+00,3.2606e+01,-1.6346e+05,-1.6347e+05,-5.6743e-01,-1.6347e+05,1.0579e-01,5.6018e+00,9.8411e+04,1.5898e+02,1.9598e-01,-1.7455e+00,5.1957e+00,1.0080e+01,2.8299e+01
2.8500e+02,3.0000e+00,3.2609e+01,-1.6346e+05,-1.6347e+05,-5.6943e-01,-1.6347e+05,1.0339e-01,5.3501e+00,9.8410e+04,1.6025e+02,5.1304e-02,-1.8053e+00,4.7369e+00,9.8730e+00,3.1504e+01
2.8600e+02,1.0000e+00,3.2686e+01,-1.6346e+05,-1.6347e+05,-5.7143e-01,-1.6347e+05,1.0320e-01,5.3305e+00,9.8410e+04,1.6066e+02,1.3950e-01,-1.6803e+00,5.1559e+00,9.8966e+00,3.1043e+01
2.8700e+02,1.0000e+00,3.2763e+01,-1.6346e+05,-1.6347e+05,-5.7343e-01,-1.6347e+05,1.0408e-01,5.4216e+00,9.8409e+04,1.6109e+02,-1.2001e-02,-1.8055e+00,4.9256e+00,1.0115e+01,3.1667e+01
2.8800e+02,1.0000e+00,3.2839e+01,-1.6346e+05,-1.6347e+05,-5.7542e-01,-1.6347e+05,1.0317e-01,5.3269e+00,9.8409e+04,1.6152e+02,1.0925e-01,-1.9295e+00,5.4666e+00,9.8047e+00,3.1072e+01
2.8900e+02,1.0000e+00,3.2916e+01,-1.6346e+05,-1.6347e+05,-5.7742e-01,-1.6346e+05,1.0450e-01,5.4653e+00,9.8408e+04,1.6194e+02,9.6588e-02,-1.7349e+00,5.5415e+00,9.7992e+00,3.1071e+01
2.9000e+02,1.0000e+00,3.2992e+01,-1.6345e+05,-1.6346e+05,-5.7942e-01,-1.6346e+05,1.1800e-01,6.9695e+00,9.8407e+04,1.6241e+02,-1.6111e-01,-1.8918e+00,5.6732e+00,9.9420e+00,3.1178e+01
2.9100e+02,3.0000e+00,3.2993e+01,-1.6345e+05,-1.6346e+05,-5.8142e-01,-1.6346e+05,1.1259e-01,6.3443e+00,9.8405e+04,1.6367e+02,1.0742e-01,-1.6648e+00,5.4026e+00,9.7735e+00,3.1067e+01
2.9200e+02,2.0000e+00,3.3032e+01,-1.6345e+05,-1.6346e+05,-5.8342e-01,-1.6346e+05,1.1344e-01,6.4402e+00,9.8403e+04,1.6450e+02,2.3866e-01,-1.5123e+00,5.0146e+00,1.0070e+01,3.1036e+01
2.9300e+02,2.0000e+00,3.3070e+01,-1.6345e+05,-1.6346e+05,-5.8541e-01,-1.6346e+05,1.0986e-01,6.0405e+00,9.8402e+04,1.6536e+02,1.1152e-02,-1.9508e+00,5.6409e+00,1.0119e+01,3.0268e+01
2.9400e+02,1.0000e+00,3.3145e+01,-1.6345e+05,-1.6346e+05,-5.8741e-01,-1.6346e+05,1.0996e-01,6.0521e+00,9.8401e+04,1.6579e+02,2.3952e-01,-1.5594e+00,5.3830e+00,1.0151e+01,3.0899e+01
2.9500e+02,1.0000e+00,3.3221e+01,-1.6345e+05,-1.6345e+05,-5.8941e-01,-1.6345e+05,1.1955e-01,7.1535e+00,9.8400e+04,1.6621e+02,-1.7597e-01,-1.9562e+00,4.8757e+00,9.7463e+00,3.1174e+01
2.9600e+02,1.0000e+00,3.3296e+01,-1.6344e+05,-1.6345e+05,-5.9141e-01,-1.6345e+05,1.1669e-01,6.8147e+00,9.8396e+04,1.6662e+02,-2.1683e-02,-1.6656e+00,4.9276e+00,1.0046e+01,3.1384e+01
2.9700e+02,1.0000e+00,3.3371e+01,-1.6344e+05,-1.6345e+05,-5.9341e-01,-1.6345e+05,1.2160e-01,7.4009e+00,9.8394e+04,1.6706e+02,-8.0391e-02,-1.8514e+00,5.6540e+00,1.0198e+01,3.0208e+01
2.9800e+02,2.0000e+00,3.3408e+01,-1.6344e+05,-1.6345e+05,-5.9540e-01,-1.6345e+05,1.1284e-01,6.3732e+00,9.8389e+04,1.6790e+02,1.3147e-01,-1.7331e+00,5.4240e+00,9.8811e+00,3.0848e+01
2.9900e+02,2.0000e+00,3.3445e+01,-1.6344e+05,-1.6344e+05,-5.9740e-01,-1.6344e+05,1.1734e-01,6.8914e+00,9.8388e+04,1.6875e+02,1.5247e-01,-1.7901e+00,4.8952e+00,1.0029e+01,3.1241e+01
