niter,nc,eff,logl,logwt,logvol,logz,logzerr,h,delta_logz,time_elapsed,logfeh_mean,logdust,logSFH0,logSFH1,logSFH2,logSFH3,logSFH4,dmod
1.0000e+00,1.0000e+00,1.9960e-01,-1.5571e+05,-1.5572e+05,-1.9980e-03,-1.5572e+05,1.1750e-01,6.9098e+00,inf,1.5235e+00,-9.6883e-01,-1.1163e+00,-8.8161e-01,8.5280e-02,1.0525e+00,1.9353e+00,4.6326e+00,2.3039e+01
2.0000e+00,1.0000e+00,3.9841e-01,-1.5533e+05,-1.5534e+05,-3.9960e-03,-1.5534e+05,1.1751e-01,6.9118e+00,1.4533e+05,3.0459e+00,-4.9898e-02,-1.1674e+00,-9.1589e-01,1.2261e-01,9.4129e-01,1.4659e+00,4.6544e+00,2.3212e+01
3.0000e+00,1.0000e+00,5.9642e-01,-1.5532e+05,-1.5533e+05,-5.9940e-03,-1.5533e+05,1.1753e-01,6.9136e+00,1.4495e+05,4.5746e+00,-6.6177e-01,-1.4777e+00,-1.8391e+00,4.6218e-01,1.5334e+00,2.5497e+00,4.6652e+00,2.3536e+01
4.0000e+00,1.0000e+00,7.9365e-01,-1.5504e+05,-1.5505e+05,-7.9920e-03,-1.5505e+05,1.1755e-01,6.9157e+00,1.4494e+05,6.3054e+00,2.3022e-01,-1.3895e+00,-7.3238e-01,3.4384e-01,8.7000e-01,1.7871e+00,4.6381e+00,2.3288e+01
5.0000e+00,1.0000e+00,9.9010e-01,-1.5499e+05,-1.5500e+05,-9.9900e-03,-1.5500e+05,1.1757e-01,6.9177e+00,1.4466e+05,7.8300e+00,-5.1180e-01,-1.1843e+00,-8.8491e-02,8.7614e-01,-3.6692e-02,1.6525e+00,4.6371e+00,2.3433e+01
6.0000e+00,1.0000e+00,1.1858e+00,-1.5493e+05,-1.5494e+05,-1.1988e-02,-1.5494e+05,1.1758e-01,6.9197e+00,1.4461e+05,9.5566e+00,-7.8735e-01,-1.2816e+00,-2.9618e-01,-7.0647e-01,1.7135e+00,2.9240e+00,4.5095e+00,2.3113e+01
7.0000e+00,1.0000e+00,1.3807e+00,-1.5489e+05,-1.5490e+05,-1.3986e-02,-1.5490e+05,1.1760e-01,6.9217e+00,1.4455e+05,1.1080e+01,-8.2816e-01,-1.3043e+00,-8.9478e-01,-2.8950e-01,1.2815e+00,3.0861e+00,4.5155e+00,2.3322e+01
8.0000e+00,1.0000e+00,1.5748e+00,-1.5472e+05,-1.5473e+05,-1.5984e-02,-1.5473e+05,1.1762e-01,6.9237e+00,1.4451e+05,1.2403e+01,-3.3065e-01,-1.5552e+00,-1.9916e+00,2.4688e-01,1.6949e+00,3.3508e+00,4.5362e+00,2.3554e+01
9.0000e+00,1.0000e+00,1.7682e+00,-1.5465e+05,-1.5465e+05,-1.7982e-02,-1.5465e+05,1.1763e-01,6.9257e+00,1.4434e+05,1.3742e+01,2.1138e-01,-1.2507e+00,-1.7031e-01,-7.8827e-01,1.4340e+00,2.8784e+00,4.5991e+00,2.3344e+01
1.0000e+01,1.0000e+00,1.9608e+00,-1.5464e+05,-1.5465e+05,-1.9980e-02,-1.5465e+05,1.1741e-01,6.8994e+00,1.4427e+05,1.5208e+01,2.4298e-01,-1.4329e+00,-3.1266e-01,-7.8275e-01,1.0318e-01,2.0768e+00,4.5856e+00,2.3311e+01
1.1000e+01,1.0000e+00,2.1526e+00,-1.5462e+05,-1.5462e+05,-2.1978e-02,-1.5462e+05,1.1767e-01,6.9297e+00,1.4426e+05,1.6741e+01,1.2902e-01,-1.2541e+00,-1.3389e+00,-9.4641e-01,1.0878e+00,2.9679e+00,4.5294e+00,2.3328e+01
1.2000e+01,1.0000e+00,2.3438e+00,-1.5446e+05,-1.5446e+05,-2.3976e-02,-1.5446e+05,1.1768e-01,6.9317e+00,1.4424e+05,1.8286e+01,-3.0069e-01,-1.9060e+00,-4.5489e-01,5.6746e-02,1.4563e-01,2.7087e+00,4.5424e+00,2.3594e+01
1.3000e+01,1.0000e+00,2.5341e+00,-1.5443e+05,-1.5443e+05,-2.5974e-02,-1.5443e+05,1.1770e-01,6.9337e+00,1.4408e+05,1.9607e+01,-9.2197e-01,-1.7406e+00,-9.7142e-01,2.0695e-02,1.6303e+00,1.5265e+00,4.5893e+00,2.4020e+01
1.4000e+01,1.0000e+00,2.7237e+00,-1.5429e+05,-1.5430e+05,-2.7972e-02,-1.5430e+05,1.1772e-01,6.9357e+00,1.4405e+05,2.0929e+01,-5.3174e-01,-1.9369e+00,-1.1779e+00,4.7435e-01,1.3014e+00,1.8044e+00,4.4019e+00,2.3086e+01
1.5000e+01,1.0000e+00,2.9126e+00,-1.5426e+05,-1.5427e+05,-2.9970e-02,-1.5427e+05,1.1774e-01,6.9377e+00,1.4391e+05,2.2481e+01,1.1486e-01,-1.1896e+00,-1.0758e-01,9.5034e-01,9.4768e-01,2.0386e+00,4.5130e+00,2.3152e+01
1.6000e+01,1.0000e+00,3.1008e+00,-1.5424e+05,-1.5425e+05,-3.1968e-02,-1.5425e+05,1.1775e-01,6.9397e+00,1.4388e+05,2.4209e+01,-4.0720e-01,-1.9489e+00,-1.4844e+00,8.4419e-02,9.5704e-01,2.1484e+00,4.3954e+00,2.3098e+01
1.7000e+01,1.0000e+00,3.2882e+00,-1.5413e+05,-1.5414e+05,-3.3966e-02,-1.5414e+05,1.1777e-01,6.9417e+00,1.4386e+05,2.5929e+01,-2.1583e-01,-1.7383e+00,-8.7069e-01,1.4471e-01,1.6603e-01,2.7298e+00,4.5626e+00,2.4070e+01
1.8000e+01,1.0000e+00,3.4749e+00,-1.5410e+05,-1.5411e+05,-3.5964e-02,-1.5411e+05,1.1779e-01,6.9437e+00,1.4375e+05,2.7454e+01,-4.7596e-01,-1.4313e+00,-1.9524e+00,1.0262e+00,1.0034e+00,2.9745e+00,4.5389e+00,2.4025e+01
1.9000e+01,1.0000e+00,3.6609e+00,-1.5407e+05,-1.5408e+05,-3.7962e-02,-1.5408e+05,1.1780e-01,6.9457e+00,1.4372e+05,2.8977e+01,2.4332e-01,-1.8205e+00,-1.4007e+00,1.7149e-01,-2.1595e-01,3.2169e+00,4.6307e+00,2.4671e+01
2.0000e+01,1.0000e+00,3.8462e+00,-1.5407e+05,-1.5408e+05,-3.9960e-02,-1.5407e+05,1.0812e-01,5.8508e+00,1.4369e+05,3.0762e+01,6.4280e-02,-1.5900e+00,-1.5130e+00,5.4449e-01,1.3475e+00,2.9902e+00,4.5718e+00,2.4201e+01
2.1000e+01,1.0000e+00,4.0307e+00,-1.5393e+05,-1.5394e+05,-4.1958e-02,-1.5394e+05,1.1784e-01,6.9497e+00,1.4369e+05,3.2297e+01,5.3645e-02,-1.3385e+00,-8.0122e-01,1.0106e+00,1.0978e+00,1.8465e+00,4.5132e+00,2.3786e+01
2.2000e+01,2.0000e+00,4.2065e+00,-1.5391e+05,-1.5392e+05,-4.3956e-02,-1.5392e+05,1.1785e-01,6.9517e+00,1.4355e+05,3.5345e+01,-4.7216e-01,-1.0395e+00,-1.2788e+00,9.2131e-01,1.4017e+00,2.5268e+00,4.5578e+00,2.4192e+01
2.3000e+01,1.0000e+00,4.3893e+00,-1.5383e+05,-1.5383e+05,-4.5954e-02,-1.5383e+05,1.1787e-01,6.9537e+00,1.4353e+05,3.6669e+01,-8.4060e-01,-1.8871e+00,-5.7495e-01,-4.8634e-01,1.5685e+00,2.0726e+00,4.4243e+00,2.3710e+01
2.4000e+01,1.0000e+00,4.5714e+00,-1.5382e+05,-1.5382e+05,-4.7952e-02,-1.5382e+05,1.1788e-01,6.9544e+00,1.4345e+05,3.8408e+01,-8.9403e-01,-1.6670e+00,-5.7892e-01,-6.8022e-01,8.7029e-01,1.9617e+00,4.6252e+00,2.5003e+01
2.5000e+01,1.0000e+00,4.7529e+00,-1.5377e+05,-1.5378e+05,-4.9950e-02,-1.5378e+05,1.1790e-01,6.9577e+00,1.4344e+05,3.9938e+01,-3.6277e-01,-1.1182e+00,-3.6569e-01,3.2796e-01,2.4243e-01,1.6563e+00,4.4321e+00,2.3444e+01
2.6000e+01,1.0000e+00,4.9336e+00,-1.5377e+05,-1.5377e+05,-5.1948e-02,-1.5377e+05,1.1783e-01,6.9485e+00,1.4339e+05,4.1474e+01,-4.7645e-01,-1.4441e+00,-1.2649e+00,-6.0510e-01,7.6153e-01,2.3015e+00,4.4756e+00,2.4045e+01
2.7000e+01,1.0000e+00,5.1136e+00,-1.5374e+05,-1.5375e+05,-5.3946e-02,-1.5375e+05,1.1794e-01,6.9617e+00,1.4339e+05,4.3000e+01,1.1975e-01,-1.5477e+00,-2.2592e-01,-6.5871e-01,1.2383e+00,2.3650e+00,4.6244e+00,2.4577e+01
2.8000e+01,1.0000e+00,5.2930e+00,-1.5372e+05,-1.5373e+05,-5.5944e-02,-1.5373e+05,1.1796e-01,6.9637e+00,1.4336e+05,4.4522e+01,2.0557e-01,-1.9830e+00,-6.8264e-01,-6.8421e-01,7.5975e-02,2.7147e+00,4.6395e+00,2.5084e+01
2.9000e+01,2.0000e+00,5.4614e+00,-1.5371e+05,-1.5371e+05,-5.7942e-02,-1.5371e+05,1.1797e-01,6.9657e+00,1.4334e+05,4.7576e+01,-3.3734e-01,-1.3195e+00,-1.1810e+00,5.7047e-01,5.9255e-01,2.5756e+00,4.6541e+00,2.5149e+01
3.0000e+01,1.0000e+00,5.6391e+00,-1.5368e+05,-1.5369e+05,-5.9940e-02,-1.5369e+05,1.1799e-01,6.9677e+00,1.4333e+05,4.9160e+01,-8.8369e-01,-1.4861e+00,-1.6409e+00,-4.5522e-03,3.1939e-01,1.4366e+00,4.4518e+00,2.4122e+01
3.1000e+01,1.0000e+00,5.8161e+00,-1.5368e+05,-1.5369e+05,-6.1938e-02,-1.5369e+05,1.1141e-01,6.2126e+00,1.4330e+05,5.0688e+01,-1.0259e-01,-1.9421e+00,-1.0366e+00,9.9803e-01,4.0867e-02,2.6736e+00,4.3797e+00,2.3427e+01
3.2000e+01,1.0000e+00,5.9925e+00,-1.5365e+05,-1.5366e+05,-6.3936e-02,-1.5366e+05,1.1802e-01,6.9717e+00,1.4330e+05,5.2425e+01,-1.1682e-02,-1.4906e+00,-7.0107e-01,1.1432e-01,-6.2160e-02,2.5513e+00,4.3154e+00,2.3013e+01
3.3000e+01,1.0000e+00,6.1682e+00,-1.5362e+05,-1.5363e+05,-6.5934e-02,-1.5363e+05,1.1804e-01,6.9737e+00,1.4327e+05,5.4150e+01,-5.2126e-01,-1.3419e+00,-2.7335e-01,1.8025e-01,6.2143e-01,1.9324e+00,4.4067e+00,2.3520e+01
3.4000e+01,1.0000e+00,6.3433e+00,-1.5361e+05,-1.5362e+05,-6.7932e-02,-1.5362e+05,1.1798e-01,6.9661e+00,1.4324e+05,5.5676e+01,-7.3096e-01,-1.9816e+00,-3.0981e-01,-7.4268e-01,2.6949e-01,3.4006e+00,4.3319e+00,2.3735e+01
3.5000e+01,1.0000e+00,6.5177e+00,-1.5358e+05,-1.5359e+05,-6.9930e-02,-1.5359e+05,1.1807e-01,6.9777e+00,1.4323e+05,5.7228e+01,-5.5392e-02,-1.0679e+00,-1.2830e+00,-3.7124e-01,5.0924e-01,3.0710e+00,4.4785e+00,2.4282e+01
3.6000e+01,1.0000e+00,6.6914e+00,-1.5358e+05,-1.5359e+05,-7.1928e-02,-1.5359e+05,1.0989e-01,6.0440e+00,1.4320e+05,5.8559e+01,-6.4648e-01,-1.7582e+00,-2.9308e-01,-2.3090e-01,1.5414e+00,3.3154e+00,4.4217e+00,2.4116e+01
3.7000e+01,1.0000e+00,6.8646e+00,-1.5350e+05,-1.5350e+05,-7.3926e-02,-1.5350e+05,1.1811e-01,6.9817e+00,1.4320e+05,6.0100e+01,-9.7703e-01,-1.1445e+00,-8.9029e-01,8.3330e-01,1.2236e+00,3.3561e+00,4.4601e+00,2.4527e+01
3.8000e+01,1.0000e+00,7.0370e+00,-1.5348e+05,-1.5348e+05,-7.5924e-02,-1.5348e+05,1.1812e-01,6.9837e+00,1.4312e+05,6.1432e+01,-9.5680e-01,-1.9349e+00,-8.7792e-01,-4.2707e-01,7.2377e-01,2.0429e+00,4.4208e+00,2.4221e+01
3.9000e+01,1.0000e+00,7.2089e+00,-1.5344e+05,-1.5344e+05,-7.7922e-02,-1.5344e+05,1.1814e-01,6.9857e+00,1.4310e+05,6.3171e+01,-2.9485e-01,-1.2798e+00,-1.5872e+00,9.5921e-01,4.1172e-01,2.2945e+00,4.6264e+00,2.5359e+01
4.0000e+01,1.0000e+00,7.3801e+00,-1.5342e+05,-1.5343e+05,-7.9920e-02,-1.5343e+05,1.1816e-01,6.9876e+00,1.4306e+05,6.4744e+01,-8.9185e-01,-1.2470e+00,-5.5120e-01,-3.3408e-01,1.4560e+00,2.4847e+00,4.3413e+00,2.3558e+01
4.1000e+01,1.0000e+00,7.5506e+00,-1.5341e+05,-1.5342e+05,-8.1918e-02,-1.5342e+05,1.1817e-01,6.9889e+00,1.4304e+05,6.6266e+01,1.7330e-01,-1.2550e+00,-2.1431e-01,-4.9064e-01,7.5528e-01,3.0354e+00,4.5853e+00,2.4912e+01
4.2000e+01,1.0000e+00,7.7206e+00,-1.5341e+05,-1.5342e+05,-8.3916e-02,-1.5342e+05,1.1021e-01,6.0795e+00,1.4303e+05,6.7788e+01,-2.2983e-01,-1.7807e+00,-2.9073e-01,3.3064e-01,7.1136e-01,1.8840e+00,4.3438e+00,2.3296e+01
4.3000e+01,1.0000e+00,7.8899e+00,-1.5341e+05,-1.5342e+05,-8.5914e-02,-1.5342e+05,1.1073e-01,6.1367e+00,1.4303e+05,6.9321e+01,-9.9712e-01,-1.4783e+00,-5.1864e-01,-8.2755e-02,1.5425e+00,2.4742e+00,4.4462e+00,2.4358e+01
4.4000e+01,1.0000e+00,8.0586e+00,-1.5339e+05,-1.5340e+05,-8.7912e-02,-1.5340e+05,1.1823e-01,6.9957e+00,1.4303e+05,7.1060e+01,-3.8170e-01,-1.1382e+00,-8.4649e-01,9.2866e-01,1.6987e+00,2.9827e+00,4.4673e+00,2.4383e+01
4.5000e+01,1.0000e+00,8.2267e+00,-1.5339e+05,-1.5339e+05,-8.9910e-02,-1.5339e+05,1.1547e-01,6.6730e+00,1.4301e+05,7.2386e+01,1.8697e-01,-1.5339e+00,-9.5221e-01,-1.7998e-01,3.0605e-01,2.9808e+00,4.4962e+00,2.4798e+01
4.6000e+01,1.0000e+00,8.3942e+00,-1.5338e+05,-1.5339e+05,-9.1908e-02,-1.5339e+05,1.1795e-01,6.9632e+00,1.4301e+05,7.3904e+01,-5.0752e-01,-1.5434e+00,-6.9823e-01,-1.3330e-02,1.3257e+00,3.1077e+00,4.3078e+00,2.3594e+01
4.7000e+01,1.0000e+00,8.5610e+00,-1.5337e+05,-1.5338e+05,-9.3906e-02,-1.5338e+05,1.1828e-01,7.0015e+00,1.4300e+05,7.5436e+01,-1.9118e-01,-1.0353e+00,-1.8827e+00,7.3443e-01,2.7371e-02,3.3941e+00,4.4495e+00,2.4559e+01
4.8000e+01,1.0000e+00,8.7273e+00,-1.5332e+05,-1.5332e+05,-9.5904e-02,-1.5332e+05,1.1829e-01,7.0037e+00,1.4299e+05,7.6979e+01,-1.0252e-01,-1.4900e+00,-1.6634e+00,-3.0946e-01,1.2675e+00,2.7706e+00,4.5937e+00,2.5523e+01
4.9000e+01,2.0000e+00,8.8768e+00,-1.5331e+05,-1.5332e+05,-9.7902e-02,-1.5332e+05,1.1790e-01,6.9576e+00,1.4294e+05,7.9621e+01,-9.2347e-01,-1.9768e+00,-1.0210e+00,-4.3191e-01,6.5596e-01,3.3628e+00,4.2717e+00,2.3852e+01
5.0000e+01,2.0000e+00,9.0253e+00,-1.5329e+05,-1.5330e+05,-9.9900e-02,-1.5330e+05,1.1833e-01,7.0077e+00,1.4293e+05,8.2798e+01,-9.2192e-02,-1.3268e+00,-1.9590e+00,-2.4772e-01,1.2676e+00,3.1470e+00,4.5846e+00,2.5639e+01
5.1000e+01,1.0000e+00,9.1892e+00,-1.5328e+05,-1.5329e+05,-1.0190e-01,-1.5329e+05,1.1826e-01,6.9997e+00,1.4291e+05,8.4323e+01,-1.3348e-01,-1.0406e+00,-1.2255e+00,-9.1149e-01,8.9614e-01,1.5768e+00,4.5585e+00,2.5209e+01
5.2000e+01,1.0000e+00,9.3525e+00,-1.5328e+05,-1.5329e+05,-1.0390e-01,-1.5329e+05,1.1716e-01,6.8697e+00,1.4290e+05,8.5836e+01,8.8244e-02,-1.0234e+00,-7.3049e-02,-9.3300e-02,-6.6050e-02,2.1699e+00,4.5668e+00,2.4563e+01
5.3000e+01,1.0000e+00,9.5153e+00,-1.5327e+05,-1.5327e+05,-1.0589e-01,-1.5327e+05,1.1837e-01,7.0131e+00,1.4290e+05,8.7153e+01,-4.2138e-01,-1.1528e+00,-6.7973e-01,-2.2937e-01,4.1315e-02,2.2212e+00,4.5388e+00,2.5019e+01
5.4000e+01,1.0000e+00,9.6774e+00,-1.5322e+05,-1.5323e+05,-1.0789e-01,-1.5323e+05,1.1839e-01,7.0156e+00,1.4289e+05,8.8678e+01,-8.7982e-01,-1.1807e+00,-7.7657e-01,6.0217e-01,-8.0380e-02,3.3596e+00,4.4419e+00,2.4891e+01
5.5000e+01,1.0000e+00,9.8390e+00,-1.5320e+05,-1.5321e+05,-1.0989e-01,-1.5321e+05,1.1841e-01,7.0176e+00,1.4284e+05,9.0200e+01,1.6643e-01,-1.3486e+00,-1.2414e+00,6.1237e-01,3.9902e-01,2.5518e+00,4.4144e+00,2.4309e+01
5.6000e+01,1.0000e+00,1.0000e+01,-1.5319e+05,-1.5320e+05,-1.1189e-01,-1.5320e+05,1.1842e-01,7.0184e+00,1.4282e+05,9.1726e+01,-7.4372e-01,-1.7653e+00,-8.4183e-01,2.9184e-01,1.7307e+00,1.7682e+00,4.2761e+00,2.3466e+01
5.7000e+01,1.0000e+00,1.0160e+01,-1.5318e+05,-1.5319e+05,-1.1389e-01,-1.5319e+05,1.1844e-01,7.0211e+00,1.4281e+05,9.3453e+01,-9.1163e-01,-1.8424e+00,-1.7127e+00,-3.9782e-01,8.3876e-01,2.9621e+00,4.4369e+00,2.4912e+01
5.8000e+01,2.0000e+00,1.0302e+01,-1.5315e+05,-1.5316e+05,-1.1588e-01,-1.5316e+05,1.1846e-01,7.0236e+00,1.4280e+05,9.6725e+01,-6.2937e-01,-1.6477e+00,-9.2962e-01,-4.8977e-01,9.1800e-02,2.1626e+00,4.4161e+00,2.4499e+01
5.9000e+01,1.0000e+00,1.0461e+01,-1.5312e+05,-1.5313e+05,-1.1788e-01,-1.5313e+05,1.1848e-01,7.0256e+00,1.4277e+05,9.8455e+01,-6.7065e-01,-1.8026e+00,-1.7446e+00,-4.2599e-01,-6.6840e-02,1.8071e+00,4.5712e+00,2.5909e+01
6.0000e+01,1.0000e+00,1.0619e+01,-1.5309e+05,-1.5310e+05,-1.1988e-01,-1.5310e+05,1.1850e-01,7.0276e+00,1.4274e+05,1.0024e+02,-1.3741e-01,-1.3037e+00,-1.2026e+00,5.3972e-01,6.5401e-01,1.6148e+00,4.4435e+00,2.4590e+01
6.1000e+01,1.0000e+00,1.0777e+01,-1.5308e+05,-1.5309e+05,-1.2188e-01,-1.5309e+05,1.1851e-01,7.0293e+00,1.4271e+05,1.0177e+02,3.6720e-02,-1.8615e+00,-8.9684e-01,-9.5421e-03,3.7872e-01,1.5288e+00,4.5499e+00,2.5712e+01
6.2000e+01,1.0000e+00,1.0935e+01,-1.5308e+05,-1.5308e+05,-1.2388e-01,-1.5308e+05,1.1802e-01,6.9710e+00,1.4270e+05,1.0330e+02,-8.7235e-01,-1.0912e+00,-1.7378e+00,8.5004e-01,-2.1374e-01,1.7627e+00,4.3545e+00,2.3931e+01
6.3000e+01,2.0000e+00,1.1072e+01,-1.5306e+05,-1.5306e+05,-1.2587e-01,-1.5306e+05,1.1855e-01,7.0336e+00,1.4270e+05,1.0636e+02,-6.4004e-01,-1.6398e+00,-1.9169e+00,9.0605e-01,3.4683e-01,3.3278e+00,4.1289e+00,2.3020e+01
6.4000e+01,1.0000e+00,1.1228e+01,-1.5304e+05,-1.5304e+05,-1.2787e-01,-1.5304e+05,1.1856e-01,7.0356e+00,1.4268e+05,1.0790e+02,2.4729e-01,-1.5989e+00,-2.6911e-01,1.7318e-01,1.6718e+00,3.1864e+00,4.2348e+00,2.3095e+01
6.5000e+01,1.0000e+00,1.1384e+01,-1.5298e+05,-1.5299e+05,-1.2987e-01,-1.5299e+05,1.1858e-01,7.0376e+00,1.4266e+05,1.0943e+02,-2.5882e-03,-1.6964e+00,-1.2388e+00,-6.6505e-02,-1.9358e-01,2.6507e+00,4.2853e+00,2.3703e+01
6.6000e+01,1.0000e+00,1.1538e+01,-1.5298e+05,-1.5298e+05,-1.3187e-01,-1.5298e+05,1.1356e-01,6.4538e+00,1.4260e+05,1.1096e+02,-6.9285e-02,-1.2010e+00,-9.0063e-01,9.2412e-01,1.4633e+00,3.3658e+00,4.4940e+00,2.5661e+01
6.7000e+01,1.0000e+00,1.1693e+01,-1.5298e+05,-1.5298e+05,-1.3387e-01,-1.5298e+05,1.0799e-01,5.8372e+00,1.4260e+05,1.1270e+02,-7.4462e-02,-1.4357e+00,-5.4406e-01,-5.4313e-02,7.6675e-02,3.4075e+00,4.4556e+00,2.5411e+01
6.8000e+01,1.0000e+00,1.1847e+01,-1.5297e+05,-1.5297e+05,-1.3586e-01,-1.5297e+05,1.1862e-01,7.0427e+00,1.4260e+05,1.1404e+02,-1.6695e-01,-1.2988e+00,-8.7193e-01,-8.5871e-02,1.5754e+00,2.4635e+00,4.4492e+00,2.4936e+01
6.9000e+01,1.0000e+00,1.2000e+01,-1.5296e+05,-1.5297e+05,-1.3786e-01,-1.5297e+05,1.1803e-01,6.9720e+00,1.4259e+05,1.1535e+02,-6.4676e-01,-1.7067e+00,-1.7837e+00,8.2127e-01,6.6790e-01,2.7174e+00,4.2948e+00,2.3849e+01
7.0000e+01,1.0000e+00,1.2153e+01,-1.5293e+05,-1.5294e+05,-1.3986e-01,-1.5294e+05,1.1866e-01,7.0476e+00,1.4258e+05,1.1712e+02,-4.4157e-01,-1.5849e+00,-1.0750e+00,1.0016e+00,5.1220e-01,1.4404e+00,4.5200e+00,2.5620e+01
7.1000e+01,1.0000e+00,1.2305e+01,-1.5291e+05,-1.5292e+05,-1.4186e-01,-1.5292e+05,1.1868e-01,7.0496e+00,1.4255e+05,1.1865e+02,6.8034e-02,-1.6275e+00,-1.5940e-01,-3.1221e-03,1.6207e+00,2.7752e+00,4.5240e+00,2.5312e+01
7.2000e+01,1.0000e+00,1.2457e+01,-1.5291e+05,-1.5292e+05,-1.4386e-01,-1.5292e+05,1.1483e-01,6.6000e+00,1.4253e+05,1.2017e+02,-9.1438e-01,-1.5312e+00,-1.3269e+00,-7.9969e-01,3.7006e-02,3.2410e+00,4.4200e+00,2.5351e+01
7.3000e+01,1.0000e+00,1.2608e+01,-1.5290e+05,-1.5291e+05,-1.4585e-01,-1.5291e+05,1.1761e-01,6.9233e+00,1.4253e+05,1.2171e+02,-6.3550e-01,-1.4498e+00,-7.8542e-01,-9.3464e-01,1.6667e-01,2.3137e+00,4.4017e+00,2.4719e+01
7.4000e+01,2.0000e+00,1.2737e+01,-1.5288e+05,-1.5289e+05,-1.4785e-01,-1.5289e+05,1.1873e-01,7.0556e+00,1.4252e+05,1.2477e+02,-6.9393e-01,-1.3360e+00,-1.0733e+00,-8.9521e-01,-1.2860e-02,3.2064e+00,4.4604e+00,2.5745e+01
7.5000e+01,1.0000e+00,1.2887e+01,-1.5288e+05,-1.5289e+05,-1.4985e-01,-1.5289e+05,1.1266e-01,6.3530e+00,1.4250e+05,1.2629e+02,-8.6345e-01,-1.2857e+00,-1.1790e+00,9.7855e-01,1.4886e+00,2.1961e+00,4.4463e+00,2.5024e+01
7.6000e+01,1.0000e+00,1.3036e+01,-1.5286e+05,-1.5287e+05,-1.5185e-01,-1.5287e+05,1.1876e-01,7.0596e+00,1.4250e+05,1.2781e+02,-9.4762e-01,-1.8258e+00,-9.0498e-01,-6.1931e-01,8.9857e-01,2.4436e+00,4.4139e+00,2.5161e+01
7.7000e+01,1.0000e+00,1.3185e+01,-1.5285e+05,-1.5285e+05,-1.5385e-01,-1.5285e+05,1.1878e-01,7.0616e+00,1.4248e+05,1.2933e+02,-1.0855e-01,-1.9586e+00,-1.9289e+00,7.1904e-01,4.9363e-01,3.1979e+00,4.2794e+00,2.4077e+01
7.8000e+01,1.0000e+00,1.3333e+01,-1.5284e+05,-1.5285e+05,-1.5584e-01,-1.5285e+05,1.1876e-01,7.0585e+00,1.4247e+05,1.3108e+02,-4.2774e-01,-1.0796e+00,-2.7764e-01,-4.5986e-01,4.6137e-01,1.7808e+00,4.4798e+00,2.5120e+01
7.9000e+01,1.0000e+00,1.3481e+01,-1.5282e+05,-1.5283e+05,-1.5784e-01,-1.5283e+05,1.1882e-01,7.0656e+00,1.4246e+05,1.3260e+02,-9.1418e-01,-1.6794e+00,-8.5118e-01,2.5501e-01,7.9020e-01,1.7051e+00,4.4298e+00,2.5215e+01
8.0000e+01,1.0000e+00,1.3629e+01,-1.5280e+05,-1.5281e+05,-1.5984e-01,-1.5281e+05,1.1883e-01,7.0676e+00,1.4244e+05,1.3417e+02,-7.2231e-01,-1.7078e+00,-1.0052e+00,7.8801e-01,1.6834e+00,3.3292e+00,4.4339e+00,2.5714e+01
8.1000e+01,1.0000e+00,1.3776e+01,-1.5279e+05,-1.5279e+05,-1.6184e-01,-1.5279e+05,1.1885e-01,7.0696e+00,1.4242e+05,1.3570e+02,-8.9901e-01,-1.3135e+00,-8.0199e-01,-8.6293e-01,1.2410e+00,1.8451e+00,4.3963e+00,2.4892e+01
8.2000e+01,1.0000e+00,1.3922e+01,-1.5278e+05,-1.5278e+05,-1.6384e-01,-1.5278e+05,1.1886e-01,7.0704e+00,1.4241e+05,1.3722e+02,-9.6519e-01,-1.6468e+00,-9.2129e-01,-8.7271e-01,1.0776e+00,2.2060e+00,4.4374e+00,2.5484e+01
8.3000e+01,1.0000e+00,1.4068e+01,-1.5277e+05,-1.5278e+05,-1.6583e-01,-1.5278e+05,1.1653e-01,6.7960e+00,1.4240e+05,1.3896e+02,-7.5957e-04,-1.0565e+00,-9.9377e-01,7.6686e-01,8.5228e-02,2.3494e+00,4.3709e+00,2.4466e+01
8.4000e+01,1.0000e+00,1.4213e+01,-1.5277e+05,-1.5278e+05,-1.6783e-01,-1.5278e+05,1.1765e-01,6.9279e+00,1.4239e+05,1.4049e+02,-8.8741e-01,-1.7927e+00,-7.7272e-01,-3.6088e-01,8.1944e-01,2.7262e+00,4.3820e+00,2.5018e+01
8.5000e+01,1.0000e+00,1.4358e+01,-1.5276e+05,-1.5277e+05,-1.6983e-01,-1.5277e+05,1.1883e-01,7.0676e+00,1.4239e+05,1.4182e+02,-3.0354e-01,-1.5447e+00,-1.4659e-01,5.2903e-01,9.5086e-01,3.2848e+00,4.3921e+00,2.4873e+01
8.6000e+01,1.0000e+00,1.4503e+01,-1.5275e+05,-1.5276e+05,-1.7183e-01,-1.5276e+05,1.1888e-01,7.0731e+00,1.4238e+05,1.4334e+02,-3.8351e-02,-1.9998e+00,-1.4344e+00,4.2585e-01,-5.2876e-02,2.4629e+00,4.4654e+00,2.5891e+01
8.7000e+01,1.0000e+00,1.4646e+01,-1.5275e+05,-1.5275e+05,-1.7383e-01,-1.5275e+05,1.1884e-01,7.0682e+00,1.4237e+05,1.4487e+02,-4.4199e-01,-1.6932e+00,-2.0012e+00,-3.7804e-01,3.0094e-01,1.4891e+00,4.2843e+00,2.4001e+01
8.8000e+01,2.0000e+00,1.4765e+01,-1.5274e+05,-1.5274e+05,-1.7582e-01,-1.5274e+05,1.1895e-01,7.0817e+00,1.4237e+05,1.4793e+02,-7.4701e-01,-1.8401e+00,-9.1375e-01,-7.2742e-02,1.4759e+00,3.2380e+00,4.4293e+00,2.5896e+01
8.9000e+01,1.0000e+00,1.4908e+01,-1.5273e+05,-1.5274e+05,-1.7782e-01,-1.5274e+05,1.1503e-01,6.6222e+00,1.4236e+05,1.4966e+02,6.5753e-02,-1.4020e+00,-6.4809e-01,1.0926e-01,1.5438e+00,1.5201e+00,4.2426e+00,2.3436e+01
9.0000e+01,1.0000e+00,1.5050e+01,-1.5272e+05,-1.5273e+05,-1.7982e-01,-1.5273e+05,1.1899e-01,7.0869e+00,1.4235e+05,1.5131e+02,-9.6108e-01,-1.0972e+00,-8.1117e-01,1.1127e-01,1.0918e+00,1.7451e+00,4.2418e+00,2.3583e+01
9.1000e+01,1.0000e+00,1.5192e+01,-1.5272e+05,-1.5272e+05,-1.8182e-01,-1.5272e+05,1.1892e-01,7.0782e+00,1.4234e+05,1.5284e+02,7.1278e-02,-1.8525e+00,-1.8296e+00,-7.5240e-01,3.5185e-01,2.4759e+00,4.4088e+00,2.5606e+01
9.2000e+01,1.0000e+00,1.5333e+01,-1.5271e+05,-1.5272e+05,-1.8382e-01,-1.5272e+05,1.1898e-01,7.0850e+00,1.4234e+05,1.5458e+02,8.2453e-02,-1.2879e+00,-7.0824e-01,-1.9550e-01,1.2396e-01,2.9047e+00,4.2102e+00,2.3470e+01
9.3000e+01,1.0000e+00,1.5474e+01,-1.5270e+05,-1.5270e+05,-1.8581e-01,-1.5270e+05,1.1905e-01,7.0930e+00,1.4233e+05,1.5610e+02,-9.3715e-01,-1.8784e+00,-1.0232e+00,2.2976e-01,3.1359e-01,1.4739e+00,4.4375e+00,2.5735e+01
9.4000e+01,1.0000e+00,1.5615e+01,-1.5269e+05,-1.5269e+05,-1.8781e-01,-1.5269e+05,1.1906e-01,7.0949e+00,1.4232e+05,1.5784e+02,-6.1195e-01,-1.6501e+00,-1.7586e+00,-6.9035e-01,1.3881e+00,2.4265e+00,4.4220e+00,2.5559e+01
9.5000e+01,3.0000e+00,1.5702e+01,-1.5265e+05,-1.5266e+05,-1.8981e-01,-1.5266e+05,1.1908e-01,7.0976e+00,1.4231e+05,1.6242e+02,-6.2857e-01,-1.2820e+00,-4.0165e-02,1.3871e-01,1.5451e+00,1.7526e+00,4.4433e+00,2.5108e+01
9.6000e+01,1.0000e+00,1.5842e+01,-1.5264e+05,-1.5265e+05,-1.9181e-01,-1.5265e+05,1.1907e-01,7.0958e+00,1.4227e+05,1.6416e+02,-5.0813e-01,-1.9589e+00,-1.7939e+00,4.2990e-01,4.1810e-01,2.0274e+00,4.4254e+00,2.5594e+01
9.7000e+01,1.0000e+00,1.5980e+01,-1.5263e+05,-1.5263e+05,-1.9381e-01,-1.5263e+05,1.1912e-01,7.1015e+00,1.4226e+05,1.6568e+02,1.9621e-02,-1.9080e+00,-2.6020e-01,-9.3221e-01,1.4932e+00,3.2132e+00,4.3769e+00,2.4959e+01
9.8000e+01,1.0000e+00,1.6118e+01,-1.5262e+05,-1.5263e+05,-1.9580e-01,-1.5263e+05,1.1608e-01,6.7444e+00,1.4225e+05,1.6700e+02,2.1529e-01,-1.3648e+00,-1.3268e+00,4.3285e-02,-9.0871e-02,3.2173e+00,4.2065e+00,2.4094e+01
9.9000e+01,1.0000e+00,1.6256e+01,-1.5262e+05,-1.5263e+05,-1.9780e-01,-1.5263e+05,1.1826e-01,6.9997e+00,1.4224e+05,1.6852e+02,-3.2287e-01,-1.2194e+00,-3.9279e-01,9.4173e-01,9.8526e-01,1.9958e+00,4.3298e+00,2.4128e+01
1.0000e+02,1.0000e+00,1.6393e+01,-1.5262e+05,-1.5262e+05,-1.9980e-01,-1.5262e+05,1.1647e-01,6.7895e+00,1.4224e+05,1.7010e+02,-4.1939e-01,-1.3547e+00,-9.1462e-01,-8.2345e-01,1.2934e+00,1.8065e+00,4.1984e+00,2.3371e+01
1.0100e+02,1.0000e+00,1.6530e+01,-1.5260e+05,-1.5261e+05,-2.0180e-01,-1.5261e+05,1.1918e-01,7.1095e+00,1.4224e+05,1.7162e+02,1.8166e-01,-1.0072e+00,-1.5810e+00,-6.1440e-01,7.4897e-02,2.5193e+00,4.1578e+00,2.3278e+01
1.0200e+02,1.0000e+00,1.6667e+01,-1.5255e+05,-1.5255e+05,-2.0380e-01,-1.5255e+05,1.1920e-01,7.1116e+00,1.4222e+05,1.7336e+02,-5.0748e-01,-1.8333e+00,-1.1252e+00,-8.7031e-01,5.3555e-01,2.5383e+00,4.3372e+00,2.4878e+01
1.0300e+02,1.0000e+00,1.6803e+01,-1.5254e+05,-1.5255e+05,-2.0579e-01,-1.5255e+05,1.1806e-01,6.9760e+00,1.4217e+05,1.7510e+02,-1.7887e-02,-1.1384e+00,-1.1770e+00,4.0579e-01,2.9488e-01,1.8056e+00,4.3172e+00,2.4561e+01
1.0400e+02,1.0000e+00,1.6938e+01,-1.5253e+05,-1.5254e+05,-2.0779e-01,-1.5254e+05,1.1923e-01,7.1154e+00,1.4216e+05,1.7662e+02,-6.8342e-01,-1.0763e+00,-6.3973e-01,-1.1414e-01,1.4459e+00,2.8953e+00,4.1527e+00,2.3317e+01
1.0500e+02,1.0000e+00,1.7073e+01,-1.5251e+05,-1.5252e+05,-2.0979e-01,-1.5252e+05,1.1925e-01,7.1175e+00,1.4215e+05,1.7815e+02,-7.5468e-01,-1.7618e+00,-3.8676e-01,8.2788e-01,-1.7888e-01,2.5622e+00,4.2875e+00,2.4262e+01
1.0600e+02,1.0000e+00,1.7208e+01,-1.5251e+05,-1.5252e+05,-2.1179e-01,-1.5252e+05,1.1175e-01,6.2507e+00,1.4213e+05,1.7989e+02,-8.5483e-01,-1.8027e+00,-4.7721e-01,-5.3335e-02,3.8305e-01,2.1510e+00,4.2028e+00,2.3541e+01
1.0700e+02,2.0000e+00,1.7314e+01,-1.5250e+05,-1.5251e+05,-2.1379e-01,-1.5251e+05,1.1799e-01,6.9678e+00,1.4213e+05,1.8274e+02,-5.9075e-02,-1.1952e+00,-1.4469e+00,5.9615e-01,2.1492e-01,1.9953e+00,4.3742e+00,2.5232e+01
1.0800e+02,1.0000e+00,1.7447e+01,-1.5249e+05,-1.5250e+05,-2.1578e-01,-1.5250e+05,1.1929e-01,7.1227e+00,1.4212e+05,1.8447e+02,1.5210e-01,-1.4181e+00,-5.9355e-01,2.6925e-01,1.2838e+00,3.2586e+00,4.1556e+00,2.3624e+01
1.0900e+02,5.0000e+00,1.7468e+01,-1.5249e+05,-1.5249e+05,-2.1778e-01,-1.5249e+05,1.1930e-01,7.1238e+00,1.4211e+05,1.9213e+02,-9.9015e-01,-1.3744e+00,-8.8217e-01,-4.9466e-01,1.1367e+00,3.3722e+00,4.0446e+00,2.3391e+01
1.1000e+02,1.0000e+00,1.7600e+01,-1.5247e+05,-1.5248e+05,-2.1978e-01,-1.5248e+05,1.1933e-01,7.1275e+00,1.4210e+05,1.9389e+02,-1.6016e-01,-1.4287e+00,-1.3216e+00,-8.3655e-01,1.1810e+00,1.8852e+00,4.2467e+00,2.4080e+01
1.1100e+02,1.0000e+00,1.7732e+01,-1.5243e+05,-1.5244e+05,-2.2178e-01,-1.5244e+05,1.1935e-01,7.1295e+00,1.4209e+05,1.9523e+02,-4.9958e-01,-1.9604e+00,-1.8260e+00,2.4439e-01,-8.5141e-02,2.2765e+00,4.3612e+00,2.5479e+01
1.1200e+02,1.0000e+00,1.7863e+01,-1.5242e+05,-1.5243e+05,-2.2378e-01,-1.5243e+05,1.1937e-01,7.1312e+00,1.4205e+05,1.9654e+02,-5.4298e-01,-1.1984e+00,-4.7031e-01,4.3762e-01,1.0109e+00,2.4030e+00,4.3573e+00,2.5136e+01
1.1300e+02,1.0000e+00,1.7994e+01,-1.5241e+05,-1.5242e+05,-2.2577e-01,-1.5242e+05,1.1790e-01,6.9574e+00,1.4204e+05,1.9827e+02,-6.4269e-01,-1.1771e+00,-1.4863e+00,-8.6165e-01,6.1236e-02,1.4486e+00,4.2410e+00,2.4047e+01
1.1400e+02,1.0000e+00,1.8124e+01,-1.5238e+05,-1.5239e+05,-2.2777e-01,-1.5239e+05,1.1940e-01,7.1355e+00,1.4203e+05,1.9979e+02,-9.1522e-01,-1.8983e+00,-8.0239e-01,-5.6096e-01,1.5250e+00,3.4096e+00,4.2436e+00,2.5176e+01
1.1500e+02,1.0000e+00,1.8254e+01,-1.5237e+05,-1.5238e+05,-2.2977e-01,-1.5238e+05,1.1942e-01,7.1371e+00,1.4200e+05,2.0131e+02,-4.9297e-01,-1.3306e+00,-1.5783e+00,7.1546e-01,7.6913e-02,3.0883e+00,4.3241e+00,2.5341e+01
1.1600e+02,1.0000e+00,1.8384e+01,-1.5237e+05,-1.5238e+05,-2.3177e-01,-1.5238e+05,1.1222e-01,6.3030e+00,1.4199e+05,2.0304e+02,2.4829e-01,-1.6747e+00,-3.3526e-01,2.5789e-01,6.4758e-01,2.4700e+00,4.2358e+00,2.3754e+01
1.1700e+02,1.0000e+00,1.8513e+01,-1.5232e+05,-1.5233e+05,-2.3377e-01,-1.5233e+05,1.1945e-01,7.1415e+00,1.4199e+05,2.0479e+02,-3.2890e-01,-1.1808e+00,-1.9215e+00,3.7375e-01,1.2996e+00,2.8318e+00,4.2699e+00,2.4673e+01
1.1800e+02,1.0000e+00,1.8641e+01,-1.5232e+05,-1.5233e+05,-2.3576e-01,-1.5233e+05,1.1345e-01,6.4414e+00,1.4194e+05,2.0632e+02,-6.8016e-01,-1.2062e+00,-5.5819e-01,9.9973e-02,1.7070e+00,2.9245e+00,4.2732e+00,2.4762e+01
1.1900e+02,1.0000e+00,1.8770e+01,-1.5229e+05,-1.5230e+05,-2.3776e-01,-1.5230e+05,1.1949e-01,7.1455e+00,1.4194e+05,2.0783e+02,-6.2482e-01,-1.5382e+00,-1.0446e+00,2.0623e-01,1.5046e+00,3.0801e+00,4.2333e+00,2.4645e+01
1.2000e+02,1.0000e+00,1.8898e+01,-1.5226e+05,-1.5227e+05,-2.3976e-01,-1.5227e+05,1.1950e-01,7.1475e+00,1.4191e+05,2.0939e+02,-4.5464e-01,-1.7975e+00,-1.1480e+00,5.1920e-01,-4.2620e-02,2.4391e+00,4.3634e+00,2.5981e+01
1.2100e+02,1.0000e+00,1.9025e+01,-1.5226e+05,-1.5226e+05,-2.4176e-01,-1.5226e+05,1.1887e-01,7.0727e+00,1.4188e+05,2.1092e+02,6.1232e-02,-1.0887e+00,-2.3598e-01,7.6936e-01,1.4409e+00,1.9229e+00,4.3622e+00,2.4853e+01
1.2200e+02,1.0000e+00,1.9152e+01,-1.5225e+05,-1.5226e+05,-2.4376e-01,-1.5226e+05,1.1639e-01,6.7804e+00,1.4187e+05,2.1264e+02,-4.1543e-01,-1.6966e+00,-2.0648e-01,-8.3182e-02,1.1373e+00,2.1971e+00,4.2115e+00,2.3639e+01
1.2300e+02,3.0000e+00,1.9219e+01,-1.5223e+05,-1.5224e+05,-2.4575e-01,-1.5224e+05,1.1955e-01,7.1535e+00,1.4187e+05,2.1703e+02,-6.6374e-01,-1.4649e+00,-3.2339e-01,2.1853e-01,5.0040e-01,2.4929e+00,4.1169e+00,2.3060e+01
1.2400e+02,1.0000e+00,1.9345e+01,-1.5220e+05,-1.5220e+05,-2.4775e-01,-1.5220e+05,1.1957e-01,7.1555e+00,1.4185e+05,2.1835e+02,4.7275e-02,-1.2829e+00,-1.5575e+00,1.9972e-01,1.5835e+00,2.6467e+00,4.2250e+00,2.4574e+01
1.2500e+02,1.0000e+00,1.9470e+01,-1.5219e+05,-1.5219e+05,-2.4975e-01,-1.5219e+05,1.1957e-01,7.1561e+00,1.4182e+05,2.1989e+02,-5.8906e-01,-1.4546e+00,-1.5599e+00,7.7848e-01,1.1882e-01,2.1569e+00,4.1954e+00,2.3919e+01
1.2600e+02,1.0000e+00,1.9596e+01,-1.5218e+05,-1.5219e+05,-2.5175e-01,-1.5219e+05,1.1956e-01,7.1547e+00,1.4181e+05,2.2140e+02,-9.2974e-01,-1.7218e+00,-1.6236e-01,7.1172e-01,1.5817e+00,2.6049e+00,4.2232e+00,2.4032e+01
1.2700e+02,1.0000e+00,1.9720e+01,-1.5218e+05,-1.5218e+05,-2.5375e-01,-1.5218e+05,1.1656e-01,6.8003e+00,1.4180e+05,2.2292e+02,-8.7842e-01,-1.6991e+00,-1.9152e+00,2.0126e-01,1.2142e+00,2.9172e+00,4.0724e+00,2.3340e+01
1.2800e+02,1.0000e+00,1.9845e+01,-1.5218e+05,-1.5218e+05,-2.5574e-01,-1.5218e+05,1.1014e-01,6.0712e+00,1.4180e+05,2.2445e+02,-2.3853e-01,-1.3800e+00,-1.1528e+00,-5.6755e-01,6.5326e-01,3.2652e+00,4.0191e+00,2.3245e+01
1.2900e+02,1.0000e+00,1.9969e+01,-1.5215e+05,-1.5215e+05,-2.5774e-01,-1.5215e+05,1.1965e-01,7.1655e+00,1.4179e+05,2.2577e+02,-4.7892e-01,-1.8478e+00,-6.1216e-01,-7.5505e-01,-1.0052e-01,3.3029e+00,4.2622e+00,2.5599e+01
1.3000e+02,1.0000e+00,2.0093e+01,-1.5215e+05,-1.5215e+05,-2.5974e-01,-1.5215e+05,1.1061e-01,6.1238e+00,1.4177e+05,2.2761e+02,6.5726e-02,-1.4561e+00,-8.5452e-01,-6.8688e-01,-1.6520e-01,1.7261e+00,4.1900e+00,2.4106e+01
1.3100e+02,2.0000e+00,2.0185e+01,-1.5213e+05,-1.5214e+05,-2.6174e-01,-1.5214e+05,1.1968e-01,7.1693e+00,1.4177e+05,2.3067e+02,2.2150e-01,-1.3811e+00,-1.0688e+00,-5.2234e-01,9.2512e-01,2.6988e+00,4.5367e+00,2.5920e+01
1.3200e+02,1.0000e+00,2.0308e+01,-1.5209e+05,-1.5210e+05,-2.6374e-01,-1.5210e+05,1.1970e-01,7.1715e+00,1.4175e+05,2.3221e+02,-9.8446e-02,-1.7343e+00,-1.8419e+00,-9.2200e-01,3.2967e-01,2.8277e+00,4.1110e+00,2.3746e+01
1.3300e+02,1.0000e+00,2.0430e+01,-1.5209e+05,-1.5209e+05,-2.6573e-01,-1.5209e+05,1.1038e-01,6.0983e+00,1.4171e+05,2.3395e+02,-3.4204e-01,-1.9826e+00,-1.2010e+00,-7.8705e-01,1.7399e+00,3.3146e+00,4.1805e+00,2.4921e+01
1.3400e+02,1.0000e+00,2.0552e+01,-1.5203e+05,-1.5204e+05,-2.6773e-01,-1.5204e+05,1.1974e-01,7.1755e+00,1.4171e+05,2.3548e+02,-3.7463e-01,-1.8853e+00,-1.5968e+00,-9.0272e-01,1.6108e+00,1.7848e+00,4.3367e+00,2.5957e+01
1.3500e+02,2.0000e+00,2.0642e+01,-1.5202e+05,-1.5202e+05,-2.6973e-01,-1.5202e+05,1.1975e-01,7.1772e+00,1.4165e+05,2.3874e+02,-3.2151e-01,-1.5051e+00,-4.3321e-01,-3.4917e-01,-6.6111e-03,2.5362e+00,4.2144e+00,2.4306e+01
1.3600e+02,1.0000e+00,2.0763e+01,-1.5199e+05,-1.5200e+05,-2.7173e-01,-1.5200e+05,1.1977e-01,7.1795e+00,1.4164e+05,2.4027e+02,-9.8983e-01,-1.7717e+00,-1.1979e+00,-6.4958e-01,8.8749e-01,2.8958e+00,4.0759e+00,2.3692e+01
1.3700e+02,1.0000e+00,2.0884e+01,-1.5198e+05,-1.5199e+05,-2.7373e-01,-1.5199e+05,1.1978e-01,7.1814e+00,1.4161e+05,2.4179e+02,-4.1697e-01,-1.9572e+00,-3.1869e-01,-1.3914e-01,1.6203e+00,1.9095e+00,4.2617e+00,2.4685e+01
1.3800e+02,2.0000e+00,2.0973e+01,-1.5194e+05,-1.5195e+05,-2.7572e-01,-1.5195e+05,1.1980e-01,7.1835e+00,1.4160e+05,2.4486e+02,-7.8567e-01,-1.2629e+00,-1.7817e+00,-2.2579e-01,9.7402e-01,1.6218e+00,4.2809e+00,2.5837e+01
1.3900e+02,1.0000e+00,2.1093e+01,-1.5192e+05,-1.5193e+05,-2.7772e-01,-1.5193e+05,1.1982e-01,7.1855e+00,1.4156e+05,2.4638e+02,-8.2481e-02,-1.3164e+00,-1.1932e+00,4.2131e-01,4.9974e-01,1.8805e+00,4.2463e+00,2.5180e+01
1.4000e+02,1.0000e+00,2.1212e+01,-1.5190e+05,-1.5191e+05,-2.7972e-01,-1.5191e+05,1.1984e-01,7.1875e+00,1.4154e+05,2.4795e+02,-3.4095e-01,-1.8023e+00,-1.7044e+00,3.6888e-02,1.7458e+00,2.2036e+00,4.1042e+00,2.3528e+01
1.4100e+02,1.0000e+00,2.1331e+01,-1.5188e+05,-1.5189e+05,-2.8172e-01,-1.5189e+05,1.1985e-01,7.1895e+00,1.4152e+05,2.4947e+02,2.8151e-02,-1.0698e+00,-6.3166e-01,6.3616e-01,1.6832e+00,2.1874e+00,4.1412e+00,2.3386e+01
1.4200e+02,1.0000e+00,2.1450e+01,-1.5188e+05,-1.5189e+05,-2.8372e-01,-1.5189e+05,1.1154e-01,6.2265e+00,1.4150e+05,2.5078e+02,-8.3807e-01,-1.0178e+00,-1.0911e+00,7.5355e-01,1.1364e+00,2.8858e+00,4.2054e+00,2.4772e+01
1.4300e+02,1.0000e+00,2.1569e+01,-1.5184e+05,-1.5185e+05,-2.8571e-01,-1.5185e+05,1.1989e-01,7.1935e+00,1.4150e+05,2.5231e+02,-8.7298e-03,-1.9505e+00,-6.0310e-01,1.3744e-01,4.5428e-01,3.2984e+00,4.1828e+00,2.5404e+01
1.4400e+02,1.0000e+00,2.1687e+01,-1.5184e+05,-1.5185e+05,-2.8771e-01,-1.5185e+05,1.1898e-01,7.0851e+00,1.4146e+05,2.5384e+02,-5.7784e-01,-1.0042e+00,-1.1116e+00,6.5674e-01,1.1722e+00,3.3370e+00,4.1061e+00,2.4486e+01
1.4500e+02,1.0000e+00,2.1805e+01,-1.5184e+05,-1.5184e+05,-2.8971e-01,-1.5184e+05,1.1821e-01,6.9942e+00,1.4146e+05,2.5536e+02,-1.4511e-01,-1.9388e+00,-5.5470e-01,3.8010e-01,-2.1386e-01,2.7621e+00,4.2560e+00,2.5492e+01
1.4600e+02,3.0000e+00,2.1856e+01,-1.5181e+05,-1.5182e+05,-2.9171e-01,-1.5182e+05,1.1994e-01,7.1995e+00,1.4146e+05,2.6015e+02,-2.9773e-01,-1.8624e+00,-9.8946e-01,1.5031e-01,4.2447e-01,1.4831e+00,4.1351e+00,2.3800e+01
1.4700e+02,1.0000e+00,2.1973e+01,-1.5181e+05,-1.5181e+05,-2.9371e-01,-1.5181e+05,1.1933e-01,7.1271e+00,1.4143e+05,2.6168e+02,1.5044e-01,-1.1390e+00,-1.6826e+00,3.1159e-01,-6.6682e-02,3.0837e+00,4.0227e+00,2.3571e+01
1.4800e+02,1.0000e+00,2.2090e+01,-1.5175e+05,-1.5175e+05,-2.9570e-01,-1.5175e+05,1.1997e-01,7.2035e+00,1.4143e+05,2.6321e+02,-8.4496e-01,-1.8599e+00,-1.6722e+00,4.8234e-01,1.0331e+00,2.1976e+00,4.1885e+00,2.4893e+01
1.4900e+02,1.0000e+00,2.2206e+01,-1.5175e+05,-1.5175e+05,-2.9770e-01,-1.5175e+05,1.1055e-01,6.1168e+00,1.4137e+05,2.6494e+02,-5.2362e-01,-1.8068e+00,-1.3620e+00,2.8924e-01,8.4018e-01,3.2562e+00,4.0967e+00,2.4609e+01
1.5000e+02,1.0000e+00,2.2321e+01,-1.5173e+05,-1.5174e+05,-2.9970e-01,-1.5174e+05,1.2000e-01,7.2075e+00,1.4137e+05,2.6650e+02,-5.5437e-01,-1.9019e+00,-1.1593e+00,9.2988e-01,-1.5146e-01,2.0373e+00,4.2408e+00,2.5387e+01
1.5100e+02,2.0000e+00,2.2404e+01,-1.5169e+05,-1.5170e+05,-3.0170e-01,-1.5170e+05,1.2002e-01,7.2095e+00,1.4135e+05,2.6935e+02,-3.2693e-01,-1.8021e+00,-3.2828e-01,1.6078e-01,-5.8262e-02,2.3001e+00,4.1742e+00,2.4099e+01
1.5200e+02,1.0000e+00,2.2519e+01,-1.5168e+05,-1.5168e+05,-3.0370e-01,-1.5168e+05,1.2004e-01,7.2114e+00,1.4131e+05,2.7087e+02,-1.3955e-01,-1.9964e+00,-1.1074e+00,-2.4115e-01,1.3031e+00,2.7117e+00,4.0826e+00,2.3849e+01
1.5300e+02,1.0000e+00,2.2633e+01,-1.5166e+05,-1.5167e+05,-3.0569e-01,-1.5167e+05,1.2005e-01,7.2134e+00,1.4129e+05,2.7239e+02,1.2949e-01,-1.7224e+00,-1.5224e+00,4.3431e-01,1.5685e+00,3.3830e+00,3.9580e+00,2.3990e+01
1.5400e+02,1.0000e+00,2.2747e+01,-1.5162e+05,-1.5163e+05,-3.0769e-01,-1.5163e+05,1.2007e-01,7.2154e+00,1.4128e+05,2.7392e+02,-8.8351e-01,-1.6313e+00,-5.6642e-01,-8.9868e-01,5.0434e-01,2.0445e+00,4.0365e+00,2.3205e+01
1.5500e+02,1.0000e+00,2.2861e+01,-1.5161e+05,-1.5162e+05,-3.0969e-01,-1.5162e+05,1.1987e-01,7.1912e+00,1.4124e+05,2.7565e+02,2.3848e-01,-1.3846e+00,-3.6433e-01,-4.5564e-02,1.0302e+00,3.1041e+00,4.0182e+00,2.3441e+01
1.5600e+02,2.0000e+00,2.2941e+01,-1.5161e+05,-1.5162e+05,-3.1169e-01,-1.5162e+05,1.1106e-01,6.1738e+00,1.4123e+05,2.7871e+02,2.1843e-01,-1.2731e+00,-1.0420e+00,-3.0385e-01,5.0381e-01,1.5693e+00,4.2115e+00,2.5782e+01
1.5700e+02,1.0000e+00,2.3054e+01,-1.5160e+05,-1.5160e+05,-3.1369e-01,-1.5160e+05,1.2012e-01,7.2214e+00,1.4123e+05,2.8023e+02,-1.8849e-01,-1.2184e+00,-2.0251e+00,4.5971e-01,-1.6687e-01,3.0717e+00,4.0983e+00,2.4480e+01
1.5800e+02,1.0000e+00,2.3167e+01,-1.5160e+05,-1.5160e+05,-3.1568e-01,-1.5160e+05,1.1124e-01,6.1931e+00,1.4122e+05,2.8155e+02,-3.3173e-01,-1.6824e+00,-5.2854e-01,-6.0643e-01,8.9235e-01,2.7111e+00,4.2200e+00,2.5537e+01
1.5900e+02,2.0000e+00,2.3246e+01,-1.5155e+05,-1.5156e+05,-3.1768e-01,-1.5156e+05,1.2015e-01,7.2254e+00,1.4121e+05,2.8462e+02,3.6267e-02,-1.2168e+00,-6.1682e-01,-4.8812e-02,3.1201e-03,2.9239e+00,4.0194e+00,2.3304e+01
1.6000e+02,1.0000e+00,2.3358e+01,-1.5153e+05,-1.5154e+05,-3.1968e-01,-1.5154e+05,1.2017e-01,7.2274e+00,1.4117e+05,2.8618e+02,-7.7878e-01,-1.5791e+00,-1.5560e+00,-7.1004e-01,1.5566e+00,3.2358e+00,3.9339e+00,2.3473e+01
1.6100e+02,1.0000e+00,2.3469e+01,-1.5152e+05,-1.5153e+05,-3.2168e-01,-1.5153e+05,1.2017e-01,7.2281e+00,1.4115e+05,2.8791e+02,-5.2533e-02,-1.4488e+00,-1.0341e+00,4.0175e-01,4.0093e-01,2.0890e+00,4.1259e+00,2.4397e+01
1.6200e+02,1.0000e+00,2.3581e+01,-1.5151e+05,-1.5152e+05,-3.2368e-01,-1.5152e+05,1.2013e-01,7.2231e+00,1.4114e+05,2.8924e+02,-8.3741e-01,-1.5924e+00,-1.8934e-01,-6.0397e-01,1.5715e+00,2.5720e+00,4.1761e+00,2.5023e+01
1.6300e+02,1.0000e+00,2.3692e+01,-1.5151e+05,-1.5152e+05,-3.2567e-01,-1.5152e+05,1.1224e-01,6.3049e+00,1.4113e+05,2.9078e+02,-7.1163e-01,-1.9795e+00,-1.8699e+00,-6.4096e-01,4.5991e-01,2.1826e+00,4.1094e+00,2.4442e+01
1.6400e+02,1.0000e+00,2.3803e+01,-1.5148e+05,-1.5149e+05,-3.2767e-01,-1.5149e+05,1.2023e-01,7.2354e+00,1.4113e+05,2.9209e+02,-3.9849e-01,-1.2341e+00,-3.6528e-01,-4.6049e-01,1.3811e+00,2.9758e+00,4.1237e+00,2.4588e+01
1.6500e+02,1.0000e+00,2.3913e+01,-1.5144e+05,-1.5145e+05,-3.2967e-01,-1.5145e+05,1.2025e-01,7.2374e+00,1.4110e+05,2.9383e+02,-1.0645e-01,-1.3297e+00,-7.6740e-01,-1.8375e-01,1.2987e+00,1.8590e+00,4.0897e+00,2.3914e+01
1.6600e+02,2.0000e+00,2.3988e+01,-1.5144e+05,-1.5144e+05,-3.3167e-01,-1.5144e+05,1.1845e-01,7.0219e+00,1.4106e+05,2.9691e+02,-7.7344e-01,-1.5843e+00,-1.8581e+00,8.2969e-01,-2.2645e-01,3.2787e+00,3.9785e+00,2.3879e+01
1.6700e+02,1.0000e+00,2.4098e+01,-1.5143e+05,-1.5144e+05,-3.3367e-01,-1.5144e+05,1.1675e-01,6.8223e+00,1.4106e+05,2.9823e+02,-7.2150e-01,-1.1102e+00,-1.1339e+00,4.2933e-01,5.4593e-01,2.6609e+00,4.1091e+00,2.4503e+01
1.6800e+02,1.0000e+00,2.4207e+01,-1.5142e+05,-1.5143e+05,-3.3566e-01,-1.5143e+05,1.2030e-01,7.2434e+00,1.4105e+05,2.9996e+02,2.0327e-01,-1.4804e+00,-1.6202e+00,7.8510e-01,2.1365e-01,1.6929e+00,4.1267e+00,2.5921e+01
1.6900e+02,2.0000e+00,2.4282e+01,-1.5138e+05,-1.5139e+05,-3.3766e-01,-1.5139e+05,1.2032e-01,7.2454e+00,1.4104e+05,3.0301e+02,-1.0898e-02,-1.0612e+00,-6.5955e-01,1.6779e-01,1.1495e+00,2.9916e+00,4.1042e+00,2.4823e+01
1.7000e+02,1.0000e+00,2.4390e+01,-1.5138e+05,-1.5139e+05,-3.3966e-01,-1.5139e+05,1.1960e-01,7.1587e+00,1.4100e+05,3.0467e+02,2.1554e-01,-1.9940e+00,-6.8224e-02,6.9688e-01,1.0430e+00,3.0258e+00,4.1669e+00,2.4490e+01
1.7100e+02,1.0000e+00,2.4499e+01,-1.5137e+05,-1.5138e+05,-3.4166e-01,-1.5138e+05,1.1946e-01,7.1425e+00,1.4100e+05,3.0618e+02,-8.2833e-01,-1.8580e+00,-7.0824e-01,-7.4941e-01,1.2794e+00,2.3241e+00,4.0644e+00,2.4070e+01
1.7200e+02,1.0000e+00,2.4607e+01,-1.5136e+05,-1.5137e+05,-3.4366e-01,-1.5137e+05,1.2037e-01,7.2512e+00,1.4099e+05,3.0751e+02,-5.2210e-01,-1.9461e+00,-1.1325e+00,9.9892e-01,1.3235e-02,1.6544e+00,4.1532e+00,2.4762e+01
1.7300e+02,1.0000e+00,2.4714e+01,-1.5129e+05,-1.5130e+05,-3.4565e-01,-1.5130e+05,1.2038e-01,7.2534e+00,1.4098e+05,3.0924e+02,1.4373e-01,-1.6847e+00,-1.2723e+00,-6.5950e-01,6.7056e-01,3.3083e+00,3.9436e+00,2.4744e+01
1.7400e+02,1.0000e+00,2.4822e+01,-1.5124e+05,-1.5125e+05,-3.4765e-01,-1.5125e+05,1.2040e-01,7.2554e+00,1.4091e+05,3.1077e+02,-8.7457e-01,-1.3970e+00,-1.2395e+00,-2.9448e-01,1.4999e+00,3.4111e+00,3.9633e+00,2.5176e+01
1.7500e+02,2.0000e+00,2.4893e+01,-1.5118e+05,-1.5118e+05,-3.4965e-01,-1.5118e+05,1.2042e-01,7.2574e+00,1.4086e+05,3.1424e+02,2.0653e-02,-1.7185e+00,-9.4046e-01,-9.3998e-01,8.9894e-02,2.6907e+00,3.9465e+00,2.3174e+01
1.7600e+02,1.0000e+00,2.5000e+01,-1.5113e+05,-1.5113e+05,-3.5165e-01,-1.5113e+05,1.2043e-01,7.2594e+00,1.4080e+05,3.1559e+02,-9.5015e-01,-1.1657e+00,-1.8017e+00,8.1112e-02,1.5115e+00,1.4930e+00,4.0610e+00,2.4429e+01
1.7700e+02,1.0000e+00,2.5106e+01,-1.5111e+05,-1.5112e+05,-3.5365e-01,-1.5112e+05,1.2045e-01,7.2614e+00,1.4075e+05,3.1712e+02,-2.4232e-01,-1.3790e+00,-4.8110e-01,-3.6459e-01,4.8309e-01,3.2971e+00,3.9979e+00,2.4689e+01
1.7800e+02,1.0000e+00,2.5212e+01,-1.5109e+05,-1.5110e+05,-3.5564e-01,-1.5110e+05,1.2047e-01,7.2634e+00,1.4073e+05,3.1865e+02,4.9758e-02,-1.9774e+00,-5.8912e-01,5.7967e-01,3.5733e-01,1.7976e+00,4.0374e+00,2.3552e+01
1.7900e+02,2.0000e+00,2.5282e+01,-1.5102e+05,-1.5103e+05,-3.5764e-01,-1.5103e+05,1.2048e-01,7.2654e+00,1.4071e+05,3.2130e+02,-8.2159e-01,-1.5913e+00,-8.9285e-01,-4.9745e-01,7.0575e-01,2.7753e+00,3.9429e+00,2.3551e+01
1.8000e+02,2.0000e+00,2.5352e+01,-1.5101e+05,-1.5102e+05,-3.5964e-01,-1.5102e+05,1.2049e-01,7.2660e+00,1.4064e+05,3.2482e+02,1.7178e-01,-1.2438e+00,-1.3000e-01,7.5423e-01,1.4928e+00,2.2266e+00,4.0692e+00,2.3370e+01
1.8100e+02,1.0000e+00,2.5457e+01,-1.5101e+05,-1.5102e+05,-3.6164e-01,-1.5102e+05,1.1572e-01,6.7023e+00,1.4063e+05,3.2635e+02,-8.9476e-01,-1.1740e+00,-6.0624e-01,-4.7598e-01,-1.0698e-01,2.2691e+00,4.0883e+00,2.5154e+01
1.8200e+02,1.0000e+00,2.5562e+01,-1.5098e+05,-1.5099e+05,-3.6364e-01,-1.5099e+05,1.2053e-01,7.2714e+00,1.4063e+05,3.2767e+02,-6.8043e-01,-1.8917e+00,-4.8342e-01,5.9986e-01,1.2886e+00,3.2444e+00,3.9934e+00,2.4705e+01
1.8300e+02,1.0000e+00,2.5666e+01,-1.5095e+05,-1.5096e+05,-3.6563e-01,-1.5096e+05,1.2055e-01,7.2734e+00,1.4060e+05,3.2920e+02,-7.2096e-01,-1.6737e+00,-5.4721e-01,-9.5512e-01,7.7331e-01,3.0516e+00,4.0921e+00,2.5791e+01
1.8400e+02,1.0000e+00,2.5770e+01,-1.5092e+05,-1.5093e+05,-3.6763e-01,-1.5093e+05,1.2057e-01,7.2754e+00,1.4057e+05,3.3093e+02,-6.4098e-01,-1.2829e+00,-7.3431e-01,-6.9536e-01,-1.0503e-01,2.0260e+00,4.0644e+00,2.4766e+01
1.8500e+02,1.0000e+00,2.5874e+01,-1.5091e+05,-1.5092e+05,-3.6963e-01,-1.5092e+05,1.1909e-01,7.0984e+00,1.4054e+05,3.3245e+02,-2.3007e-01,-1.8715e+00,-1.9256e+00,6.0816e-01,6.5677e-01,3.2335e+00,4.0661e+00,2.5445e+01
1.8600e+02,1.0000e+00,2.5978e+01,-1.5089e+05,-1.5090e+05,-3.7163e-01,-1.5090e+05,1.2060e-01,7.2794e+00,1.4053e+05,3.3398e+02,-5.6268e-01,-1.4671e+00,-1.5618e+00,7.2872e-01,8.0747e-01,1.4502e+00,4.0761e+00,2.4848e+01
1.8700e+02,1.0000e+00,2.6081e+01,-1.5088e+05,-1.5089e+05,-3.7363e-01,-1.5089e+05,1.2061e-01,7.2812e+00,1.4051e+05,3.3572e+02,-6.6179e-01,-1.7733e+00,-7.3976e-01,1.2208e-01,6.9292e-01,2.9759e+00,3.9600e+00,2.4066e+01
1.8800e+02,2.0000e+00,2.6147e+01,-1.5087e+05,-1.5087e+05,-3.7562e-01,-1.5087e+05,1.2063e-01,7.2834e+00,1.4050e+05,3.3877e+02,-8.2896e-01,-1.3019e+00,-5.0655e-01,-8.7959e-01,4.7496e-01,1.4821e+00,3.9841e+00,2.3523e+01
1.8900e+02,1.0000e+00,2.6250e+01,-1.5085e+05,-1.5086e+05,-3.7762e-01,-1.5086e+05,1.2065e-01,7.2852e+00,1.4049e+05,3.4009e+02,-8.9059e-01,-1.4498e+00,-3.8012e-01,-5.6288e-01,-7.9488e-02,3.2742e+00,3.9559e+00,2.4622e+01
1.9000e+02,2.0000e+00,2.6316e+01,-1.5082e+05,-1.5082e+05,-3.7962e-01,-1.5082e+05,1.2067e-01,7.2874e+00,1.4047e+05,3.4319e+02,-7.0445e-01,-1.0254e+00,-9.0548e-01,-3.3335e-02,1.6166e+00,2.3555e+00,4.0370e+00,2.4629e+01
1.9100e+02,1.0000e+00,2.6418e+01,-1.5082e+05,-1.5082e+05,-3.8162e-01,-1.5082e+05,1.1232e-01,6.3145e+00,1.4044e+05,3.4494e+02,-2.1134e-01,-1.4488e+00,-9.0162e-01,6.7160e-01,1.6433e+00,1.8014e+00,4.1019e+00,2.5094e+01
1.9200e+02,1.0000e+00,2.6519e+01,-1.5078e+05,-1.5079e+05,-3.8362e-01,-1.5079e+05,1.2070e-01,7.2914e+00,1.4043e+05,3.4626e+02,-3.9940e-01,-1.3561e+00,-7.9253e-01,5.5729e-01,3.3865e-01,2.4004e+00,4.0400e+00,2.4530e+01
1.9300e+02,1.0000e+00,2.6621e+01,-1.5078e+05,-1.5079e+05,-3.8561e-01,-1.5079e+05,1.1648e-01,6.7904e+00,1.4040e+05,3.4758e+02,-4.5388e-01,-1.3879e+00,-1.9938e-01,2.8638e-01,1.1773e+00,1.7153e+00,4.1683e+00,2.5493e+01
1.9400e+02,1.0000e+00,2.6722e+01,-1.5077e+05,-1.5078e+05,-3.8761e-01,-1.5078e+05,1.2073e-01,7.2947e+00,1.4040e+05,3.4890e+02,-8.1838e-01,-1.8099e+00,-3.5945e-01,-5.1880e-01,1.2686e+00,1.8277e+00,4.0695e+00,2.5140e+01
1.9500e+02,1.0000e+00,2.6823e+01,-1.5076e+05,-1.5077e+05,-3.8961e-01,-1.5077e+05,1.2070e-01,7.2919e+00,1.4039e+05,3.5022e+02,-8.1356e-01,-1.2010e+00,-7.2107e-01,2.9568e-01,1.4298e+00,3.1680e+00,3.8897e+00,2.3865e+01
1.9600e+02,1.0000e+00,2.6923e+01,-1.5071e+05,-1.5071e+05,-3.9161e-01,-1.5071e+05,1.2076e-01,7.2994e+00,1.4038e+05,3.5194e+02,-3.7004e-01,-1.5965e+00,-5.5727e-01,-4.2720e-01,8.2636e-01,3.0801e+00,3.9624e+00,2.4475e+01
1.9700e+02,2.0000e+00,2.6986e+01,-1.5069e+05,-1.5070e+05,-3.9361e-01,-1.5070e+05,1.2078e-01,7.3014e+00,1.4033e+05,3.5521e+02,-4.4511e-01,-1.9690e+00,-1.3093e+00,4.9635e-01,7.1648e-01,2.1045e+00,3.9579e+00,2.3379e+01
1.9800e+02,1.0000e+00,2.7086e+01,-1.5068e+05,-1.5069e+05,-3.9560e-01,-1.5069e+05,1.2079e-01,7.3020e+00,1.4031e+05,3.5674e+02,1.7512e-03,-1.6560e+00,-1.3650e+00,-2.6195e-01,6.5124e-01,2.5746e+00,3.9113e+00,2.3531e+01
1.9900e+02,3.0000e+00,2.7112e+01,-1.5065e+05,-1.5066e+05,-3.9760e-01,-1.5066e+05,1.2081e-01,7.3054e+00,1.4030e+05,3.6135e+02,-6.4671e-02,-1.4754e+00,-1.4543e+00,-5.0871e-01,7.7283e-01,3.2795e+00,3.8244e+00,2.5969e+01
2.0000e+02,1.0000e+00,2.7211e+01,-1.5064e+05,-1.5064e+05,-3.9960e-01,-1.5064e+05,1.2083e-01,7.3074e+00,1.4027e+05,3.6313e+02,1.3218e-01,-1.7440e+00,-2.3973e-01,-2.4031e-01,2.3520e-01,1.5140e+00,4.0313e+00,2.4018e+01
2.0100e+02,1.0000e+00,2.7310e+01,-1.5061e+05,-1.5061e+05,-4.0160e-01,-1.5061e+05,1.2085e-01,7.3094e+00,1.4026e+05,3.6467e+02,-2.3319e-01,-1.2657e+00,-9.0304e-01,5.8533e-01,1.7384e+00,2.9940e+00,3.9049e+00,2.3475e+01
2.0200e+02,1.0000e+00,2.7408e+01,-1.5056e+05,-1.5057e+05,-4.0360e-01,-1.5057e+05,1.2086e-01,7.3114e+00,1.4023e+05,3.6620e+02,-5.3663e-01,-1.1129e+00,-1.9445e+00,1.1597e-01,4.1809e-01,1.9194e+00,3.9513e+00,2.3623e+01
2.0300e+02,1.0000e+00,2.7507e+01,-1.5053e+05,-1.5054e+05,-4.0559e-01,-1.5054e+05,1.2088e-01,7.3133e+00,1.4018e+05,3.6772e+02,-9.5520e-01,-1.6678e+00,-1.7102e-01,4.0347e-01,-1.6684e-01,1.6144e+00,4.0442e+00,2.4600e+01
2.0400e+02,1.0000e+00,2.7605e+01,-1.5053e+05,-1.5053e+05,-4.0759e-01,-1.5053e+05,1.1158e-01,6.2313e+00,1.4015e+05,3.6944e+02,-4.3757e-01,-1.3817e+00,-7.4100e-01,-1.8148e-01,1.7252e+00,2.3043e+00,4.2915e+00,2.5909e+01
2.0500e+02,1.0000e+00,2.7703e+01,-1.5052e+05,-1.5052e+05,-4.0959e-01,-1.5052e+05,1.2091e-01,7.3172e+00,1.4015e+05,3.7097e+02,-4.0452e-01,-1.7164e+00,-1.7282e+00,5.8935e-01,-1.1672e-01,1.5739e+00,4.0047e+00,2.4570e+01
2.0600e+02,1.0000e+00,2.7800e+01,-1.5047e+05,-1.5047e+05,-4.1159e-01,-1.5047e+05,1.2093e-01,7.3193e+00,1.4014e+05,3.7269e+02,-6.4741e-01,-1.6650e+00,-1.8687e+00,5.5661e-01,7.8389e-01,2.7377e+00,3.9368e+00,2.4113e+01
2.0700e+02,1.0000e+00,2.7898e+01,-1.5046e+05,-1.5046e+05,-4.1359e-01,-1.5046e+05,1.2093e-01,7.3196e+00,1.4009e+05,3.7422e+02,-3.2147e-01,-1.1439e+00,-1.7846e+00,1.0288e+00,2.9980e-01,1.7257e+00,3.9786e+00,2.3486e+01
2.0800e+02,1.0000e+00,2.7995e+01,-1.5043e+05,-1.5043e+05,-4.1558e-01,-1.5043e+05,1.2096e-01,7.3233e+00,1.4008e+05,3.7554e+02,-2.0347e-02,-1.3940e+00,-2.9228e-01,-7.9322e-01,8.5665e-01,3.2467e+00,3.9015e+00,2.4678e+01
2.0900e+02,1.0000e+00,2.8091e+01,-1.5039e+05,-1.5040e+05,-4.1758e-01,-1.5040e+05,1.2098e-01,7.3253e+00,1.4005e+05,3.7687e+02,-9.2531e-01,-1.8307e+00,-1.8977e+00,8.4695e-01,6.6017e-01,1.6284e+00,4.0067e+00,2.4507e+01
2.1000e+02,1.0000e+00,2.8188e+01,-1.5039e+05,-1.5040e+05,-4.1958e-01,-1.5040e+05,1.1643e-01,6.7853e+00,1.4001e+05,3.7851e+02,-8.0115e-01,-1.5606e+00,-7.7712e-01,8.8502e-01,4.7933e-01,3.0539e+00,3.9565e+00,2.5145e+01
2.1100e+02,1.0000e+00,2.8284e+01,-1.5039e+05,-1.5040e+05,-4.2158e-01,-1.5040e+05,1.1521e-01,6.6436e+00,1.4001e+05,3.8005e+02,1.7324e-01,-1.8229e+00,-1.9271e+00,-2.0277e-01,9.4730e-01,2.6972e+00,3.8596e+00,2.5683e+01
2.1200e+02,1.0000e+00,2.8380e+01,-1.5038e+05,-1.5039e+05,-4.2358e-01,-1.5039e+05,1.2053e-01,7.2709e+00,1.4001e+05,3.8137e+02,-6.6610e-01,-1.1978e+00,-2.3651e-01,-7.6192e-01,6.7291e-01,2.2037e+00,4.0195e+00,2.4661e+01
2.1300e+02,2.0000e+00,2.8438e+01,-1.5038e+05,-1.5038e+05,-4.2557e-01,-1.5038e+05,1.2097e-01,7.3245e+00,1.4000e+05,3.8484e+02,-2.7279e-01,-1.2399e+00,-1.1628e+00,-6.9027e-02,5.5058e-01,3.0917e+00,3.8891e+00,2.4629e+01
2.1400e+02,1.0000e+00,2.8533e+01,-1.5037e+05,-1.5037e+05,-4.2757e-01,-1.5037e+05,1.2106e-01,7.3345e+00,1.4000e+05,3.8636e+02,-9.0366e-01,-1.6159e+00,-2.2820e-01,4.3590e-01,4.1312e-01,2.4523e+00,3.9595e+00,2.3880e+01
2.1500e+02,3.0000e+00,2.8552e+01,-1.5036e+05,-1.5037e+05,-4.2957e-01,-1.5037e+05,1.2075e-01,7.2979e+00,1.3999e+05,3.9118e+02,-7.7629e-01,-1.1380e+00,-7.7722e-01,-3.3499e-01,2.3321e-01,2.7815e+00,3.9449e+00,2.4782e+01
2.1600e+02,1.0000e+00,2.8647e+01,-1.5036e+05,-1.5037e+05,-4.3157e-01,-1.5037e+05,1.1649e-01,6.7915e+00,1.3998e+05,3.9250e+02,-9.9858e-01,-1.8008e+00,-1.0262e+00,5.5056e-01,1.5924e+00,1.8864e+00,3.9739e+00,2.4764e+01
2.1700e+02,1.0000e+00,2.8742e+01,-1.5036e+05,-1.5036e+05,-4.3357e-01,-1.5036e+05,1.1071e-01,6.1341e+00,1.3998e+05,3.9423e+02,-1.5135e-01,-1.9815e+00,-2.5594e-01,5.1536e-01,4.4565e-01,2.7358e+00,4.0246e+00,2.5001e+01
2.1800e+02,1.0000e+00,2.8836e+01,-1.5034e+05,-1.5035e+05,-4.3556e-01,-1.5035e+05,1.2113e-01,7.3433e+00,1.3998e+05,3.9576e+02,-9.6430e-01,-1.8597e+00,-1.2358e+00,6.8910e-01,6.7613e-01,2.8028e+00,3.9521e+00,2.4968e+01
2.1900e+02,1.0000e+00,2.8930e+01,-1.5030e+05,-1.5031e+05,-4.3756e-01,-1.5031e+05,1.2114e-01,7.3453e+00,1.3996e+05,3.9728e+02,-9.9997e-01,-1.8512e+00,-1.3836e-01,4.0617e-01,-6.6390e-02,2.8580e+00,3.8972e+00,2.3417e+01
2.2000e+02,1.0000e+00,2.9024e+01,-1.5028e+05,-1.5029e+05,-4.3956e-01,-1.5029e+05,1.2116e-01,7.3473e+00,1.3992e+05,3.9905e+02,-6.0465e-01,-1.1544e+00,-1.8421e+00,-5.3385e-02,9.4460e-01,2.7747e+00,3.8980e+00,2.4184e+01
2.2100e+02,1.0000e+00,2.9117e+01,-1.5027e+05,-1.5027e+05,-4.4156e-01,-1.5027e+05,1.2118e-01,7.3493e+00,1.3990e+05,4.0078e+02,-1.9427e-01,-1.4421e+00,-9.6133e-01,-1.5225e-01,3.7475e-01,2.8992e+00,3.8711e+00,2.3876e+01
2.2200e+02,1.0000e+00,2.9211e+01,-1.5024e+05,-1.5024e+05,-4.4356e-01,-1.5024e+05,1.2119e-01,7.3513e+00,1.3989e+05,4.0232e+02,-8.6006e-01,-1.5296e+00,-1.7471e+00,-3.3810e-01,1.0169e+00,3.1990e+00,3.8362e+00,2.5181e+01
2.2300e+02,1.0000e+00,2.9304e+01,-1.5021e+05,-1.5021e+05,-4.4555e-01,-1.5021e+05,1.2121e-01,7.3533e+00,1.3986e+05,4.0383e+02,1.3727e-01,-1.4592e+00,-7.2993e-01,-2.9378e-03,8.9221e-01,3.0705e+00,3.8528e+00,2.4410e+01
2.2400e+02,1.0000e+00,2.9396e+01,-1.5019e+05,-1.5020e+05,-4.4755e-01,-1.5020e+05,1.2123e-01,7.3552e+00,1.3983e+05,4.0536e+02,2.0681e-01,-1.1963e+00,-3.0314e-01,9.6562e-01,5.3213e-01,2.7111e+00,3.9547e+00,2.3654e+01
2.2500e+02,2.0000e+00,2.9450e+01,-1.5015e+05,-1.5016e+05,-4.4955e-01,-1.5016e+05,1.2124e-01,7.3573e+00,1.3981e+05,4.0863e+02,-1.9668e-01,-1.3489e+00,-1.0110e-01,-3.0150e-01,-2.1925e-01,3.3630e+00,3.7630e+00,2.3309e+01
2.2600e+02,1.0000e+00,2.9542e+01,-1.5015e+05,-1.5015e+05,-4.5155e-01,-1.5015e+05,1.1953e-01,7.1508e+00,1.3977e+05,4.0995e+02,-1.0337e-01,-1.1261e+00,-4.2513e-01,-7.6735e-01,3.7918e-01,2.0331e+00,3.9566e+00,2.4002e+01
2.2700e+02,1.0000e+00,2.9634e+01,-1.5014e+05,-1.5015e+05,-4.5355e-01,-1.5015e+05,1.1749e-01,6.9088e+00,1.3977e+05,4.1147e+02,2.4733e-01,-1.5190e+00,-8.2248e-01,-6.5449e-02,1.5360e+00,2.8699e+00,3.8186e+00,2.3849e+01
2.2800e+02,3.0000e+00,2.9649e+01,-1.5014e+05,-1.5014e+05,-4.5554e-01,-1.5014e+05,1.2118e-01,7.3501e+00,1.3976e+05,4.1607e+02,-1.8340e-01,-1.8408e+00,-2.5720e-01,-1.0548e-01,1.6127e+00,2.3340e+00,3.9354e+00,2.3365e+01
2.2900e+02,1.0000e+00,2.9740e+01,-1.5013e+05,-1.5014e+05,-4.5754e-01,-1.5014e+05,1.2000e-01,7.2067e+00,1.3976e+05,4.1740e+02,-3.5385e-01,-1.4521e+00,-5.6689e-01,-5.4484e-02,1.4674e+00,2.6622e+00,3.8756e+00,2.3212e+01
2.3000e+02,1.0000e+00,2.9831e+01,-1.5006e+05,-1.5007e+05,-4.5954e-01,-1.5007e+05,1.2133e-01,7.3673e+00,1.3975e+05,4.1877e+02,-1.0294e-02,-1.4335e+00,-3.8094e-01,9.8477e-01,1.6958e+00,3.3150e+00,3.7798e+00,2.3278e+01
2.3100e+02,1.0000e+00,2.9922e+01,-1.5006e+05,-1.5006e+05,-4.6154e-01,-1.5006e+05,1.2123e-01,7.3552e+00,1.3968e+05,4.2030e+02,-1.8280e-01,-1.8703e+00,-4.2125e-02,-5.8506e-01,-4.7172e-02,3.2548e+00,3.8116e+00,2.3320e+01
2.3200e+02,2.0000e+00,2.9974e+01,-1.5005e+05,-1.5006e+05,-4.6354e-01,-1.5006e+05,1.2061e-01,7.2808e+00,1.3968e+05,4.2315e+02,9.6485e-02,-1.6291e+00,-1.8745e+00,1.9247e-01,5.9021e-01,2.0770e+00,3.8662e+00,2.3869e+01
2.3300e+02,1.0000e+00,3.0065e+01,-1.5000e+05,-1.5001e+05,-4.6553e-01,-1.5001e+05,1.2137e-01,7.3733e+00,1.3967e+05,4.2447e+02,-6.7615e-02,-1.5356e+00,-1.2839e-01,5.9789e-01,1.4195e+00,2.4684e+00,3.9631e+00,2.3564e+01
2.3400e+02,3.0000e+00,3.0077e+01,-1.5000e+05,-1.5000e+05,-4.6753e-01,-1.5000e+05,1.1374e-01,6.4745e+00,1.3962e+05,4.2924e+02,1.3089e-01,-1.5636e+00,-1.2438e+00,-8.7423e-01,4.9223e-02,2.3474e+00,3.8177e+00,2.3597e+01
2.3500e+02,1.0000e+00,3.0167e+01,-1.4999e+05,-1.4999e+05,-4.6953e-01,-1.4999e+05,1.2140e-01,7.3769e+00,1.3962e+05,4.3097e+02,-1.1536e-01,-1.0738e+00,-2.3767e-01,-3.1349e-01,1.2886e-01,2.9736e+00,3.9550e+00,2.4656e+01
2.3600e+02,1.0000e+00,3.0256e+01,-1.4996e+05,-1.4997e+05,-4.7153e-01,-1.4997e+05,1.2142e-01,7.3793e+00,1.3960e+05,4.3229e+02,-9.3483e-01,-1.9073e+00,-2.6180e-01,-6.2879e-01,4.9112e-01,2.7242e+00,3.8858e+00,2.4185e+01
2.3700e+02,1.0000e+00,3.0346e+01,-1.4995e+05,-1.4996e+05,-4.7353e-01,-1.4996e+05,1.2144e-01,7.3813e+00,1.3958e+05,4.3384e+02,-2.8816e-01,-1.4064e+00,-3.5009e-01,5.4566e-01,1.8617e-01,1.8866e+00,3.9428e+00,2.3805e+01
2.3800e+02,1.0000e+00,3.0435e+01,-1.4993e+05,-1.4993e+05,-4.7552e-01,-1.4993e+05,1.2146e-01,7.3833e+00,1.3957e+05,4.3517e+02,-9.3306e-01,-1.7868e+00,-7.5082e-01,5.6725e-01,1.2674e+00,1.5275e+00,3.9135e+00,2.4039e+01
2.3900e+02,1.0000e+00,3.0524e+01,-1.4991e+05,-1.4992e+05,-4.7752e-01,-1.4992e+05,1.2147e-01,7.3852e+00,1.3955e+05,4.3689e+02,2.0014e-01,-1.7762e+00,-1.6127e+00,-6.5726e-01,7.5714e-01,1.9382e+00,3.7876e+00,2.3219e+01
2.4000e+02,1.0000e+00,3.0612e+01,-1.4988e+05,-1.4989e+05,-4.7952e-01,-1.4989e+05,1.2149e-01,7.3873e+00,1.3953e+05,4.3854e+02,-7.4835e-01,-1.7081e+00,-1.7156e+00,2.8560e-03,1.0566e+00,2.2424e+00,3.8983e+00,2.4757e+01
2.4100e+02,2.0000e+00,3.0662e+01,-1.4985e+05,-1.4986e+05,-4.8152e-01,-1.4986e+05,1.2151e-01,7.3893e+00,1.3950e+05,4.4159e+02,-4.1499e-01,-1.2098e+00,-1.8988e-01,4.7539e-01,1.7211e-02,2.8538e+00,3.9072e+00,2.4160e+01
2.4200e+02,1.0000e+00,3.0750e+01,-1.4983e+05,-1.4984e+05,-4.8352e-01,-1.4984e+05,1.2152e-01,7.3913e+00,1.3947e+05,4.4333e+02,1.3856e-01,-1.3079e+00,-1.9499e+00,7.0208e-01,5.0525e-01,3.2887e+00,3.6423e+00,2.3376e+01
2.4300e+02,1.0000e+00,3.0838e+01,-1.4982e+05,-1.4983e+05,-4.8551e-01,-1.4983e+05,1.2152e-01,7.3915e+00,1.3945e+05,4.4485e+02,-9.0380e-01,-1.3251e+00,-9.5327e-01,-1.4589e-01,7.4120e-01,2.7141e+00,3.8407e+00,2.4311e+01
2.4400e+02,1.0000e+00,3.0925e+01,-1.4982e+05,-1.4983e+05,-4.8751e-01,-1.4983e+05,1.1246e-01,6.3296e+00,1.3944e+05,4.4617e+02,6.3649e-02,-1.0788e+00,-3.6216e-01,-8.2108e-01,1.1807e+00,2.8579e+00,3.8702e+00,2.5767e+01
2.4500e+02,1.0000e+00,3.1013e+01,-1.4981e+05,-1.4982e+05,-4.8951e-01,-1.4982e+05,1.2157e-01,7.3972e+00,1.3944e+05,4.4769e+02,2.4485e-01,-1.3368e+00,-3.9998e-01,-4.2224e-01,3.4919e-01,2.6152e+00,3.8721e+00,2.4029e+01
2.4600e+02,1.0000e+00,3.1100e+01,-1.4978e+05,-1.4978e+05,-4.9151e-01,-1.4978e+05,1.2159e-01,7.3993e+00,1.3943e+05,4.4943e+02,-3.5906e-01,-1.1717e+00,-8.0127e-01,9.7414e-01,3.6428e-01,3.1071e+00,3.7707e+00,2.3125e+01
2.4700e+02,2.0000e+00,3.1148e+01,-1.4971e+05,-1.4972e+05,-4.9351e-01,-1.4972e+05,1.2160e-01,7.4013e+00,1.3940e+05,4.5249e+02,3.7807e-02,-1.2552e+00,-8.6282e-01,2.0643e-02,7.4006e-01,1.9491e+00,3.8862e+00,2.5261e+01
2.4800e+02,1.0000e+00,3.1234e+01,-1.4970e+05,-1.4971e+05,-4.9550e-01,-1.4971e+05,1.2161e-01,7.4022e+00,1.3933e+05,4.5402e+02,1.3129e-01,-1.2686e+00,-1.4991e+00,-2.1144e-02,-7.6973e-02,1.4335e+00,3.7928e+00,2.5867e+01
2.4900e+02,1.0000e+00,3.1321e+01,-1.4969e+05,-1.4969e+05,-4.9750e-01,-1.4969e+05,1.2164e-01,7.4053e+00,1.3932e+05,4.5576e+02,-5.7174e-01,-1.9939e+00,-1.1587e+00,6.2900e-01,1.1167e+00,2.5057e+00,3.8046e+00,2.3042e+01
2.5000e+02,1.0000e+00,3.1407e+01,-1.4966e+05,-1.4966e+05,-4.9950e-01,-1.4966e+05,1.2165e-01,7.4073e+00,1.3931e+05,4.5733e+02,-6.7849e-01,-1.9806e+00,-4.1219e-01,-6.7869e-01,1.3609e-01,1.9106e+00,3.8551e+00,2.3391e+01
2.5100e+02,1.0000e+00,3.1493e+01,-1.4965e+05,-1.4966e+05,-5.0150e-01,-1.4966e+05,1.2018e-01,7.2287e+00,1.3928e+05,4.5906e+02,-1.8482e-02,-1.8987e+00,-1.2299e+00,5.1970e-01,-2.0978e-01,3.2720e+00,3.5966e+00,2.3209e+01
2.5200e+02,1.0000e+00,3.1579e+01,-1.4960e+05,-1.4961e+05,-5.0350e-01,-1.4961e+05,1.2169e-01,7.4113e+00,1.3927e+05,4.6080e+02,-6.2959e-01,-1.7775e+00,-6.7875e-02,-4.7321e-01,1.6040e+00,1.5913e+00,3.9096e+00,2.3584e+01
2.5300e+02,1.0000e+00,3.1665e+01,-1.4960e+05,-1.4960e+05,-5.0549e-01,-1.4960e+05,1.2027e-01,7.2398e+00,1.3922e+05,4.6232e+02,-7.9327e-01,-1.1908e+00,-1.7109e+00,6.7917e-01,7.3891e-01,2.3236e+00,3.9010e+00,2.4844e+01
2.5400e+02,1.0000e+00,3.1750e+01,-1.4958e+05,-1.4959e+05,-5.0749e-01,-1.4959e+05,1.2172e-01,7.4152e+00,1.3922e+05,4.6385e+02,-4.0610e-01,-1.4871e+00,-1.8481e+00,5.1005e-01,1.7227e+00,1.7890e+00,3.8552e+00,2.3642e+01
2.5500e+02,1.0000e+00,3.1835e+01,-1.4958e+05,-1.4959e+05,-5.0949e-01,-1.4959e+05,1.1972e-01,7.1737e+00,1.3920e+05,4.6559e+02,-2.0784e-01,-1.5617e+00,-1.7306e+00,1.7173e-01,8.2180e-01,3.3185e+00,3.6369e+00,2.4508e+01
2.5600e+02,1.0000e+00,3.1920e+01,-1.4952e+05,-1.4953e+05,-5.1149e-01,-1.4953e+05,1.2175e-01,7.4192e+00,1.3920e+05,4.6711e+02,-4.0684e-01,-1.8361e+00,-8.8885e-02,1.2818e-01,1.4197e+00,2.9242e+00,3.8581e+00,2.4113e+01
2.5700e+02,1.0000e+00,3.2005e+01,-1.4950e+05,-1.4951e+05,-5.1349e-01,-1.4951e+05,1.2177e-01,7.4212e+00,1.3914e+05,4.6864e+02,-2.1155e-01,-1.7145e+00,-1.7837e+00,-9.3838e-01,4.4166e-01,2.3843e+00,3.7686e+00,2.3108e+01
2.5800e+02,1.0000e+00,3.2090e+01,-1.4942e+05,-1.4943e+05,-5.1548e-01,-1.4943e+05,1.2179e-01,7.4232e+00,1.3912e+05,4.7017e+02,-7.6187e-02,-1.1489e+00,-6.7778e-01,3.6766e-01,8.7603e-01,1.5355e+00,3.8674e+00,2.3885e+01
2.5900e+02,1.0000e+00,3.2174e+01,-1.4940e+05,-1.4941e+05,-5.1748e-01,-1.4941e+05,1.2180e-01,7.4252e+00,1.3904e+05,4.7170e+02,-3.9696e-01,-1.1393e+00,-4.4234e-01,6.8041e-01,1.1936e+00,2.9319e+00,3.8321e+00,2.5943e+01
2.6000e+02,1.0000e+00,3.2258e+01,-1.4936e+05,-1.4936e+05,-5.1948e-01,-1.4936e+05,1.2182e-01,7.4272e+00,1.3902e+05,4.7327e+02,1.6603e-01,-1.1739e+00,-1.7449e+00,3.2891e-01,1.5333e+00,2.8983e+00,3.7076e+00,2.3406e+01
2.6100e+02,2.0000e+00,3.2302e+01,-1.4933e+05,-1.4934e+05,-5.2148e-01,-1.4934e+05,1.2183e-01,7.4292e+00,1.3898e+05,4.7633e+02,-4.9229e-01,-1.9069e+00,-9.2708e-01,4.5758e-01,1.3205e+00,2.2895e+00,4.0457e+00,2.5462e+01
2.6200e+02,1.0000e+00,3.2386e+01,-1.4933e+05,-1.4934e+05,-5.2348e-01,-1.4934e+05,1.1820e-01,6.9927e+00,1.3895e+05,4.7785e+02,-3.3178e-02,-1.3892e+00,-1.1557e+00,8.2351e-01,5.9452e-01,1.6079e+00,3.8567e+00,2.5860e+01
2.6300e+02,5.0000e+00,3.2310e+01,-1.4927e+05,-1.4928e+05,-5.2547e-01,-1.4928e+05,1.2187e-01,7.4332e+00,1.3895e+05,4.8590e+02,-9.3115e-01,-1.2671e+00,-1.6983e+00,-6.7943e-01,5.9502e-01,1.9798e+00,3.8057e+00,2.4523e+01
2.6400e+02,1.0000e+00,3.2393e+01,-1.4927e+05,-1.4927e+05,-5.2747e-01,-1.4927e+05,1.2183e-01,7.4289e+00,1.3889e+05,4.8743e+02,-4.6212e-02,-1.0105e+00,-2.3038e-01,7.9821e-01,1.6576e+00,2.0501e+00,3.9063e+00,2.3693e+01
2.6500e+02,1.0000e+00,3.2475e+01,-1.4923e+05,-1.4924e+05,-5.2947e-01,-1.4924e+05,1.2190e-01,7.4372e+00,1.3889e+05,4.8916e+02,-9.7514e-01,-1.8944e+00,-1.2081e+00,5.1800e-01,1.4466e+00,2.8097e+00,3.7757e+00,2.4567e+01
2.6600e+02,1.0000e+00,3.2558e+01,-1.4923e+05,-1.4924e+05,-5.3147e-01,-1.4924e+05,1.1256e-01,6.3411e+00,1.3885e+05,4.9068e+02,-7.3953e-01,-1.8321e+00,-1.7483e+00,-5.9400e-02,-2.2571e-01,2.0452e+00,3.8971e+00,2.5982e+01
2.6700e+02,1.0000e+00,3.2641e+01,-1.4920e+05,-1.4921e+05,-5.3347e-01,-1.4921e+05,1.2193e-01,7.4412e+00,1.3885e+05,4.9220e+02,-2.6499e-01,-1.8629e+00,-9.0629e-01,-3.7614e-01,1.0333e+00,2.7021e+00,3.7812e+00,2.4170e+01
2.6800e+02,2.0000e+00,3.2683e+01,-1.4919e+05,-1.4919e+05,-5.3546e-01,-1.4919e+05,1.2195e-01,7.4432e+00,1.3882e+05,4.9505e+02,-4.1188e-01,-1.7994e+00,-1.6186e+00,-6.1001e-01,4.7383e-01,3.2391e+00,3.5432e+00,2.3535e+01
2.6900e+02,1.0000e+00,3.2765e+01,-1.4918e+05,-1.4918e+05,-5.3746e-01,-1.4918e+05,1.2195e-01,7.4431e+00,1.3881e+05,4.9679e+02,9.0983e-02,-1.4920e+00,-6.9709e-02,-1.1266e-01,8.0937e-01,3.3091e+00,3.7058e+00,2.4126e+01
2.7000e+02,1.0000e+00,3.2847e+01,-1.4917e+05,-1.4917e+05,-5.3946e-01,-1.4917e+05,1.2198e-01,7.4468e+00,1.3880e+05,4.9836e+02,-3.1436e-01,-1.7082e+00,-4.3002e-01,-5.8218e-02,1.6786e+00,1.8622e+00,3.8633e+00,2.5884e+01
2.7100e+02,1.0000e+00,3.2928e+01,-1.4911e+05,-1.4912e+05,-5.4146e-01,-1.4912e+05,1.2200e-01,7.4492e+00,1.3878e+05,4.9990e+02,-9.9244e-01,-1.8382e+00,-1.4312e-01,9.5976e-01,1.2357e+00,2.6554e+00,3.8851e+00,2.5006e+01
2.7200e+02,2.0000e+00,3.2970e+01,-1.4908e+05,-1.4908e+05,-5.4346e-01,-1.4908e+05,1.2201e-01,7.4512e+00,1.3873e+05,5.0318e+02,-6.6520e-01,-1.7097e+00,-1.5315e+00,1.4358e-01,2.5289e-01,3.3247e+00,3.5516e+00,2.4890e+01
2.7300e+02,1.0000e+00,3.3051e+01,-1.4904e+05,-1.4904e+05,-5.4545e-01,-1.4904e+05,1.2203e-01,7.4532e+00,1.3870e+05,5.0449e+02,-8.1953e-01,-1.9328e+00,-2.2351e-01,-8.8456e-01,-1.7528e-01,1.6322e+00,3.8351e+00,2.3890e+01
2.7400e+02,1.0000e+00,3.3132e+01,-1.4899e+05,-1.4900e+05,-5.4745e-01,-1.4900e+05,1.2205e-01,7.4552e+00,1.3866e+05,5.0624e+02,1.3114e-01,-1.2950e+00,-7.3914e-01,3.0577e-01,1.1190e+00,1.8666e+00,3.7740e+00,2.5315e+01
2.7500e+02,1.0000e+00,3.3213e+01,-1.4899e+05,-1.4899e+05,-5.4945e-01,-1.4899e+05,1.1776e-01,6.9407e+00,1.3861e+05,5.0797e+02,-7.4781e-01,-1.3017e+00,-1.3139e-01,8.1483e-01,1.7525e+00,3.0530e+00,3.7664e+00,2.4354e+01
2.7600e+02,1.0000e+00,3.3293e+01,-1.4897e+05,-1.4898e+05,-5.5145e-01,-1.4898e+05,1.2208e-01,7.4592e+00,1.3861e+05,5.0971e+02,1.8298e-01,-1.4869e+00,-1.9632e+00,6.1606e-01,1.5477e+00,1.9542e+00,3.7799e+00,2.3649e+01
2.7700e+02,2.0000e+00,3.3333e+01,-1.4889e+05,-1.4890e+05,-5.5345e-01,-1.4890e+05,1.2210e-01,7.4612e+00,1.3859e+05,5.1280e+02,2.6846e-03,-1.8562e+00,-6.2726e-01,4.4407e-01,2.0293e-01,3.2654e+00,3.5605e+00,2.5728e+01
2.7800e+02,1.0000e+00,3.3413e+01,-1.4889e+05,-1.4890e+05,-5.5544e-01,-1.4890e+05,1.1520e-01,6.6421e+00,1.3851e+05,5.1455e+02,-7.4601e-02,-1.4378e+00,-9.5223e-01,-2.2038e-01,6.2598e-01,1.9596e+00,3.7321e+00,2.3034e+01
2.7900e+02,3.0000e+00,3.3413e+01,-1.4886e+05,-1.4887e+05,-5.5744e-01,-1.4887e+05,1.2213e-01,7.4652e+00,1.3851e+05,5.1892e+02,2.0730e-01,-1.8528e+00,-1.9765e+00,2.2269e-01,-6.5192e-03,3.3172e+00,3.3276e+00,2.3581e+01
2.8000e+02,2.0000e+00,3.3453e+01,-1.4882e+05,-1.4883e+05,-5.5944e-01,-1.4883e+05,1.2215e-01,7.4672e+00,1.3848e+05,5.2189e+02,-7.3222e-01,-1.0998e+00,-9.6691e-01,7.2389e-01,3.4402e-01,2.7121e+00,3.7273e+00,2.3336e+01
2.8100e+02,2.0000e+00,3.3492e+01,-1.4879e+05,-1.4880e+05,-5.6144e-01,-1.4880e+05,1.2216e-01,7.4692e+00,1.3844e+05,5.2518e+02,-1.3311e-01,-1.5788e+00,-3.1908e-01,1.8505e-01,1.6455e+00,3.1761e+00,3.5925e+00,2.3052e+01
2.8200e+02,1.0000e+00,3.3571e+01,-1.4878e+05,-1.4879e+05,-5.6344e-01,-1.4879e+05,1.2212e-01,7.4637e+00,1.3841e+05,5.2694e+02,1.6134e-01,-1.6019e+00,-1.0579e+00,4.0651e-01,3.2854e-01,2.7690e+00,3.6677e+00,2.5373e+01
2.8300e+02,1.0000e+00,3.3650e+01,-1.4874e+05,-1.4875e+05,-5.6543e-01,-1.4875e+05,1.2219e-01,7.4732e+00,1.3840e+05,5.2845e+02,-4.4855e-01,-1.9619e+00,-1.9979e+00,-4.7263e-01,6.8202e-01,3.1639e+00,3.5435e+00,2.3975e+01
2.8400e+02,1.0000e+00,3.3729e+01,-1.4872e+05,-1.4873e+05,-5.6743e-01,-1.4873e+05,1.2221e-01,7.4752e+00,1.3836e+05,5.2996e+02,-7.6716e-01,-1.5299e+00,-1.8906e-01,2.1988e-01,2.0080e-01,2.4781e+00,3.8049e+00,2.4339e+01
2.8500e+02,1.0000e+00,3.3808e+01,-1.4871e+05,-1.4872e+05,-5.6943e-01,-1.4872e+05,1.2219e-01,7.4729e+00,1.3834e+05,5.3150e+02,-2.1064e-01,-1.2055e+00,-4.6434e-01,-6.7514e-01,-5.9674e-02,1.9291e+00,3.9564e+00,2.4709e+01
2.8600e+02,2.0000e+00,3.3846e+01,-1.4869e+05,-1.4870e+05,-5.7143e-01,-1.4870e+05,1.2224e-01,7.4792e+00,1.3833e+05,5.3477e+02,-7.3507e-01,-1.6733e+00,-2.0357e+00,-4.3149e-01,1.6656e+00,2.2513e+00,3.7660e+00,2.4832e+01
2.8700e+02,3.0000e+00,3.3844e+01,-1.4868e+05,-1.4869e+05,-5.7343e-01,-1.4869e+05,1.2222e-01,7.4768e+00,1.3831e+05,5.3936e+02,-4.6574e-01,-1.9693e+00,-1.3845e+00,-6.7842e-01,5.5098e-01,2.2167e+00,3.7250e+00,2.5829e+01
2.8800e+02,2.0000e+00,3.3882e+01,-1.4866e+05,-1.4867e+05,-5.7542e-01,-1.4867e+05,1.2228e-01,7.4832e+00,1.3830e+05,5.4241e+02,2.2827e-01,-1.7066e+00,-1.9231e+00,9.0399e-01,1.0629e+00,2.1068e+00,3.7628e+00,2.5632e+01
2.8900e+02,1.0000e+00,3.3960e+01,-1.4866e+05,-1.4867e+05,-5.7742e-01,-1.4867e+05,1.1745e-01,6.9036e+00,1.3828e+05,5.4394e+02,3.5806e-02,-1.3357e+00,-8.4446e-02,2.5769e-01,8.9949e-01,2.8209e+00,3.7850e+00,2.3310e+01
2.9000e+02,1.0000e+00,3.4038e+01,-1.4864e+05,-1.4865e+05,-5.7942e-01,-1.4865e+05,1.2231e-01,7.4872e+00,1.3828e+05,5.4570e+02,-5.6574e-01,-1.8714e+00,-6.7319e-01,-1.8253e-01,-1.8224e-01,2.4168e+00,3.7324e+00,2.3670e+01
2.9100e+02,1.0000e+00,3.4115e+01,-1.4863e+05,-1.4864e+05,-5.8142e-01,-1.4864e+05,1.2232e-01,7.4883e+00,1.3826e+05,5.4743e+02,-2.0516e-02,-1.8884e+00,-1.8499e+00,-7.7288e-01,4.5441e-01,2.2841e+00,3.8353e+00,2.4427e+01
2.9200e+02,1.0000e+00,3.4192e+01,-1.4862e+05,-1.4863e+05,-5.8342e-01,-1.4863e+05,1.2230e-01,7.4866e+00,1.3825e+05,5.4915e+02,-8.2149e-01,-1.1391e+00,-7.6649e-01,7.9511e-01,1.4997e+00,3.2237e+00,3.5402e+00,2.3870e+01
2.9300e+02,1.0000e+00,3.4269e+01,-1.4862e+05,-1.4863e+05,-5.8541e-01,-1.4863e+05,1.1302e-01,6.3927e+00,1.3824e+05,5.5069e+02,-5.2805e-01,-1.5259e+00,-6.1999e-01,3.1922e-01,6.0002e-01,1.7447e+00,3.7853e+00,2.3995e+01
2.9400e+02,2.0000e+00,3.4306e+01,-1.4859e+05,-1.4860e+05,-5.8741e-01,-1.4860e+05,1.2237e-01,7.4952e+00,1.3824e+05,5.5354e+02,-7.4403e-01,-1.7712e+00,-7.2912e-01,-9.2585e-01,3.6418e-01,2.3764e+00,3.7187e+00,2.5877e+01
2.9500e+02,1.0000e+00,3.4382e+01,-1.4857e+05,-1.4858e+05,-5.8941e-01,-1.4858e+05,1.2239e-01,7.4972e+00,1.3821e+05,5.5527e+02,-5.5145e-02,-1.3255e+00,-1.5740e+00,-8.3826e-02,1.5009e+00,3.3360e+00,3.3141e+00,2.5503e+01
2.9600e+02,1.0000e+00,3.4459e+01,-1.4856e+05,-1.4856e+05,-5.9141e-01,-1.4856e+05,1.2241e-01,7.4992e+00,1.3819e+05,5.5681e+02,1.7861e-02,-1.4891e+00,-1.0032e-01,-5.7589e-01,-1.4773e-01,2.1503e+00,3.8473e+00,2.5661e+01
2.9700e+02,1.0000e+00,3.4535e+01,-1.4854e+05,-1.4855e+05,-5.9341e-01,-1.4855e+05,1.2242e-01,7.5010e+00,1.3817e+05,5.5853e+02,-6.9375e-01,-1.0226e+00,-1.8044e+00,5.9585e-01,7.3814e-01,3.0275e+00,3.5790e+00,2.3211e+01
2.9800e+02,1.0000e+00,3.4611e+01,-1.4853e+05,-1.4854e+05,-5.9540e-01,-1.4854e+05,1.2242e-01,7.5003e+00,1.3816e+05,5.6028e+02,-1.9264e-02,-1.4395e+00,-7.1474e-01,7.8552e-02,1.3568e+00,1.9189e+00,3.7372e+00,2.3169e+01
2.9900e+02,1.0000e+00,3.4687e+01,-1.4853e+05,-1.4854e+05,-5.9740e-01,-1.4854e+05,1.2140e-01,7.3759e+00,1.3815e+05,5.6200e+02,-1.0626e-01,-1.2759e+00,-1.9984e+00,-3.9347e-01,9.2632e-01,3.2772e+00,3.3542e+00,2.3360e+01
3.0000e+02,1.0000e+00,3.4762e+01,-1.4851e+05,-1.4852e+05,-5.9940e-01,-1.4852e+05,1.2247e-01,7.5072e+00,1.3815e+05,5.6377e+02,6.2431e-02,-1.6605e+00,-1.7505e+00,4.0007e-01,9.1297e-01,3.1712e+00,3.5793e+00,2.4216e+01
3.0100e+02,2.0000e+00,3.4798e+01,-1.4850e+05,-1.4851e+05,-6.0140e-01,-1.4851e+05,1.2248e-01,7.5079e+00,1.3813e+05,5.6682e+02,-6.8339e-01,-1.4932e+00,-1.6667e+00,-8.5092e-01,4.9920e-01,2.8553e+00,3.6245e+00,2.5768e+01
3.0200e+02,1.0000e+00,3.4873e+01,-1.4837e+05,-1.4838e+05,-6.0340e-01,-1.4838e+05,1.2250e-01,7.5112e+00,1.3812e+05,5.6855e+02,-5.8079e-01,-1.9812e+00,-1.6533e+00,2.9497e-01,-2.0603e-01,2.7521e+00,3.6517e+00,2.3790e+01
3.0300e+02,1.0000e+00,3.4948e+01,-1.4836e+05,-1.4837e+05,-6.0539e-01,-1.4837e+05,1.2177e-01,7.4209e+00,1.3799e+05,5.7007e+02,1.8926e-01,-1.5466e+00,-1.4502e+00,-5.6684e-01,-1.9498e-01,2.7328e+00,3.4942e+00,2.5981e+01
3.0400e+02,1.0000e+00,3.5023e+01,-1.4836e+05,-1.4837e+05,-6.0739e-01,-1.4837e+05,1.2232e-01,7.4886e+00,1.3798e+05,5.7159e+02,-2.7942e-01,-1.6824e+00,-1.0745e+00,6.1555e-01,1.5525e+00,1.5772e+00,3.7507e+00,2.5909e+01
3.0500e+02,1.0000e+00,3.5098e+01,-1.4834e+05,-1.4834e+05,-6.0939e-01,-1.4834e+05,1.2255e-01,7.5171e+00,1.3798e+05,5.7311e+02,-1.5226e-02,-1.6494e+00,-1.1671e+00,-7.6284e-01,-2.2657e-03,2.9887e+00,3.5166e+00,2.5490e+01
3.0600e+02,1.0000e+00,3.5172e+01,-1.4831e+05,-1.4831e+05,-6.1139e-01,-1.4831e+05,1.2257e-01,7.5191e+00,1.3796e+05,5.7463e+02,-4.7973e-01,-1.1224e+00,-5.1424e-01,1.3113e-01,1.5700e+00,3.2570e+00,3.6071e+00,2.4697e+01
3.0700e+02,1.0000e+00,3.5247e+01,-1.4829e+05,-1.4829e+05,-6.1339e-01,-1.4829e+05,1.2259e-01,7.5211e+00,1.3793e+05,5.7616e+02,1.7113e-01,-1.0440e+00,-1.2568e+00,1.7976e-01,7.1735e-01,2.1937e+00,3.6266e+00,2.5636e+01
3.0800e+02,4.0000e+00,3.5200e+01,-1.4827e+05,-1.4827e+05,-6.1538e-01,-1.4827e+05,1.2260e-01,7.5231e+00,1.3791e+05,5.8288e+02,-3.6782e-01,-1.6473e+00,-1.4163e+00,-4.4029e-01,1.2117e+00,1.7972e+00,3.6967e+00,2.3679e+01
3.0900e+02,1.0000e+00,3.5274e+01,-1.4825e+05,-1.4825e+05,-6.1738e-01,-1.4825e+05,1.2262e-01,7.5251e+00,1.3789e+05,5.8441e+02,-9.4629e-01,-1.9921e+00,-1.8964e+00,-6.6018e-01,3.8018e-01,3.1686e+00,3.3985e+00,2.5836e+01
3.1000e+02,1.0000e+00,3.5348e+01,-1.4825e+05,-1.4825e+05,-6.1938e-01,-1.4825e+05,1.1339e-01,6.4348e+00,1.3787e+05,5.8605e+02,-7.5462e-01,-1.8723e+00,-6.9966e-01,7.9772e-01,1.0766e+00,2.7201e+00,3.7792e+00,2.5103e+01
3.1100e+02,2.0000e+00,3.5381e+01,-1.4823e+05,-1.4824e+05,-6.2138e-01,-1.4824e+05,1.2265e-01,7.5290e+00,1.3787e+05,5.8891e+02,-4.9862e-01,-1.0694e+00,-1.0051e+00,6.5407e-01,1.5289e+00,2.9410e+00,3.6050e+00,2.3222e+01
3.1200e+02,5.0000e+00,3.5294e+01,-1.4822e+05,-1.4823e+05,-6.2338e-01,-1.4823e+05,1.2265e-01,7.5290e+00,1.3785e+05,5.9678e+02,-8.9202e-01,-1.9497e+00,-6.4368e-01,4.1468e-01,6.4874e-01,1.9270e+00,3.7882e+00,2.5839e+01
3.1300e+02,2.0000e+00,3.5327e+01,-1.4821e+05,-1.4822e+05,-6.2537e-01,-1.4822e+05,1.2268e-01,7.5331e+00,1.3784e+05,5.9982e+02,-8.2782e-01,-1.4991e+00,-2.0060e+00,-2.7050e-01,4.4082e-01,2.4249e+00,3.6609e+00,2.4051e+01
3.1400e+02,2.0000e+00,3.5360e+01,-1.4817e+05,-1.4817e+05,-6.2737e-01,-1.4817e+05,1.2270e-01,7.5351e+00,1.3783e+05,6.0310e+02,-5.2334e-01,-1.9851e+00,-6.2904e-01,4.2146e-01,1.6394e+00,2.6747e+00,3.6755e+00,2.3923e+01
3.1500e+02,2.0000e+00,3.5393e+01,-1.4815e+05,-1.4815e+05,-6.2937e-01,-1.4815e+05,1.2272e-01,7.5371e+00,1.3779e+05,6.0615e+02,-9.2663e-01,-1.9410e+00,-1.9318e+00,6.6879e-02,5.7534e-01,3.4149e+00,2.8933e+00,2.3982e+01
3.1600e+02,1.0000e+00,3.5466e+01,-1.4815e+05,-1.4815e+05,-6.3137e-01,-1.4815e+05,1.1346e-01,6.4434e+00,1.3777e+05,6.0746e+02,-2.7840e-01,-1.3853e+00,-3.9295e-01,-3.4929e-01,1.6254e+00,2.8960e+00,3.6423e+00,2.5902e+01
3.1700e+02,1.0000e+00,3.5538e+01,-1.4808e+05,-1.4809e+05,-6.3337e-01,-1.4809e+05,1.2275e-01,7.5411e+00,1.3776e+05,6.0899e+02,-7.1641e-01,-1.8462e+00,-5.2704e-02,8.5222e-01,1.1067e+00,2.4884e+00,3.7444e+00,2.3017e+01
3.1800e+02,1.0000e+00,3.5610e+01,-1.4805e+05,-1.4805e+05,-6.3536e-01,-1.4805e+05,1.2276e-01,7.5431e+00,1.3770e+05,6.1071e+02,-1.3075e-01,-1.2222e+00,-1.5920e+00,-2.6292e-01,-1.5754e-01,2.6953e+00,3.5916e+00,2.5290e+01
3.1900e+02,1.0000e+00,3.5682e+01,-1.4803e+05,-1.4804e+05,-6.3736e-01,-1.4804e+05,1.2278e-01,7.5451e+00,1.3767e+05,6.1223e+02,3.0019e-02,-1.3915e+00,-5.9272e-01,-2.5247e-01,1.4331e+00,2.2926e+00,3.6667e+00,2.3087e+01
3.2000e+02,1.0000e+00,3.5754e+01,-1.4801e+05,-1.4802e+05,-6.3936e-01,-1.4802e+05,1.2280e-01,7.5471e+00,1.3765e+05,6.1379e+02,-4.7533e-02,-1.5748e+00,-1.7580e+00,-5.3272e-01,1.2947e+00,1.5248e+00,3.6564e+00,2.3542e+01
3.2100e+02,2.0000e+00,3.5786e+01,-1.4801e+05,-1.4801e+05,-6.4136e-01,-1.4801e+05,1.2160e-01,7.4001e+00,1.3763e+05,6.1686e+02,-8.6416e-01,-1.5230e+00,-7.1291e-02,-8.3133e-01,1.4698e+00,3.3867e+00,3.1113e+00,2.3134e+01
3.2200e+02,3.0000e+00,3.5778e+01,-1.4800e+05,-1.4800e+05,-6.4336e-01,-1.4800e+05,1.2281e-01,7.5488e+00,1.3762e+05,6.2146e+02,1.4420e-01,-1.3323e+00,-5.8277e-02,5.4534e-01,1.5417e-01,3.3067e+00,3.5192e+00,2.5351e+01
3.2300e+02,4.0000e+00,3.5730e+01,-1.4789e+05,-1.4789e+05,-6.4535e-01,-1.4789e+05,1.2285e-01,7.5531e+00,1.3762e+05,6.2736e+02,-2.2539e-01,-1.8359e+00,-1.9300e+00,-2.1698e-01,1.0755e+00,2.5122e+00,3.8175e+00,2.4658e+01
3.2400e+02,1.0000e+00,3.5801e+01,-1.4787e+05,-1.4788e+05,-6.4735e-01,-1.4788e+05,1.2286e-01,7.5550e+00,1.3751e+05,6.2888e+02,-1.1091e-01,-1.4069e+00,-5.9965e-01,9.4217e-01,7.7151e-01,2.7851e+00,3.6847e+00,2.5433e+01
3.2500e+02,1.0000e+00,3.5872e+01,-1.4778e+05,-1.4778e+05,-6.4935e-01,-1.4778e+05,1.2288e-01,7.5571e+00,1.3749e+05,6.3040e+02,-9.5914e-01,-1.8032e+00,-2.3407e-01,-5.9505e-01,1.6338e-02,3.3791e+00,3.1516e+00,2.5816e+01
3.2600e+02,1.0000e+00,3.5943e+01,-1.4777e+05,-1.4778e+05,-6.5135e-01,-1.4778e+05,1.2187e-01,7.4336e+00,1.3740e+05,6.3213e+02,-9.1778e-01,-1.2122e+00,-1.0110e+00,-6.1142e-01,8.0701e-01,2.5976e+00,3.5653e+00,2.3429e+01
3.2700e+02,6.0000e+00,3.5816e+01,-1.4767e+05,-1.4768e+05,-6.5335e-01,-1.4768e+05,1.2291e-01,7.5611e+00,1.3739e+05,6.4131e+02,-9.8270e-01,-1.2167e+00,-1.3561e+00,1.7033e-01,-5.3058e-02,3.3588e+00,2.9010e+00,2.5724e+01
3.2800e+02,1.0000e+00,3.5886e+01,-1.4767e+05,-1.4768e+05,-6.5534e-01,-1.4768e+05,1.2244e-01,7.5036e+00,1.3729e+05,6.4285e+02,-1.1789e-01,-1.2360e+00,-1.3466e+00,-4.6139e-01,1.0998e+00,1.7142e+00,3.6180e+00,2.3067e+01
3.2900e+02,2.0000e+00,3.5917e+01,-1.4765e+05,-1.4766e+05,-6.5734e-01,-1.4766e+05,1.2294e-01,7.5651e+00,1.3729e+05,6.4590e+02,2.1324e-01,-1.7177e+00,-7.2014e-01,5.8908e-01,1.6563e+00,2.7518e+00,3.5772e+00,2.5521e+01
3.3000e+02,2.0000e+00,3.5948e+01,-1.4762e+05,-1.4763e+05,-6.5934e-01,-1.4763e+05,1.2296e-01,7.5671e+00,1.3727e+05,6.4886e+02,1.2766e-01,-1.7635e+00,-1.7786e+00,-3.2934e-01,1.4629e+00,3.0802e+00,3.3675e+00,2.3720e+01
3.3100e+02,2.0000e+00,3.5978e+01,-1.4760e+05,-1.4761e+05,-6.6134e-01,-1.4761e+05,1.2298e-01,7.5691e+00,1.3724e+05,6.5192e+02,-1.3606e-01,-1.3177e+00,-1.6149e+00,-7.6870e-01,1.0662e+00,3.3795e+00,2.8308e+00,2.3893e+01
3.3200e+02,4.0000e+00,3.5931e+01,-1.4758e+05,-1.4759e+05,-6.6334e-01,-1.4759e+05,1.2299e-01,7.5711e+00,1.3722e+05,6.5822e+02,-1.1476e-01,-1.0388e+00,-3.8868e-01,-2.3664e-01,1.5912e+00,2.8948e+00,3.5710e+00,2.5425e+01
3.3300e+02,2.0000e+00,3.5961e+01,-1.4758e+05,-1.4758e+05,-6.6533e-01,-1.4758e+05,1.1944e-01,7.1403e+00,1.3720e+05,6.6148e+02,1.2206e-01,-1.5134e+00,-6.0126e-01,-5.7904e-01,-7.1477e-02,1.6893e+00,3.6121e+00,2.5379e+01
3.3400e+02,1.0000e+00,3.6030e+01,-1.4756e+05,-1.4757e+05,-6.6733e-01,-1.4757e+05,1.2302e-01,7.5751e+00,1.3720e+05,6.6279e+02,-9.4343e-01,-1.6575e+00,-1.3250e+00,1.0266e+00,1.6538e+00,1.6779e+00,3.7129e+00,2.4432e+01
3.3500e+02,1.0000e+00,3.6099e+01,-1.4755e+05,-1.4756e+05,-6.6933e-01,-1.4756e+05,1.2303e-01,7.5757e+00,1.3785e+05,6.6452e+02,-5.9285e-01,-1.4597e+00,-1.7107e-01,4.7213e-02,-1.5805e-01,2.8664e+00,3.6054e+00,2.3634e+01
3.3600e+02,1.0000e+00,3.6168e+01,-1.4754e+05,-1.4754e+05,-6.7133e-01,-1.4754e+05,1.2306e-01,7.5790e+00,1.3784e+05,6.6625e+02,-8.6822e-01,-1.6106e+00,-5.2649e-01,6.1456e-01,-2.1436e-01,2.5347e+00,3.6383e+00,2.3911e+01
3.3700e+02,1.0000e+00,3.6237e+01,-1.4750e+05,-1.4751e+05,-6.7333e-01,-1.4751e+05,1.2307e-01,7.5811e+00,1.3783e+05,6.6798e+02,-4.5313e-01,-1.0291e+00,-4.8806e-01,-7.0154e-01,1.6197e+00,3.0712e+00,3.4617e+00,2.3422e+01
3.3800e+02,1.0000e+00,3.6305e+01,-1.4749e+05,-1.4750e+05,-6.7532e-01,-1.4750e+05,1.2308e-01,7.5816e+00,1.3779e+05,6.6930e+02,-9.0471e-01,-1.0702e+00,-1.3916e+00,3.2296e-01,5.6406e-02,1.5162e+00,3.6194e+00,2.5789e+01
3.3900e+02,2.0000e+00,3.6334e+01,-1.4749e+05,-1.4749e+05,-6.7732e-01,-1.4749e+05,1.1900e-01,7.0876e+00,1.3778e+05,6.7235e+02,-7.4895e-01,-1.1711e+00,-6.2306e-01,-5.7122e-01,5.4984e-01,3.3948e+00,2.7319e+00,2.5621e+01
3.4000e+02,1.0000e+00,3.6403e+01,-1.4748e+05,-1.4748e+05,-6.7932e-01,-1.4748e+05,1.2311e-01,7.5862e+00,1.3778e+05,6.7371e+02,-9.5229e-01,-1.7009e+00,-1.2922e+00,2.7825e-01,-1.8071e-01,3.2547e+00,3.1539e+00,2.3412e+01
3.4100e+02,1.0000e+00,3.6471e+01,-1.4745e+05,-1.4746e+05,-6.8132e-01,-1.4746e+05,1.2314e-01,7.5891e+00,1.3777e+05,6.7544e+02,-2.9545e-01,-1.8871e+00,-1.4084e+00,1.9948e-01,1.1539e+00,2.3547e+00,3.6069e+00,2.3470e+01
3.4200e+02,2.0000e+00,3.6499e+01,-1.4743e+05,-1.4744e+05,-6.8332e-01,-1.4744e+05,1.2315e-01,7.5911e+00,1.3774e+05,6.7869e+02,-8.0008e-02,-1.6436e+00,-9.8271e-01,6.5216e-01,5.5718e-01,3.2776e+00,3.2382e+00,2.5427e+01
3.4300e+02,1.0000e+00,3.6567e+01,-1.4742e+05,-1.4743e+05,-6.8531e-01,-1.4743e+05,1.2312e-01,7.5869e+00,1.3772e+05,6.8021e+02,-6.9828e-01,-1.7431e+00,-8.1059e-01,-4.9539e-01,1.0246e+00,2.8838e+00,3.5468e+00,2.4568e+01
3.4400e+02,1.0000e+00,3.6635e+01,-1.4737e+05,-1.4737e+05,-6.8731e-01,-1.4737e+05,1.2319e-01,7.5951e+00,1.3772e+05,6.8174e+02,-6.2215e-02,-1.5465e+00,-9.1080e-01,-3.1552e-01,9.5863e-01,2.6651e+00,3.5451e+00,2.3593e+01
3.4500e+02,3.0000e+00,3.6624e+01,-1.4724e+05,-1.4725e+05,-6.8931e-01,-1.4725e+05,1.2320e-01,7.5971e+00,1.3766e+05,6.8631e+02,1.9801e-01,-1.1551e+00,-1.4347e+00,8.9109e-01,1.0871e+00,2.9414e+00,3.4979e+00,2.5260e+01
3.4600e+02,3.0000e+00,3.6614e+01,-1.4717e+05,-1.4718e+05,-6.9131e-01,-1.4718e+05,1.2322e-01,7.5991e+00,1.3753e+05,6.9112e+02,-6.2788e-02,-1.1011e+00,-1.7835e+00,-6.4711e-01,-1.6025e-01,1.9151e+00,3.5510e+00,2.3067e+01
3.4700e+02,2.0000e+00,3.6642e+01,-1.4717e+05,-1.4718e+05,-6.9331e-01,-1.4718e+05,1.1418e-01,6.5246e+00,1.3747e+05,6.9418e+02,1.9767e-01,-1.1241e+00,-1.3201e+00,3.6897e-02,1.1323e+00,2.8410e+00,3.4167e+00,2.4684e+01
3.4800e+02,3.0000e+00,3.6632e+01,-1.4717e+05,-1.4717e+05,-6.9530e-01,-1.4717e+05,1.2313e-01,7.5884e+00,1.3746e+05,6.9898e+02,-7.6450e-01,-1.9924e+00,-2.4310e-01,1.0300e+00,1.3774e+00,1.4760e+00,3.7468e+00,2.4830e+01
3.4900e+02,2.0000e+00,3.6660e+01,-1.4714e+05,-1.4715e+05,-6.9730e-01,-1.4715e+05,1.2327e-01,7.6051e+00,1.3746e+05,7.0202e+02,-1.3207e-01,-1.5726e+00,-8.3021e-02,-5.6617e-01,1.0825e+00,2.3977e+00,3.6966e+00,2.3785e+01
3.5000e+02,3.0000e+00,3.6649e+01,-1.4709e+05,-1.4710e+05,-6.9930e-01,-1.4710e+05,1.2328e-01,7.6071e+00,1.3743e+05,7.0664e+02,-7.9841e-01,-1.7658e+00,-1.2576e+00,-4.0003e-01,-3.1533e-02,1.9740e+00,3.5762e+00,2.3825e+01
3.5100e+02,1.0000e+00,3.6715e+01,-1.4708e+05,-1.4709e+05,-7.0130e-01,-1.4709e+05,1.2330e-01,7.6089e+00,1.3738e+05,7.0816e+02,-5.7797e-01,-1.5931e+00,-1.0889e+00,-2.3477e-01,7.7763e-01,2.1791e+00,3.5877e+00,2.5336e+01
3.5200e+02,2.0000e+00,3.6743e+01,-1.4706e+05,-1.4707e+05,-7.0330e-01,-1.4707e+05,1.2332e-01,7.6111e+00,1.3737e+05,7.1121e+02,-5.5479e-01,-1.9519e+00,-8.4181e-01,3.9184e-01,7.5626e-01,3.2466e+00,3.1686e+00,2.3717e+01
3.5300e+02,1.0000e+00,3.6809e+01,-1.4705e+05,-1.4706e+05,-7.0529e-01,-1.4706e+05,1.2184e-01,7.4293e+00,1.3735e+05,7.1273e+02,-7.3318e-01,-1.7786e+00,-1.9654e+00,8.0904e-01,9.5261e-01,3.2893e+00,3.4073e+00,2.5672e+01
3.5400e+02,2.0000e+00,3.6837e+01,-1.4701e+05,-1.4701e+05,-7.0729e-01,-1.4701e+05,1.2335e-01,7.6150e+00,1.3735e+05,7.1619e+02,-6.0854e-01,-1.9126e+00,-1.4891e+00,5.7709e-01,1.1888e-01,3.1540e+00,3.2516e+00,2.3174e+01
3.5500e+02,1.0000e+00,3.6902e+01,-1.4697e+05,-1.4698e+05,-7.0929e-01,-1.4698e+05,1.2336e-01,7.6170e+00,1.3730e+05,7.1793e+02,-9.9513e-01,-1.8157e+00,-1.7985e-01,4.0791e-01,1.3949e+00,3.3958e+00,2.8376e+00,2.4721e+01
3.5600e+02,1.0000e+00,3.6968e+01,-1.4697e+05,-1.4698e+05,-7.1129e-01,-1.4698e+05,1.1845e-01,7.0221e+00,1.3727e+05,7.1924e+02,-7.1934e-01,-1.7431e+00,-1.0437e-01,-6.6470e-01,2.9888e-01,2.3628e+00,3.6250e+00,2.3506e+01
3.5700e+02,2.0000e+00,3.6995e+01,-1.4694e+05,-1.4695e+05,-7.1329e-01,-1.4695e+05,1.2340e-01,7.6210e+00,1.3726e+05,7.2230e+02,-8.7899e-01,-1.9433e+00,-9.2224e-01,9.1135e-01,1.7141e+00,3.3612e+00,2.8839e+00,2.4115e+01
3.5800e+02,6.0000e+00,3.6869e+01,-1.4692e+05,-1.4693e+05,-7.1528e-01,-1.4693e+05,1.2341e-01,7.6230e+00,1.3723e+05,7.3146e+02,8.3148e-02,-1.7536e+00,-8.4911e-01,9.8663e-01,1.5297e-01,2.0015e+00,3.6690e+00,2.4961e+01
3.5900e+02,1.0000e+00,3.6934e+01,-1.4689e+05,-1.4690e+05,-7.1728e-01,-1.4690e+05,1.2343e-01,7.6250e+00,1.3722e+05,7.3298e+02,2.2415e-01,-1.1026e+00,-1.0130e+00,3.5913e-01,1.1187e+00,2.9861e+00,3.3163e+00,2.5325e+01
3.6000e+02,1.0000e+00,3.6999e+01,-1.4688e+05,-1.4689e+05,-7.1928e-01,-1.4689e+05,1.2344e-01,7.6259e+00,1.3718e+05,7.3447e+02,1.1888e-01,-1.2689e+00,-1.9350e+00,-6.5619e-01,8.9843e-01,1.4976e+00,3.5110e+00,2.3110e+01
3.6100e+02,4.0000e+00,3.6950e+01,-1.4685e+05,-1.4686e+05,-7.2128e-01,-1.4686e+05,1.2346e-01,7.6290e+00,1.3717e+05,7.4038e+02,-9.7165e-01,-1.1449e+00,-1.4231e+00,5.5247e-01,8.9190e-01,1.4919e+00,3.8072e+00,2.4977e+01
3.6200e+02,1.0000e+00,3.7014e+01,-1.4685e+05,-1.4686e+05,-7.2328e-01,-1.4686e+05,1.2229e-01,7.4851e+00,1.3714e+05,7.4211e+02,-4.6171e-01,-1.2866e+00,-8.3963e-01,-2.6686e-01,-1.3630e-01,2.6688e+00,3.5091e+00,2.3708e+01
3.6300e+02,1.0000e+00,3.7079e+01,-1.4684e+05,-1.4685e+05,-7.2527e-01,-1.4685e+05,1.2348e-01,7.6312e+00,1.3714e+05,7.4343e+02,1.7218e-01,-1.3019e+00,-1.4806e+00,8.3164e-02,-8.1279e-02,2.4642e+00,3.4394e+00,2.5323e+01
3.6400e+02,3.0000e+00,3.7067e+01,-1.4681e+05,-1.4682e+05,-7.2727e-01,-1.4682e+05,1.2351e-01,7.6350e+00,1.3713e+05,7.4820e+02,1.1320e-01,-1.0267e+00,-8.4896e-01,-2.3294e-01,4.1154e-01,3.1585e+00,3.1075e+00,2.5205e+01
3.6500e+02,2.0000e+00,3.7093e+01,-1.4679e+05,-1.4680e+05,-7.2927e-01,-1.4680e+05,1.2353e-01,7.6370e+00,1.3710e+05,7.5148e+02,-4.5511e-01,-1.3285e+00,-1.0313e+00,-3.7473e-02,1.4679e+00,3.2739e+00,2.9333e+00,2.3312e+01
3.6600e+02,2.0000e+00,3.7120e+01,-1.4675e+05,-1.4675e+05,-7.3127e-01,-1.4675e+05,1.2354e-01,7.6390e+00,1.3709e+05,7.5473e+02,-7.4794e-01,-1.9930e+00,-3.7486e-01,-5.0189e-01,2.8113e-01,3.1466e+00,3.2576e+00,2.5604e+01
3.6700e+02,1.0000e+00,3.7183e+01,-1.4674e+05,-1.4675e+05,-7.3327e-01,-1.4675e+05,1.2262e-01,7.5248e+00,1.3704e+05,7.5628e+02,-7.3128e-01,-1.7290e+00,-3.7149e-01,5.8913e-01,9.0961e-01,2.0237e+00,4.1008e+00,2.5880e+01
3.6800e+02,2.0000e+00,3.7209e+01,-1.4674e+05,-1.4675e+05,-7.3526e-01,-1.4675e+05,1.1424e-01,6.5322e+00,1.3703e+05,7.5894e+02,1.6688e-01,-1.3229e+00,-1.8320e+00,1.0286e+00,1.3546e+00,3.2118e+00,3.3245e+00,2.3800e+01
3.6900e+02,2.0000e+00,3.7235e+01,-1.4674e+05,-1.4674e+05,-7.3726e-01,-1.4674e+05,1.2216e-01,7.4685e+00,1.3703e+05,7.6159e+02,-7.2624e-01,-1.1907e+00,-1.4301e+00,4.0922e-01,-2.7346e-02,2.0982e+00,3.6267e+00,2.4289e+01
3.7000e+02,1.0000e+00,3.7298e+01,-1.4673e+05,-1.4674e+05,-7.3926e-01,-1.4674e+05,1.2352e-01,7.6365e+00,1.3703e+05,7.6317e+02,-9.0977e-01,-1.4681e+00,-8.4992e-02,3.5647e-01,1.5644e+00,3.1894e+00,3.2484e+00,2.5798e+01
3.7100e+02,1.0000e+00,3.7362e+01,-1.4669e+05,-1.4670e+05,-7.4126e-01,-1.4670e+05,1.2362e-01,7.6490e+00,1.3702e+05,7.6449e+02,-3.2331e-01,-1.7467e+00,-4.0854e-01,6.9492e-02,-2.3448e-01,3.3503e+00,2.8006e+00,2.3548e+01
3.7200e+02,1.0000e+00,3.7425e+01,-1.4666e+05,-1.4667e+05,-7.4326e-01,-1.4667e+05,1.2364e-01,7.6510e+00,1.4242e+05,7.6622e+02,-1.2118e-01,-1.9153e+00,-1.0746e+00,-9.0067e-01,1.4388e+00,1.4777e+00,3.5109e+00,2.5833e+01
3.7300e+02,2.0000e+00,3.7450e+01,-1.4664e+05,-1.4665e+05,-7.4525e-01,-1.4665e+05,1.2366e-01,7.6530e+00,1.4239e+05,7.6927e+02,-7.2817e-01,-1.1155e+00,-1.1477e+00,2.4768e-01,-9.9548e-04,3.2978e+00,2.7228e+00,2.3125e+01
3.7400e+02,1.0000e+00,3.7513e+01,-1.4664e+05,-1.4664e+05,-7.4725e-01,-1.4664e+05,1.2353e-01,7.6370e+00,1.4237e+05,7.7078e+02,-2.1285e-01,-1.9404e+00,-1.6420e+00,-4.0668e-01,1.1810e+00,2.0705e+00,3.5268e+00,2.5114e+01
3.7500e+02,3.0000e+00,3.7500e+01,-1.4662e+05,-1.4662e+05,-7.4925e-01,-1.4662e+05,1.2369e-01,7.6570e+00,1.4236e+05,7.7575e+02,-1.1845e-02,-1.0079e+00,-1.1818e-01,6.1884e-01,3.3585e-01,2.6655e+00,3.6324e+00,2.3587e+01
3.7600e+02,1.0000e+00,3.7562e+01,-1.4661e+05,-1.4662e+05,-7.5125e-01,-1.4662e+05,1.2228e-01,7.4837e+00,1.4234e+05,7.7708e+02,-9.8950e-01,-1.5285e+00,-3.3093e-01,8.8127e-01,2.2822e-01,3.3975e+00,2.6882e+00,2.4006e+01
3.7700e+02,3.0000e+00,3.7550e+01,-1.4660e+05,-1.4661e+05,-7.5325e-01,-1.4661e+05,1.2371e-01,7.6602e+00,1.4234e+05,7.8166e+02,-8.4554e-01,-1.7454e+00,-9.2580e-01,5.4238e-01,-3.5435e-02,2.5539e+00,3.4748e+00,2.5871e+01
3.7800e+02,2.0000e+00,3.7575e+01,-1.4660e+05,-1.4661e+05,-7.5525e-01,-1.4661e+05,1.1633e-01,6.7733e+00,1.4233e+05,7.8492e+02,-8.9039e-01,-1.1341e+00,-1.9533e+00,9.5126e-01,2.2009e-01,2.9193e+00,3.4777e+00,2.4209e+01
3.7900e+02,1.0000e+00,3.7637e+01,-1.4660e+05,-1.4661e+05,-7.5724e-01,-1.4661e+05,1.1307e-01,6.3987e+00,1.4233e+05,7.8645e+02,1.8832e-02,-1.5493e+00,-1.0838e+00,-7.0184e-01,-2.9492e-02,3.2455e+00,2.7267e+00,2.5111e+01
