logfeh,logdust,logSFH0,logSFH1,logSFH2,logSFH3,logSFH4,logl
1.8480e-01,-1.5213e+00,-1.5302e+00,6.9471e-01,1.1779e+00,2.6977e+00,3.4295e+00,-1.5036e+03
1.7756e-01,-1.4235e+00,-2.1290e+00,7.7604e-01,1.5635e+00,2.5847e+00,3.4545e+00,-1.5032e+03
1.1525e-01,-1.5238e+00,-1.9253e+00,5.2347e-01,1.5141e+00,2.0075e+00,3.5028e+00,-1.4900e+03
1.7002e-01,-1.8777e+00,-2.2022e+00,5.6548e-01,1.4246e+00,1.9224e+00,3.5118e+00,-1.4711e+03
1.6788e-01,-1.7752e+00,-1.7477e+00,6.5262e-01,1.5456e+00,1.5437e+00,3.5212e+00,-1.4591e+03
1.1271e-01,-1.4476e+00,-1.6224e+00,5.6220e-01,1.3750e+00,2.3645e+00,3.4812e+00,-1.5014e+03
9.7881e-02,-1.4796e+00,-1.7274e+00,6.9342e-01,1.5393e+00,1.4434e+00,3.5138e+00,-1.4328e+03
1.3129e-01,-1.5581e+00,-2.0167e+00,6.9975e-01,1.4746e+00,1.9959e+00,3.5051e+00,-1.4691e+03
1.6434e-01,-1.7638e+00,-2.1468e+00,5.1513e-01,1.4883e+00,2.0265e+00,3.5080e+00,-1.4887e+03
1.3386e-01,-1.1698e+00,-1.6278e+00,7.7165e-01,1.2596e+00,2.9741e+00,3.3077e+00,-1.4877e+03
1.0343e-01,-1.2689e+00,-2.0169e+00,8.0171e-01,1.2798e+00,2.6683e+00,3.4297e+00,-1.5048e+03
1.3324e-01,-1.5532e+00,-1.9259e+00,6.7081e-01,1.4807e+00,1.9806e+00,3.5089e+00,-1.5090e+03
1.4623e-01,-1.3970e+00,-1.8623e+00,6.6243e-01,1.5135e+00,2.6109e+00,3.4431e+00,-1.4765e+03
1.0500e-01,-1.5139e+00,-1.9891e+00,6.6405e-01,1.2393e+00,2.1806e+00,3.4932e+00,-1.4322e+03
1.5510e-01,-1.5225e+00,-2.1222e+00,6.2964e-01,1.3601e+00,2.5417e+00,3.4572e+00,-1.4566e+03
1.7189e-01,-1.9981e+00,-1.3241e+00,4.5092e-01,1.5162e+00,1.3743e+00,3.5234e+00,-1.4849e+03
7.4159e-02,-1.4173e+00,-1.8493e+00,6.0625e-01,1.5035e+00,1.8327e+00,3.5049e+00,-1.5033e+03
8.9184e-02,-1.4235e+00,-2.1688e+00,7.3500e-01,1.4126e+00,2.0006e+00,3.5035e+00,-1.5245e+03
1.4292e-01,-1.7492e+00,-1.6188e+00,5.2821e-01,1.5173e+00,1.6774e+00,3.5139e+00,-1.5068e+03
9.8832e-02,-1.4384e+00,-1.3755e+00,6.5531e-01,1.5539e+00,2.0451e+00,3.4952e+00,-1.5219e+03
1.2302e-01,-1.6418e+00,-1.4532e+00,5.3481e-01,1.4277e+00,1.8379e+00,3.5105e+00,-1.5083e+03
1.3544e-01,-1.4959e+00,-1.8640e+00,5.5882e-01,1.5452e+00,2.2862e+00,3.4871e+00,-1.4879e+03
1.3033e-01,-1.5848e+00,-1.4505e+00,4.9665e-01,1.5179e+00,2.1171e+00,3.4951e+00,-1.4315e+03
1.4032e-01,-1.7771e+00,-1.7478e+00,5.5454e-01,1.4737e+00,1.2698e+00,3.5205e+00,-1.4578e+03
1.3652e-01,-1.4081e+00,-1.7104e+00,6.7352e-01,1.0232e+00,2.6774e+00,3.4349e+00,-1.5252e+03
9.7106e-02,-1.4900e+00,-1.9944e+00,5.3503e-01,1.4152e+00,2.1909e+00,3.4890e+00,-1.4873e+03
1.1793e-01,-1.4413e+00,-1.4092e+00,6.3836e-01,1.3853e+00,2.3487e+00,3.4834e+00,-1.5081e+03
1.6212e-01,-1.4309e+00,-1.5477e+00,6.5262e-01,1.5451e+00,2.6257e+00,3.4381e+00,-1.4623e+03
1.8759e-01,-1.6233e+00,-1.9446e+00,6.2360e-01,1.3997e+00,2.5698e+00,3.4570e+00,-1.5249e+03
1.5404e-01,-1.6656e+00,-1.6005e+00,4.3596e-01,1.4201e+00,2.2694e+00,3.4933e+00,-1.5110e+03
1.4536e-01,-1.4170e+00,-1.7043e+00,6.1656e-01,1.2217e+00,2.6896e+00,3.4290e+00,-1.4669e+03
1.1589e-01,-1.4072e+00,-1.5655e+00,5.3892e-01,1.4902e+00,2.5043e+00,3.4537e+00,-1.5211e+03
1.1726e-01,-1.2542e+00,-1.3270e+00,6.9841e-01,1.0174e+00,2.8314e+00,3.3811e+00,-1.4828e+03
1.9535e-01,-1.4960e+00,-1.9538e+00,5.7942e-01,1.5338e+00,2.7137e+00,3.4190e+00,-1.5063e+03
1.5566e-01,-1.8903e+00,-2.1350e+00,4.2493e-01,1.4840e+00,1.5879e+00,3.5184e+00,-1.5086e+03
1.3100e-01,-1.2669e+00,-2.1764e+00,7.2271e-01,1.4978e+00,2.7864e+00,3.3924e+00,-1.4544e+03
1.4182e-01,-1.7773e+00,-1.5531e+00,6.0781e-01,1.2863e+00,1.5256e+00,3.5225e+00,-1.5132e+03
1.5843e-01,-1.4011e+00,-2.0370e+00,6.1032e-01,1.3345e+00,2.7437e+00,3.4101e+00,-1.5010e+03
1.7252e-01,-1.8173e+00,-1.9577e+00,6.0494e-01,1.5110e+00,1.8509e+00,3.5150e+00,-1.4814e+03
1.6649e-01,-1.9158e+00,-1.6137e+00,5.0087e-01,1.5465e+00,1.4964e+00,3.5169e+00,-1.4645e+03
1.3633e-01,-1.3297e+00,-1.4033e+00,6.8702e-01,1.0976e+00,2.7719e+00,3.4044e+00,-1.5111e+03
1.0622e-01,-1.5000e+00,-1.8526e+00,6.7475e-01,1.5234e+00,1.7641e+00,3.5068e+00,-1.4421e+03
1.4900e-01,-1.3971e+00,-1.5944e+00,7.3849e-01,1.3687e+00,2.6365e+00,3.4379e+00,-1.5123e+03
1.3144e-01,-1.1693e+00,-2.1486e+00,7.8040e-01,1.3896e+00,2.9625e+00,3.3089e+00,-1.4730e+03
1.5441e-01,-1.7705e+00,-1.8532e+00,5.5041e-01,1.5459e+00,1.3335e+00,3.5202e+00,-1.3841e+03
1.5712e-01,-1.8093e+00,-1.4730e+00,5.8020e-01,1.5555e+00,1.6610e+00,3.5125e+00,-1.4506e+03
1.7103e-01,-1.7122e+00,-1.9015e+00,4.3783e-01,1.5122e+00,2.2843e+00,3.4910e+00,-1.4760e+03
8.2089e-02,-1.4893e+00,-1.8977e+00,5.1733e-01,1.4789e+00,1.4056e+00,3.5149e+00,-1.5120e+03
1.6330e-01,-1.5636e+00,-1.4364e+00,6.4355e-01,1.5252e+00,2.4026e+00,3.4742e+00,-1.4495e+03
1.5285e-01,-1.7996e+00,-1.4819e+00,5.5338e-01,1.4768e+00,1.7948e+00,3.5125e+00,-1.4863e+03
1.0514e-01,-1.5937e+00,-2.0050e+00,6.3463e-01,1.3576e+00,1.3869e+00,3.5190e+00,-1.4837e+03
1.8252e-01,-1.9446e+00,-1.6093e+00,6.0930e-01,1.5213e+00,1.3860e+00,3.5237e+00,-1.5196e+03
1.0160e-01,-1.5223e+00,-2.1255e+00,5.5001e-01,1.5406e+00,1.7817e+00,3.5051e+00,-1.4676e+03
1.7688e-01,-1.5329e+00,-1.8478e+00,6.4529e-01,1.4717e+00,2.5264e+00,3.4645e+00,-1.4651e+03
1.6234e-01,-1.4396e+00,-2.0654e+00,7.2107e-01,1.5595e+00,2.5611e+00,3.4519e+00,-1.4149e+03
1.6958e-01,-1.3952e+00,-1.3528e+00,6.9440e-01,1.3167e+00,2.7746e+00,3.4025e+00,-1.4998e+03
1.4757e-01,-1.4376e+00,-1.9105e+00,6.8012e-01,1.1771e+00,2.6509e+00,3.4374e+00,-1.4788e+03
1.3425e-01,-1.5321e+00,-1.5361e+00,5.1930e-01,1.5200e+00,2.2760e+00,3.4862e+00,-1.4919e+03
1.5081e-01,-1.6857e+00,-1.7453e+00,6.9276e-01,1.5209e+00,1.4889e+00,3.5211e+00,-1.5234e+03
1.5853e-01,-1.5139e+00,-1.6232e+00,5.9933e-01,1.3773e+00,2.5884e+00,3.4496e+00,-1.5224e+03
1.1911e-01,-1.4504e+00,-2.1569e+00,7.8071e-01,1.5173e+00,2.1152e+00,3.4960e+00,-1.5103e+03
1.9365e-01,-1.6157e+00,-1.8812e+00,6.6719e-01,1.4224e+00,2.5510e+00,3.4604e+00,-1.4770e+03
1.2530e-01,-1.5588e+00,-1.4952e+00,7.0061e-01,1.4668e+00,1.9439e+00,3.5041e+00,-1.5234e+03
1.5442e-01,-1.6775e+00,-1.4458e+00,4.9598e-01,1.5592e+00,2.1416e+00,3.4949e+00,-1.4666e+03
1.3738e-01,-1.3312e+00,-1.4066e+00,6.8367e-01,1.5395e+00,2.6484e+00,3.4343e+00,-1.4861e+03
1.3833e-01,-1.3832e+00,-1.6717e+00,6.4179e-01,1.0955e+00,2.7288e+00,3.4180e+00,-1.5199e+03
1.8446e-01,-1.5860e+00,-1.6728e+00,6.8794e-01,1.3830e+00,2.5181e+00,3.4678e+00,-1.4763e+03
1.4428e-01,-1.5133e+00,-2.1703e+00,5.9868e-01,1.4015e+00,2.5154e+00,3.4574e+00,-1.4818e+03
1.6473e-01,-1.8216e+00,-1.4484e+00,6.4916e-01,1.2937e+00,2.0104e+00,3.5105e+00,-1.4906e+03
1.0513e-01,-1.5026e+00,-1.6605e+00,5.1944e-01,1.5394e+00,1.9971e+00,3.4987e+00,-1.3928e+03
1.4983e-01,-1.3713e+00,-1.4805e+00,7.4473e-01,1.4889e+00,2.6152e+00,3.4444e+00,-1.4635e+03
1.6784e-01,-1.6248e+00,-1.4298e+00,5.7116e-01,1.3618e+00,2.4549e+00,3.4725e+00,-1.5177e+03
1.9162e-01,-1.3439e+00,-1.6934e+00,7.1365e-01,1.4228e+00,2.8692e+00,3.3666e+00,-1.5120e+03
9.5117e-02,-1.5311e+00,-1.2291e+00,4.2535e-01,1.4184e+00,2.0740e+00,3.4963e+00,-1.5208e+03
1.2109e-01,-1.6188e+00,-1.9282e+00,5.1241e-01,1.5521e+00,1.7153e+00,3.5081e+00,-1.4200e+03
1.5210e-01,-1.4723e+00,-1.3086e+00,6.2697e-01,1.5386e+00,2.4714e+00,3.4656e+00,-1.4121e+03
1.5883e-01,-1.4978e+00,-1.9729e+00,7.0786e-01,1.5443e+00,2.4287e+00,3.4732e+00,-1.4311e+03
1.2109e-01,-1.5086e+00,-1.8724e+00,6.8962e-01,1.1192e+00,2.3124e+00,3.4902e+00,-1.5118e+03
1.4289e-01,-1.4799e+00,-1.8085e+00,6.9904e-01,1.4710e+00,2.4185e+00,3.4738e+00,-1.4342e+03
9.8373e-02,-1.5771e+00,-1.6530e+00,5.9778e-01,1.4423e+00,1.3818e+00,3.5135e+00,-1.5074e+03
1.3042e-01,-1.4630e+00,-1.5165e+00,5.0508e-01,1.4978e+00,2.4474e+00,3.4664e+00,-1.4776e+03
9.3738e-02,-1.4645e+00,-1.9908e+00,6.2983e-01,1.3626e+00,2.1054e+00,3.4977e+00,-1.4356e+03
1.5466e-01,-1.5512e+00,-1.3542e+00,6.3952e-01,1.4995e+00,2.3265e+00,3.4883e+00,-1.5075e+03
1.6617e-01,-1.4307e+00,-1.8915e+00,6.3599e-01,1.5416e+00,2.5884e+00,3.4526e+00,-1.4679e+03
1.3408e-01,-1.4134e+00,-2.1903e+00,7.2359e-01,1.3394e+00,2.5611e+00,3.4534e+00,-1.4219e+03
1.3179e-01,-1.5053e+00,-2.1101e+00,6.5183e-01,1.1979e+00,2.4391e+00,3.4764e+00,-1.5116e+03
1.6628e-01,-1.5629e+00,-1.2886e+00,6.7947e-01,1.5149e+00,2.3379e+00,3.4851e+00,-1.4629e+03
1.7600e-01,-1.7439e+00,-1.6079e+00,5.0157e-01,1.3901e+00,2.4019e+00,3.4803e+00,-1.5037e+03
1.2001e-01,-1.4048e+00,-1.2296e+00,6.5567e-01,1.5308e+00,2.3982e+00,3.4750e+00,-1.4386e+03
1.5406e-01,-1.5720e+00,-1.9545e+00,6.5557e-01,1.3431e+00,2.3903e+00,3.4801e+00,-1.4969e+03
1.5358e-01,-1.4738e+00,-1.9338e+00,6.8436e-01,1.4659e+00,2.4509e+00,3.4757e+00,-1.5249e+03
1.5167e-01,-1.7070e+00,-1.6968e+00,6.1866e-01,1.4794e+00,1.7262e+00,3.5178e+00,-1.4960e+03
1.3157e-01,-1.4970e+00,-1.7101e+00,5.9760e-01,1.5646e+00,2.2174e+00,3.4891e+00,-1.4027e+03
1.5890e-01,-1.8169e+00,-1.5246e+00,5.4187e-01,1.5562e+00,1.5428e+00,3.5170e+00,-1.4984e+03
1.2930e-01,-1.6529e+00,-1.8700e+00,6.4768e-01,1.5028e+00,1.4107e+00,3.5172e+00,-1.4356e+03
1.2873e-01,-1.7063e+00,-1.6276e+00,4.4679e-01,1.5439e+00,1.4870e+00,3.5145e+00,-1.4934e+03
1.4938e-01,-1.5229e+00,-1.6766e+00,4.9915e-01,1.3528e+00,2.5938e+00,3.4447e+00,-1.5157e+03
1.4652e-01,-1.5642e+00,-2.2304e+00,6.4202e-01,1.1738e+00,2.4147e+00,3.4811e+00,-1.4814e+03
1.3649e-01,-1.4244e+00,-1.2404e+00,6.5097e-01,1.5590e+00,2.3975e+00,3.4769e+00,-1.4508e+03
1.6750e-01,-1.5614e+00,-2.0722e+00,5.0968e-01,1.5202e+00,2.5685e+00,3.4478e+00,-1.4869e+03
1.6700e-01,-1.6071e+00,-1.6077e+00,6.9865e-01,1.2684e+00,2.4341e+00,3.4800e+00,-1.5233e+03
1.3762e-01,-1.6644e+00,-2.1714e+00,6.0522e-01,1.5281e+00,1.3893e+00,3.5177e+00,-1.4108e+03
9.0301e-02,-1.4659e+00,-1.7265e+00,5.6789e-01,1.5523e+00,1.7918e+00,3.5066e+00,-1.4692e+03
1.3968e-01,-1.6197e+00,-2.1722e+00,6.5163e-01,1.5628e+00,1.5016e+00,3.5182e+00,-1.4272e+03
1.3763e-01,-1.7024e+00,-1.6225e+00,6.0857e-01,1.5194e+00,1.3698e+00,3.5187e+00,-1.5193e+03
1.1157e-01,-1.4085e+00,-2.0485e+00,6.4663e-01,1.5348e+00,2.3764e+00,3.4726e+00,-1.5022e+03
1.7783e-01,-1.4643e+00,-1.6199e+00,6.4569e-01,1.3449e+00,2.6954e+00,3.4292e+00,-1.4803e+03
1.0002e-01,-1.4759e+00,-1.9154e+00,5.3472e-01,1.5413e+00,1.8875e+00,3.5060e+00,-1.4857e+03
1.2267e-01,-1.3576e+00,-1.7752e+00,6.7307e-01,1.3852e+00,2.6517e+00,3.4304e+00,-1.5253e+03
1.5702e-01,-1.8059e+00,-1.8145e+00,5.0848e-01,1.4751e+00,1.5484e+00,3.5214e+00,-1.5221e+03
1.6063e-01,-1.3315e+00,-1.7956e+00,5.7786e-01,1.4772e+00,2.8640e+00,3.3554e+00,-1.5172e+03
1.9492e-01,-1.7450e+00,-1.9743e+00,6.9349e-01,1.5348e+00,2.1756e+00,3.5040e+00,-1.4930e+03
1.3533e-01,-1.7081e+00,-1.6048e+00,5.8841e-01,1.5083e+00,1.6860e+00,3.5095e+00,-1.5232e+03
1.6662e-01,-1.6278e+00,-1.9570e+00,6.1520e-01,1.4332e+00,2.2897e+00,3.4938e+00,-1.4657e+03
1.5736e-01,-1.9192e+00,-1.6917e+00,5.3195e-01,1.3854e+00,1.5119e+00,3.5224e+00,-1.5158e+03
1.6235e-01,-1.2930e+00,-2.2169e+00,6.4791e-01,1.4551e+00,2.8820e+00,3.3518e+00,-1.4929e+03
1.4393e-01,-1.6227e+00,-1.6152e+00,6.5851e-01,1.4174e+00,2.0679e+00,3.5038e+00,-1.4611e+03
1.5223e-01,-1.5709e+00,-2.0135e+00,5.0289e-01,1.3068e+00,2.5299e+00,3.4594e+00,-1.5064e+03
9.5616e-02,-1.4354e+00,-1.9795e+00,7.0433e-01,1.4952e+00,1.8700e+00,3.5090e+00,-1.5243e+03
1.6808e-01,-1.9460e+00,-1.4166e+00,5.3536e-01,1.4495e+00,1.3813e+00,3.5235e+00,-1.5035e+03
1.6210e-01,-1.8520e+00,-2.2172e+00,5.7119e-01,1.4801e+00,1.7065e+00,3.5142e+00,-1.4751e+03
1.3575e-01,-1.7644e+00,-1.6686e+00,5.4442e-01,1.3941e+00,1.4894e+00,3.5197e+00,-1.4710e+03
1.6196e-01,-1.6396e+00,-2.1398e+00,5.0630e-01,1.5184e+00,2.2727e+00,3.4930e+00,-1.4917e+03
1.9860e-01,-1.7278e+00,-2.0353e+00,6.7549e-01,1.5264e+00,2.3060e+00,3.4912e+00,-1.5163e+03
1.2514e-01,-1.5383e+00,-1.3437e+00,6.4712e-01,1.5162e+00,1.9891e+00,3.5021e+00,-1.4151e+03
1.7753e-01,-1.5743e+00,-1.5635e+00,5.9222e-01,1.1450e+00,2.6331e+00,3.4463e+00,-1.5160e+03
1.6830e-01,-1.8475e+00,-1.0356e+00,5.5742e-01,1.5561e+00,1.5919e+00,3.5162e+00,-1.4889e+03
1.0212e-01,-1.2803e+00,-2.1912e+00,6.6563e-01,1.4790e+00,2.6684e+00,3.4214e+00,-1.4738e+03
1.7819e-01,-1.5175e+00,-1.7596e+00,6.3172e-01,1.4219e+00,2.6107e+00,3.4483e+00,-1.5217e+03
9.6070e-02,-1.2828e+00,-1.9124e+00,7.2006e-01,8.0688e-02,2.7558e+00,3.4085e+00,-1.5217e+03
1.0267e-01,-1.4968e+00,-1.5295e+00,4.8917e-01,1.5181e+00,2.1245e+00,3.4904e+00,-1.4228e+03
1.2758e-01,-1.5408e+00,-1.6293e+00,6.3415e-01,1.3548e+00,2.2099e+00,3.4956e+00,-1.5190e+03
1.2686e-01,-1.4784e+00,-1.4825e+00,6.7917e-01,1.4677e+00,2.3259e+00,3.4826e+00,-1.5121e+03
1.5756e-01,-1.7420e+00,-1.7245e+00,6.6449e-01,1.4062e+00,1.9528e+00,3.5111e+00,-1.5050e+03
1.3885e-01,-1.7047e+00,-1.8166e+00,5.2488e-01,1.4481e+00,1.8280e+00,3.5114e+00,-1.4594e+03
1.1741e-01,-1.5681e+00,-2.1266e+00,6.7757e-01,1.5260e+00,1.3317e+00,3.5180e+00,-1.4801e+03
1.2804e-01,-1.2187e+00,-2.0407e+00,7.7033e-01,1.4658e+00,2.8476e+00,3.3681e+00,-1.4851e+03
1.0492e-01,-1.5742e+00,-1.3202e+00,4.5402e-01,1.5517e+00,1.7732e+00,3.5040e+00,-1.5131e+03
1.2894e-01,-1.6480e+00,-1.7892e+00,5.3761e-01,1.4910e+00,1.6977e+00,3.5146e+00,-1.5127e+03
1.2327e-01,-1.6201e+00,-2.0635e+00,4.9321e-01,1.4323e+00,2.0574e+00,3.4988e+00,-1.4824e+03
1.1669e-01,-1.4210e+00,-1.1943e+00,6.4735e-01,1.4062e+00,2.4511e+00,3.4672e+00,-1.5100e+03
1.7227e-01,-1.4910e+00,-1.8290e+00,5.2485e-01,1.4779e+00,2.6762e+00,3.4259e+00,-1.4868e+03
1.3864e-01,-1.6208e+00,-1.9417e+00,5.6794e-01,1.5391e+00,2.0740e+00,3.4988e+00,-1.4543e+03
1.9055e-01,-1.2997e+00,-1.4510e+00,7.6635e-01,1.4582e+00,2.9038e+00,3.3504e+00,-1.4911e+03
1.9483e-01,-1.8989e+00,-2.0924e+00,5.1381e-01,1.5304e+00,2.2181e+00,3.4954e+00,-1.4898e+03
1.2679e-01,-1.4830e+00,-1.5877e+00,6.0487e-01,1.5450e+00,2.2187e+00,3.4896e+00,-1.4762e+03
1.7413e-01,-1.4025e+00,-2.2290e+00,6.5424e-01,1.5334e+00,2.7163e+00,3.4173e+00,-1.4398e+03
1.8176e-01,-1.5233e+00,-1.9732e+00,6.0470e-01,1.4683e+00,2.5830e+00,3.4559e+00,-1.5211e+03
1.8787e-01,-1.4462e+00,-1.7009e+00,6.8766e-01,1.4607e+00,2.7181e+00,3.4234e+00,-1.4313e+03
1.3061e-01,-1.3542e+00,-1.4806e+00,5.9085e-01,1.5489e+00,2.6435e+00,3.4295e+00,-1.4337e+03
1.6320e-01,-1.8340e+00,-1.7482e+00,5.9721e-01,1.4686e+00,1.6389e+00,3.5195e+00,-1.4664e+03
1.7095e-01,-1.8629e+00,-1.9651e+00,5.3833e-01,1.5452e+00,1.8473e+00,3.5132e+00,-1.5068e+03
1.5506e-01,-1.4110e+00,-1.8552e+00,5.4196e-01,1.4632e+00,2.6686e+00,3.4315e+00,-1.4405e+03
1.2254e-01,-1.6359e+00,-1.5974e+00,6.1361e-01,1.4718e+00,1.6936e+00,3.5117e+00,-1.5226e+03
1.3874e-01,-1.5601e+00,-2.1347e+00,7.3312e-01,1.5026e+00,1.9938e+00,3.5055e+00,-1.4959e+03
9.4083e-02,-1.4478e+00,-1.4567e+00,6.0836e-01,1.5605e+00,1.9727e+00,3.4977e+00,-1.4385e+03
1.4819e-01,-1.4977e+00,-1.3619e+00,6.0439e-01,1.5510e+00,2.4028e+00,3.4720e+00,-1.4799e+03
1.0410e-01,-1.4812e+00,-1.8033e+00,6.1343e-01,1.5449e+00,1.9058e+00,3.5063e+00,-1.4340e+03
6.6033e-02,-1.4355e+00,-2.0272e+00,5.3809e-01,1.3309e+00,2.0284e+00,3.4987e+00,-1.5095e+03
1.4015e-01,-1.6589e+00,-1.1974e+00,5.6588e-01,1.5250e+00,1.8484e+00,3.5099e+00,-1.5209e+03
1.0890e-01,-1.4531e+00,-1.3087e+00,4.9621e-01,1.5288e+00,2.2439e+00,3.4872e+00,-1.4424e+03
1.5551e-01,-1.8231e+00,-2.0769e+00,5.8821e-01,1.5188e+00,1.3962e+00,3.5174e+00,-1.4704e+03
1.5130e-01,-1.2932e+00,-2.2183e+00,6.4660e-01,1.5596e+00,2.8256e+00,3.3730e+00,-1.4100e+03
1.7649e-01,-1.6111e+00,-1.4572e+00,6.7814e-01,1.4926e+00,2.3112e+00,3.4920e+00,-1.4791e+03
1.4189e-01,-1.8081e+00,-1.5850e+00,4.6138e-01,1.4844e+00,1.5120e+00,3.5147e+00,-1.4868e+03
1.5228e-01,-1.3721e+00,-1.8812e+00,6.3349e-01,1.3160e+00,2.7550e+00,3.4068e+00,-1.4892e+03
1.8402e-01,-1.8859e+00,-2.0090e+00,6.0405e-01,1.4213e+00,2.0483e+00,3.5102e+00,-1.4355e+03
1.2662e-01,-1.4183e+00,-1.9181e+00,5.8690e-01,1.5249e+00,2.4668e+00,3.4614e+00,-1.5210e+03
1.1520e-01,-1.6557e+00,-2.0077e+00,5.0640e-01,1.3884e+00,1.7416e+00,3.5126e+00,-1.5205e+03
1.2982e-01,-1.5761e+00,-2.1798e+00,4.4157e-01,1.5532e+00,2.1461e+00,3.4941e+00,-1.5002e+03
1.1698e-01,-1.5834e+00,-1.8219e+00,5.8525e-01,1.5552e+00,1.4958e+00,3.5127e+00,-1.4538e+03
1.4533e-01,-1.7351e+00,-1.9843e+00,6.3359e-01,1.4156e+00,1.7508e+00,3.5135e+00,-1.4792e+03
1.2178e-01,-1.3099e+00,-1.1859e+00,6.6314e-01,1.5161e+00,2.6343e+00,3.4358e+00,-1.4489e+03
1.9358e-01,-1.4390e+00,-1.9676e+00,6.4186e-01,1.5632e+00,2.7660e+00,3.3998e+00,-1.4641e+03
1.2303e-01,-1.5069e+00,-1.7643e+00,7.2760e-01,1.5575e+00,1.7947e+00,3.5087e+00,-1.4541e+03
1.2799e-01,-1.1951e+00,-2.1845e+00,7.6654e-01,1.3697e+00,2.9060e+00,3.3448e+00,-1.5194e+03
1.2044e-01,-1.4625e+00,-1.0826e+00,5.9982e-01,1.5342e+00,2.2509e+00,3.4879e+00,-1.4058e+03
1.2524e-01,-1.4780e+00,-2.1103e+00,6.1499e-01,1.4810e+00,2.2647e+00,3.4903e+00,-1.4994e+03
1.4369e-01,-1.3976e+00,-1.9127e+00,7.4804e-01,1.3609e+00,2.5773e+00,3.4535e+00,-1.5251e+03
1.3041e-01,-1.4102e+00,-1.5868e+00,6.3660e-01,1.3777e+00,2.6078e+00,3.4406e+00,-1.4870e+03
1.6277e-01,-1.9230e+00,-1.7273e+00,5.6612e-01,1.4022e+00,1.8203e+00,3.5122e+00,-1.5246e+03
1.6333e-01,-1.9552e+00,-1.8926e+00,5.7496e-01,1.4434e+00,1.4150e+00,3.5202e+00,-1.4871e+03
1.5993e-01,-1.4110e+00,-1.3450e+00,6.7808e-01,1.3268e+00,2.6852e+00,3.4297e+00,-1.5227e+03
1.3135e-01,-1.7588e+00,-1.2390e+00,4.1897e-01,1.4743e+00,1.4452e+00,3.5173e+00,-1.5251e+03
9.4756e-02,-1.4891e+00,-2.1659e+00,6.7835e-01,1.4649e+00,1.7469e+00,3.5074e+00,-1.4712e+03
1.4509e-01,-1.4441e+00,-2.1718e+00,4.8752e-01,1.4977e+00,2.6268e+00,3.4349e+00,-1.4847e+03
1.2910e-01,-1.6118e+00,-2.1227e+00,4.6331e-01,1.2717e+00,2.3047e+00,3.4857e+00,-1.5017e+03
1.4038e-01,-1.4102e+00,-1.6027e+00,5.5396e-01,1.4350e+00,2.6697e+00,3.4263e+00,-1.5191e+03
1.7454e-01,-1.4524e+00,-1.7596e+00,6.8676e-01,1.3012e+00,2.7045e+00,3.4268e+00,-1.4465e+03
1.1595e-01,-1.1469e+00,-2.2086e+00,6.7906e-01,1.5185e+00,2.9400e+00,3.3189e+00,-1.5175e+03
1.6748e-01,-1.8232e+00,-1.7510e+00,6.5767e-01,1.5011e+00,1.3361e+00,3.5247e+00,-1.5021e+03
1.0760e-01,-1.5704e+00,-1.8085e+00,6.3115e-01,1.3710e+00,1.7168e+00,3.5136e+00,-1.4777e+03
1.3019e-01,-1.5719e+00,-1.8317e+00,6.1015e-01,1.5539e+00,1.9944e+00,3.5010e+00,-1.3566e+03
1.4195e-01,-1.4616e+00,-1.7889e+00,5.7234e-01,1.4290e+00,2.5475e+00,3.4545e+00,-1.4403e+03
1.1716e-01,-1.6005e+00,-1.7142e+00,5.7241e-01,1.2935e+00,2.0801e+00,3.5016e+00,-1.5247e+03
1.1043e-01,-1.4693e+00,-2.1406e+00,6.7924e-01,1.5402e+00,1.9170e+00,3.5077e+00,-1.4665e+03
1.5221e-01,-1.6813e+00,-1.9513e+00,6.6302e-01,1.3059e+00,2.1166e+00,3.5041e+00,-1.5060e+03
1.8268e-01,-1.7139e+00,-1.9172e+00,6.4053e-01,1.4507e+00,2.3020e+00,3.4915e+00,-1.4344e+03
1.0732e-01,-1.5210e+00,-1.4442e+00,4.3526e-01,1.5524e+00,2.0487e+00,3.4960e+00,-1.4644e+03
9.2665e-02,-1.4790e+00,-1.6206e+00,4.5539e-01,1.5173e+00,2.1245e+00,3.4896e+00,-1.4731e+03
1.6477e-01,-1.8237e+00,-1.4253e+00,4.9111e-01,1.3935e+00,2.0795e+00,3.5063e+00,-1.5120e+03
1.2312e-01,-1.6323e+00,-1.8153e+00,5.7321e-01,1.5053e+00,1.7208e+00,3.5087e+00,-1.4756e+03
1.4131e-01,-1.6541e+00,-1.6088e+00,5.5563e-01,1.5008e+00,1.9611e+00,3.5049e+00,-1.4620e+03
1.6885e-01,-1.8480e+00,-1.2141e+00,5.3327e-01,1.5321e+00,1.9371e+00,3.5073e+00,-1.5068e+03
1.6214e-01,-1.8795e+00,-1.4197e+00,5.0316e-01,1.4437e+00,1.7891e+00,3.5145e+00,-1.4798e+03
9.1347e-02,-1.2933e+00,-2.1423e+00,6.5070e-01,1.4039e+00,2.6292e+00,3.4325e+00,-1.4733e+03
1.6732e-01,-1.6157e+00,-1.0319e+00,4.7036e-01,1.5309e+00,2.3680e+00,3.4836e+00,-1.5018e+03
1.2545e-01,-1.4228e+00,-1.4786e+00,5.9104e-01,1.4504e+00,2.4595e+00,3.4670e+00,-1.5031e+03
1.5975e-01,-1.6709e+00,-1.9988e+00,6.1017e-01,1.4049e+00,2.3107e+00,3.4873e+00,-1.4625e+03
1.4382e-01,-1.8485e+00,-1.8782e+00,5.9498e-01,1.1898e+00,1.7398e+00,3.5175e+00,-1.5117e+03
1.3241e-01,-1.4665e+00,-1.9305e+00,6.5026e-01,9.3306e-01,2.6053e+00,3.4466e+00,-1.4876e+03
1.2054e-01,-1.3274e+00,-1.4700e+00,7.6524e-01,1.4573e+00,2.5912e+00,3.4443e+00,-1.5096e+03
1.6198e-01,-1.8600e+00,-2.1376e+00,4.7176e-01,1.3734e+00,2.0943e+00,3.5015e+00,-1.4815e+03
1.5412e-01,-1.3874e+00,-2.1519e+00,6.6131e-01,1.4651e+00,2.7153e+00,3.4124e+00,-1.5197e+03
1.7168e-01,-1.9877e+00,-1.2681e+00,4.9891e-01,1.5220e+00,1.3808e+00,3.5212e+00,-1.4894e+03
1.5855e-01,-1.5901e+00,-1.2817e+00,6.7844e-01,1.4788e+00,2.2406e+00,3.4952e+00,-1.4582e+03
1.6644e-01,-1.9342e+00,-1.9591e+00,5.4691e-01,1.4976e+00,1.6121e+00,3.5160e+00,-1.4286e+03
1.5342e-01,-1.7705e+00,-1.3379e+00,4.5760e-01,1.5610e+00,1.9134e+00,3.5067e+00,-1.4922e+03
1.7536e-01,-1.4844e+00,-1.5876e+00,6.5626e-01,1.1281e-01,2.7669e+00,3.4156e+00,-1.5183e+03
1.2356e-01,-1.4560e+00,-1.5219e+00,5.6308e-01,1.5228e+00,2.4172e+00,3.4696e+00,-1.4762e+03
8.8431e-02,-1.4394e+00,-1.4935e+00,4.8437e-01,1.5006e+00,2.1581e+00,3.4898e+00,-1.5093e+03
1.1707e-01,-1.2912e+00,-1.5536e+00,6.3145e-01,1.2515e+00,2.7973e+00,3.3888e+00,-1.5218e+03
1.6467e-01,-1.3564e+00,-1.7264e+00,7.5025e-01,9.8196e-01,2.8272e+00,3.3875e+00,-1.5249e+03
1.5501e-01,-1.6207e+00,-1.4979e+00,5.8288e-01,1.4177e+00,2.3457e+00,3.4820e+00,-1.5246e+03
1.3105e-01,-1.4460e+00,-1.7515e+00,6.5232e-01,1.4553e+00,2.4143e+00,3.4740e+00,-1.4380e+03
1.5649e-01,-1.6496e+00,-1.7611e+00,7.0090e-01,1.4889e+00,2.0177e+00,3.5075e+00,-1.5138e+03
1.1939e-01,-1.4209e+00,-1.8143e+00,6.3437e-01,1.3581e+00,2.4707e+00,3.4689e+00,-1.5006e+03
1.1784e-01,-1.4108e+00,-1.4878e+00,6.3344e-01,1.4610e+00,2.4858e+00,3.4569e+00,-1.4969e+03
1.7872e-01,-1.9900e+00,-2.2147e+00,5.9247e-01,1.4125e+00,1.9047e+00,3.5134e+00,-1.5235e+03
1.3624e-01,-1.8761e+00,-1.6452e+00,5.2252e-01,1.2377e+00,1.5131e+00,3.5193e+00,-1.4853e+03
1.6702e-01,-1.8903e+00,-2.0349e+00,6.0395e-01,1.4524e+00,1.8275e+00,3.5110e+00,-1.5023e+03
1.3262e-01,-1.6125e+00,-1.8168e+00,6.4062e-01,1.4400e+00,1.9530e+00,3.5077e+00,-1.4882e+03
1.8256e-01,-1.3963e+00,-2.0146e+00,6.9280e-01,1.3614e+00,2.8086e+00,3.3938e+00,-1.4751e+03
1.4925e-01,-1.6839e+00,-2.2147e+00,5.9100e-01,1.5389e+00,1.6202e+00,3.5165e+00,-1.5034e+03
1.5375e-01,-1.9724e+00,-2.0876e+00,5.1562e-01,1.3828e+00,1.5145e+00,3.5189e+00,-1.4560e+03
1.6420e-01,-1.3942e+00,-1.5957e+00,7.3784e-01,1.5276e+00,2.6396e+00,3.4366e+00,-1.4618e+03
1.2091e-01,-1.2999e+00,-1.5453e+00,7.2614e-01,1.9970e-01,2.8222e+00,3.3875e+00,-1.5258e+03
1.2921e-01,-1.5055e+00,-2.2078e+00,5.4916e-01,1.5406e+00,2.3092e+00,3.4804e+00,-1.3221e+03
1.6295e-01,-1.7649e+00,-1.6113e+00,6.0986e-01,1.5508e+00,1.7700e+00,3.5148e+00,-1.4816e+03
1.4862e-01,-1.4478e+00,-1.3757e+00,5.3369e-01,1.5429e+00,2.5723e+00,3.4465e+00,-1.4984e+03
1.3128e-01,-1.6444e+00,-2.1527e+00,6.1697e-01,1.4883e+00,1.3637e+00,3.5205e+00,-1.4327e+03
1.1274e-01,-1.4249e+00,-1.8432e+00,6.8174e-01,1.4748e+00,2.3266e+00,3.4798e+00,-1.4815e+03
1.9784e-01,-1.5182e+00,-1.5051e+00,6.2802e-01,1.5152e+00,2.6822e+00,3.4308e+00,-1.5063e+03
1.7504e-01,-1.4553e+00,-1.6564e+00,6.6894e-01,1.5232e+00,2.6807e+00,3.4235e+00,-1.4866e+03
1.2381e-01,-1.5545e+00,-1.9708e+00,6.2294e-01,1.5289e+00,1.8883e+00,3.5064e+00,-1.4652e+03
1.5023e-01,-1.6902e+00,-2.1926e+00,6.5654e-01,1.3002e+00,2.1453e+00,3.5018e+00,-1.4750e+03
1.3065e-01,-1.5641e+00,-2.1998e+00,4.6602e-01,1.5631e+00,2.2011e+00,3.4873e+00,-1.5140e+03
1.6227e-01,-1.6011e+00,-1.8810e+00,6.3596e-01,8.3091e-01,2.5721e+00,3.4588e+00,-1.5044e+03
1.4099e-01,-1.6622e+00,-1.0663e+00,5.6437e-01,1.4203e+00,1.9214e+00,3.5108e+00,-1.5216e+03
1.5400e-01,-1.5368e+00,-2.1157e+00,5.1027e-01,1.4313e+00,2.5247e+00,3.4566e+00,-1.5008e+03
1.3892e-01,-1.7834e+00,-1.3927e+00,4.5570e-01,1.4986e+00,1.4039e+00,3.5170e+00,-1.4968e+03
1.6872e-01,-1.8743e+00,-1.9438e+00,5.8816e-01,1.5505e+00,1.7158e+00,3.5132e+00,-1.5259e+03
1.4737e-01,-1.2709e+00,-1.8560e+00,7.3294e-01,1.5156e+00,2.8195e+00,3.3786e+00,-1.4238e+03
1.6845e-01,-1.6236e+00,-1.1843e+00,6.6139e-01,1.4752e+00,2.2710e+00,3.4936e+00,-1.5215e+03
1.3383e-01,-1.7073e+00,-1.6681e+00,6.4012e-01,1.3488e+00,1.4349e+00,3.5221e+00,-1.4970e+03
1.3343e-01,-1.5992e+00,-1.7904e+00,5.4901e-01,1.3481e+00,2.2865e+00,3.4880e+00,-1.4924e+03
1.4367e-01,-1.5103e+00,-2.1211e+00,5.4483e-01,1.4989e+00,2.4195e+00,3.4714e+00,-1.4566e+03
1.2156e-01,-1.6659e+00,-1.8070e+00,5.2292e-01,1.4605e+00,1.7374e+00,3.5101e+00,-1.4797e+03
1.3625e-01,-1.6118e+00,-1.9357e+00,5.1281e-01,1.5354e+00,2.0520e+00,3.5010e+00,-1.4913e+03
9.3742e-02,-1.3426e+00,-1.7923e+00,5.3852e-01,1.5162e+00,2.4806e+00,3.4566e+00,-1.5163e+03
1.5384e-01,-1.7430e+00,-1.5095e+00,6.8234e-01,1.4316e+00,1.3818e+00,3.5229e+00,-1.5150e+03
1.4214e-01,-1.7390e+00,-2.0623e+00,6.0172e-01,1.4369e+00,1.5864e+00,3.5172e+00,-1.4286e+03
1.5046e-01,-1.6856e+00,-1.2231e+00,6.5225e-01,1.4701e+00,1.8709e+00,3.5125e+00,-1.5247e+03
1.5159e-01,-1.8230e+00,-1.6822e+00,4.8885e-01,1.5225e+00,1.3285e+00,3.5222e+00,-1.5213e+03
1.5175e-01,-1.5870e+00,-1.9509e+00,5.9903e-01,1.5441e+00,2.2130e+00,3.4931e+00,-1.4086e+03
1.6776e-01,-1.8500e+00,-1.6978e+00,5.6489e-01,1.5274e+00,1.5127e+00,3.5196e+00,-1.5046e+03
1.4158e-01,-1.6439e+00,-1.8410e+00,5.5039e-01,1.4665e+00,2.0740e+00,3.5041e+00,-1.5123e+03
1.3186e-01,-1.5870e+00,-1.3854e+00,5.4831e-01,1.5302e+00,2.0850e+00,3.4981e+00,-1.5103e+03
1.3549e-01,-1.4023e+00,-1.5527e+00,7.2643e-01,1.1943e+00,2.6255e+00,3.4430e+00,-1.4592e+03
1.3903e-01,-1.6127e+00,-1.6683e+00,5.9800e-01,1.2452e+00,2.2785e+00,3.4915e+00,-1.4727e+03
1.3306e-01,-1.4499e+00,-2.0154e+00,5.5043e-01,1.4925e+00,2.4850e+00,3.4634e+00,-1.4990e+03
1.6617e-01,-1.2197e+00,-1.8386e+00,8.0137e-01,1.5398e+00,2.9206e+00,3.3358e+00,-1.4544e+03
1.0358e-01,-1.4921e+00,-1.9960e+00,5.9690e-01,1.3269e+00,2.1925e+00,3.4952e+00,-1.5103e+03
1.6296e-01,-1.3897e+00,-1.9121e+00,5.9227e-01,1.4958e+00,2.7584e+00,3.4031e+00,-1.5222e+03
8.5285e-02,-1.4766e+00,-2.0391e+00,4.9116e-01,1.5548e+00,1.7344e+00,3.5061e+00,-1.5259e+03
7.4660e-02,-1.2058e+00,-1.3573e+00,6.6435e-01,1.5483e+00,2.6811e+00,3.4145e+00,-1.5070e+03
1.5550e-01,-1.5869e+00,-1.9522e+00,7.0870e-01,1.1491e+00,2.4147e+00,3.4826e+00,-1.5189e+03
1.1136e-01,-1.4564e+00,-1.0810e+00,5.6027e-01,1.4211e+00,2.3067e+00,3.4841e+00,-1.5096e+03
1.2817e-01,-1.3183e+00,-1.7316e+00,6.4210e-01,1.4957e+00,2.6979e+00,3.4146e+00,-1.5008e+03
1.5966e-01,-1.2276e+00,-2.0846e+00,7.0982e-01,1.4696e+00,2.9365e+00,3.3263e+00,-1.4612e+03
1.0147e-01,-1.4703e+00,-1.5342e+00,4.0705e-01,1.5550e+00,2.1854e+00,3.4859e+00,-1.4759e+03
9.7904e-02,-1.4337e+00,-1.7307e+00,5.3042e-01,1.5510e+00,2.2150e+00,3.4845e+00,-1.5101e+03
1.4322e-01,-1.6029e+00,-1.9918e+00,6.0557e-01,1.4340e+00,2.1483e+00,3.4985e+00,-1.4995e+03
1.8189e-01,-1.3348e+00,-1.6805e+00,5.9703e-01,1.4517e+00,2.8912e+00,3.3533e+00,-1.5042e+03
1.0248e-01,-1.5034e+00,-2.2219e+00,6.3664e-01,1.4518e+00,1.9484e+00,3.5025e+00,-1.4799e+03
1.4609e-01,-1.8038e+00,-2.1687e+00,4.4296e-01,1.5064e+00,1.4262e+00,3.5198e+00,-1.4940e+03
9.3742e-02,-1.4666e+00,-1.7062e+00,6.4920e-01,1.5214e+00,1.4633e+00,3.5156e+00,-1.4485e+03
1.3690e-01,-1.5221e+00,-1.8984e+00,6.6786e-01,1.4313e+00,2.3419e+00,3.4821e+00,-1.5098e+03
1.6089e-01,-1.8145e+00,-2.0536e+00,6.7404e-01,1.4290e+00,1.6259e+00,3.5195e+00,-1.4986e+03
1.0583e-01,-1.4542e+00,-2.1835e+00,7.0742e-01,1.5070e+00,2.0072e+00,3.5019e+00,-1.4662e+03
1.5231e-01,-1.3821e+00,-2.2059e+00,7.5078e-01,1.3196e+00,2.6590e+00,3.4401e+00,-1.4817e+03
1.7975e-01,-1.6061e+00,-1.2446e+00,5.8737e-01,1.4004e+00,2.5168e+00,3.4648e+00,-1.4883e+03
1.4201e-01,-1.6198e+00,-1.8790e+00,6.6973e-01,1.4403e+00,2.0554e+00,3.5043e+00,-1.5003e+03
1.9255e-01,-1.4811e+00,-2.0087e+00,6.7664e-01,8.7620e-01,2.8188e+00,3.3957e+00,-1.5129e+03
1.5372e-01,-1.7681e+00,-1.3999e+00,6.0593e-01,1.4626e+00,1.4814e+00,3.5209e+00,-1.4864e+03
1.5693e-01,-1.8321e+00,-1.5647e+00,5.5972e-01,1.5137e+00,1.6049e+00,3.5148e+00,-1.5088e+03
1.1525e-01,-1.5112e+00,-1.6166e+00,5.2672e-01,1.5218e+00,2.1359e+00,3.4919e+00,-1.4832e+03
9.5346e-02,-1.4554e+00,-1.5231e+00,5.4244e-01,1.5102e+00,2.0169e+00,3.5021e+00,-1.5254e+03
1.6992e-01,-1.4734e+00,-1.1032e+00,5.7988e-01,1.5197e+00,2.6212e+00,3.4407e+00,-1.5255e+03
1.4604e-01,-1.7681e+00,-1.9903e+00,4.2474e-01,1.5290e+00,1.9334e+00,3.5022e+00,-1.5092e+03
1.3576e-01,-1.4789e+00,-1.6112e+00,6.6477e-01,8.9585e-01,2.5857e+00,3.4508e+00,-1.4924e+03
1.9936e-01,-1.7873e+00,-1.6044e+00,6.5633e-01,1.4007e+00,2.3717e+00,3.4883e+00,-1.4967e+03
1.2234e-01,-1.5746e+00,-1.6084e+00,5.8659e-01,1.4732e+00,1.9665e+00,3.5059e+00,-1.4520e+03
1.1935e-01,-1.4909e+00,-2.1046e+00,5.7739e-01,1.4222e+00,2.3228e+00,3.4821e+00,-1.4380e+03
1.2883e-01,-1.5508e+00,-1.8409e+00,4.1924e-01,1.5269e+00,2.2478e+00,3.4879e+00,-1.5236e+03
1.6651e-01,-1.6126e+00,-1.4961e+00,6.0425e-01,1.4671e+00,2.2907e+00,3.4950e+00,-1.4780e+03
1.7515e-01,-1.6496e+00,-2.0426e+00,6.3034e-01,1.4028e+00,2.3564e+00,3.4900e+00,-1.5164e+03
1.3199e-01,-1.5656e+00,-1.0546e+00,6.1270e-01,1.4456e+00,2.1764e+00,3.4953e+00,-1.5132e+03
1.4693e-01,-1.3268e+00,-1.9784e+00,7.1145e-01,1.5092e+00,2.7043e+00,3.4191e+00,-1.4578e+03
1.6297e-01,-1.6287e+00,-1.3999e+00,5.5467e-01,1.4159e+00,2.3388e+00,3.4890e+00,-1.4879e+03
1.5963e-01,-1.8026e+00,-2.0533e+00,5.5246e-01,1.5477e+00,1.5331e+00,3.5195e+00,-1.5155e+03
8.9702e-02,-1.4259e+00,-1.9221e+00,6.0825e-01,1.4880e+00,1.9943e+00,3.5024e+00,-1.4733e+03
1.0124e-01,-1.3726e+00,-1.9377e+00,4.4715e-01,1.5571e+00,2.5167e+00,3.4485e+00,-1.5044e+03
1.7802e-01,-1.6191e+00,-1.3836e+00,5.2376e-01,1.5366e+00,2.4176e+00,3.4778e+00,-1.5040e+03
1.2686e-01,-1.4116e+00,-1.4223e+00,6.6899e-01,1.5113e+00,2.3769e+00,3.4808e+00,-1.5046e+03
1.5524e-01,-1.3087e+00,-1.2355e+00,6.5563e-01,1.4608e+00,2.8078e+00,3.3910e+00,-1.4823e+03
1.2321e-01,-1.5323e+00,-2.2035e+00,6.2685e-01,1.5080e+00,1.9606e+00,3.5054e+00,-1.4525e+03
1.4890e-01,-1.9450e+00,-1.9026e+00,5.0844e-01,1.3755e+00,1.4765e+00,3.5180e+00,-1.5212e+03
1.7530e-01,-1.7317e+00,-1.6669e+00,7.0682e-01,1.5416e+00,1.8183e+00,3.5152e+00,-1.5244e+03
1.4643e-01,-1.4069e+00,-1.6561e+00,7.3626e-01,1.4661e+00,2.5679e+00,3.4487e+00,-1.5223e+03
1.6969e-01,-1.5548e+00,-2.0793e+00,7.1171e-01,1.5166e+00,2.3121e+00,3.4910e+00,-1.4650e+03
1.3532e-01,-1.3444e+00,-2.1234e+00,6.3551e-01,1.5475e+00,2.6621e+00,3.4265e+00,-1.3559e+03
1.4709e-01,-1.7685e+00,-2.0911e+00,5.3653e-01,1.4389e+00,1.8573e+00,3.5101e+00,-1.4995e+03
1.4831e-01,-1.4323e+00,-1.9881e+00,6.2448e-01,1.5520e+00,2.5750e+00,3.4459e+00,-1.4156e+03
1.4183e-01,-1.6393e+00,-1.4906e+00,5.1965e-01,1.4919e+00,2.0813e+00,3.5022e+00,-1.4589e+03
1.3680e-01,-1.6991e+00,-1.9167e+00,5.6741e-01,1.5058e+00,1.4666e+00,3.5173e+00,-1.3900e+03
1.1186e-01,-1.6000e+00,-2.0532e+00,5.5060e-01,1.5014e+00,1.4388e+00,3.5146e+00,-1.4314e+03
1.4911e-01,-1.7489e+00,-2.1750e+00,5.1769e-01,1.3613e+00,2.1008e+00,3.5016e+00,-1.4369e+03
1.3300e-01,-1.2195e+00,-1.5312e+00,7.5122e-01,1.4207e+00,2.8727e+00,3.3558e+00,-1.4826e+03
1.0577e-01,-1.4623e+00,-1.4923e+00,6.5184e-01,1.5624e+00,1.9725e+00,3.5027e+00,-1.5178e+03
1.6971e-01,-1.5691e+00,-1.9735e+00,5.0919e-01,1.5307e+00,2.4895e+00,3.4639e+00,-1.5132e+03
1.8174e-01,-1.5473e+00,-2.1375e+00,5.3135e-01,1.5243e+00,2.5969e+00,3.4480e+00,-1.5016e+03
1.5683e-01,-1.8616e+00,-1.8785e+00,5.9497e-01,1.4377e+00,1.3066e+00,3.5228e+00,-1.4089e+03
1.6496e-01,-1.3719e+00,-1.3626e+00,7.3353e-01,1.4001e+00,2.7081e+00,3.4269e+00,-1.4972e+03
1.3702e-01,-1.4740e+00,-1.1407e+00,6.5242e-01,1.3397e+00,2.4651e+00,3.4688e+00,-1.4928e+03
1.1535e-01,-1.3861e+00,-1.0837e+00,6.9630e-01,1.2773e+00,2.5318e+00,3.4574e+00,-1.4841e+03
1.6777e-01,-1.3705e+00,-2.0558e+00,7.8175e-01,1.4834e+00,2.6877e+00,3.4308e+00,-1.4491e+03
1.5160e-01,-1.2828e+00,-1.9188e+00,6.1491e-01,1.5268e+00,2.8413e+00,3.3697e+00,-1.5148e+03
1.0051e-01,-1.5513e+00,-1.9851e+00,4.9839e-01,1.3122e+00,2.0328e+00,3.5024e+00,-1.5144e+03
1.4279e-01,-1.6236e+00,-1.8694e+00,6.5949e-01,1.3558e+00,2.1729e+00,3.4970e+00,-1.4702e+03
1.3054e-01,-1.6274e+00,-1.9225e+00,5.6342e-01,1.5392e+00,1.6343e+00,3.5123e+00,-1.4657e+03
1.4893e-01,-1.6345e+00,-1.3993e+00,6.3043e-01,1.4427e+00,2.0839e+00,3.5050e+00,-1.5033e+03
1.4440e-01,-1.3885e+00,-1.6532e+00,5.9030e-01,1.5447e+00,2.6818e+00,3.4192e+00,-1.5116e+03
1.1123e-01,-1.4637e+00,-1.8080e+00,6.6508e-01,1.4172e+00,2.2781e+00,3.4836e+00,-1.4772e+03
1.3549e-01,-1.5006e+00,-1.3448e+00,5.1651e-01,1.4428e+00,2.4368e+00,3.4721e+00,-1.5095e+03
1.1063e-01,-1.5390e+00,-1.7887e+00,6.4371e-01,1.4269e+00,1.6951e+00,3.5141e+00,-1.5257e+03
1.2525e-01,-1.4130e+00,-1.2924e+00,6.7788e-01,1.2174e+00,2.5434e+00,3.4577e+00,-1.5033e+03
1.1845e-01,-1.3907e+00,-1.9702e+00,7.6085e-01,1.4026e+00,2.4550e+00,3.4671e+00,-1.4852e+03
1.5398e-01,-1.8063e+00,-1.4590e+00,4.2245e-01,1.4676e+00,2.0247e+00,3.5027e+00,-1.5063e+03
1.1922e-01,-1.5670e+00,-1.7849e+00,6.3946e-01,1.3688e+00,2.0778e+00,3.4977e+00,-1.5229e+03
1.3261e-01,-1.6045e+00,-1.5012e+00,5.3801e-01,1.5358e+00,2.0729e+00,3.4982e+00,-1.5222e+03
1.4413e-01,-1.3308e+00,-1.5003e+00,7.3151e-01,1.5569e+00,2.6829e+00,3.4240e+00,-1.4522e+03
1.3871e-01,-1.6303e+00,-1.5136e+00,5.9529e-01,1.4540e+00,2.0192e+00,3.5050e+00,-1.4888e+03
1.1032e-01,-1.5121e+00,-1.9170e+00,5.7938e-01,1.4903e+00,2.0608e+00,3.4977e+00,-1.4425e+03
1.7684e-01,-1.7328e+00,-1.5603e+00,4.9026e-01,1.5233e+00,2.3055e+00,3.4878e+00,-1.4404e+03
1.3182e-01,-1.5204e+00,-1.7052e+00,4.5272e-01,1.5107e+00,2.3161e+00,3.4819e+00,-1.5161e+03
1.7910e-01,-1.7568e+00,-1.8964e+00,6.4390e-01,1.5543e+00,1.9549e+00,3.5135e+00,-1.4851e+03
1.6946e-01,-1.6132e+00,-1.5217e+00,6.9971e-01,1.3214e+00,2.4599e+00,3.4712e+00,-1.5219e+03
1.3397e-01,-1.6922e+00,-2.0309e+00,4.9717e-01,1.5015e+00,1.4311e+00,3.5187e+00,-1.4768e+03
9.5078e-02,-1.4802e+00,-1.4953e+00,6.0084e-01,1.3674e+00,2.0841e+00,3.4976e+00,-1.4943e+03
1.0250e-01,-1.5662e+00,-2.1009e+00,5.6903e-01,1.5182e+00,1.3185e+00,3.5135e+00,-1.4646e+03
1.5474e-01,-1.7380e+00,-1.2865e+00,5.0649e-01,1.5261e+00,1.9222e+00,3.5073e+00,-1.4280e+03
1.6593e-01,-1.9962e+00,-2.2261e+00,4.9849e-01,1.4411e+00,1.6806e+00,3.5160e+00,-1.4769e+03
1.3729e-01,-1.4206e+00,-1.4340e+00,5.8864e-01,1.4308e+00,2.6066e+00,3.4381e+00,-1.5012e+03
1.7511e-01,-1.8821e+00,-2.1709e+00,4.7091e-01,1.5622e+00,1.8667e+00,3.5113e+00,-1.4823e+03
1.7018e-01,-1.7635e+00,-1.8913e+00,6.3858e-01,1.2931e+00,2.1861e+00,3.5034e+00,-1.5149e+03
1.3412e-01,-1.2686e+00,-1.8999e+00,7.7370e-01,1.4017e+00,2.7784e+00,3.3951e+00,-1.4850e+03
1.2276e-01,-1.6636e+00,-1.7853e+00,5.5835e-01,1.4189e+00,1.7434e+00,3.5123e+00,-1.5007e+03
1.8166e-01,-1.8501e+00,-1.7148e+00,6.1477e-01,1.4884e+00,2.0450e+00,3.5081e+00,-1.4891e+03
1.5195e-01,-1.9366e+00,-1.6107e+00,4.9540e-01,1.4183e+00,1.4046e+00,3.5192e+00,-1.5075e+03
1.7554e-01,-1.6479e+00,-1.9900e+00,5.9123e-01,1.4106e+00,2.4217e+00,3.4789e+00,-1.4472e+03
1.4420e-01,-1.5090e+00,-1.1995e+00,7.0516e-01,1.3867e+00,2.4282e+00,3.4727e+00,-1.5059e+03
1.2210e-01,-1.6522e+00,-2.1318e+00,6.4670e-01,1.3930e+00,1.4298e+00,3.5175e+00,-1.4923e+03
1.3835e-01,-1.4553e+00,-1.7734e+00,6.1141e-01,1.1936e+00,2.6221e+00,3.4407e+00,-1.5154e+03
1.9825e-01,-1.4943e+00,-1.8238e+00,7.0354e-01,1.5082e+00,2.6879e+00,3.4274e+00,-1.5136e+03
1.1778e-01,-1.5949e+00,-2.1154e+00,5.8944e-01,1.5285e+00,1.3148e+00,3.5179e+00,-1.4091e+03
1.4935e-01,-1.3925e+00,-2.0803e+00,6.5819e-01,1.5119e+00,2.6100e+00,3.4438e+00,-1.3693e+03
1.3117e-01,-1.5231e+00,-2.0399e+00,5.7881e-01,1.4583e+00,2.3338e+00,3.4827e+00,-1.4715e+03
1.7403e-01,-1.4185e+00,-1.2204e+00,6.0689e-01,1.5356e+00,2.6999e+00,3.4235e+00,-1.4635e+03
1.7513e-01,-1.3874e+00,-1.9746e+00,5.9565e-01,1.4111e+00,2.8146e+00,3.3891e+00,-1.5238e+03
1.7142e-01,-1.7566e+00,-2.1855e+00,4.8321e-01,1.5520e+00,2.0486e+00,3.5070e+00,-1.5136e+03
1.8394e-01,-1.9490e+00,-1.6741e+00,5.4128e-01,1.4500e+00,2.0545e+00,3.5082e+00,-1.4775e+03
1.4229e-01,-1.7909e+00,-1.6574e+00,4.5820e-01,1.5118e+00,1.4864e+00,3.5157e+00,-1.4363e+03
1.1663e-01,-1.2964e+00,-1.8760e+00,7.7385e-01,1.3537e+00,2.6756e+00,3.4262e+00,-1.5061e+03
1.2643e-01,-1.2746e+00,-1.5442e+00,7.0498e-01,1.1801e+00,2.8319e+00,3.3760e+00,-1.4763e+03
1.6030e-01,-1.7269e+00,-1.5223e+00,4.9239e-01,1.5473e+00,2.0180e+00,3.5038e+00,-1.5152e+03
1.2471e-01,-1.5336e+00,-2.0218e+00,4.9617e-01,1.4604e+00,2.2841e+00,3.4856e+00,-1.4747e+03
9.5182e-02,-1.4979e+00,-2.0182e+00,6.2424e-01,1.4731e+00,1.4204e+00,3.5166e+00,-1.4445e+03
1.0571e-01,-1.2544e+00,-1.8871e+00,6.7058e-01,1.3632e+00,2.7584e+00,3.4013e+00,-1.4867e+03
1.3713e-01,-1.6148e+00,-1.3333e+00,6.6574e-01,1.3831e+00,1.9920e+00,3.5081e+00,-1.5125e+03
8.1242e-02,-1.4675e+00,-1.7034e+00,4.5957e-01,1.5415e+00,1.8958e+00,3.4994e+00,-1.4804e+03
1.7222e-01,-1.8698e+00,-1.6688e+00,6.3319e-01,1.5038e+00,1.2609e+00,3.5249e+00,-1.4568e+03
1.4082e-01,-1.3108e+00,-1.2931e+00,5.8651e-01,1.5317e+00,2.7826e+00,3.3860e+00,-1.4917e+03
1.3805e-01,-1.5835e+00,-1.5493e+00,6.0904e-01,1.1879e+00,2.3503e+00,3.4850e+00,-1.4953e+03
1.8902e-01,-1.9489e+00,-1.8363e+00,5.5708e-01,1.3987e+00,2.0587e+00,3.5111e+00,-1.5054e+03
1.5727e-01,-1.4111e+00,-1.4357e+00,6.3230e-01,1.2939e+00,2.7079e+00,3.4249e+00,-1.4747e+03
1.4829e-01,-1.6086e+00,-1.7461e+00,6.4306e-01,1.5458e+00,2.1469e+00,3.4928e+00,-1.4965e+03
1.0759e-01,-1.4356e+00,-1.5139e+00,5.9185e-01,1.4263e+00,2.3003e+00,3.4844e+00,-1.4914e+03
1.5201e-01,-1.3431e+00,-1.3565e+00,6.3936e-01,1.4568e+00,2.7616e+00,3.4021e+00,-1.4063e+03
1.2484e-01,-1.5573e+00,-2.0394e+00,4.2383e-01,1.5216e+00,2.2252e+00,3.4877e+00,-1.5099e+03
1.3211e-01,-1.6026e+00,-2.1340e+00,6.7698e-01,1.2220e+00,2.1769e+00,3.4974e+00,-1.4822e+03
1.5557e-01,-1.6255e+00,-1.4670e+00,5.2083e-01,1.5408e+00,2.2904e+00,3.4834e+00,-1.4355e+03
1.5292e-01,-1.7918e+00,-1.5823e+00,5.6248e-01,1.4655e+00,1.6454e+00,3.5166e+00,-1.4717e+03
1.0706e-01,-1.2998e+00,-1.5779e+00,6.0622e-01,1.5283e+00,2.6415e+00,3.4273e+00,-1.4629e+03
1.3982e-01,-1.2978e+00,-1.6299e+00,5.8847e-01,1.4172e+00,2.8204e+00,3.3795e+00,-1.4566e+03
1.2813e-01,-1.4823e+00,-1.7129e+00,6.4676e-01,1.5167e+00,2.2768e+00,3.4859e+00,-1.4454e+03
1.5499e-01,-1.8884e+00,-1.5880e+00,3.7106e-01,1.5357e+00,1.5174e+00,3.5167e+00,-1.5258e+03
1.3518e-01,-1.6153e+00,-1.9783e+00,5.1560e-01,1.5189e+00,2.0614e+00,3.4999e+00,-1.4275e+03
1.3755e-01,-1.5924e+00,-1.7197e+00,5.3418e-01,1.4159e+00,2.3244e+00,3.4807e+00,-1.5068e+03
1.5254e-01,-1.4572e+00,-1.1675e+00,5.4826e-01,1.5251e+00,2.6017e+00,3.4420e+00,-1.4916e+03
1.4862e-01,-1.7275e+00,-1.9301e+00,6.1995e-01,1.5026e+00,1.7361e+00,3.5132e+00,-1.5018e+03
1.6641e-01,-1.7121e+00,-1.5652e+00,4.4992e-01,1.5379e+00,2.2204e+00,3.4922e+00,-1.5142e+03
1.8853e-01,-1.6971e+00,-1.2228e+00,7.0307e-01,1.5628e+00,2.1784e+00,3.5009e+00,-1.5255e+03
1.8681e-01,-1.8502e+00,-1.7958e+00,6.6369e-01,1.4694e+00,2.0016e+00,3.5124e+00,-1.4827e+03
1.5300e-01,-1.7151e+00,-1.7015e+00,5.7462e-01,1.4681e+00,1.8534e+00,3.5143e+00,-1.4617e+03
1.7881e-01,-1.5611e+00,-1.5773e+00,5.9472e-01,1.5024e+00,2.5264e+00,3.4640e+00,-1.4989e+03
1.4690e-01,-1.7962e+00,-2.0143e+00,5.4559e-01,1.4604e+00,1.2894e+00,3.5232e+00,-1.4645e+03
1.1386e-01,-1.6295e+00,-1.6345e+00,4.8089e-01,1.5128e+00,1.5640e+00,3.5110e+00,-1.4599e+03
1.2011e-01,-1.2864e+00,-1.4247e+00,6.8572e-01,1.5380e+00,2.6696e+00,3.4265e+00,-1.4751e+03
1.1523e-01,-1.2688e+00,-1.7798e+00,7.3214e-01,1.3646e+00,2.7140e+00,3.4195e+00,-1.5134e+03
1.4718e-01,-1.4662e+00,-1.8149e+00,7.1645e-01,1.4704e+00,2.3943e+00,3.4824e+00,-1.4641e+03
1.8551e-01,-1.7193e+00,-2.1366e+00,5.4648e-01,1.2637e+00,2.5148e+00,3.4661e+00,-1.5187e+03
1.6155e-01,-1.6639e+00,-1.9497e+00,5.6017e-01,1.5205e+00,2.3086e+00,3.4811e+00,-1.4982e+03
1.2810e-01,-1.4642e+00,-2.2148e+00,6.2637e-01,1.4564e+00,2.3681e+00,3.4804e+00,-1.4171e+03
1.8867e-01,-1.3276e+00,-2.1083e+00,7.0114e-01,1.3104e+00,2.9183e+00,3.3432e+00,-1.4793e+03
1.4617e-01,-1.5168e+00,-1.3127e+00,6.3242e-01,1.3571e+00,2.4806e+00,3.4668e+00,-1.5069e+03
1.4847e-01,-1.6533e+00,-1.7164e+00,6.6446e-01,1.5293e+00,2.0287e+00,3.4990e+00,-1.4988e+03
1.7271e-01,-1.5084e+00,-1.6090e+00,7.0625e-01,1.3565e+00,2.5753e+00,3.4576e+00,-1.5068e+03
1.6296e-01,-1.8485e+00,-1.3005e+00,5.7184e-01,1.5193e+00,1.4715e+00,3.5201e+00,-1.5020e+03
1.5675e-01,-1.6601e+00,-1.6277e+00,6.4755e-01,1.2328e+00,2.3141e+00,3.4922e+00,-1.5222e+03
1.2293e-01,-1.4317e+00,-1.4871e+00,5.9675e-01,1.5320e+00,2.4765e+00,3.4597e+00,-1.5206e+03
1.2287e-01,-1.5823e+00,-2.1388e+00,5.5139e-01,1.5498e+00,1.4197e+00,3.5200e+00,-1.5172e+03
1.3554e-01,-1.5994e+00,-1.7956e+00,5.1527e-01,1.4996e+00,2.1040e+00,3.4978e+00,-1.4651e+03
1.5596e-01,-1.5859e+00,-1.6427e+00,5.4500e-01,1.4804e+00,2.4078e+00,3.4767e+00,-1.4183e+03
1.4462e-01,-1.7041e+00,-1.8834e+00,5.8833e-01,1.5006e+00,1.6579e+00,3.5165e+00,-1.4436e+03
1.6962e-01,-1.4062e+00,-1.5330e+00,6.0381e-01,1.4938e+00,2.7336e+00,3.4136e+00,-1.4598e+03
1.4036e-01,-1.6720e+00,-1.7364e+00,5.9538e-01,1.5236e+00,1.6156e+00,3.5176e+00,-1.4994e+03
1.7716e-01,-1.3478e+00,-1.5245e+00,7.7991e-01,1.4918e+00,2.7754e+00,3.4022e+00,-1.4436e+03
1.3696e-01,-1.3606e+00,-1.7484e+00,6.6167e-01,1.4617e+00,2.6615e+00,3.4321e+00,-1.4733e+03
1.9021e-01,-1.5288e+00,-1.7612e+00,7.0898e-01,1.4726e+00,2.5637e+00,3.4614e+00,-1.5116e+03
1.3757e-01,-1.7455e+00,-2.1280e+00,5.3585e-01,1.3136e+00,2.0432e+00,3.5042e+00,-1.4976e+03
1.5118e-01,-1.5195e+00,-1.7084e+00,6.7551e-01,1.3982e+00,2.4223e+00,3.4769e+00,-1.4152e+03
1.2816e-01,-1.5538e+00,-1.8965e+00,6.7323e-01,1.4549e+00,1.9112e+00,3.5115e+00,-1.4565e+03
1.7319e-01,-1.5200e+00,-1.8722e+00,7.6047e-01,1.3440e+00,2.5549e+00,3.4590e+00,-1.4648e+03
1.2224e-01,-1.4102e+00,-2.2271e+00,5.2415e-01,1.3017e+00,2.6362e+00,3.4343e+00,-1.5044e+03
1.4083e-01,-1.8467e+00,-2.0845e+00,5.6999e-01,1.3532e+00,1.4598e+00,3.5188e+00,-1.5081e+03
1.5567e-01,-1.7263e+00,-1.6501e+00,6.8225e-01,1.4734e+00,1.5426e+00,3.5214e+00,-1.5016e+03
1.3183e-01,-1.4613e+00,-1.5163e+00,7.5216e-01,1.5146e+00,2.1937e+00,3.4965e+00,-1.5059e+03
1.5027e-01,-1.8486e+00,-1.7956e+00,4.4648e-01,1.4944e+00,1.3988e+00,3.5207e+00,-1.5200e+03
1.3136e-01,-1.5586e+00,-1.1592e+00,4.7090e-01,1.4026e+00,2.3207e+00,3.4848e+00,-1.5059e+03
1.3777e-01,-1.4213e+00,-1.5395e+00,5.5389e-01,1.5575e+00,2.5533e+00,3.4496e+00,-1.5200e+03
1.2271e-01,-1.3272e+00,-1.9867e+00,7.5639e-01,1.3654e+00,2.6310e+00,3.4375e+00,-1.4916e+03
1.6065e-01,-1.6681e+00,-1.9816e+00,6.0544e-01,1.5602e+00,2.1564e+00,3.4942e+00,-1.4956e+03
1.4363e-01,-1.8214e+00,-1.3108e+00,5.0853e-01,1.3922e+00,1.5672e+00,3.5194e+00,-1.5229e+03
7.6128e-02,-1.3104e+00,-1.1798e+00,5.4942e-01,1.5517e+00,2.4373e+00,3.4606e+00,-1.5187e+03
1.2931e-01,-1.6580e+00,-2.1099e+00,5.1148e-01,1.5439e+00,1.3386e+00,3.5175e+00,-1.4243e+03
1.3326e-01,-1.5950e+00,-1.7129e+00,6.5337e-01,1.5061e+00,1.8912e+00,3.5072e+00,-1.4725e+03
1.4610e-01,-1.4334e+00,-1.6005e+00,6.5175e-01,1.4632e+00,2.5145e+00,3.4641e+00,-1.5065e+03
1.5761e-01,-1.7083e+00,-1.5755e+00,6.1894e-01,1.5137e+00,1.7494e+00,3.5182e+00,-1.4725e+03
1.5735e-01,-1.6682e+00,-1.3703e+00,7.1383e-01,1.4720e+00,1.8990e+00,3.5128e+00,-1.5086e+03
1.6112e-01,-1.8106e+00,-2.0437e+00,5.4298e-01,1.4493e+00,1.9889e+00,3.5056e+00,-1.5135e+03
1.3916e-01,-1.3904e+00,-1.9671e+00,6.7840e-01,1.1231e+00,2.7092e+00,3.4230e+00,-1.5104e+03
1.9020e-01,-1.6120e+00,-1.4387e+00,6.1449e-01,1.4999e+00,2.4870e+00,3.4724e+00,-1.5219e+03
1.1069e-01,-1.3673e+00,-1.6939e+00,6.6930e-01,1.4962e+00,2.4533e+00,3.4687e+00,-1.5113e+03
1.6159e-01,-1.5136e+00,-1.3214e+00,6.9827e-01,1.4926e+00,2.4409e+00,3.4740e+00,-1.4576e+03
1.9064e-01,-1.7757e+00,-2.2007e+00,6.4266e-01,1.4343e+00,2.2438e+00,3.5011e+00,-1.4723e+03
1.5791e-01,-1.6571e+00,-1.7492e+00,6.1288e-01,1.4505e+00,2.2904e+00,3.4868e+00,-1.4952e+03
1.8894e-01,-1.2367e+00,-1.9976e+00,7.3576e-01,1.4903e+00,2.9881e+00,3.2983e+00,-1.5257e+03
1.5925e-01,-1.8306e+00,-1.9612e+00,5.5045e-01,1.4732e+00,1.6800e+00,3.5166e+00,-1.3939e+03
1.0659e-01,-1.3617e+00,-1.5840e+00,6.7038e-01,1.4802e+00,2.5000e+00,3.4564e+00,-1.4531e+03
1.1760e-01,-1.3983e+00,-1.3876e+00,6.7757e-01,1.5140e+00,2.3950e+00,3.4729e+00,-1.4505e+03
1.8784e-01,-1.6985e+00,-1.5628e+00,6.6649e-01,1.5638e+00,2.2249e+00,3.4973e+00,-1.3869e+03
1.3993e-01,-1.6254e+00,-1.4908e+00,5.4020e-01,1.5315e+00,1.9053e+00,3.5089e+00,-1.4714e+03
1.2839e-01,-1.7456e+00,-1.9101e+00,5.7185e-01,1.3629e+00,1.3078e+00,3.5201e+00,-1.4618e+03
1.6330e-01,-1.6693e+00,-2.0926e+00,5.3266e-01,1.4506e+00,2.2816e+00,3.4933e+00,-1.4517e+03
1.4951e-01,-1.7352e+00,-1.8872e+00,6.9611e-01,1.4089e+00,1.5072e+00,3.5225e+00,-1.4990e+03
1.3658e-01,-1.6153e+00,-2.0987e+00,7.0774e-01,1.4244e+00,1.8607e+00,3.5121e+00,-1.4883e+03
1.5300e-01,-1.6006e+00,-1.6354e+00,6.2907e-01,1.2919e+00,2.3455e+00,3.4883e+00,-1.4895e+03
1.4195e-01,-1.5373e+00,-1.0861e+00,5.0010e-01,1.5095e+00,2.3682e+00,3.4781e+00,-1.4865e+03
1.6891e-01,-1.8531e+00,-1.5116e+00,4.8448e-01,1.4526e+00,1.9906e+00,3.5104e+00,-1.5005e+03
1.3816e-01,-1.7657e+00,-1.5034e+00,5.7986e-01,1.4162e+00,1.3394e+00,3.5200e+00,-1.5108e+03
1.0637e-01,-1.4346e+00,-1.4206e+00,5.8885e-01,1.4788e+00,2.2547e+00,3.4861e+00,-1.4674e+03
1.4509e-01,-1.3295e+00,-1.5475e+00,6.0539e-01,1.3754e+00,2.7731e+00,3.4019e+00,-1.5048e+03
1.1448e-01,-1.3841e+00,-1.5378e+00,6.7812e-01,1.4425e+00,2.4963e+00,3.4595e+00,-1.4509e+03
1.3704e-01,-1.2373e+00,-2.1308e+00,7.7928e-01,1.5178e+00,2.7775e+00,3.4012e+00,-1.4576e+03
1.7043e-01,-1.9639e+00,-2.1467e+00,5.8446e-01,1.3548e+00,1.9641e+00,3.5095e+00,-1.4691e+03
9.3550e-02,-1.3168e+00,-1.5564e+00,6.1426e-01,1.5197e+00,2.5477e+00,3.4450e+00,-1.5196e+03
1.2421e-01,-1.5160e+00,-1.8301e+00,6.1009e-01,1.4853e+00,2.2178e+00,3.4917e+00,-1.5190e+03
1.8168e-01,-1.8513e+00,-2.1734e+00,5.0164e-01,1.4472e+00,2.1670e+00,3.5041e+00,-1.5082e+03
1.5356e-01,-1.8771e+00,-1.9527e+00,6.2560e-01,1.3754e+00,1.5144e+00,3.5204e+00,-1.5253e+03
1.1855e-01,-1.5700e+00,-1.8320e+00,5.7582e-01,1.3886e+00,1.9729e+00,3.5071e+00,-1.4778e+03
1.2138e-01,-1.3936e+00,-1.2841e+00,6.6193e-01,1.5102e+00,2.4604e+00,3.4647e+00,-1.4198e+03
1.6281e-01,-1.5254e+00,-9.4268e-01,5.0369e-01,1.5602e+00,2.5113e+00,3.4572e+00,-1.5078e+03
1.3041e-01,-1.6266e+00,-2.1460e+00,6.3199e-01,1.5298e+00,1.4049e+00,3.5157e+00,-1.4436e+03
1.8243e-01,-1.8277e+00,-2.0094e+00,4.7397e-01,1.5600e+00,2.2053e+00,3.4927e+00,-1.4436e+03
1.6416e-01,-1.6017e+00,-1.9109e+00,6.2629e-01,1.5605e+00,2.0976e+00,3.5069e+00,-1.5059e+03
1.0165e-01,-1.5706e+00,-1.6258e+00,5.4274e-01,1.4569e+00,1.4769e+00,3.5143e+00,-1.4911e+03
1.0691e-01,-1.5374e+00,-1.9241e+00,5.8448e-01,1.5417e+00,1.7982e+00,3.5067e+00,-1.4377e+03
1.5289e-01,-1.9084e+00,-1.6009e+00,4.6626e-01,1.4679e+00,1.4193e+00,3.5191e+00,-1.4799e+03
1.4432e-01,-1.4430e+00,-1.7973e+00,6.5724e-01,1.4538e+00,2.5844e+00,3.4459e+00,-1.4918e+03
