logfeh,logdust,logSFH0,logSFH1,logSFH2,logSFH3,logSFH4,dmod,logl
4.2617e-01,-1.4630e+00,-2.6120e+00,-4.7971e-01,-1.0943e+00,3.4228e+00,2.9038e+00,2.4100e+01,-1.5565e+03
9.7639e-02,-1.5149e+00,-1.9727e+00,5.3151e-01,1.6902e+00,2.0157e+00,3.7879e+00,2.4556e+01,-8.7856e+02
2.3262e-01,-1.6890e+00,-5.2816e-01,1.1415e-01,2.1338e+00,7.8770e-01,3.6276e+00,2.4125e+01,-1.3577e+03
1.5573e-01,-9.1468e-01,1.3175e-01,-4.7955e-01,6.7089e-01,3.6148e+00,1.2183e+00,2.4450e+01,-1.6786e+03
-3.9529e-02,-1.2497e+00,-9.0210e-01,4.2891e-01,1.5925e+00,1.6131e+00,3.7866e+00,2.4533e+01,-1.3250e+03
-9.8986e-03,-1.2924e+00,-3.3617e-01,1.0098e-01,1.2478e+00,2.0714e+00,3.7782e+00,2.4533e+01,-1.1443e+03
-2.5482e-01,-8.6948e-01,-5.2539e-01,1.5176e+00,8.1113e-01,2.5127e-01,3.8551e+00,2.4750e+01,-1.5485e+03
4.3718e-01,-1.3109e+00,-2.2253e+00,1.2630e-01,5.1403e-02,3.4829e+00,1.6813e+00,2.4066e+01,-1.4337e+03
1.6009e-01,-1.3817e+00,-1.5075e+00,-4.8337e-01,1.6831e+00,2.8586e+00,3.6029e+00,2.4282e+01,-1.1793e+03
6.6614e-02,-1.5701e+00,-4.5955e-01,-6.7938e-01,1.5589e+00,1.8953e+00,3.8423e+00,2.4697e+01,-1.3960e+03
2.8048e-01,-1.0397e+00,-1.8674e+00,7.3749e-01,-7.8814e-01,3.4277e+00,2.7979e+00,2.4111e+01,-1.3015e+03
2.5101e-01,-1.6782e+00,-2.3792e+00,-1.3442e-01,1.3182e+00,2.9348e+00,3.6331e+00,2.4330e+01,-1.3998e+03
-8.1089e-02,-8.7700e-01,-7.5311e-01,1.1974e+00,1.4922e+00,3.3964e+00,3.4955e+00,2.4680e+01,-9.7439e+02
5.4793e-02,-1.4537e+00,-2.3844e-01,-2.4277e-01,-1.0135e+00,2.4610e+00,3.7723e+00,2.4562e+01,-1.1768e+03
9.7551e-02,-1.6140e+00,-9.8670e-01,-6.1097e-02,1.2598e-01,1.9892e+00,3.6685e+00,2.4229e+01,-1.4156e+03
2.2093e-01,-1.3468e+00,-4.9594e-01,-9.7019e-01,9.8071e-01,3.2209e+00,3.4587e+00,2.4283e+01,-1.1173e+03
3.3891e-01,-1.5130e+00,-1.3836e+00,8.0862e-01,1.7590e+00,2.9028e+00,3.4824e+00,2.4004e+01,-1.6713e+03
4.4866e-01,-1.3690e+00,-2.6726e+00,-7.2528e-01,-1.3631e-01,3.4245e+00,2.6800e+00,2.4003e+01,-1.5909e+03
1.5439e-01,-8.9443e-01,-1.3202e+00,1.2855e+00,-3.9848e-01,3.6228e+00,2.8156e+00,2.4570e+01,-1.0489e+03
-3.6653e-01,-6.8925e-01,-1.1803e+00,2.1680e+00,2.7351e-01,8.9433e-01,3.9982e+00,2.5145e+01,-1.0050e+03
9.1419e-02,-1.7736e+00,-4.2294e-01,5.3096e-01,-1.7082e-01,1.8393e+00,3.8344e+00,2.4661e+01,-1.2608e+03
-1.1169e-01,-9.8225e-01,-5.1575e-01,1.6816e+00,-7.4296e-01,1.7393e+00,3.9904e+00,2.5069e+01,-1.1649e+03
3.1783e-01,-1.4906e+00,-1.2708e+00,-1.3352e+00,-1.0432e+00,3.3354e+00,3.3463e+00,2.4292e+01,-1.6171e+03
4.4585e-02,-1.2256e+00,-1.8918e-01,9.0579e-01,2.0826e+00,2.0715e+00,3.9141e+00,2.4919e+01,-1.4971e+03
3.6634e-01,-1.1831e+00,-8.8490e-01,8.5657e-01,-8.5809e-01,3.5859e+00,1.7906e+00,2.4357e+01,-1.3443e+03
2.5433e-01,-1.6102e+00,-1.0417e-01,-8.0734e-01,2.2274e+00,1.5729e+00,3.6921e+00,2.4297e+01,-1.1949e+03
-9.8148e-02,-1.0235e+00,-9.5093e-01,1.5777e+00,1.5196e+00,6.5851e-01,3.8920e+00,2.4864e+01,-1.5068e+03
3.9820e-01,-1.8343e+00,-6.5636e-01,9.6318e-01,2.3809e+00,2.0816e+00,3.7155e+00,2.4355e+01,-1.4747e+03
-4.2654e-02,-1.1591e+00,-2.7263e+00,7.7137e-01,1.6426e+00,2.9728e+00,3.7889e+00,2.4774e+01,-1.1737e+03
1.2895e-01,-1.9773e+00,-8.9524e-01,4.3973e-01,8.4270e-01,6.3125e-01,3.7210e+00,2.4346e+01,-1.1520e+03
4.9616e-01,-1.7112e+00,-1.2750e+00,-9.0807e-01,-4.4340e-01,3.3628e+00,2.9875e+00,2.3976e+01,-1.3150e+03
1.2633e-01,-1.2943e+00,-2.5386e+00,1.3023e+00,1.3351e+00,3.1252e+00,3.8373e+00,2.4912e+01,-1.6164e+03
4.8459e-01,-1.3439e+00,-1.6905e+00,-5.7761e-04,1.7793e+00,3.4601e+00,1.9899e+00,2.4015e+01,-1.4989e+03
-1.6059e-03,-1.4526e+00,-1.3563e+00,3.6533e-01,3.3964e-01,7.4454e-01,3.8975e+00,2.4827e+01,-1.6385e+03
-1.2273e-01,-8.7391e-01,-1.8782e+00,1.8042e+00,2.2600e+00,2.4189e+00,3.9212e+00,2.5021e+01,-1.0794e+03
4.7354e-03,-1.1084e+00,-5.1804e-01,5.9536e-01,5.9523e-01,3.0382e+00,3.7185e+00,2.4630e+01,-1.1976e+03
1.3400e-01,-1.3699e+00,-1.8102e+00,5.5578e-01,2.4168e+00,8.2779e-01,3.8575e+00,2.4789e+01,-1.6641e+03
4.8660e-01,-1.4029e+00,-2.3391e+00,9.0470e-01,-7.3980e-01,3.5712e+00,2.5815e+00,2.4308e+01,-1.6209e+03
8.6637e-02,-1.0082e+00,-1.2997e+00,5.4921e-01,1.3682e+00,3.4108e+00,3.3073e+00,2.4452e+01,-1.3347e+03
-9.7947e-03,-1.3679e+00,-5.7925e-01,-1.0787e+00,8.1741e-01,2.1101e+00,3.7907e+00,2.4579e+01,-1.2095e+03
1.2320e-01,-1.8951e+00,-7.1288e-01,-7.5694e-02,3.2074e-02,2.7838e-01,3.7779e+00,2.4480e+01,-1.4754e+03
-1.4334e-01,-9.6756e-01,-9.8452e-01,1.5386e+00,1.5124e+00,1.3045e+00,3.9034e+00,2.4872e+01,-7.5306e+02
2.8996e-01,-1.8314e+00,-1.2544e+00,-5.1915e-01,2.3468e+00,5.2359e-01,3.7936e+00,2.4572e+01,-1.6602e+03
1.2977e-01,-1.1514e+00,-6.9512e-01,2.2232e-01,1.4720e+00,3.3405e+00,3.4744e+00,2.4527e+01,-1.4597e+03
2.7814e-01,-1.0758e+00,-2.6333e+00,1.0482e+00,2.5336e-01,3.4138e+00,3.3100e+00,2.4350e+01,-1.3800e+03
1.2542e-01,-1.7037e+00,-4.0702e-01,7.6317e-02,-8.1482e-02,1.8820e+00,3.7536e+00,2.4416e+01,-1.1529e+03
-3.5312e-02,-1.4633e+00,-1.7523e-01,-1.0231e+00,2.3899e-01,1.2228e+00,3.8394e+00,2.4687e+01,-1.4015e+03
9.2029e-02,-1.8287e+00,-6.6656e-01,-1.6317e+00,-4.4402e-01,1.2788e+00,3.8187e+00,2.4592e+01,-1.6393e+03
2.0282e-01,-1.8103e+00,-2.2546e+00,-1.4266e+00,2.2073e+00,3.5090e-01,3.7175e+00,2.4360e+01,-9.5368e+02
-1.1488e-01,-1.1082e+00,2.0035e-01,-3.7275e-01,1.8869e+00,1.5755e+00,3.9022e+00,2.4900e+01,-1.6182e+03
1.0956e-01,-8.9649e-01,-9.0633e-01,1.0642e+00,-8.2353e-01,3.5366e+00,2.6206e+00,2.4365e+01,-1.2120e+03
2.6316e-01,-1.2429e+00,4.0883e-02,-8.8960e-01,1.1418e+00,3.3696e+00,3.3228e+00,2.4353e+01,-1.6832e+03
2.2672e-01,-1.7810e+00,-9.5653e-01,6.5287e-01,2.0826e+00,2.4249e+00,3.6934e+00,2.4362e+01,-1.6829e+03
3.1312e-01,-1.0889e+00,-9.4384e-01,-7.0583e-01,1.9498e+00,3.4479e+00,2.6223e+00,2.4141e+01,-1.5850e+03
3.5853e-01,-1.1809e+00,-9.6420e-01,1.1460e+00,2.1748e+00,3.1919e+00,3.4198e+00,2.4225e+01,-1.4417e+03
1.0503e-01,-1.4626e+00,-6.2509e-01,3.0342e-02,1.6833e+00,2.7297e+00,3.7752e+00,2.4639e+01,-1.2843e+03
7.2991e-02,-1.3987e+00,-2.0473e+00,-1.5369e+00,1.8919e+00,2.3669e+00,3.7561e+00,2.4548e+01,-1.6291e+03
1.8849e-01,-1.7070e+00,-6.2373e-01,8.3182e-01,-2.0727e-01,2.6236e+00,3.7250e+00,2.4428e+01,-8.4006e+02
1.2996e-01,-1.4648e+00,-2.0400e+00,-1.2485e-01,1.5008e+00,2.9529e+00,3.6955e+00,2.4545e+01,-1.5984e+03
3.7553e-01,-1.4492e+00,-1.4354e+00,1.0249e+00,-9.2087e-02,3.4220e+00,3.3285e+00,2.4407e+01,-1.2903e+03
3.5317e-01,-1.5164e+00,-1.4621e+00,6.9551e-01,1.7500e+00,3.2929e+00,3.4868e+00,2.4398e+01,-1.4162e+03
6.6369e-02,-1.3555e+00,-2.7145e+00,4.3277e-01,2.0238e+00,4.7235e-01,3.8099e+00,2.4615e+01,-9.0354e+02
1.1130e-01,-1.5363e+00,-1.7522e+00,-1.3418e+00,1.8688e+00,1.7045e+00,3.7239e+00,2.4386e+01,-1.1978e+03
-3.9368e-01,-8.7593e-01,-1.8715e+00,1.1624e+00,-8.7804e-01,8.9253e-01,3.8749e+00,2.4862e+01,-1.6160e+03
2.8284e-01,-1.6932e+00,-6.7145e-01,-2.1615e-01,-2.9672e-01,3.1347e+00,3.6360e+00,2.4484e+01,-1.5781e+03
8.9110e-02,-1.6958e+00,-2.0701e+00,-3.8231e-01,-4.6367e-01,2.0981e+00,3.7371e+00,2.4419e+01,-1.2899e+03
1.5662e-01,-1.9894e+00,-1.4344e+00,6.9598e-02,1.0510e+00,1.8750e+00,3.7469e+00,2.4405e+01,-1.1074e+03
-3.2939e-01,-8.3211e-01,-1.8171e+00,1.7368e+00,2.3021e-01,2.7621e-01,4.0168e+00,2.5181e+01,-1.6511e+03
3.4223e-01,-1.8390e+00,-3.6220e-01,7.1564e-01,2.0455e+00,2.3566e+00,3.6104e+00,2.4107e+01,-1.5341e+03
7.7869e-03,-7.7541e-01,-2.0423e+00,1.2695e+00,-3.4495e-01,3.6112e+00,9.6944e-01,2.4489e+01,-1.2305e+03
3.5140e-01,-1.9471e+00,-1.5240e+00,-9.1166e-01,2.4172e+00,6.1797e-01,3.6751e+00,2.4289e+01,-1.0601e+03
1.0121e-01,-1.6289e+00,-1.2488e+00,-9.1942e-01,9.0923e-01,1.9567e+00,3.6688e+00,2.4222e+01,-1.6401e+03
-2.7948e-01,-9.2073e-01,-1.3636e+00,1.4247e+00,-1.0251e+00,1.2819e+00,3.8811e+00,2.4853e+01,-9.0322e+02
1.2525e-01,-1.2677e+00,-1.1026e+00,1.2372e+00,1.7986e+00,2.1165e+00,3.7715e+00,2.4489e+01,-1.1355e+03
-2.3785e-02,-1.3050e+00,-2.3364e+00,7.8483e-01,1.3784e+00,5.9778e-01,3.7776e+00,2.4506e+01,-1.5087e+03
1.3057e-01,-1.5897e+00,-6.9582e-01,-1.3832e+00,2.0080e+00,5.5722e-01,3.8184e+00,2.4618e+01,-1.3772e+03
2.6471e-01,-1.8120e+00,-1.5895e+00,1.4381e-01,-7.5365e-01,2.7542e+00,3.5546e+00,2.4072e+01,-1.3801e+03
2.2722e-01,-1.5083e+00,-2.1247e+00,-3.3679e-01,2.4204e+00,7.1231e-01,3.7599e+00,2.4502e+01,-1.2384e+03
-1.0064e-01,-1.2239e+00,-8.1096e-01,7.5977e-01,-4.7235e-01,7.2124e-01,3.9090e+00,2.4903e+01,-1.6647e+03
2.5196e-01,-1.7584e+00,-7.8465e-01,4.3463e-01,1.9361e+00,1.8401e+00,3.6516e+00,2.4175e+01,-1.6632e+03
-1.5794e-02,-1.0138e+00,-4.1256e-01,1.2033e-01,2.3739e+00,2.2625e+00,3.7052e+00,2.4461e+01,-1.2924e+03
1.0093e-01,-1.7590e+00,-2.4106e+00,-5.0409e-01,7.8060e-01,1.9669e+00,3.6983e+00,2.4323e+01,-1.6143e+03
-3.2129e-01,-8.7491e-01,1.3632e-01,1.5907e+00,-5.0788e-01,9.6949e-01,3.9950e+00,2.5148e+01,-1.4431e+03
-3.3834e-01,-8.3931e-01,-1.9061e+00,1.5341e+00,1.1508e+00,2.8715e+00,3.9560e+00,2.5182e+01,-1.4487e+03
4.5105e-01,-1.5576e+00,-1.2414e+00,9.2174e-01,-1.9843e-01,3.3439e+00,3.1423e+00,2.4044e+01,-1.5576e+03
3.8095e-01,-1.2929e+00,-1.0358e+00,8.0932e-01,1.4925e+00,3.2788e+00,3.1192e+00,2.3970e+01,-1.6417e+03
3.5204e-01,-1.1924e+00,-1.3637e+00,9.7894e-01,9.5147e-01,3.5469e+00,2.8802e+00,2.4400e+01,-9.1099e+02
2.5143e-01,-1.1056e+00,-4.6533e-01,8.5965e-01,1.6968e+00,3.3258e+00,3.2087e+00,2.4179e+01,-1.6861e+03
-8.4637e-02,-1.1598e+00,-1.3985e+00,1.2405e+00,-8.1940e-01,1.9811e-01,3.8814e+00,2.4800e+01,-1.1491e+03
1.6654e-01,-1.3183e+00,-2.9590e-01,1.6113e-02,2.4287e+00,1.0965e+00,3.7907e+00,2.4592e+01,-1.0283e+03
4.4863e-01,-1.3001e+00,-1.9429e+00,-1.5929e+00,4.2687e-01,3.4619e+00,1.8450e+00,2.3996e+01,-1.5698e+03
-4.2756e-01,-6.5882e-01,-1.7597e+00,2.1781e+00,5.5010e-01,3.0696e+00,3.9568e+00,2.5263e+01,-7.8353e+02
1.5742e-01,-1.3280e+00,-1.4271e+00,1.2187e+00,1.8587e+00,9.9816e-01,3.8021e+00,2.4518e+01,-1.5256e+03
2.0630e-01,-1.0805e+00,-4.2872e-01,-1.2891e-01,1.8260e-01,3.5641e+00,2.8082e+00,2.4419e+01,-1.6791e+03
1.3873e-02,-1.3462e+00,-2.2317e-01,-1.9734e-01,1.3804e+00,1.2218e+00,3.7371e+00,2.4430e+01,-1.5059e+03
1.5563e-01,-1.8965e+00,-1.5609e+00,-1.5312e-01,9.6001e-01,2.0287e+00,3.6471e+00,2.4164e+01,-1.4414e+03
-1.1132e-01,-9.6552e-01,-3.1474e-01,1.2733e+00,1.4412e+00,2.6348e+00,3.7290e+00,2.4540e+01,-1.6746e+03
-2.0371e-01,-7.8326e-01,-2.2639e+00,2.0834e+00,2.0057e+00,2.1341e+00,4.0186e+00,2.5287e+01,-9.9954e+02
1.8281e-01,-1.3262e+00,-1.0064e+00,-5.0510e-01,1.3163e+00,3.1027e+00,3.4642e+00,2.4211e+01,-1.5453e+03
3.6686e-01,-1.9906e+00,-9.5245e-01,-1.6802e-01,2.2982e+00,2.2358e+00,3.6959e+00,2.4316e+01,-1.5597e+03
1.6292e-01,-1.8777e+00,-1.3580e+00,7.1344e-01,7.9880e-01,9.5992e-01,3.8235e+00,2.4571e+01,-1.5753e+03
3.0525e-01,-9.5115e-01,-1.2084e+00,-2.4075e-01,2.4343e+00,3.4298e+00,2.0526e+00,2.4142e+01,-1.5495e+03
3.2960e-01,-1.3975e+00,-1.4236e+00,2.5202e-01,2.8167e-01,3.1860e+00,3.2440e+00,2.3943e+01,-1.6035e+03
2.2854e-01,-1.8557e+00,-1.3754e+00,6.1710e-01,1.6796e+00,2.2797e+00,3.6930e+00,2.4260e+01,-1.1184e+03
3.2620e-01,-1.8716e+00,-2.8160e-01,-5.1117e-01,1.9388e+00,2.5655e+00,3.5932e+00,2.4095e+01,-1.3119e+03
1.5750e-01,-1.7410e+00,-6.6879e-01,1.1259e+00,-2.5670e-01,2.0146e+00,3.8500e+00,2.4676e+01,-1.1394e+03
4.6151e-01,-1.2016e+00,-2.4268e+00,4.9722e-01,2.0026e+00,3.5294e+00,1.5523e+00,2.4165e+01,-1.4860e+03
3.3620e-01,-1.3238e+00,-2.7044e+00,7.3847e-01,2.6354e-01,3.1960e+00,3.2978e+00,2.3994e+01,-1.6515e+03
4.9484e-01,-1.0253e+00,-1.4391e+00,1.1168e+00,2.5763e+00,3.4846e+00,2.2611e+00,2.4266e+01,-1.0518e+03
2.9765e-01,-1.1702e+00,-9.9057e-01,1.2036e+00,6.0687e-02,3.5019e+00,3.3873e+00,2.4626e+01,-1.5528e+03
1.0517e-01,-1.7640e+00,-1.0451e+00,-1.2399e+00,1.5077e+00,5.8571e-01,3.8377e+00,2.4648e+01,-1.5802e+03
1.5816e-01,-1.7243e+00,-2.4401e+00,5.1445e-01,1.2633e+00,1.3359e+00,3.7692e+00,2.4418e+01,-1.6422e+03
2.3528e-01,-1.2655e+00,-7.4549e-01,-5.0769e-01,1.0337e+00,3.3716e+00,3.3032e+00,2.4329e+01,-1.6279e+03
3.1250e-01,-1.2332e+00,-2.3779e-01,-9.1178e-01,1.2161e+00,3.3702e+00,3.1386e+00,2.4168e+01,-1.3093e+03
-8.0673e-02,-1.0504e+00,-1.6564e+00,1.4342e+00,1.8144e+00,2.5123e+00,3.9403e+00,2.5010e+01,-1.6632e+03
3.0368e-01,-1.2590e+00,-2.0152e+00,-5.8028e-01,1.0410e+00,3.3596e+00,3.0883e+00,2.4117e+01,-1.4536e+03
3.0807e-01,-1.8515e+00,-8.1126e-01,-8.7871e-01,1.3412e+00,2.9111e+00,3.5259e+00,2.4104e+01,-1.6315e+03
-3.9996e-02,-1.0474e+00,-2.1050e+00,8.1872e-01,2.3622e+00,8.8898e-01,3.7351e+00,2.4485e+01,-1.5031e+03
2.3824e-01,-9.7131e-01,-2.9477e-01,9.0193e-01,7.0796e-01,3.5331e+00,2.3515e+00,2.4263e+01,-1.5488e+03
-1.0112e-01,-6.7750e-01,-2.0030e+00,2.0486e+00,5.1879e-01,3.8315e+00,2.4630e+00,2.5144e+01,-1.0881e+03
3.5201e-01,-1.2171e+00,-1.1168e+00,1.7747e-01,-1.0910e+00,3.5072e+00,2.1865e+00,2.4185e+01,-1.6439e+03
1.5314e-01,-1.0250e+00,-1.4059e+00,1.5933e-01,3.4954e-01,3.4104e+00,3.0567e+00,2.4232e+01,-1.5546e+03
1.8874e-01,-1.4968e+00,-1.7217e+00,4.0672e-01,2.2252e+00,9.2206e-01,3.7545e+00,2.4445e+01,-1.5446e+03
-2.1351e-01,-8.2524e-01,-1.7328e+00,1.9118e+00,2.0252e+00,2.1567e+00,3.9685e+00,2.5175e+01,-1.1646e+03
4.3195e-01,-1.4886e+00,-1.3501e+00,2.2625e-01,6.8823e-01,3.3828e+00,2.9259e+00,2.4050e+01,-1.6654e+03
7.7170e-02,-1.8239e+00,-8.5011e-01,3.1400e-01,-1.8292e-01,1.4986e+00,3.7853e+00,2.4541e+01,-1.5680e+03
4.7097e-01,-1.1730e+00,-1.5954e+00,3.3922e-01,2.0486e+00,3.4103e+00,1.0226e+00,2.3885e+01,-7.7801e+02
-5.2437e-02,-9.5190e-01,-8.1677e-01,1.6910e+00,2.3260e+00,1.3389e+00,3.9586e+00,2.5034e+01,-1.0779e+03
-4.1320e-02,-1.0637e+00,-9.7893e-01,8.1049e-01,2.2090e+00,3.8293e-01,3.7398e+00,2.4450e+01,-1.2650e+03
1.3924e-01,-1.7090e+00,-2.4568e+00,-1.0076e+00,1.9339e+00,1.7300e+00,3.7413e+00,2.4457e+01,-1.6432e+03
-2.0315e-01,-6.4103e-01,-2.7342e+00,1.8520e+00,-3.9947e-02,3.7515e+00,2.8946e+00,2.5014e+01,-1.0579e+03
3.4812e-01,-8.6713e-01,-1.1904e+00,1.3568e+00,2.4773e+00,3.5191e+00,1.1856e+00,2.4289e+01,-1.4469e+03
3.5210e-01,-1.9847e+00,-5.1541e-01,5.7639e-01,1.7553e-01,3.1798e+00,3.4704e+00,2.4255e+01,-1.5133e+03
-2.2810e-01,-8.5346e-01,2.5176e-01,1.5598e+00,5.6953e-01,2.6849e+00,3.8886e+00,2.4946e+01,-1.2750e+03
1.4747e-01,-1.3424e+00,-8.2670e-01,9.9261e-01,-1.7604e-01,2.7646e+00,3.7364e+00,2.4473e+01,-1.6065e+03
2.5609e-02,-1.4320e+00,-1.5206e+00,-1.2121e-01,-9.6340e-01,1.7431e+00,3.7863e+00,2.4559e+01,-1.5135e+03
-7.7744e-03,-1.2591e+00,-1.8354e+00,1.1285e+00,1.9062e+00,1.9661e+00,3.9104e+00,2.4907e+01,-1.2725e+03
8.5228e-02,-1.4258e+00,-5.6995e-01,1.1040e+00,6.8568e-01,2.2969e+00,3.8902e+00,2.4799e+01,-1.4106e+03
2.6124e-01,-1.1683e+00,-2.0797e+00,1.0363e+00,-3.9532e-02,3.2676e+00,3.3944e+00,2.4231e+01,-1.0561e+03
1.4305e-01,-1.2941e+00,-1.3614e-01,7.7945e-02,2.2699e+00,1.5588e+00,3.7342e+00,2.4427e+01,-1.0638e+03
3.9093e-01,-1.0433e+00,-1.0052e+00,6.8988e-01,2.5492e+00,3.3201e+00,3.1066e+00,2.4229e+01,-6.6201e+02
5.1835e-02,-1.1165e+00,-1.8937e+00,1.0685e+00,9.8470e-01,3.0016e+00,3.6667e+00,2.4493e+01,-7.3729e+02
3.3864e-01,-1.1634e+00,-6.3740e-01,-5.1457e-01,9.8369e-01,3.4949e+00,2.2429e+00,2.4151e+01,-1.4354e+03
1.3706e-01,-1.3892e+00,-7.3361e-01,1.2372e+00,2.0282e+00,2.7691e-01,3.8179e+00,2.4628e+01,-1.4944e+03
-3.6327e-02,-7.6775e-01,-1.8435e+00,1.9105e+00,2.0031e+00,3.7646e+00,3.3309e+00,2.5177e+01,-1.2509e+03
1.3203e-01,-1.9485e+00,-2.5322e-01,-1.8714e-01,6.8076e-01,1.8485e+00,3.8008e+00,2.4563e+01,-1.4127e+03
3.8464e-01,-1.1922e+00,-2.5700e+00,9.1319e-01,1.2624e+00,3.4349e+00,2.8401e+00,2.4122e+01,-1.0018e+03
1.7591e-01,-1.5832e+00,-1.8778e+00,3.4801e-01,2.2442e+00,9.1727e-01,3.7977e+00,2.4603e+01,-1.3958e+03
-1.8823e-01,-1.0260e+00,-1.8646e+00,1.0732e+00,1.2350e+00,1.5793e+00,3.9078e+00,2.4900e+01,-1.6019e+03
1.2643e-01,-1.9394e+00,-1.5681e+00,5.0798e-01,4.5402e-02,2.0231e+00,3.7254e+00,2.4393e+01,-1.1629e+03
2.0532e-01,-1.6622e+00,-1.3718e+00,2.1291e-01,2.2141e+00,9.1395e-01,3.6824e+00,2.4273e+01,-5.8349e+02
4.6974e-01,-1.4436e+00,-2.3545e+00,5.1859e-01,-6.9690e-02,3.5206e+00,9.9100e-01,2.4129e+01,-1.6704e+03
4.2482e-01,-1.4532e+00,-7.6408e-01,4.3608e-01,1.8257e+00,3.3241e+00,3.3345e+00,2.4234e+01,-1.6334e+03
-1.4920e-01,-1.1432e+00,-1.9796e-01,4.8492e-01,8.5122e-01,1.6544e+00,3.8606e+00,2.4793e+01,-1.4460e+03
4.4997e-01,-1.2338e+00,-2.6791e+00,1.0278e+00,1.6767e+00,3.5324e+00,2.9237e+00,2.4337e+01,-1.5226e+03
-1.6122e-01,-9.8467e-01,-9.6608e-01,1.5589e+00,2.2409e+00,8.0808e-01,4.0027e+00,2.5223e+01,-1.0774e+03
4.9399e-01,-1.9914e+00,-1.8985e+00,-2.2476e-01,9.9719e-01,3.3235e+00,3.1945e+00,2.4061e+01,-1.4605e+03
1.2303e-01,-1.1222e+00,-2.1467e+00,5.2824e-01,1.7139e+00,3.1518e+00,3.4700e+00,2.4296e+01,-1.1367e+03
2.8300e-01,-1.8376e+00,-1.7068e+00,3.6727e-01,-3.3575e-01,2.6400e+00,3.5547e+00,2.4013e+01,-1.3243e+03
4.7357e-01,-1.3288e+00,-1.8082e+00,1.3896e-01,-1.0650e-02,3.4712e+00,1.1774e+00,2.3967e+01,-1.3055e+03
-2.2792e-01,-6.2199e-01,-4.6599e-01,2.1941e+00,1.4351e+00,3.7921e+00,3.3019e+00,2.5283e+01,-1.0451e+03
2.6509e-02,-1.2875e+00,-3.6570e-01,3.0689e-01,1.2631e+00,2.4396e+00,3.8033e+00,2.4636e+01,-1.3626e+03
1.4089e-01,-1.8213e+00,-8.3438e-01,5.7547e-01,-1.0882e+00,1.6527e+00,3.7869e+00,2.4499e+01,-1.1213e+03
3.2246e-01,-1.8748e+00,-1.4905e+00,7.0684e-01,1.9915e+00,2.3815e+00,3.6362e+00,2.4169e+01,-9.7515e+02
1.0123e-02,-9.3174e-01,-1.8845e+00,1.1391e+00,1.8595e+00,3.3081e+00,3.5265e+00,2.4590e+01,-6.9523e+02
-4.3775e-02,-9.0880e-01,-1.5776e+00,1.5749e+00,-9.4267e-01,3.4788e+00,3.6111e+00,2.4906e+01,-1.1434e+03
-5.0687e-01,-6.6200e-01,-1.0277e+00,1.9750e+00,1.6043e+00,2.5717e+00,3.8891e+00,2.4983e+01,-1.3525e+03
3.6180e-01,-1.4219e+00,-2.2997e-01,-6.3138e-01,1.0839e+00,3.2385e+00,3.2701e+00,2.4028e+01,-1.4570e+03
-1.2523e-01,-1.1117e+00,-8.5303e-01,1.2882e+00,3.1108e-01,1.8136e+00,3.9362e+00,2.4970e+01,-1.4359e+03
1.7832e-01,-1.3894e+00,-2.7152e+00,1.2251e+00,1.5383e+00,2.1820e+00,3.7688e+00,2.4447e+01,-1.5930e+03
1.5949e-01,-1.4229e+00,8.7142e-02,8.0561e-01,2.1481e+00,4.7807e-01,3.8039e+00,2.4587e+01,-1.5553e+03
-3.4011e-02,-8.0708e-01,-9.6740e-01,1.3634e+00,-5.5901e-01,3.7233e+00,2.1881e+00,2.4815e+01,-1.1201e+03
4.5931e-01,-1.5974e+00,-1.6916e+00,-7.1070e-02,7.5160e-01,3.3677e+00,2.8336e+00,2.3922e+01,-1.1743e+03
4.0059e-02,-1.3732e+00,-1.9056e+00,7.6367e-01,1.7135e+00,1.7700e+00,3.9048e+00,2.4885e+01,-1.6564e+03
2.2658e-01,-1.8509e+00,-7.3259e-01,6.9174e-01,2.2838e+00,1.2776e+00,3.8421e+00,2.4670e+01,-1.6332e+03
-3.3557e-02,-1.2807e+00,-1.9862e+00,9.3402e-01,-6.4038e-01,2.6447e+00,3.8005e+00,2.4680e+01,-1.5810e+03
2.0638e-02,-1.2920e+00,-9.9112e-01,9.6505e-01,3.9678e-01,7.8689e-01,3.7728e+00,2.4508e+01,-1.5040e+03
2.2179e-02,-1.0378e+00,-1.0450e+00,1.5734e+00,2.3571e+00,1.5291e+00,3.9193e+00,2.4957e+01,-1.3921e+03
3.0045e-01,-1.6084e+00,2.6697e-02,4.3119e-01,2.2269e+00,2.5091e-01,3.7011e+00,2.4268e+01,-1.6196e+03
1.5432e-01,-1.8412e+00,-1.1382e+00,1.3089e-01,5.0668e-02,2.6782e+00,3.7082e+00,2.4451e+01,-1.5279e+03
-2.7767e-01,-8.4360e-01,-1.8410e+00,1.8336e+00,1.8895e+00,2.8032e+00,3.9495e+00,2.5202e+01,-9.4565e+02
-5.8497e-02,-1.2675e+00,-2.2666e+00,6.2477e-01,-1.2927e-01,9.0710e-01,3.7523e+00,2.4478e+01,-1.4862e+03
6.7532e-02,-8.4531e-01,-2.6056e+00,1.5475e+00,-2.0417e-01,3.7134e+00,2.7510e+00,2.4838e+01,-1.0567e+03
1.2209e-01,-1.5494e+00,-2.0744e+00,-1.0027e+00,1.6608e+00,1.4776e+00,3.6681e+00,2.4211e+01,-1.5051e+03
4.3102e-01,-9.2126e-01,-1.3125e+00,1.3290e+00,2.6315e+00,3.5299e+00,1.0222e+00,2.4361e+01,-1.3797e+03
1.5919e-01,-1.7816e+00,1.0389e-02,4.2290e-01,6.1340e-01,2.2912e+00,3.7810e+00,2.4515e+01,-1.3478e+03
1.7683e-01,-1.2489e+00,-4.9757e-01,-6.3016e-01,1.8578e+00,3.0195e+00,3.5005e+00,2.4206e+01,-1.2625e+03
-2.7829e-02,-8.3532e-01,-9.2379e-01,1.6540e+00,5.8804e-01,3.4678e+00,3.5031e+00,2.4743e+01,-1.0878e+03
3.5186e-01,-1.6719e+00,-5.4603e-01,-9.3864e-01,-5.3211e-01,3.2547e+00,3.4193e+00,2.4236e+01,-1.5206e+03
9.7992e-02,-1.4531e+00,-1.7552e+00,1.1964e+00,7.2644e-01,1.1590e+00,3.8190e+00,2.4600e+01,-1.1711e+03
-2.7082e-01,-8.5252e-01,-1.1483e-01,1.7490e+00,2.0785e+00,8.2225e-01,3.9457e+00,2.5080e+01,-1.6067e+03
1.5836e-01,-1.8592e+00,-1.7540e+00,5.9510e-01,1.6376e+00,1.9784e+00,3.8275e+00,2.4640e+01,-1.3184e+03
3.6548e-01,-1.7804e+00,-9.8571e-01,-2.1017e-01,1.5159e+00,3.0192e+00,3.4476e+00,2.4024e+01,-1.3879e+03
1.7350e-01,-1.5163e+00,-3.3807e-01,-9.3841e-01,1.8077e+00,2.3074e+00,3.6958e+00,2.4313e+01,-1.2202e+03
-3.5430e-01,-8.3613e-01,-9.9369e-01,1.5312e+00,9.7135e-01,2.8127e+00,3.8978e+00,2.5045e+01,-1.1185e+03
2.3276e-01,-1.2862e+00,-1.6494e-01,-1.0256e+00,-7.3779e-02,3.2457e+00,3.3531e+00,2.4168e+01,-1.4593e+03
7.3767e-02,-1.0458e+00,-1.9306e+00,6.5542e-02,2.0506e+00,3.0977e+00,3.5614e+00,2.4411e+01,-1.6150e+03
2.9009e-01,-1.3066e+00,-9.0870e-01,-3.0560e-04,5.8288e-02,3.2048e+00,3.2962e+00,2.4063e+01,-1.5623e+03
3.1592e-01,-1.7971e+00,-6.8622e-01,-9.4354e-01,2.2584e+00,2.7018e+00,3.6233e+00,2.4315e+01,-1.4873e+03
1.9593e-01,-1.4810e+00,-1.9709e+00,5.7817e-01,2.1440e+00,1.0726e+00,3.7920e+00,2.4514e+01,-1.5918e+03
2.3610e-01,-1.2551e+00,-1.1266e+00,6.7863e-01,2.6012e+00,1.0533e+00,3.7069e+00,2.4445e+01,-1.5779e+03
1.0530e-01,-1.7675e+00,-1.1742e+00,1.0105e+00,-6.9876e-01,5.0877e-01,3.8771e+00,2.4744e+01,-1.6319e+03
1.7509e-01,-1.8393e+00,-1.8026e+00,-7.9931e-01,-4.5772e-01,2.7066e+00,3.6674e+00,2.4332e+01,-1.5552e+03
1.6444e-01,-1.7199e+00,-1.8935e+00,-2.5033e-01,1.3945e+00,2.2778e+00,3.6348e+00,2.4164e+01,-1.2998e+03
1.0795e-01,-1.5808e+00,-1.5650e+00,5.0298e-01,1.4813e+00,1.8162e+00,3.7737e+00,2.4502e+01,-1.0869e+03
2.5452e-01,-1.0004e+00,-1.6676e+00,4.6491e-01,5.4978e-01,3.5231e+00,1.8505e+00,2.4189e+01,-1.5267e+03
2.3628e-01,-1.1888e+00,-1.3773e+00,-1.7375e-01,2.5441e+00,1.3932e+00,3.5855e+00,2.4155e+01,-1.4466e+03
-6.8379e-03,-1.3621e+00,-2.4220e+00,4.6413e-01,5.9203e-01,1.5551e+00,3.8339e+00,2.4646e+01,-1.5562e+03
1.2804e-01,-1.6876e+00,-1.4022e+00,-9.3785e-02,-3.4037e-01,2.2669e+00,3.7506e+00,2.4432e+01,-1.5338e+03
-1.9500e-02,-1.1115e+00,-1.9112e+00,-6.5600e-01,1.7947e+00,2.8185e+00,3.6251e+00,2.4365e+01,-1.6476e+03
2.5743e-01,-1.3044e+00,-6.9168e-01,-1.2876e+00,1.4471e+00,3.2630e+00,3.4050e+00,2.4285e+01,-1.0677e+03
4.3761e-01,-1.5107e+00,-2.2559e+00,6.8638e-01,-1.9066e-01,3.3743e+00,3.2115e+00,2.4177e+01,-1.2741e+03
1.4704e-01,-1.9406e+00,-2.2777e+00,2.9742e-01,6.6433e-01,1.6026e+00,3.7140e+00,2.4320e+01,-1.1669e+03
-1.4859e-02,-1.3408e+00,-5.7657e-01,9.1249e-01,-1.0854e-02,1.7188e+00,3.8068e+00,2.4602e+01,-1.1752e+03
9.0426e-02,-1.5759e+00,-2.4520e+00,-6.8414e-02,7.2654e-01,2.0131e+00,3.7358e+00,2.4388e+01,-1.5194e+03
-9.3486e-02,-1.1405e+00,-1.7110e+00,1.0835e+00,9.1175e-01,5.1698e-01,3.9203e+00,2.4890e+01,-1.2721e+03
2.4544e-01,-1.3296e+00,-1.7893e+00,3.0542e-01,2.3476e+00,1.0373e+00,3.6601e+00,2.4227e+01,-1.4589e+03
4.2371e-01,-1.2848e+00,-5.6641e-01,-1.2511e-01,-2.1250e-01,3.5103e+00,1.2510e+00,2.4123e+01,-1.4327e+03
-3.2179e-01,-8.3268e-01,-2.0583e+00,1.6259e+00,5.4327e-01,2.8105e+00,3.9792e+00,2.5204e+01,-1.6082e+03
1.5512e-01,-1.5142e+00,-1.6078e+00,1.0319e+00,7.2410e-01,2.4521e+00,3.7632e+00,2.4485e+01,-7.6497e+02
4.8581e-01,-1.2357e+00,-2.7213e+00,5.1032e-01,8.3934e-01,3.4306e+00,1.1257e+00,2.3839e+01,-1.6323e+03
1.0156e-01,-1.1986e+00,-1.4450e-01,1.0981e+00,3.4420e-01,3.1032e+00,3.7314e+00,2.4673e+01,-1.1475e+03
3.4446e-01,-1.3325e+00,-3.0137e-01,-3.7861e-01,1.9366e+00,3.2403e+00,3.4125e+00,2.4237e+01,-1.6303e+03
3.0617e-01,-1.9908e+00,-1.8050e+00,-1.8546e-01,2.6694e-01,3.0936e+00,3.5024e+00,2.4230e+01,-1.6220e+03
3.5545e-01,-1.9770e+00,-1.7312e+00,3.7826e-01,2.4392e+00,2.0484e-01,3.7527e+00,2.4443e+01,-1.4073e+03
1.5674e-01,-1.3574e+00,-2.6049e+00,9.8000e-01,1.5976e+00,2.9415e+00,3.7441e+00,2.4616e+01,-8.3536e+02
2.2822e-01,-1.3400e+00,-2.0018e+00,4.9070e-01,1.6278e+00,3.1377e+00,3.5452e+00,2.4340e+01,-1.6031e+03
1.2836e-01,-1.7120e+00,-1.5329e+00,3.7766e-01,-4.8966e-01,2.2781e+00,3.6865e+00,2.4308e+01,-1.3599e+03
1.3616e-01,-1.3897e+00,-1.3504e+00,1.2213e-02,3.5356e-01,2.9137e+00,3.5720e+00,2.4249e+01,-1.2987e+03
2.4564e-01,-1.5420e+00,-1.3677e+00,-5.7669e-01,-2.5627e-01,3.0049e+00,3.5156e+00,2.4145e+01,-1.4046e+03
-1.0622e-01,-1.1247e+00,-1.5360e+00,1.0048e+00,1.7583e+00,1.1551e+00,3.8903e+00,2.4851e+01,-1.5002e+03
3.7120e-01,-1.1856e+00,-4.3383e-01,-2.5623e-01,1.5337e+00,3.5730e+00,1.5115e+00,2.4326e+01,-1.4512e+03
7.7202e-02,-1.4933e+00,-7.1444e-01,-1.7207e+00,1.9054e+00,6.5122e-01,3.7290e+00,2.4418e+01,-1.4787e+03
3.1936e-01,-1.9085e+00,-1.3923e+00,3.4378e-01,1.2101e+00,3.1339e+00,3.5529e+00,2.4329e+01,-1.3816e+03
1.6079e-01,-1.9137e+00,-2.1360e+00,5.1886e-01,1.0072e+00,1.6437e+00,3.7456e+00,2.4373e+01,-1.4000e+03
4.4315e-01,-1.4170e+00,-5.7541e-01,-1.8275e-01,6.3911e-01,3.3807e+00,2.9867e+00,2.4029e+01,-1.3707e+03
1.5349e-02,-1.1461e+00,-2.4315e+00,4.7154e-01,2.1488e+00,1.7457e+00,3.7066e+00,2.4408e+01,-1.4319e+03
-1.0783e-02,-9.3270e-01,-2.0460e+00,1.6336e+00,2.5311e+00,2.6186e+00,3.8802e+00,2.4969e+01,-1.1652e+03
3.3648e-01,-1.0565e+00,-9.2818e-01,1.2361e+00,-9.7232e-01,3.5706e+00,2.5269e+00,2.4369e+01,-1.6168e+03
3.3607e-01,-1.0006e+00,-2.2579e+00,3.1103e-01,2.5073e+00,3.2163e+00,3.0811e+00,2.4052e+01,-7.2020e+02
2.4550e-01,-1.3594e+00,-2.5150e+00,-6.7844e-01,2.3467e+00,5.7434e-01,3.6222e+00,2.4148e+01,-9.5101e+02
9.2007e-02,-1.4514e+00,-1.1497e+00,-1.0265e+00,1.5735e+00,2.2985e+00,3.7518e+00,2.4472e+01,-1.4532e+03
4.9934e-01,-1.5026e+00,-5.5205e-01,5.3576e-01,1.9905e+00,3.1656e+00,3.1960e+00,2.3863e+01,-1.2401e+03
1.8466e-02,-1.2536e+00,-1.3190e+00,1.1528e+00,-1.0037e+00,2.2161e+00,3.8553e+00,2.4727e+01,-1.4304e+03
4.6342e-01,-1.4757e+00,-1.9314e+00,-9.6898e-01,-1.1714e-01,3.4638e+00,2.6035e+00,2.4053e+01,-1.6795e+03
4.9192e-01,-1.1935e+00,-2.6046e+00,8.5950e-02,1.9756e+00,3.4414e+00,1.8009e+00,2.3952e+01,-1.2603e+03
2.1126e-02,-1.1751e+00,-5.6307e-01,6.8165e-01,2.0592e+00,1.8278e+00,3.8009e+00,2.4632e+01,-9.8774e+02
1.8838e-01,-8.0249e-01,-2.1131e+00,1.7562e+00,1.7663e+00,3.7075e+00,1.6122e+00,2.4695e+01,-1.3225e+03
5.3120e-02,-8.6445e-01,-1.4185e+00,1.0972e+00,1.5803e+00,3.6507e+00,2.1372e+00,2.4651e+01,-1.5971e+03
-4.0369e-01,-8.1975e-01,-4.0784e-01,1.8126e+00,8.3446e-01,2.2212e-01,4.0088e+00,2.5237e+01,-1.5278e+03
2.2775e-01,-1.2927e+00,-2.2686e+00,1.0321e+00,2.3862e+00,2.2170e+00,3.6747e+00,2.4346e+01,-1.3027e+03
3.5871e-01,-1.6802e+00,-5.5158e-01,-4.7398e-01,1.4897e+00,3.3107e+00,3.4163e+00,2.4356e+01,-1.5387e+03
3.1307e-01,-1.8712e+00,-4.4476e-01,-1.7210e-01,-4.0919e-01,3.0400e+00,3.5072e+00,2.4148e+01,-1.4733e+03
1.5640e-01,-1.8872e+00,-1.3130e+00,4.7884e-01,4.7525e-02,7.9730e-01,3.7758e+00,2.4431e+01,-1.4545e+03
1.9302e-01,-1.8121e+00,-3.4477e-01,8.7267e-01,4.1812e-01,2.2250e+00,3.7255e+00,2.4358e+01,-1.1536e+03
1.9442e-01,-1.8115e+00,-1.7635e-01,4.3514e-01,1.0147e+00,2.7153e+00,3.7226e+00,2.4477e+01,-1.4420e+03
4.8778e-01,-1.3966e+00,-2.3247e+00,-1.5696e+00,-7.8773e-01,3.4594e+00,1.5950e+00,2.3954e+01,-1.5462e+03
7.1984e-02,-1.3633e+00,-6.5414e-01,4.5505e-01,2.6432e-01,2.4202e+00,3.6935e+00,2.4329e+01,-1.2757e+03
2.2076e-01,-1.4951e+00,-3.2905e-01,9.0196e-01,2.2977e+00,1.3001e+00,3.7543e+00,2.4469e+01,-1.3522e+03
4.1113e-01,-1.7049e+00,-2.8920e-01,-6.9476e-01,-7.2594e-01,3.3773e+00,3.2639e+00,2.4264e+01,-1.4997e+03
3.4296e-01,-1.4499e+00,-1.8938e+00,-2.8965e-01,2.0602e+00,2.9979e+00,3.3704e+00,2.3969e+01,-1.3087e+03
8.1774e-02,-1.7581e+00,-6.1957e-01,-2.4167e-01,6.5817e-02,2.9760e-01,3.7246e+00,2.4360e+01,-1.3516e+03
1.0782e-01,-8.5996e-01,-6.3484e-01,1.4301e+00,1.8172e+00,3.7314e+00,1.7034e+00,2.4824e+01,-1.2779e+03
4.1837e-01,-1.3494e+00,-8.2594e-01,-2.6625e-01,1.6290e+00,3.2443e+00,3.0064e+00,2.3809e+01,-1.5586e+03
2.3397e-01,-1.1691e+00,-7.8730e-01,3.4488e-01,7.6886e-01,3.3641e+00,3.2633e+00,2.4266e+01,-1.3711e+03
9.0744e-02,-1.4459e+00,-6.3621e-01,5.2433e-01,1.7966e+00,2.1330e+00,3.7241e+00,2.4432e+01,-1.2747e+03
5.9186e-02,-1.5469e+00,-7.4860e-01,-4.7724e-01,-1.1059e+00,1.6975e+00,3.7485e+00,2.4426e+01,-1.1568e+03
1.0019e-01,-1.5449e+00,-1.5381e+00,1.1934e+00,9.5203e-01,2.0464e+00,3.8996e+00,2.4836e+01,-1.2912e+03
-3.4350e-01,-8.1441e-01,-2.2700e+00,1.7331e+00,-2.5441e-01,6.5862e-01,3.9016e+00,2.4911e+01,-1.2512e+03
3.0009e-01,-1.0760e+00,-1.1155e+00,4.0977e-01,8.5986e-01,3.5283e+00,1.9873e+00,2.4221e+01,-1.0538e+03
2.0140e-02,-1.0644e+00,-8.3986e-01,1.4880e+00,1.3068e+00,2.6483e+00,3.9011e+00,2.4880e+01,-1.4847e+03
1.0947e-01,-1.2544e+00,-1.0833e+00,-4.5641e-01,2.4676e+00,1.2494e+00,3.8502e+00,2.4764e+01,-1.6154e+03
-1.8952e-01,-1.0750e+00,-9.3044e-01,8.0127e-01,1.1507e-01,1.0770e+00,3.8157e+00,2.4686e+01,-1.5489e+03
2.7351e-01,-1.0618e+00,-8.3604e-02,9.7469e-01,2.7486e+00,1.6224e+00,3.7232e+00,2.4541e+01,-1.0830e+03
1.4168e-01,-1.8829e+00,-6.2989e-01,3.8495e-01,-2.1915e-01,1.6715e+00,3.8278e+00,2.4604e+01,-1.6913e+03
2.4890e-01,-1.7481e+00,-9.7475e-01,3.6679e-02,3.0293e-01,2.7143e+00,3.5591e+00,2.4048e+01,-1.6810e+03
1.5190e-01,-1.4808e+00,-1.2082e+00,-9.4549e-01,2.1527e+00,1.7225e+00,3.7150e+00,2.4381e+01,-1.4268e+03
-6.8140e-02,-1.3174e+00,-1.8523e+00,-6.4353e-01,-3.9593e-01,8.3202e-01,3.8452e+00,2.4720e+01,-1.6848e+03
-3.8494e-02,-1.0769e+00,-2.4909e-01,1.2973e+00,1.6243e+00,2.8084e+00,3.7909e+00,2.4695e+01,-1.1447e+03
3.4384e-01,-1.1422e+00,-2.5036e+00,8.8270e-01,4.6343e-02,3.5930e+00,1.9659e+00,2.4385e+01,-1.0041e+03
-3.3795e-01,-7.2341e-01,-4.9832e-01,2.0481e+00,5.1583e-02,1.3990e-01,3.9643e+00,2.5040e+01,-1.5847e+03
2.8758e-01,-1.3327e+00,-2.5904e+00,6.5525e-01,6.7920e-01,3.2890e+00,3.3868e+00,2.4314e+01,-1.6074e+03
-4.0910e-01,-7.0986e-01,-7.7287e-01,2.2267e+00,-2.5357e-01,2.4679e+00,4.0920e+00,2.5468e+01,-1.2723e+03
2.2918e-01,-1.8992e+00,-1.0989e+00,-3.5002e-01,1.9542e+00,1.1035e+00,3.5899e+00,2.4007e+01,-1.3346e+03
1.2253e-02,-1.3198e+00,-2.3140e-01,-5.8593e-01,1.4445e+00,1.5737e+00,3.7802e+00,2.4534e+01,-1.1707e+03
4.9750e-01,-1.5378e+00,-1.2419e+00,1.3860e-02,8.2977e-01,3.4322e+00,2.6803e+00,2.4026e+01,-1.3630e+03
3.3952e-01,-1.6064e+00,-6.9236e-01,-3.5533e-01,1.0425e+00,3.1577e+00,3.4115e+00,2.4110e+01,-1.2395e+03
4.5376e-01,-1.5507e+00,-1.6923e+00,6.3499e-01,5.2822e-01,3.3040e+00,3.0160e+00,2.3870e+01,-1.0464e+03
1.5088e-01,-1.3333e+00,-1.2549e+00,-1.5120e-01,1.8117e+00,2.9238e+00,3.5622e+00,2.4282e+01,-1.6869e+03
1.0697e-01,-1.6620e+00,-1.3735e+00,1.0483e+00,4.9180e-01,1.1418e+00,3.8125e+00,2.4594e+01,-1.2480e+03
1.8143e-02,-1.1336e+00,-2.5044e+00,4.7962e-01,-5.8337e-01,3.1429e+00,3.7643e+00,2.4796e+01,-1.6910e+03
1.3918e-01,-1.9378e+00,-8.7857e-01,-5.1403e-01,9.8760e-01,1.2038e+00,3.7673e+00,2.4444e+01,-1.2816e+03
-5.3602e-01,-6.4927e-01,-9.0969e-01,2.1569e+00,2.4708e+00,2.4519e+00,4.0191e+00,2.5358e+01,-1.4187e+03
3.3623e-01,-1.0188e+00,-6.4484e-01,-6.1946e-01,2.3754e+00,3.3916e+00,2.5098e+00,2.4100e+01,-1.4268e+03
-1.9798e-01,-7.0564e-01,-1.4188e+00,1.7382e+00,9.5941e-01,3.5887e+00,3.4605e+00,2.4941e+01,-1.4936e+03
8.6056e-02,-1.7914e+00,-6.7782e-01,-9.9955e-01,2.4154e-01,1.3744e+00,3.7751e+00,2.4505e+01,-1.5692e+03
2.6021e-01,-1.9746e+00,-1.7759e+00,-5.5458e-01,2.1246e+00,1.5755e+00,3.7211e+00,2.4363e+01,-9.1463e+02
1.5170e-01,-1.6660e+00,-9.3692e-01,9.4780e-01,6.6764e-01,2.1661e+00,3.7848e+00,2.4507e+01,-9.3635e+02
-1.1770e-01,-8.2123e-01,-5.3721e-04,1.9794e+00,2.5144e+00,1.0101e+00,3.9643e+00,2.5139e+01,-1.4657e+03
5.1057e-02,-1.3790e+00,-5.4369e-01,6.9155e-01,-8.2000e-01,1.5017e+00,3.7462e+00,2.4399e+01,-1.1511e+03
-3.7218e-01,-7.4864e-01,-5.6742e-01,1.9886e+00,-4.2425e-01,2.1280e+00,3.9810e+00,2.5127e+01,-1.6484e+03
7.9022e-02,-1.5968e+00,-6.3553e-01,-7.3396e-02,-7.0737e-01,1.5445e+00,3.6698e+00,2.4221e+01,-1.5641e+03
-4.3737e-01,-7.2369e-01,-5.0550e-01,2.0175e+00,1.0474e+00,2.8881e+00,4.0525e+00,2.5415e+01,-1.6203e+03
2.9723e-01,-9.5852e-01,-7.6226e-01,8.4427e-01,2.2940e-01,3.5104e+00,1.2024e+00,2.4140e+01,-1.2234e+03
-4.5848e-01,-6.5328e-01,-5.3066e-01,2.0072e+00,2.1446e+00,2.9888e-01,3.9356e+00,2.5038e+01,-1.3887e+03
1.5748e-01,-1.3107e+00,-1.3711e+00,-1.4010e+00,2.4330e+00,1.4114e+00,3.7736e+00,2.4557e+01,-1.6166e+03
3.4273e-01,-1.9050e+00,-4.5502e-01,-1.5768e+00,2.3925e+00,1.3722e+00,3.7140e+00,2.4372e+01,-1.3458e+03
1.6721e-02,-7.0230e-01,-1.9485e+00,1.9689e+00,6.2820e-01,3.7720e+00,1.4133e+00,2.4919e+01,-1.2950e+03
1.0064e-01,-1.7789e+00,-6.1999e-02,-6.1693e-01,-5.1132e-01,1.5752e+00,3.8264e+00,2.4628e+01,-1.4992e+03
3.6925e-01,-1.1771e+00,-1.1751e+00,-1.1853e-01,8.9751e-01,3.4568e+00,9.8455e-01,2.4003e+01,-1.5925e+03
2.9621e-01,-1.9257e+00,-1.2349e+00,-3.4010e-01,-8.6689e-01,2.7073e+00,3.5352e+00,2.4002e+01,-1.6160e+03
-2.9422e-01,-9.3969e-01,-2.2749e-02,1.2064e+00,1.3678e+00,2.5490e+00,3.9213e+00,2.5047e+01,-1.6146e+03
-1.7715e-01,-8.9697e-01,-1.8228e+00,1.8539e+00,1.7283e+00,2.0146e+00,3.9912e+00,2.5141e+01,-1.1910e+03
3.9258e-01,-1.2063e+00,-2.0281e-01,-1.5368e-01,4.4284e-01,3.4711e+00,1.9722e+00,2.4057e+01,-1.5691e+03
1.8653e-01,-1.1884e+00,-1.4318e-01,-1.4450e-01,-1.0042e+00,3.4015e+00,3.4887e+00,2.4580e+01,-1.6163e+03
3.0765e-01,-1.1779e+00,-2.2109e+00,9.9536e-01,1.9724e+00,3.3397e+00,3.4293e+00,2.4405e+01,-1.2685e+03
-1.3487e-01,-1.0128e+00,-4.4391e-01,1.1250e+00,1.2181e+00,2.7281e+00,3.8032e+00,2.4744e+01,-8.6686e+02
1.9851e-01,-1.9353e+00,-1.5556e+00,5.8805e-01,-8.2158e-02,1.4204e+00,3.6976e+00,2.4219e+01,-1.5438e+03
-3.4072e-01,-7.6088e-01,-1.9973e+00,1.8499e+00,5.0557e-01,3.1598e+00,3.9555e+00,2.5260e+01,-1.5786e+03
1.6624e-01,-9.7980e-01,-3.3084e-01,1.2894e+00,-4.1100e-01,3.6107e+00,3.2461e+00,2.4723e+01,-1.5235e+03
1.3983e-01,-1.2175e+00,-3.1521e-01,8.1784e-01,-6.2064e-01,3.2202e+00,3.5694e+00,2.4510e+01,-1.5175e+03
3.2889e-01,-1.9434e+00,-1.5947e+00,-1.0283e+00,2.3409e+00,1.9060e+00,3.6561e+00,2.4254e+01,-1.0679e+03
2.4406e-01,-9.2437e-01,-1.8278e+00,1.0080e+00,1.9740e+00,3.5788e+00,2.4487e+00,2.4406e+01,-1.5912e+03
3.5030e-01,-1.1055e+00,-3.7214e-01,6.2126e-02,1.5726e+00,3.5244e+00,1.0100e+00,2.4181e+01,-1.4922e+03
1.3444e-01,-1.4168e+00,-1.6435e+00,-7.8428e-01,2.1254e+00,1.5555e+00,3.6889e+00,2.4322e+01,-1.0550e+03
-3.1990e-02,-7.3793e-01,-6.7050e-01,1.7000e+00,1.8164e+00,3.7244e+00,1.4942e+00,2.4826e+01,-6.8288e+02
-2.4839e-01,-8.7580e-01,4.8138e-01,9.6664e-01,5.8898e-01,3.1521e+00,3.8404e+00,2.5040e+01,-1.6646e+03
4.7727e-01,-1.3884e+00,-1.9455e+00,-1.0881e-01,5.0889e-01,3.4655e+00,1.3027e+00,2.3982e+01,-1.6824e+03
9.9710e-02,-1.1490e+00,-1.7296e+00,1.5106e+00,2.1637e+00,8.9289e-01,3.9019e+00,2.4826e+01,-1.4756e+03
1.4474e-01,-1.7753e+00,-1.3869e+00,1.0758e+00,-2.0661e-01,1.0413e+00,3.8271e+00,2.4613e+01,-1.3629e+03
2.2141e-01,-1.6275e+00,-2.0172e+00,7.5996e-01,1.9087e+00,2.6845e+00,3.6579e+00,2.4310e+01,-1.0303e+03
3.1568e-01,-1.8009e+00,-1.0263e+00,6.1054e-01,1.9805e+00,2.8739e+00,3.6363e+00,2.4324e+01,-1.6072e+03
7.3676e-02,-1.1373e+00,-1.1127e+00,6.8489e-01,2.4167e+00,9.8041e-01,3.7443e+00,2.4530e+01,-7.7811e+02
4.7726e-01,-1.4348e+00,-1.1248e+00,7.6914e-01,1.4797e+00,3.2775e+00,3.0893e+00,2.3881e+01,-1.6323e+03
-5.6334e-02,-1.1393e+00,-2.4148e+00,8.4827e-01,9.9219e-01,2.6464e+00,3.7892e+00,2.4667e+01,-8.5774e+02
-1.9368e-01,-6.1092e-01,-1.6022e+00,1.9021e+00,6.8805e-01,3.7016e+00,1.7892e+00,2.4773e+01,-1.6034e+03
-3.8218e-02,-1.0531e+00,3.4148e-02,6.2650e-01,1.8925e+00,3.0965e+00,3.7313e+00,2.4720e+01,-1.2815e+03
2.5915e-01,-1.9351e+00,-1.9615e+00,6.5304e-01,2.2217e+00,1.2304e+00,3.7821e+00,2.4531e+01,-1.2135e+03
-2.3380e-02,-1.3411e+00,-1.2550e+00,8.2551e-01,2.4371e-01,1.7561e+00,3.8331e+00,2.4682e+01,-1.6360e+03
4.0917e-01,-1.3159e+00,-2.3724e+00,-1.9222e-01,6.9240e-01,3.3784e+00,2.7251e+00,2.3930e+01,-1.4729e+03
9.7869e-02,-8.9366e-01,-1.9666e-01,1.7868e-01,1.4393e+00,3.6153e+00,2.2459e+00,2.4519e+01,-1.5881e+03
9.8923e-02,-8.4033e-01,-1.0945e+00,5.6170e-01,2.1679e+00,3.5594e+00,9.9992e-01,2.4413e+01,-1.3599e+03
6.8396e-02,-1.5878e+00,-1.7645e+00,5.8164e-01,1.6262e+00,2.1485e+00,3.8389e+00,2.4723e+01,-1.6154e+03
-1.3549e-01,-7.0928e-01,-2.3612e+00,1.7575e+00,4.8389e-03,3.7743e+00,2.0935e+00,2.4988e+01,-1.4816e+03
1.4967e-01,-1.9206e+00,-1.9872e+00,-8.7781e-01,1.0955e+00,2.4795e+00,3.7747e+00,2.4549e+01,-1.6104e+03
1.9976e-01,-1.2600e+00,-2.2662e+00,3.6209e-02,1.2508e+00,3.1280e+00,3.4553e+00,2.4181e+01,-1.4312e+03
1.5432e-01,-1.5662e+00,-1.0818e+00,5.6523e-01,2.0040e+00,1.1366e+00,3.8066e+00,2.4557e+01,-1.6642e+03
3.0123e-02,-1.2872e+00,-1.8522e+00,-3.5138e-01,5.7526e-01,2.4691e+00,3.7050e+00,2.4408e+01,-1.5361e+03
2.2753e-01,-8.0337e-01,-2.2692e+00,1.5161e+00,2.8147e+00,3.5941e+00,2.7321e+00,2.4728e+01,-1.0669e+03
2.1530e-01,-1.6237e+00,-6.9106e-01,-9.7564e-02,2.1631e+00,2.1517e+00,3.7003e+00,2.4338e+01,-8.7228e+02
-2.7504e-01,-8.0465e-01,-5.0357e-01,1.8736e+00,-7.1039e-01,1.6189e+00,3.9342e+00,2.4965e+01,-1.1258e+03
5.9832e-02,-1.2148e+00,-3.4289e-02,1.2453e+00,2.1099e+00,1.1242e+00,3.9305e+00,2.4913e+01,-1.5278e+03
2.5089e-02,-7.9730e-01,-1.8401e+00,1.0200e+00,-6.7786e-01,3.6457e+00,1.6561e+00,2.4577e+01,-1.5661e+03
3.3108e-01,-1.3069e+00,-1.6597e+00,4.5073e-01,2.5585e+00,2.4606e+00,3.6188e+00,2.4278e+01,-1.5676e+03
1.6967e-01,-1.5583e+00,-2.7557e+00,2.3796e-01,2.2848e+00,1.6387e+00,3.8451e+00,2.4721e+01,-1.6360e+03
-1.7039e-01,-7.8964e-01,-9.3961e-02,2.1959e+00,2.2487e+00,2.4478e+00,4.0933e+00,2.5462e+01,-1.3357e+03
-3.2071e-01,-7.4795e-01,-1.5284e+00,2.1575e+00,1.6042e-01,1.6215e+00,4.1010e+00,2.5422e+01,-1.6336e+03
2.1632e-01,-1.0159e+00,-1.7569e+00,7.0450e-01,1.1985e+00,3.6093e+00,2.2549e+00,2.4450e+01,-1.2432e+03
-1.0910e-01,-1.1854e+00,-8.2207e-01,1.1504e+00,-4.7654e-01,1.6600e+00,3.9503e+00,2.5019e+01,-1.4975e+03
4.2272e-01,-1.7651e+00,-4.8998e-02,-9.8745e-01,1.4832e+00,3.1502e+00,3.3503e+00,2.4007e+01,-1.5527e+03
2.6619e-01,-1.0506e+00,-2.2814e+00,1.1043e+00,3.4613e-01,3.4168e+00,3.1674e+00,2.4270e+01,-1.1262e+03
4.0543e-01,-1.1152e+00,-1.1790e+00,9.6089e-01,1.8090e+00,3.5971e+00,1.4156e+00,2.4353e+01,-1.6587e+03
1.9958e-01,-1.9926e+00,-8.8029e-01,4.5069e-01,-9.3315e-02,2.4064e+00,3.6931e+00,2.4292e+01,-9.6851e+02
4.8956e-01,-1.1745e+00,-2.1657e+00,6.7089e-01,2.1694e+00,3.4408e+00,1.1376e+00,2.4019e+01,-1.3219e+03
1.2386e-01,-1.3556e+00,-2.3261e+00,1.1085e+00,1.8439e+00,4.7404e-01,3.8352e+00,2.4614e+01,-1.1070e+03
1.6741e-01,-1.6023e+00,-8.2713e-01,1.0255e+00,-1.5476e-01,2.6486e+00,3.7982e+00,2.4612e+01,-9.5402e+02
6.5277e-02,-1.3452e+00,-1.9347e+00,-1.1586e-01,1.8646e+00,2.2931e-01,3.7560e+00,2.4443e+01,-1.3892e+03
1.5663e-02,-1.1477e+00,-1.5966e+00,1.3249e+00,1.3490e+00,2.5478e+00,3.8349e+00,2.4732e+01,-7.8153e+02
-7.7852e-03,-1.2172e+00,-1.4752e+00,1.0790e+00,1.3916e+00,3.1523e-01,3.8634e+00,2.4704e+01,-1.1320e+03
1.9867e-01,-1.0009e+00,-3.8519e-01,2.0272e-01,2.7690e+00,2.1806e+00,3.6419e+00,2.4471e+01,-1.6473e+03
1.3755e-01,-1.5320e+00,-1.9272e+00,1.0857e+00,-9.2683e-01,2.1511e+00,3.7753e+00,2.4494e+01,-9.4972e+02
1.5452e-01,-1.7166e+00,-8.5102e-01,7.9029e-01,1.0202e+00,2.4018e+00,3.8273e+00,2.4654e+01,-1.4256e+03
3.8917e-01,-1.1812e+00,-3.8592e-01,-1.2354e+00,2.2662e+00,3.1766e+00,3.1227e+00,2.3922e+01,-1.2260e+03
2.3039e-01,-1.4291e+00,-2.3016e+00,-2.1369e-01,1.8880e+00,3.1746e+00,3.5745e+00,2.4450e+01,-1.4926e+03
1.0302e-01,-1.4092e+00,-6.1979e-02,-1.0057e-01,7.4816e-01,2.8932e+00,3.6663e+00,2.4456e+01,-1.5395e+03
2.4701e-01,-9.6143e-01,-9.6167e-01,1.0160e+00,1.7585e+00,3.5819e+00,2.2494e+00,2.4413e+01,-1.3576e+03
-1.1367e-01,-1.1308e+00,-8.3569e-01,1.0864e+00,6.1514e-01,2.2545e+00,3.9282e+00,2.4961e+01,-1.6129e+03
1.7737e-01,-1.7215e+00,-1.5832e+00,8.3450e-01,3.6143e-01,2.2604e+00,3.7343e+00,2.4393e+01,-1.5037e+03
1.4071e-01,-1.4260e+00,-7.5245e-01,9.8332e-01,-4.6756e-01,2.3991e+00,3.7355e+00,2.4399e+01,-1.2305e+03
3.9503e-01,-1.6055e+00,-4.1812e-01,6.3045e-01,-9.8259e-01,3.2285e+00,3.4118e+00,2.4158e+01,-1.6222e+03
1.2725e-01,-1.8657e+00,-1.0462e+00,7.1862e-01,-1.8150e-01,1.8926e+00,3.8498e+00,2.4692e+01,-1.5642e+03
1.6613e-01,-1.6309e+00,-1.8095e+00,-4.6211e-01,1.4359e+00,2.9244e+00,3.7100e+00,2.4547e+01,-1.6464e+03
-3.9404e-02,-1.2059e+00,-2.4924e+00,5.6026e-01,1.7179e+00,2.2875e+00,3.7471e+00,2.4501e+01,-1.1876e+03
8.2855e-02,-1.3340e+00,-2.2034e+00,9.8522e-01,1.5499e+00,2.8218e+00,3.7809e+00,2.4695e+01,-1.2602e+03
1.4846e-01,-1.5281e+00,-1.4998e+00,5.0586e-01,1.3444e+00,2.2205e+00,3.7019e+00,2.4290e+01,-1.6771e+03
1.6893e-01,-1.8288e+00,-1.2861e+00,6.5114e-01,5.6181e-01,8.3045e-01,3.7775e+00,2.4427e+01,-1.4136e+03
-1.4164e-01,-1.0821e+00,-6.1376e-01,1.1481e+00,1.6274e+00,1.7231e+00,3.9736e+00,2.5083e+01,-1.4325e+03
4.7088e-01,-1.5936e+00,-2.4146e+00,-3.4276e-02,-8.7441e-01,3.4112e+00,2.9604e+00,2.4044e+01,-1.6433e+03
3.8472e-01,-1.3045e+00,-1.0640e+00,-1.0915e+00,2.0722e+00,3.2026e+00,3.2149e+00,2.4005e+01,-1.6059e+03
-1.2721e-01,-1.0942e+00,-9.0137e-01,1.2898e+00,2.2215e+00,1.7657e+00,3.9914e+00,2.5208e+01,-1.3860e+03
-1.2400e-01,-1.0427e+00,-1.4172e+00,1.1726e+00,1.8157e+00,2.7258e+00,3.8820e+00,2.4959e+01,-9.4768e+02
2.4766e-01,-1.7769e+00,-6.2703e-01,-2.7282e-01,1.2386e+00,2.8206e+00,3.5559e+00,2.4140e+01,-1.6405e+03
-2.3887e-01,-6.7798e-01,-7.9439e-01,1.5325e+00,-2.8838e-01,3.7040e+00,2.6817e+00,2.4879e+01,-1.2740e+03
-2.8647e-01,-9.3711e-01,-2.4106e+00,1.3446e+00,1.1285e+00,7.4663e-01,3.9221e+00,2.4961e+01,-1.2416e+03
-1.2868e-01,-9.4396e-01,2.3874e-01,-1.6384e+00,2.8608e-01,3.2291e+00,3.7012e+00,2.4782e+01,-1.6041e+03
-9.9587e-02,-1.1187e+00,-2.5809e-01,-1.1830e+00,2.1778e+00,1.2445e+00,3.8610e+00,2.4840e+01,-1.5445e+03
-3.3158e-01,-8.5634e-01,-1.8801e+00,1.5782e+00,-7.0565e-01,1.1769e+00,3.9890e+00,2.5119e+01,-1.6254e+03
1.3838e-01,-1.4112e+00,-5.8382e-01,8.3706e-01,1.5936e+00,8.5511e-01,3.7236e+00,2.4314e+01,-1.6336e+03
8.5495e-02,-7.7627e-01,-2.2104e+00,1.4601e+00,1.8506e+00,3.5782e+00,1.9817e+00,2.4422e+01,-1.1785e+03
8.5435e-02,-1.8220e+00,-8.3410e-01,-1.5344e+00,7.9147e-01,1.6531e+00,3.7659e+00,2.4492e+01,-1.5912e+03
