logfeh_mean,logdust_med,logSFH0,logSFH1,logSFH2,logSFH3,logSFH4,dmod,logl
2.2587e-01,-1.0399e+00,1.6313e+00,2.2585e+00,1.4315e+00,2.7010e+00,3.9566e+00,2.8530e+01,-4.9803e+03
5.1163e-02,-1.1161e+00,1.7324e+00,2.2066e+00,6.7926e-01,2.3333e+00,4.0422e+00,2.8764e+01,-5.0856e+03
1.0861e-01,-1.3590e+00,1.6155e+00,2.1067e+00,1.8974e+00,2.6726e+00,3.9360e+00,2.8549e+01,-5.1686e+03
2.1040e-01,-1.3409e+00,1.5619e+00,2.1173e+00,1.4108e+00,2.1036e+00,3.9124e+00,2.8374e+01,-5.1903e+03
1.7279e-01,-1.3496e+00,1.7141e+00,1.9759e+00,1.5380e+00,2.3349e+00,4.0219e+00,2.8636e+01,-5.2063e+03
1.5448e-01,-1.2503e+00,1.5988e+00,2.1603e+00,1.4124e+00,2.1295e+00,3.9590e+00,2.8489e+01,-5.0007e+03
1.0527e-01,-1.0414e+00,1.7030e+00,2.0488e+00,5.5082e-01,2.3777e+00,3.9920e+00,2.8586e+01,-5.0463e+03
2.4622e-01,-1.2101e+00,1.6932e+00,2.1639e+00,8.6076e-01,3.2171e+00,3.9104e+00,2.8603e+01,-5.0376e+03
2.4877e-01,-1.6852e+00,1.6502e+00,2.1453e+00,2.1305e+00,1.8928e+00,4.0100e+00,2.8618e+01,-5.1851e+03
2.4241e-01,-1.1171e+00,1.5651e+00,2.2524e+00,1.0695e+00,1.9183e+00,3.9363e+00,2.8413e+01,-5.0768e+03
1.8816e-01,-1.0189e+00,1.6488e+00,2.2051e+00,1.7814e+00,1.7697e+00,3.9777e+00,2.8507e+01,-4.9803e+03
1.2318e-01,-1.2551e+00,1.5531e+00,2.1450e+00,1.3467e+00,2.3164e+00,3.9264e+00,2.8454e+01,-5.1902e+03
2.1956e-01,-1.1437e+00,1.6167e+00,2.0397e+00,1.0792e+00,3.3367e+00,3.7219e+00,2.8382e+01,-5.1321e+03
1.6453e-01,-1.3010e+00,1.6466e+00,2.1117e+00,1.3962e+00,2.3390e+00,3.9627e+00,2.8494e+01,-5.1454e+03
2.3807e-01,-1.0581e+00,1.5224e+00,2.0653e+00,7.2037e-01,2.8056e+00,3.7977e+00,2.8175e+01,-5.1120e+03
1.8965e-01,-1.0274e+00,1.6636e+00,2.1672e+00,3.9779e-01,1.9277e+00,3.9742e+00,2.8486e+01,-4.9417e+03
2.4788e-01,-1.4752e+00,1.5289e+00,2.1148e+00,1.1882e+00,1.7232e+00,3.9374e+00,2.8385e+01,-5.1890e+03
1.8613e-01,-1.1006e+00,1.5708e+00,2.2412e+00,2.0585e+00,2.4298e+00,3.9199e+00,2.8449e+01,-5.1625e+03
1.2857e-01,-1.7538e+00,1.6841e+00,1.7101e+00,5.2026e-01,2.4064e+00,3.9559e+00,2.8512e+01,-5.1562e+03
2.1320e-01,-1.3531e+00,1.6242e+00,1.9738e+00,1.4477e+00,1.6844e+00,3.9145e+00,2.8345e+01,-5.2089e+03
1.0257e-01,-1.4880e+00,1.5835e+00,2.1454e+00,5.5668e-01,1.6982e+00,3.9518e+00,2.8480e+01,-5.1273e+03
1.8468e-01,-1.3738e+00,1.5435e+00,1.9619e+00,1.8857e+00,2.1766e+00,3.8591e+00,2.8261e+01,-5.1881e+03
1.2101e-01,-1.0970e+00,1.6825e+00,2.1539e+00,8.8469e-01,2.3489e+00,4.0041e+00,2.8617e+01,-5.1129e+03
2.3710e-01,-1.0307e+00,1.6016e+00,2.0194e+00,1.4272e+00,2.2315e+00,3.8913e+00,2.8279e+01,-5.0312e+03
4.1332e-02,-1.2013e+00,1.7079e+00,2.1570e+00,1.7634e+00,1.7545e+00,4.0248e+00,2.8710e+01,-5.1854e+03
2.3931e-01,-1.0468e+00,1.6650e+00,2.0264e+00,1.2961e+00,2.6538e+00,3.8924e+00,2.8314e+01,-5.1426e+03
1.1385e-01,-1.3376e+00,1.5842e+00,2.1879e+00,4.3864e-01,2.6009e+00,3.9310e+00,2.8506e+01,-5.1710e+03
1.7722e-01,-1.2132e+00,1.6874e+00,2.2520e+00,1.5244e+00,1.8530e+00,4.0571e+00,2.8708e+01,-5.2050e+03
1.9045e-01,-1.3344e+00,1.5452e+00,2.1219e+00,9.8287e-01,2.3242e+00,3.9080e+00,2.8374e+01,-5.0261e+03
1.2136e-01,-1.0966e+00,1.7237e+00,1.8597e+00,1.0755e+00,2.8890e+00,3.8984e+00,2.8459e+01,-5.1653e+03
1.6858e-01,-1.7138e+00,1.7273e+00,2.0460e+00,8.3175e-01,2.0880e+00,4.0674e+00,2.8733e+01,-5.1921e+03
9.6351e-02,-1.6815e+00,1.7192e+00,1.9103e+00,9.7777e-01,2.1574e+00,4.0299e+00,2.8692e+01,-5.1353e+03
1.0064e-01,-1.2111e+00,1.7115e+00,2.1850e+00,9.5373e-01,1.8987e+00,4.0529e+00,2.8742e+01,-5.0173e+03
2.1680e-01,-1.6874e+00,1.7097e+00,2.0124e+00,5.5517e-01,2.4372e+00,4.0136e+00,2.8617e+01,-5.1533e+03
2.1756e-01,-1.2042e+00,1.4599e+00,2.2719e+00,1.0178e+00,1.7251e+00,3.9027e+00,2.8328e+01,-5.0969e+03
1.6584e-01,-1.8033e+00,1.6508e+00,2.0150e+00,1.1355e+00,1.8700e+00,3.9730e+00,2.8518e+01,-5.0937e+03
2.3418e-01,-1.6106e+00,1.6345e+00,2.0815e+00,4.3786e-01,2.6615e+00,3.9771e+00,2.8558e+01,-5.1533e+03
1.1323e-01,-1.4888e+00,1.6956e+00,1.9177e+00,8.5380e-01,2.1793e+00,3.9626e+00,2.8512e+01,-5.1041e+03
1.4371e-01,-1.1681e+00,1.6871e+00,2.1390e+00,1.7741e+00,2.6032e+00,3.9820e+00,2.8603e+01,-4.9602e+03
1.8921e-01,-1.5810e+00,1.5229e+00,2.0812e+00,1.6247e+00,1.7354e+00,3.9108e+00,2.8368e+01,-5.1180e+03
1.3839e-01,-1.4828e+00,1.6124e+00,1.8347e+00,9.0577e-01,2.2734e+00,3.9003e+00,2.8359e+01,-5.1790e+03
2.4432e-01,-1.3655e+00,1.5731e+00,2.1026e+00,5.9983e-01,2.0591e+00,3.9114e+00,2.8319e+01,-5.0680e+03
1.9402e-01,-1.3857e+00,1.6961e+00,2.0083e+00,1.8628e+00,2.5681e+00,4.0064e+00,2.8637e+01,-5.0045e+03
2.1082e-01,-1.2646e+00,1.4619e+00,2.1773e+00,5.8057e-01,2.6841e+00,3.8255e+00,2.8231e+01,-5.1960e+03
2.3837e-01,-1.2906e+00,1.6538e+00,2.2157e+00,1.2703e+00,2.0161e+00,3.9948e+00,2.8551e+01,-5.1965e+03
1.3596e-01,-1.3367e+00,1.7194e+00,1.8322e+00,1.1523e+00,2.0710e+00,3.9603e+00,2.8474e+01,-5.1993e+03
1.7340e-01,-1.2481e+00,1.6052e+00,1.9088e+00,2.1243e+00,2.9390e+00,3.8217e+00,2.8354e+01,-5.1873e+03
2.3343e-01,-1.7412e+00,1.5068e+00,2.0980e+00,3.9365e-01,2.0847e+00,3.8988e+00,2.8312e+01,-5.1160e+03
1.3987e-01,-1.1685e+00,1.6238e+00,2.0455e+00,1.3319e+00,1.9399e+00,3.9398e+00,2.8449e+01,-5.1126e+03
1.9528e-01,-1.1742e+00,1.5056e+00,2.0909e+00,1.9440e+00,1.9768e+00,3.8625e+00,2.8266e+01,-5.1063e+03
2.2371e-01,-1.0593e+00,1.5788e+00,2.1622e+00,1.2306e+00,1.9077e+00,3.9156e+00,2.8359e+01,-5.1493e+03
1.2553e-01,-1.1487e+00,1.7076e+00,2.0071e+00,1.2402e+00,2.6482e+00,3.9449e+00,2.8517e+01,-5.1021e+03
1.8626e-01,-1.5177e+00,1.7230e+00,1.8652e+00,1.4398e+00,3.0317e+00,3.9593e+00,2.8615e+01,-5.1352e+03
1.8664e-01,-1.0477e+00,1.7152e+00,2.2390e+00,1.4896e+00,2.1280e+00,4.0559e+00,2.8699e+01,-5.1514e+03
2.0339e-01,-1.0988e+00,1.6200e+00,2.1848e+00,7.0297e-01,2.4315e+00,3.9155e+00,2.8384e+01,-5.1895e+03
9.1157e-02,-1.0718e+00,1.7031e+00,1.9868e+00,1.3789e+00,2.7968e+00,3.9344e+00,2.8527e+01,-5.1328e+03
1.5796e-01,-1.4268e+00,1.6961e+00,1.9789e+00,2.0492e+00,2.0503e+00,3.9649e+00,2.8530e+01,-5.1233e+03
1.5860e-01,-1.3382e+00,1.6840e+00,1.9808e+00,1.0463e+00,1.8365e+00,3.9913e+00,2.8545e+01,-4.9266e+03
1.1445e-01,-1.3419e+00,1.6067e+00,1.8901e+00,1.7054e+00,2.0265e+00,3.8998e+00,2.8368e+01,-5.2099e+03
2.3627e-01,-1.6316e+00,1.7225e+00,2.0058e+00,1.8153e+00,2.9017e+00,4.0127e+00,2.8706e+01,-5.1929e+03
8.9288e-02,-1.1070e+00,1.6394e+00,1.9429e+00,1.3472e+00,2.6882e+00,3.8850e+00,2.8407e+01,-5.1905e+03
1.2339e-01,-1.1910e+00,1.7210e+00,1.9779e+00,6.4225e-01,2.3907e+00,3.9818e+00,2.8545e+01,-4.8544e+03
1.5326e-01,-1.3673e+00,1.7333e+00,2.0251e+00,1.4058e+00,3.0731e+00,3.9759e+00,2.8708e+01,-5.0493e+03
2.1979e-01,-1.5311e+00,1.5772e+00,2.1841e+00,1.7286e+00,2.3928e+00,3.9594e+00,2.8526e+01,-5.1310e+03
1.5806e-01,-1.0940e+00,1.5059e+00,2.1994e+00,7.1591e-01,2.7353e+00,3.8574e+00,2.8343e+01,-5.1464e+03
2.3558e-01,-1.1867e+00,1.7267e+00,1.9020e+00,1.1585e+00,3.1673e+00,3.8949e+00,2.8533e+01,-5.1268e+03
8.2675e-02,-1.4250e+00,1.6537e+00,2.2137e+00,7.4125e-01,2.1588e+00,4.0429e+00,2.8745e+01,-5.1587e+03
2.3781e-01,-1.1154e+00,1.5169e+00,2.0946e+00,6.8724e-01,2.5150e+00,3.8578e+00,2.8257e+01,-5.2044e+03
1.4223e-01,-1.2707e+00,1.7283e+00,1.9358e+00,8.9536e-01,2.9678e+00,3.9692e+00,2.8639e+01,-5.1455e+03
7.6805e-02,-1.1040e+00,1.6515e+00,1.9766e+00,1.4970e+00,1.6368e+00,3.9064e+00,2.8376e+01,-5.1644e+03
1.7921e-01,-1.2394e+00,1.6767e+00,1.8285e+00,1.3773e+00,2.3440e+00,3.9456e+00,2.8432e+01,-5.2079e+03
1.3142e-01,-1.2080e+00,1.6873e+00,1.9572e+00,1.4752e+00,2.3222e+00,3.9485e+00,2.8471e+01,-5.0889e+03
2.1864e-01,-1.9577e+00,1.6184e+00,1.9292e+00,1.7051e+00,2.3875e+00,3.9285e+00,2.8416e+01,-5.1622e+03
1.8212e-01,-1.2898e+00,1.6487e+00,2.0701e+00,9.9805e-01,1.6243e+00,3.9716e+00,2.8477e+01,-4.9323e+03
1.6730e-01,-1.3369e+00,1.6637e+00,2.1243e+00,1.6914e+00,2.2660e+00,3.9735e+00,2.8545e+01,-5.1883e+03
2.4321e-01,-1.8885e+00,1.5082e+00,1.9450e+00,1.0337e+00,2.1421e+00,3.8591e+00,2.8198e+01,-5.1908e+03
2.0244e-01,-1.1957e+00,1.7088e+00,1.9999e+00,1.0194e+00,2.5701e+00,3.9682e+00,2.8505e+01,-5.0398e+03
1.7204e-01,-1.5813e+00,1.5886e+00,1.9395e+00,1.6147e+00,2.8274e+00,3.8823e+00,2.8420e+01,-5.1974e+03
1.6218e-01,-1.6116e+00,1.6120e+00,1.9399e+00,6.1655e-01,1.8301e+00,3.9359e+00,2.8429e+01,-5.1821e+03
1.2125e-01,-1.0611e+00,1.7185e+00,1.9125e+00,8.7968e-01,3.0688e+00,3.8785e+00,2.8491e+01,-4.9957e+03
1.4197e-01,-1.8119e+00,1.7129e+00,1.8379e+00,6.0541e-01,1.9172e+00,4.0149e+00,2.8604e+01,-5.1892e+03
1.2048e-01,-1.4226e+00,1.6422e+00,2.0344e+00,8.7933e-01,2.6274e+00,3.9640e+00,2.8565e+01,-5.0684e+03
2.1530e-01,-1.2038e+00,1.5343e+00,2.1602e+00,1.3318e+00,1.6989e+00,3.9039e+00,2.8317e+01,-4.9717e+03
1.8722e-01,-1.0526e+00,1.6686e+00,1.8644e+00,3.8008e-01,3.4656e+00,3.6288e+00,2.8398e+01,-5.1147e+03
1.3215e-01,-1.3242e+00,1.7088e+00,1.9514e+00,2.1952e+00,2.5652e+00,3.9588e+00,2.8583e+01,-5.1759e+03
2.0975e-01,-1.9779e+00,1.5875e+00,2.0619e+00,7.9001e-01,2.2343e+00,3.9693e+00,2.8494e+01,-5.1029e+03
1.6300e-01,-1.4125e+00,1.7257e+00,2.1463e+00,1.7346e+00,2.4744e+00,4.0449e+00,2.8722e+01,-5.1249e+03
2.2134e-01,-1.3435e+00,1.6987e+00,1.8700e+00,6.6391e-01,2.6523e+00,3.9392e+00,2.8441e+01,-5.1413e+03
1.0389e-01,-1.3187e+00,1.7278e+00,2.1856e+00,1.6376e+00,2.1197e+00,4.0658e+00,2.8785e+01,-5.1658e+03
2.0293e-01,-1.9451e+00,1.7316e+00,2.0616e+00,7.5502e-01,2.1967e+00,4.0739e+00,2.8761e+01,-5.2049e+03
2.4854e-01,-1.6608e+00,1.6535e+00,2.0548e+00,1.6452e+00,2.1574e+00,4.0014e+00,2.8556e+01,-5.0389e+03
1.6684e-01,-1.3376e+00,1.6869e+00,2.1832e+00,1.7501e+00,2.1272e+00,4.0196e+00,2.8663e+01,-5.1202e+03
2.2666e-01,-1.7671e+00,1.5446e+00,2.1533e+00,3.8518e-01,2.5075e+00,3.9237e+00,2.8419e+01,-4.9633e+03
1.9597e-01,-1.4029e+00,1.6317e+00,1.9483e+00,1.2206e+00,2.4838e+00,3.9129e+00,2.8378e+01,-5.0943e+03
2.4809e-01,-1.1858e+00,1.5721e+00,2.1417e+00,1.6155e+00,2.1700e+00,3.9313e+00,2.8388e+01,-5.1974e+03
2.1450e-01,-1.3177e+00,1.5436e+00,2.0990e+00,5.2531e-01,2.7587e+00,3.8633e+00,2.8336e+01,-5.1306e+03
1.7281e-01,-1.2719e+00,1.7213e+00,2.1487e+00,1.9022e+00,1.9482e+00,4.0630e+00,2.8754e+01,-5.1552e+03
7.4946e-02,-1.3250e+00,1.7221e+00,2.1048e+00,1.0137e+00,1.9532e+00,4.0270e+00,2.8677e+01,-5.1258e+03
1.4605e-01,-1.0181e+00,1.7056e+00,1.9298e+00,7.6657e-01,2.6820e+00,3.9016e+00,2.8404e+01,-5.1219e+03
2.4045e-01,-1.0238e+00,1.7254e+00,2.1320e+00,1.3126e+00,2.8962e+00,3.9586e+00,2.8548e+01,-4.9961e+03
1.1156e-01,-1.0082e+00,1.7177e+00,1.9372e+00,9.7506e-01,2.9534e+00,3.8726e+00,2.8432e+01,-5.0787e+03
2.1775e-01,-1.9177e+00,1.5359e+00,1.9922e+00,1.4745e+00,2.1906e+00,3.8942e+00,2.8312e+01,-5.1591e+03
2.2476e-01,-1.4206e+00,1.6573e+00,1.8917e+00,2.4421e+00,2.4492e+00,3.9264e+00,2.8496e+01,-5.1084e+03
1.9648e-01,-1.0151e+00,1.5681e+00,2.0342e+00,6.7148e-01,1.9106e+00,3.8360e+00,2.8119e+01,-5.1973e+03
1.2090e-01,-1.4160e+00,1.7249e+00,1.8780e+00,1.8384e+00,1.8252e+00,4.0220e+00,2.8644e+01,-5.1817e+03
3.8646e-02,-1.0793e+00,1.7266e+00,2.0457e+00,1.8010e+00,3.1653e+00,3.9363e+00,2.8736e+01,-5.1495e+03
2.3013e-01,-1.7557e+00,1.5819e+00,2.0308e+00,1.7555e+00,2.6075e+00,3.9062e+00,2.8397e+01,-5.1149e+03
1.0615e-01,-1.3618e+00,1.6870e+00,2.0887e+00,8.3335e-01,2.2900e+00,3.9798e+00,2.8570e+01,-5.1662e+03
8.5090e-02,-1.2007e+00,1.6842e+00,1.9523e+00,1.3254e+00,1.6172e+00,3.9847e+00,2.8547e+01,-5.1801e+03
1.6004e-01,-1.7609e+00,1.6635e+00,1.8931e+00,1.4992e+00,2.8031e+00,3.9308e+00,2.8496e+01,-5.1790e+03
7.7001e-02,-1.2024e+00,1.6718e+00,1.9720e+00,1.7885e+00,2.0574e+00,3.9459e+00,2.8498e+01,-5.0367e+03
2.1282e-01,-1.0815e+00,1.7252e+00,1.9718e+00,1.7131e+00,2.2880e+00,3.9534e+00,2.8439e+01,-5.1796e+03
1.6434e-01,-1.0399e+00,1.6866e+00,2.2557e+00,5.0278e-01,2.3267e+00,4.0383e+00,2.8688e+01,-5.1607e+03
1.8089e-01,-1.2288e+00,1.6136e+00,2.1953e+00,1.9983e+00,1.7604e+00,3.9694e+00,2.8555e+01,-5.1290e+03
2.5000e-01,-1.8792e+00,1.6513e+00,2.0900e+00,1.2814e+00,2.1363e+00,4.0045e+00,2.8566e+01,-5.0430e+03
1.1984e-01,-1.0343e+00,1.5670e+00,2.1112e+00,1.1816e+00,2.3866e+00,3.8617e+00,2.8289e+01,-5.1424e+03
1.7934e-01,-1.1748e+00,1.6339e+00,2.0893e+00,1.0455e+00,2.4963e+00,3.9126e+00,2.8382e+01,-5.1851e+03
2.2778e-01,-1.8891e+00,1.6834e+00,2.0129e+00,1.8025e+00,2.4280e+00,4.0191e+00,2.8629e+01,-5.2014e+03
1.5030e-01,-1.2673e+00,1.5651e+00,2.2035e+00,9.7016e-01,2.3890e+00,3.9338e+00,2.8479e+01,-5.1858e+03
2.4777e-01,-1.2873e+00,1.6030e+00,1.9024e+00,2.0009e+00,2.3069e+00,3.8742e+00,2.8271e+01,-5.2087e+03
2.1825e-01,-1.3265e+00,1.6970e+00,1.7339e+00,1.5164e+00,2.3361e+00,3.9330e+00,2.8389e+01,-5.1342e+03
8.6383e-02,-1.1790e+00,1.7075e+00,1.9653e+00,5.8909e-01,2.8660e+00,3.9385e+00,2.8566e+01,-5.1668e+03
2.2818e-01,-1.1701e+00,1.6115e+00,1.8650e+00,1.0785e+00,2.3677e+00,3.8445e+00,2.8156e+01,-5.1761e+03
2.4282e-01,-1.2055e+00,1.6177e+00,1.9899e+00,1.8090e+00,1.9515e+00,3.9095e+00,2.8315e+01,-5.0833e+03
1.3623e-01,-1.7938e+00,1.7098e+00,1.7940e+00,1.1865e+00,2.4333e+00,3.9743e+00,2.8540e+01,-5.1572e+03
6.6788e-02,-1.0743e+00,1.7281e+00,2.0310e+00,1.0299e+00,3.2421e+00,3.8828e+00,2.8654e+01,-5.1645e+03
1.4982e-01,-1.0659e+00,1.7277e+00,1.8374e+00,1.1188e+00,2.7935e+00,3.9106e+00,2.8443e+01,-5.0935e+03
2.3458e-01,-1.1347e+00,1.6949e+00,2.0690e+00,9.2791e-01,3.4000e+00,3.8587e+00,2.8644e+01,-5.1881e+03
2.0883e-01,-1.0306e+00,1.7318e+00,1.9506e+00,6.2324e-01,3.6388e+00,3.6068e+00,2.8615e+01,-5.0996e+03
1.4700e-01,-1.9034e+00,1.6847e+00,1.9761e+00,8.0339e-01,2.2242e+00,3.9854e+00,2.8566e+01,-5.1250e+03
1.0328e-01,-1.9456e+00,1.6986e+00,1.8282e+00,1.4847e+00,2.1548e+00,4.0119e+00,2.8650e+01,-5.0857e+03
1.8050e-01,-1.3702e+00,1.6662e+00,1.9342e+00,7.6637e-01,3.0417e+00,3.8926e+00,2.8493e+01,-5.1243e+03
1.3212e-01,-1.3679e+00,1.6021e+00,1.9545e+00,8.2390e-01,1.6099e+00,3.9125e+00,2.8342e+01,-5.1574e+03
7.4465e-02,-1.0713e+00,1.6366e+00,1.9016e+00,6.9024e-01,2.4888e+00,3.8701e+00,2.8303e+01,-5.2081e+03
1.2624e-01,-1.5152e+00,1.6660e+00,1.9828e+00,6.6707e-01,2.4359e+00,3.9891e+00,2.8584e+01,-5.1813e+03
1.9275e-01,-1.1615e+00,1.7201e+00,1.9438e+00,1.7526e+00,1.8684e+00,3.9875e+00,2.8505e+01,-5.0830e+03
8.4649e-02,-1.0763e+00,1.6910e+00,2.1436e+00,1.7186e+00,1.9022e+00,4.0206e+00,2.8678e+01,-5.1889e+03
2.1959e-01,-1.0747e+00,1.6932e+00,2.3427e+00,7.8941e-01,1.7014e+00,4.0665e+00,2.8731e+01,-5.1229e+03
2.2494e-01,-1.2403e+00,1.7319e+00,1.9770e+00,2.0677e+00,2.7140e+00,3.9773e+00,2.8583e+01,-5.0623e+03
2.0361e-01,-1.0382e+00,1.5995e+00,2.2055e+00,1.7602e+00,3.1333e+00,3.8466e+00,2.8465e+01,-5.0651e+03
2.1880e-01,-1.3524e+00,1.6504e+00,2.1813e+00,1.7466e+00,2.0134e+00,3.9806e+00,2.8520e+01,-5.1935e+03
1.6546e-01,-1.1765e+00,1.6227e+00,2.1501e+00,7.0194e-01,2.5653e+00,3.9750e+00,2.8575e+01,-5.1575e+03
1.1522e-03,-1.2570e+00,1.7181e+00,2.0163e+00,1.7764e+00,1.9544e+00,4.0025e+00,2.8681e+01,-5.2064e+03
2.3440e-01,-1.0906e+00,1.7044e+00,2.2447e+00,1.5928e+00,3.0806e+00,3.9452e+00,2.8622e+01,-5.1547e+03
1.8493e-01,-1.1425e+00,1.5899e+00,2.2540e+00,9.4067e-01,2.7065e+00,3.9693e+00,2.8559e+01,-5.2024e+03
1.3849e-01,-1.6100e+00,1.7064e+00,1.9057e+00,1.5532e+00,2.1312e+00,3.9783e+00,2.8556e+01,-5.2072e+03
1.1307e-01,-1.5377e+00,1.6466e+00,2.1189e+00,1.3348e+00,2.2236e+00,3.9822e+00,2.8609e+01,-5.1916e+03
1.3949e-01,-1.2626e+00,1.7068e+00,1.8927e+00,1.5701e+00,3.0089e+00,3.9098e+00,2.8552e+01,-5.1214e+03
1.8441e-01,-1.7258e+00,1.6787e+00,1.9471e+00,1.2910e+00,3.0315e+00,3.9132e+00,2.8536e+01,-5.1877e+03
1.6796e-01,-1.5297e+00,1.7314e+00,1.8998e+00,2.0602e+00,3.2202e+00,3.9362e+00,2.8718e+01,-5.1232e+03
1.9222e-01,-1.0445e+00,1.7264e+00,1.8794e+00,1.0834e+00,1.8167e+00,3.9630e+00,2.8430e+01,-4.9366e+03
1.6467e-01,-1.1201e+00,1.6088e+00,2.1680e+00,1.3016e+00,2.2617e+00,3.9254e+00,2.8433e+01,-5.1710e+03
2.0223e-01,-1.1837e+00,1.5378e+00,2.1139e+00,4.0009e-01,2.4772e+00,3.8867e+00,2.8327e+01,-5.0830e+03
2.3472e-01,-1.5790e+00,1.5071e+00,2.0580e+00,1.8282e+00,1.7415e+00,3.8679e+00,2.8253e+01,-5.1183e+03
2.0573e-01,-1.2121e+00,1.7199e+00,1.8286e+00,8.7161e-01,3.1247e+00,3.9226e+00,2.8562e+01,-5.0901e+03
1.7819e-01,-1.2487e+00,1.6327e+00,1.9782e+00,1.4723e+00,2.3194e+00,3.9254e+00,2.8404e+01,-5.0973e+03
2.1873e-01,-1.7654e+00,1.6630e+00,2.0559e+00,2.1143e+00,2.3944e+00,3.9730e+00,2.8558e+01,-5.1210e+03
2.0128e-01,-1.6739e+00,1.6059e+00,2.1190e+00,1.3322e+00,2.5576e+00,3.9713e+00,2.8540e+01,-5.1233e+03
1.4245e-01,-1.1121e+00,1.7284e+00,2.0357e+00,7.0633e-01,3.5918e+00,3.7267e+00,2.8712e+01,-5.2022e+03
1.0306e-01,-1.2680e+00,1.7000e+00,1.9251e+00,1.0998e+00,2.1920e+00,4.0022e+00,2.8611e+01,-5.0823e+03
2.0420e-01,-1.4944e+00,1.6550e+00,2.0402e+00,2.1787e+00,1.9658e+00,3.9716e+00,2.8554e+01,-5.1863e+03
6.0324e-02,-1.0742e+00,1.7095e+00,2.1648e+00,9.7624e-01,1.6319e+00,4.0281e+00,2.8693e+01,-5.1293e+03
2.2441e-01,-1.0530e+00,1.7173e+00,1.9461e+00,1.9488e+00,3.5766e+00,3.6757e+00,2.8617e+01,-5.1168e+03
2.0144e-01,-1.1376e+00,1.6559e+00,1.7971e+00,8.4819e-01,3.5196e+00,3.5607e+00,2.8393e+01,-5.1700e+03
2.4688e-01,-1.0659e+00,1.7032e+00,2.1840e+00,1.7524e+00,1.8854e+00,4.0373e+00,2.8622e+01,-5.0737e+03
1.6294e-01,-1.6491e+00,1.6176e+00,2.0814e+00,5.0842e-01,2.0917e+00,3.9889e+00,2.8562e+01,-5.0620e+03
9.7189e-02,-1.4702e+00,1.6611e+00,2.0310e+00,1.5892e+00,2.5181e+00,3.9679e+00,2.8587e+01,-5.0936e+03
1.3254e-01,-1.1614e+00,1.5227e+00,1.9707e+00,8.1908e-01,2.4836e+00,3.8173e+00,2.8190e+01,-5.1807e+03
1.8758e-01,-1.9294e+00,1.6235e+00,1.8590e+00,1.2013e+00,2.1305e+00,3.9532e+00,2.8448e+01,-5.1494e+03
1.9816e-01,-1.0039e+00,1.7232e+00,1.8457e+00,1.7715e+00,2.7250e+00,3.9397e+00,2.8462e+01,-5.1708e+03
1.0159e-01,-1.3667e+00,1.7186e+00,2.0840e+00,1.1269e+00,3.0409e+00,3.9604e+00,2.8701e+01,-5.1908e+03
2.0056e-01,-1.5081e+00,1.5170e+00,2.0833e+00,8.8440e-01,1.8664e+00,3.8918e+00,2.8283e+01,-5.1538e+03
1.3527e-01,-1.3036e+00,1.6888e+00,2.1906e+00,1.0194e+00,1.8107e+00,4.0619e+00,2.8749e+01,-5.0966e+03
3.2145e-02,-1.0662e+00,1.6635e+00,2.1821e+00,1.4705e+00,2.4795e+00,3.9803e+00,2.8628e+01,-5.1911e+03
2.3236e-01,-1.4308e+00,1.6953e+00,1.9293e+00,4.4395e-01,2.3204e+00,3.9776e+00,2.8496e+01,-5.0959e+03
7.1740e-02,-1.1078e+00,1.5699e+00,2.0454e+00,1.3470e+00,1.8835e+00,3.8914e+00,2.8347e+01,-5.0843e+03
1.3945e-01,-1.5308e+00,1.5650e+00,2.1657e+00,1.1972e+00,1.6276e+00,3.9434e+00,2.8462e+01,-5.1969e+03
2.0493e-01,-1.2548e+00,1.6889e+00,2.0416e+00,1.7945e+00,2.7873e+00,3.9736e+00,2.8597e+01,-5.0098e+03
1.3920e-01,-1.1137e+00,1.6829e+00,2.1105e+00,1.0191e+00,3.2393e+00,3.8994e+00,2.8643e+01,-5.0670e+03
2.2926e-01,-1.0008e+00,1.6687e+00,1.9106e+00,8.3375e-01,2.2624e+00,3.8925e+00,2.8262e+01,-5.0184e+03
1.5272e-01,-1.0592e+00,1.6875e+00,1.9799e+00,8.6881e-01,2.9509e+00,3.9408e+00,2.8563e+01,-5.1273e+03
1.7044e-01,-1.3834e+00,1.6913e+00,1.7862e+00,7.5700e-01,2.0537e+00,3.9344e+00,2.8402e+01,-5.1901e+03
1.8990e-01,-1.1540e+00,1.6700e+00,1.8295e+00,2.2152e+00,2.5792e+00,3.8817e+00,2.8353e+01,-5.1421e+03
1.9439e-01,-1.4324e+00,1.6893e+00,2.0529e+00,1.3249e+00,2.8184e+00,3.9562e+00,2.8555e+01,-5.1878e+03
2.0615e-01,-1.1175e+00,1.5440e+00,2.0897e+00,1.7309e+00,2.1395e+00,3.8493e+00,2.8234e+01,-5.2103e+03
7.9988e-02,-1.2441e+00,1.6414e+00,1.9868e+00,1.8215e+00,2.5038e+00,3.9054e+00,2.8445e+01,-5.1689e+03
2.0291e-01,-1.1993e+00,1.6253e+00,2.0054e+00,1.9668e+00,1.9096e+00,3.9432e+00,2.8439e+01,-5.0928e+03
1.7137e-01,-1.5980e+00,1.5742e+00,2.0756e+00,1.3669e+00,2.5180e+00,3.9189e+00,2.8442e+01,-5.0817e+03
1.7286e-01,-1.0864e+00,1.7279e+00,1.9351e+00,2.1656e+00,2.8777e+00,3.9299e+00,2.8563e+01,-4.9895e+03
2.3599e-01,-1.4677e+00,1.6360e+00,1.9342e+00,1.4951e+00,1.7119e+00,3.9373e+00,2.8371e+01,-5.1155e+03
1.5811e-01,-1.6405e+00,1.7240e+00,1.9293e+00,2.1957e+00,2.1788e+00,4.0294e+00,2.8714e+01,-5.1877e+03
1.8632e-01,-1.2496e+00,1.5941e+00,1.9191e+00,1.3704e+00,2.2828e+00,3.8614e+00,2.8237e+01,-5.1819e+03
1.7386e-01,-1.2717e+00,1.6622e+00,2.1771e+00,7.4412e-01,2.5582e+00,3.9659e+00,2.8545e+01,-5.1596e+03
1.5528e-01,-1.0496e+00,1.6255e+00,2.1770e+00,1.0377e+00,2.3893e+00,3.9184e+00,2.8401e+01,-5.0478e+03
2.4270e-01,-1.2355e+00,1.6166e+00,2.0569e+00,1.3237e+00,2.6976e+00,3.9167e+00,2.8417e+01,-5.0350e+03
2.3328e-01,-1.2243e+00,1.4840e+00,2.0425e+00,1.2573e+00,1.8724e+00,3.8118e+00,2.8074e+01,-5.1104e+03
2.0161e-01,-1.0653e+00,1.6706e+00,1.9803e+00,5.3625e-01,1.9866e+00,3.9203e+00,2.8312e+01,-5.1543e+03
2.2780e-01,-1.3367e+00,1.5126e+00,2.2225e+00,8.7390e-01,1.7068e+00,3.9412e+00,2.8404e+01,-5.0671e+03
2.2349e-01,-1.1882e+00,1.6373e+00,2.2099e+00,8.7295e-01,2.0916e+00,3.9861e+00,2.8514e+01,-5.0192e+03
1.2413e-01,-1.6073e+00,1.6442e+00,1.8213e+00,1.0293e+00,2.7093e+00,3.8980e+00,2.8422e+01,-5.1825e+03
2.1037e-01,-1.6403e+00,1.6336e+00,1.9230e+00,2.0614e+00,2.4446e+00,3.9305e+00,2.8455e+01,-5.1360e+03
1.3797e-01,-1.2767e+00,1.6737e+00,1.8441e+00,1.5901e+00,1.8529e+00,3.9436e+00,2.8433e+01,-5.1126e+03
1.0883e-01,-1.4307e+00,1.6794e+00,1.9481e+00,8.3415e-01,2.3640e+00,3.9714e+00,2.8551e+01,-5.0570e+03
1.5940e-01,-1.6853e+00,1.6288e+00,1.9793e+00,1.5247e+00,1.7102e+00,3.9508e+00,2.8459e+01,-5.0420e+03
1.4955e-01,-1.4415e+00,1.5744e+00,2.2001e+00,1.8824e+00,1.7793e+00,3.9681e+00,2.8549e+01,-5.1571e+03
2.4257e-01,-1.2817e+00,1.6679e+00,1.9171e+00,1.9229e+00,2.4784e+00,3.9294e+00,2.8408e+01,-5.1701e+03
6.8606e-02,-1.0690e+00,1.7089e+00,2.1563e+00,1.6480e+00,2.5895e+00,3.9917e+00,2.8658e+01,-5.0975e+03
1.7444e-01,-1.0662e+00,1.6647e+00,2.2808e+00,1.1780e+00,2.3731e+00,4.0196e+00,2.8652e+01,-5.0755e+03
2.4099e-01,-1.0912e+00,1.7318e+00,2.0207e+00,7.7893e-01,3.5484e+00,3.7783e+00,2.8666e+01,-5.2116e+03
1.9612e-01,-1.3054e+00,1.7192e+00,2.0301e+00,2.4439e+00,1.8409e+00,4.0267e+00,2.8690e+01,-5.2105e+03
2.2881e-01,-1.1004e+00,1.6292e+00,2.0083e+00,8.2995e-01,2.4690e+00,3.9313e+00,2.8395e+01,-5.1144e+03
1.8269e-01,-1.4293e+00,1.7240e+00,1.9229e+00,1.2495e+00,3.3042e+00,3.9241e+00,2.8701e+01,-5.0689e+03
1.3299e-01,-1.4036e+00,1.7280e+00,1.9228e+00,1.4388e+00,2.9557e+00,3.9693e+00,2.8658e+01,-5.1964e+03
4.2942e-02,-1.6530e+00,1.7253e+00,1.9311e+00,1.3579e+00,1.9645e+00,4.0299e+00,2.8716e+01,-5.1191e+03
2.1640e-01,-1.1725e+00,1.6852e+00,2.1487e+00,1.2447e+00,2.8934e+00,3.9496e+00,2.8532e+01,-5.1197e+03
1.2852e-01,-1.2624e+00,1.6878e+00,2.0188e+00,1.7707e+00,2.6801e+00,3.9585e+00,2.8556e+01,-5.1319e+03
1.9801e-01,-1.1166e+00,1.5006e+00,2.0286e+00,1.9996e+00,1.8579e+00,3.8185e+00,2.8138e+01,-5.2110e+03
1.2270e-01,-1.4259e+00,1.7097e+00,1.9431e+00,1.6114e+00,2.2736e+00,3.9947e+00,2.8621e+01,-5.1782e+03
2.0974e-01,-1.7566e+00,1.6604e+00,2.0729e+00,1.0194e+00,1.7754e+00,4.0080e+00,2.8580e+01,-5.0150e+03
2.1081e-01,-1.0849e+00,1.5763e+00,2.0419e+00,4.9743e-01,2.3362e+00,3.8987e+00,2.8315e+01,-5.1978e+03
2.1861e-01,-1.1386e+00,1.6130e+00,2.1120e+00,8.2184e-01,3.2885e+00,3.7938e+00,2.8452e+01,-5.1576e+03
2.1570e-01,-1.2578e+00,1.5316e+00,2.2453e+00,6.6984e-01,2.9377e+00,3.8821e+00,2.8444e+01,-5.1550e+03
2.4326e-01,-1.0659e+00,1.7300e+00,1.9518e+00,8.5427e-01,2.4207e+00,3.9606e+00,2.8435e+01,-5.0946e+03
1.8666e-01,-1.2547e+00,1.6392e+00,1.8433e+00,7.7622e-01,3.3908e+00,3.7025e+00,2.8400e+01,-5.2030e+03
1.2743e-01,-1.3320e+00,1.6930e+00,2.1529e+00,1.3029e+00,2.7793e+00,4.0160e+00,2.8743e+01,-5.1875e+03
2.4091e-01,-1.2122e+00,1.7169e+00,1.9087e+00,2.0350e+00,2.8859e+00,3.9359e+00,2.8520e+01,-5.1438e+03
2.4323e-01,-1.2862e+00,1.5756e+00,2.0509e+00,1.7114e+00,2.1505e+00,3.8819e+00,2.8278e+01,-5.1320e+03
2.0747e-01,-1.6944e+00,1.5482e+00,2.0216e+00,1.9353e+00,2.5033e+00,3.8953e+00,2.8390e+01,-5.2060e+03
1.7485e-01,-1.4731e+00,1.6374e+00,1.9269e+00,1.6819e+00,2.8344e+00,3.9046e+00,2.8466e+01,-5.0994e+03
1.7127e-01,-1.0061e+00,1.6858e+00,1.8843e+00,2.3854e+00,2.5883e+00,3.8871e+00,2.8412e+01,-5.0885e+03
2.4738e-01,-1.5649e+00,1.5284e+00,2.0817e+00,9.9570e-01,2.1443e+00,3.9137e+00,2.8347e+01,-5.0949e+03
1.1105e-01,-1.0657e+00,1.6347e+00,1.8592e+00,1.7700e+00,2.2548e+00,3.8646e+00,2.8289e+01,-5.2014e+03
2.0750e-01,-1.9173e+00,1.6311e+00,1.8712e+00,1.5570e+00,2.5553e+00,3.9397e+00,2.8468e+01,-5.1854e+03
1.9905e-01,-1.9573e+00,1.7019e+00,1.8478e+00,6.8333e-01,2.3283e+00,4.0103e+00,2.8591e+01,-5.1939e+03
1.7295e-01,-1.8239e+00,1.6399e+00,1.9126e+00,1.4965e+00,2.5590e+00,3.9360e+00,2.8463e+01,-5.1678e+03
1.2696e-01,-1.1781e+00,1.7307e+00,1.7610e+00,1.9504e+00,1.6356e+00,3.9789e+00,2.8515e+01,-5.0872e+03
1.7884e-01,-1.1200e+00,1.5743e+00,2.3112e+00,5.1436e-01,2.2502e+00,3.9754e+00,2.8545e+01,-5.1243e+03
1.0017e-01,-1.4106e+00,1.5668e+00,1.9769e+00,1.1234e+00,1.7912e+00,3.8844e+00,2.8318e+01,-5.1999e+03
2.1843e-01,-1.4717e+00,1.6848e+00,1.8905e+00,1.4010e+00,3.2097e+00,3.8932e+00,2.8578e+01,-5.1722e+03
9.7011e-02,-1.7667e+00,1.5697e+00,1.9930e+00,1.2850e+00,2.4034e+00,3.9188e+00,2.8455e+01,-5.2011e+03
2.4406e-01,-1.3787e+00,1.5228e+00,2.1708e+00,1.9706e+00,2.2265e+00,3.9120e+00,2.8391e+01,-5.1450e+03
3.5941e-02,-1.3694e+00,1.6999e+00,2.1180e+00,7.4692e-01,2.0589e+00,4.0182e+00,2.8701e+01,-5.1257e+03
2.1479e-01,-1.2274e+00,1.6545e+00,2.0801e+00,1.4985e+00,2.3108e+00,3.9851e+00,2.8522e+01,-5.1125e+03
1.5432e-01,-1.3596e+00,1.6298e+00,2.0773e+00,2.0325e+00,2.8250e+00,3.9250e+00,2.8543e+01,-5.1367e+03
2.1374e-01,-1.0779e+00,1.7030e+00,1.9388e+00,2.2481e+00,1.9629e+00,3.9397e+00,2.8447e+01,-5.0928e+03
2.2207e-01,-1.1402e+00,1.6462e+00,1.9687e+00,1.9190e+00,2.4032e+00,3.9327e+00,2.8427e+01,-5.2006e+03
1.6200e-01,-1.2958e+00,1.6561e+00,2.1177e+00,1.6292e+00,3.0818e+00,3.9427e+00,2.8656e+01,-5.0830e+03
2.4170e-01,-1.0845e+00,1.7237e+00,1.6733e+00,9.5816e-01,3.4030e+00,3.7532e+00,2.8448e+01,-5.1979e+03
1.6648e-01,-1.0647e+00,1.7000e+00,2.1122e+00,1.6316e+00,2.2406e+00,3.9631e+00,2.8497e+01,-5.0315e+03
2.0443e-01,-1.9045e+00,1.5326e+00,2.0625e+00,1.1753e+00,2.1737e+00,3.8904e+00,2.8310e+01,-5.1802e+03
1.9419e-01,-1.0203e+00,1.4993e+00,2.2436e+00,6.3030e-01,1.6984e+00,3.8655e+00,2.8230e+01,-5.1338e+03
1.0398e-01,-1.1479e+00,1.7002e+00,2.0581e+00,8.7688e-01,2.7640e+00,3.9854e+00,2.8645e+01,-5.1076e+03
1.1441e-01,-1.1243e+00,1.7053e+00,1.9382e+00,1.5171e+00,2.3443e+00,3.9497e+00,2.8491e+01,-5.0413e+03
2.3217e-01,-1.1463e+00,1.6273e+00,1.9141e+00,4.8628e-01,2.3767e+00,3.8955e+00,2.8286e+01,-5.1743e+03
2.1808e-01,-1.6797e+00,1.5403e+00,1.8354e+00,2.2135e+00,2.4953e+00,3.8313e+00,2.8256e+01,-5.2036e+03
1.5931e-01,-1.1845e+00,1.6041e+00,2.1567e+00,1.7961e+00,1.7344e+00,3.9441e+00,2.8446e+01,-5.1909e+03
1.8029e-01,-1.4624e+00,1.6759e+00,2.1412e+00,2.2383e+00,1.8033e+00,4.0178e+00,2.8673e+01,-5.1878e+03
2.1579e-01,-1.0299e+00,1.6097e+00,2.0550e+00,8.7526e-01,3.4410e+00,3.6171e+00,2.8350e+01,-5.1538e+03
2.4903e-01,-1.6543e+00,1.4932e+00,1.9650e+00,5.9107e-01,2.3373e+00,3.8480e+00,2.8193e+01,-5.0989e+03
2.2628e-01,-1.4590e+00,1.6970e+00,1.9274e+00,1.1467e+00,2.3927e+00,4.0004e+00,2.8556e+01,-5.1608e+03
1.8389e-01,-1.1007e+00,1.6538e+00,1.9022e+00,1.7536e+00,2.2235e+00,3.9244e+00,2.8383e+01,-5.1733e+03
5.1711e-02,-1.5610e+00,1.6712e+00,1.9299e+00,4.1553e-01,2.0720e+00,3.9661e+00,2.8554e+01,-5.1352e+03
1.1859e-01,-1.1668e+00,1.6786e+00,1.7000e+00,6.0685e-01,2.9689e+00,3.8362e+00,2.8355e+01,-5.1684e+03
1.2770e-01,-1.6685e+00,1.6932e+00,1.8332e+00,1.7362e+00,2.6529e+00,3.9611e+00,2.8567e+01,-5.1215e+03
2.0087e-01,-1.4982e+00,1.4924e+00,2.2487e+00,1.0614e+00,2.0946e+00,3.9414e+00,2.8443e+01,-5.1229e+03
1.1357e-01,-1.2027e+00,1.6755e+00,1.8395e+00,1.3044e+00,2.9235e+00,3.8921e+00,2.8454e+01,-5.1410e+03
1.7837e-01,-1.5235e+00,1.6809e+00,1.7704e+00,1.4800e+00,2.2091e+00,3.9578e+00,2.8474e+01,-5.1472e+03
2.1763e-01,-1.1640e+00,1.6973e+00,1.9270e+00,1.3198e+00,3.2635e+00,3.8411e+00,2.8500e+01,-5.1055e+03
1.3329e-01,-1.0762e+00,1.6714e+00,1.8618e+00,8.6774e-01,3.0984e+00,3.8642e+00,2.8467e+01,-5.1988e+03
2.1542e-01,-1.2523e+00,1.5544e+00,2.1744e+00,8.1705e-01,2.3744e+00,3.9432e+00,2.8446e+01,-5.1555e+03
1.4964e-01,-1.0140e+00,1.6552e+00,1.9318e+00,9.8512e-01,2.3100e+00,3.9086e+00,2.8339e+01,-5.0270e+03
-6.9590e-03,-1.9153e+00,1.6779e+00,2.0396e+00,1.1955e+00,2.2168e+00,4.0285e+00,2.8756e+01,-5.1917e+03
2.2115e-01,-1.0519e+00,1.6829e+00,1.8878e+00,7.7827e-01,2.8722e+00,3.8739e+00,2.8327e+01,-5.1077e+03
2.0359e-01,-1.2370e+00,1.7296e+00,2.0614e+00,1.7468e+00,2.1972e+00,4.0033e+00,2.8597e+01,-5.1275e+03
2.0045e-01,-1.3209e+00,1.6809e+00,1.8467e+00,1.8616e+00,2.1345e+00,3.9755e+00,2.8505e+01,-5.1945e+03
9.0654e-02,-1.7375e+00,1.6810e+00,1.9689e+00,7.6887e-01,2.2772e+00,3.9959e+00,2.8610e+01,-5.1145e+03
2.3553e-01,-1.1303e+00,1.7011e+00,1.7669e+00,2.2924e+00,1.8175e+00,3.9321e+00,2.8396e+01,-5.2060e+03
1.7978e-01,-1.2578e+00,1.4988e+00,2.1302e+00,1.2891e+00,2.0397e+00,3.8685e+00,2.8256e+01,-5.1550e+03
2.4903e-01,-1.6827e+00,1.5162e+00,2.0434e+00,6.7777e-01,2.3921e+00,3.8890e+00,2.8302e+01,-5.1593e+03
1.0208e-01,-1.2130e+00,1.7163e+00,2.0782e+00,9.5620e-01,1.6731e+00,4.0016e+00,2.8605e+01,-5.1529e+03
9.8349e-02,-1.7299e+00,1.7310e+00,1.6497e+00,1.1510e+00,2.5938e+00,3.9856e+00,2.8617e+01,-5.0727e+03
2.4455e-01,-1.4924e+00,1.5927e+00,1.8877e+00,1.9539e+00,2.2900e+00,3.8877e+00,2.8295e+01,-5.2086e+03
2.1029e-01,-1.7511e+00,1.6281e+00,2.0620e+00,1.0245e+00,2.0216e+00,3.9959e+00,2.8533e+01,-5.1740e+03
2.2010e-01,-1.2569e+00,1.6472e+00,2.1520e+00,1.4388e+00,2.5227e+00,3.9599e+00,2.8509e+01,-4.9713e+03
1.8805e-01,-1.3109e+00,1.5975e+00,2.0971e+00,1.8306e+00,2.2479e+00,3.9410e+00,2.8461e+01,-5.0916e+03
1.8996e-01,-1.9043e+00,1.4965e+00,2.0228e+00,1.8316e+00,2.2620e+00,3.8578e+00,2.8279e+01,-5.1175e+03
2.3290e-01,-1.0048e+00,1.5820e+00,2.1955e+00,1.6166e+00,2.2897e+00,3.8975e+00,2.8334e+01,-4.9671e+03
2.2651e-01,-1.8111e+00,1.5941e+00,2.1556e+00,1.2581e+00,2.5406e+00,3.9702e+00,2.8542e+01,-5.1598e+03
2.3602e-01,-1.2001e+00,1.7217e+00,2.1295e+00,2.1023e+00,1.9780e+00,4.0509e+00,2.8702e+01,-5.0661e+03
1.9967e-01,-1.6290e+00,1.4624e+00,2.1845e+00,1.1508e+00,2.1572e+00,3.9080e+00,2.8377e+01,-5.2052e+03
9.7704e-02,-1.2328e+00,1.6882e+00,2.1624e+00,6.6503e-01,1.7795e+00,4.0076e+00,2.8622e+01,-4.9959e+03
1.9695e-01,-1.3427e+00,1.7054e+00,1.8431e+00,1.2798e+00,2.0711e+00,3.9786e+00,2.8495e+01,-5.0926e+03
2.3426e-01,-1.1716e+00,1.5506e+00,2.1306e+00,1.5250e+00,2.0291e+00,3.8948e+00,2.8307e+01,-5.0362e+03
1.7504e-01,-1.1534e+00,1.5410e+00,2.1627e+00,6.1039e-01,2.3157e+00,3.9021e+00,2.8353e+01,-5.0274e+03
1.6048e-01,-1.5006e+00,1.5451e+00,2.0499e+00,8.7165e-01,2.2564e+00,3.8835e+00,2.8308e+01,-5.1506e+03
9.5521e-02,-1.4752e+00,1.7010e+00,1.9576e+00,6.3430e-01,1.8934e+00,4.0182e+00,2.8630e+01,-5.1068e+03
2.3578e-01,-1.2671e+00,1.6875e+00,2.0251e+00,1.1421e+00,2.1760e+00,3.9994e+00,2.8535e+01,-4.9314e+03
2.0992e-01,-1.0571e+00,1.5277e+00,2.0937e+00,1.3792e+00,2.0320e+00,3.8674e+00,2.8229e+01,-4.8665e+03
1.6500e-01,-1.2776e+00,1.6574e+00,2.2409e+00,1.8158e+00,1.8726e+00,4.0329e+00,2.8669e+01,-5.1999e+03
1.4067e-01,-1.2126e+00,1.6757e+00,2.0431e+00,5.3586e-01,2.9699e+00,3.9371e+00,2.8581e+01,-4.9700e+03
1.7748e-01,-1.4364e+00,1.7145e+00,1.8250e+00,2.2884e+00,2.9171e+00,3.9342e+00,2.8605e+01,-5.2077e+03
2.1792e-01,-1.4823e+00,1.6295e+00,2.1761e+00,5.8089e-01,2.1799e+00,3.9808e+00,2.8520e+01,-5.0930e+03
2.2046e-01,-1.2952e+00,1.6593e+00,1.8502e+00,1.2837e+00,2.4582e+00,3.9315e+00,2.8397e+01,-5.1945e+03
1.2525e-01,-1.2956e+00,1.7334e+00,2.2074e+00,1.0183e+00,2.5657e+00,4.0532e+00,2.8764e+01,-5.0779e+03
1.3679e-01,-1.4713e+00,1.6063e+00,1.9034e+00,1.2498e+00,2.9108e+00,3.8413e+00,2.8353e+01,-5.1939e+03
1.7931e-01,-1.0825e+00,1.6690e+00,2.0131e+00,2.2041e+00,1.8743e+00,3.9696e+00,2.8524e+01,-5.2076e+03
1.6239e-01,-1.6770e+00,1.5801e+00,2.1132e+00,5.8115e-01,2.2837e+00,3.9498e+00,2.8493e+01,-5.1019e+03
1.8156e-01,-1.9393e+00,1.6006e+00,1.9446e+00,1.9880e+00,2.0189e+00,3.9324e+00,2.8442e+01,-5.1782e+03
2.3707e-01,-1.3132e+00,1.7220e+00,1.6605e+00,2.0031e+00,2.3580e+00,3.9542e+00,2.8440e+01,-5.1981e+03
1.6396e-01,-1.1695e+00,1.6819e+00,2.1113e+00,7.7491e-01,2.0772e+00,3.9839e+00,2.8520e+01,-5.0624e+03
6.1022e-02,-1.1530e+00,1.6918e+00,2.0597e+00,1.3290e+00,2.0008e+00,3.9821e+00,2.8582e+01,-5.0076e+03
1.8835e-01,-1.2384e+00,1.6604e+00,2.1515e+00,1.5086e+00,1.8618e+00,4.0224e+00,2.8615e+01,-5.1391e+03
1.8919e-01,-1.1849e+00,1.5731e+00,2.1198e+00,1.5019e+00,1.6901e+00,3.8857e+00,2.8296e+01,-5.2030e+03
1.8150e-01,-1.2885e+00,1.5901e+00,2.1981e+00,1.1827e+00,1.6334e+00,3.9767e+00,2.8515e+01,-5.1342e+03
2.0558e-01,-1.1611e+00,1.6107e+00,1.9791e+00,7.8973e-01,3.2327e+00,3.7653e+00,2.8356e+01,-5.1778e+03
1.8258e-01,-1.1659e+00,1.6092e+00,2.2146e+00,4.3038e-01,1.8878e+00,3.9985e+00,2.8563e+01,-5.1151e+03
2.3068e-01,-1.2913e+00,1.6735e+00,1.9398e+00,1.9108e+00,2.6249e+00,3.9248e+00,2.8441e+01,-5.1780e+03
1.2986e-01,-1.2991e+00,1.7202e+00,2.2374e+00,1.4727e+00,2.8908e+00,4.0536e+00,2.8832e+01,-5.1650e+03
1.8981e-01,-1.0611e+00,1.6245e+00,1.9692e+00,8.4626e-01,2.8004e+00,3.8723e+00,2.8349e+01,-5.0134e+03
1.1151e-01,-1.1837e+00,1.6841e+00,2.2075e+00,1.7823e+00,2.0838e+00,4.0259e+00,2.8686e+01,-5.1446e+03
2.3166e-01,-1.2008e+00,1.6475e+00,2.0726e+00,1.4174e+00,2.7686e+00,3.9305e+00,2.8463e+01,-5.1021e+03
1.2348e-01,-1.2746e+00,1.7091e+00,1.7700e+00,1.2091e+00,2.1647e+00,3.9826e+00,2.8529e+01,-5.1600e+03
2.3848e-01,-1.0905e+00,1.6227e+00,2.2369e+00,1.6694e+00,2.8334e+00,3.9162e+00,2.8464e+01,-5.1222e+03
2.3019e-01,-1.1490e+00,1.5992e+00,2.2292e+00,1.0394e+00,2.5457e+00,3.9496e+00,2.8477e+01,-4.9733e+03
1.7218e-01,-1.0597e+00,1.6371e+00,2.1642e+00,9.6499e-01,2.8032e+00,3.9112e+00,2.8469e+01,-4.9566e+03
1.1193e-01,-1.4269e+00,1.6268e+00,2.1146e+00,1.2792e+00,1.9605e+00,3.9897e+00,2.8587e+01,-5.1620e+03
1.9916e-01,-1.5088e+00,1.5789e+00,2.0676e+00,1.6474e+00,2.8976e+00,3.9087e+00,2.8491e+01,-5.1695e+03
2.0334e-01,-1.4006e+00,1.6954e+00,2.0830e+00,2.3036e+00,2.5265e+00,3.9926e+00,2.8654e+01,-5.1128e+03
1.7663e-01,-1.6734e+00,1.6253e+00,2.0729e+00,2.0764e+00,2.4701e+00,3.9529e+00,2.8541e+01,-5.1159e+03
1.1688e-01,-1.3107e+00,1.6922e+00,1.9578e+00,4.1985e-01,2.2264e+00,3.9555e+00,2.8485e+01,-5.1666e+03
8.6084e-02,-1.1416e+00,1.6779e+00,1.8959e+00,6.8965e-01,2.7038e+00,3.9165e+00,2.8454e+01,-5.1906e+03
1.5426e-01,-1.3884e+00,1.6135e+00,2.0808e+00,2.0293e+00,2.8664e+00,3.9055e+00,2.8519e+01,-5.0710e+03
9.6975e-02,-1.6575e+00,1.6854e+00,1.8374e+00,1.2678e+00,2.7494e+00,3.9354e+00,2.8538e+01,-5.1374e+03
2.1922e-01,-1.3366e+00,1.6663e+00,2.1025e+00,1.3433e+00,2.5513e+00,3.9642e+00,2.8526e+01,-5.0048e+03
1.4578e-01,-1.0380e+00,1.5011e+00,2.0698e+00,9.3812e-01,2.4546e+00,3.8060e+00,2.8159e+01,-5.0868e+03
2.2272e-01,-1.2107e+00,1.6314e+00,1.9473e+00,1.8283e+00,3.4758e+00,3.6690e+00,2.8469e+01,-5.1911e+03
2.3327e-01,-1.6773e+00,1.5801e+00,2.0586e+00,4.0753e-01,1.9244e+00,3.9338e+00,2.8364e+01,-5.2057e+03
2.3535e-01,-1.2530e+00,1.6682e+00,1.9942e+00,2.1860e+00,2.3079e+00,3.9504e+00,2.8494e+01,-5.2058e+03
1.7556e-01,-1.0782e+00,1.5232e+00,2.1516e+00,1.4997e+00,2.2808e+00,3.8698e+00,2.8295e+01,-5.1460e+03
2.2516e-01,-1.2339e+00,1.6548e+00,1.8184e+00,6.0032e-01,3.4724e+00,3.6841e+00,2.8462e+01,-5.1796e+03
2.3147e-01,-1.2500e+00,1.5759e+00,2.0873e+00,1.3831e+00,2.8523e+00,3.8561e+00,2.8343e+01,-5.0747e+03
1.1750e-01,-1.2893e+00,1.7158e+00,2.0541e+00,1.4359e+00,1.6287e+00,4.0362e+00,2.8685e+01,-5.0321e+03
2.1763e-01,-1.2870e+00,1.5407e+00,1.9281e+00,1.5915e+00,2.4160e+00,3.8254e+00,2.8152e+01,-5.1258e+03
2.4300e-01,-1.5527e+00,1.5027e+00,2.0535e+00,1.3294e+00,2.6101e+00,3.8618e+00,2.8281e+01,-5.2047e+03
2.2646e-01,-1.0384e+00,1.5367e+00,1.9557e+00,1.8791e+00,2.1003e+00,3.8143e+00,2.8108e+01,-5.0679e+03
2.0245e-01,-1.4121e+00,1.5683e+00,2.1246e+00,1.0230e+00,2.3192e+00,3.9249e+00,2.8418e+01,-5.1402e+03
1.0469e-01,-1.1234e+00,1.6930e+00,1.9679e+00,3.7705e-01,2.7240e+00,3.9340e+00,2.8511e+01,-5.0128e+03
1.1535e-01,-1.6134e+00,1.7294e+00,2.1633e+00,6.9924e-01,2.6702e+00,4.0507e+00,2.8799e+01,-5.1737e+03
1.8809e-01,-1.3220e+00,1.6695e+00,1.9596e+00,2.1261e+00,2.3575e+00,3.9471e+00,2.8490e+01,-5.1431e+03
1.4322e-01,-1.3794e+00,1.6609e+00,2.1208e+00,1.2426e+00,2.9088e+00,3.9732e+00,2.8650e+01,-5.1166e+03
9.9651e-02,-1.5533e+00,1.7299e+00,2.1199e+00,4.5028e-01,2.8730e+00,4.0371e+00,2.8801e+01,-5.1952e+03
1.4102e-01,-1.2164e+00,1.7103e+00,1.8996e+00,2.0534e+00,3.4767e+00,3.7380e+00,2.8612e+01,-5.1842e+03
2.1430e-01,-1.0873e+00,1.6696e+00,2.3218e+00,1.9975e+00,2.2855e+00,4.0400e+00,2.8718e+01,-5.1457e+03
2.1489e-01,-1.2887e+00,1.5675e+00,1.9834e+00,1.8818e+00,2.3958e+00,3.8768e+00,2.8294e+01,-5.1697e+03
1.9099e-01,-1.2961e+00,1.5641e+00,2.0687e+00,2.1393e+00,2.1183e+00,3.8935e+00,2.8374e+01,-5.1493e+03
1.1372e-01,-1.1458e+00,1.6832e+00,2.1093e+00,1.2608e+00,2.9882e+00,3.9377e+00,2.8610e+01,-5.1376e+03
1.7458e-01,-1.2056e+00,1.5783e+00,2.1294e+00,1.7956e+00,2.5089e+00,3.9223e+00,2.8432e+01,-5.1211e+03
2.1165e-01,-1.2498e+00,1.7109e+00,2.0301e+00,1.2860e+00,2.9234e+00,3.9428e+00,2.8521e+01,-5.1976e+03
2.0413e-01,-1.3664e+00,1.6990e+00,1.8907e+00,1.8342e+00,1.6690e+00,3.9841e+00,2.8499e+01,-5.1574e+03
2.1658e-01,-1.5170e+00,1.6004e+00,2.1481e+00,2.0013e+00,1.6719e+00,3.9691e+00,2.8508e+01,-5.1560e+03
1.9850e-01,-1.4103e+00,1.4920e+00,2.1434e+00,5.3732e-01,2.8946e+00,3.8274e+00,2.8304e+01,-5.2015e+03
2.4621e-01,-1.8925e+00,1.5860e+00,1.9077e+00,1.4981e+00,1.8556e+00,3.9148e+00,2.8328e+01,-5.1775e+03
2.2306e-01,-1.1441e+00,1.6445e+00,2.1631e+00,5.0335e-01,2.1406e+00,3.9780e+00,2.8480e+01,-5.0225e+03
2.4878e-01,-1.3376e+00,1.5954e+00,2.1816e+00,2.1690e+00,1.6333e+00,3.9541e+00,2.8475e+01,-5.1038e+03
2.1204e-01,-1.0512e+00,1.7097e+00,2.0189e+00,1.1678e+00,1.7325e+00,3.9991e+00,2.8537e+01,-5.1556e+03
1.3283e-01,-1.4676e+00,1.6537e+00,2.0035e+00,2.1626e+00,1.7036e+00,3.9761e+00,2.8584e+01,-5.1663e+03
2.1746e-01,-1.2296e+00,1.5942e+00,2.0603e+00,2.2221e+00,2.0030e+00,3.9055e+00,2.8387e+01,-5.1788e+03
1.8753e-01,-1.3006e+00,1.5976e+00,2.1881e+00,1.2601e+00,1.7185e+00,3.9844e+00,2.8518e+01,-5.1247e+03
1.7430e-01,-1.3921e+00,1.6571e+00,1.8735e+00,1.8743e+00,2.5422e+00,3.9322e+00,2.8448e+01,-5.1122e+03
1.5505e-01,-1.5497e+00,1.6030e+00,2.2587e+00,7.3190e-01,2.0285e+00,4.0179e+00,2.8654e+01,-5.2075e+03
2.0274e-01,-1.0549e+00,1.5684e+00,2.2595e+00,1.6740e+00,1.8181e+00,3.9363e+00,2.8402e+01,-5.1820e+03
1.4350e-01,-1.5008e+00,1.7278e+00,1.9709e+00,7.1150e-01,2.0830e+00,4.0171e+00,2.8605e+01,-5.1253e+03
1.6735e-01,-1.6331e+00,1.5906e+00,1.9879e+00,7.0726e-01,2.9628e+00,3.8588e+00,2.8405e+01,-5.2114e+03
1.6690e-01,-1.1674e+00,1.6618e+00,1.9760e+00,1.7934e+00,2.9133e+00,3.8940e+00,2.8454e+01,-5.1911e+03
1.7762e-01,-1.6238e+00,1.6890e+00,1.9777e+00,4.8910e-01,3.1073e+00,3.9343e+00,2.8605e+01,-5.1924e+03
2.1738e-01,-1.2020e+00,1.7137e+00,2.0820e+00,1.0374e+00,2.5926e+00,4.0107e+00,2.8630e+01,-5.1415e+03
1.3904e-01,-1.2581e+00,1.5953e+00,2.1642e+00,1.6379e+00,2.0680e+00,3.9621e+00,2.8528e+01,-5.0921e+03
9.2316e-02,-1.2956e+00,1.6966e+00,2.0050e+00,1.2907e+00,2.2574e+00,3.9598e+00,2.8538e+01,-5.1158e+03
2.1116e-01,-1.3518e+00,1.5624e+00,2.2068e+00,1.3780e+00,2.6207e+00,3.9488e+00,2.8523e+01,-5.1855e+03
2.1646e-01,-1.1727e+00,1.6654e+00,2.2717e+00,1.0453e+00,2.5670e+00,4.0089e+00,2.8624e+01,-5.1654e+03
1.2273e-01,-1.9503e+00,1.6886e+00,2.1275e+00,6.6004e-01,1.8636e+00,4.0439e+00,2.8711e+01,-5.1969e+03
2.2724e-01,-1.7373e+00,1.6927e+00,1.8730e+00,1.6920e+00,2.1041e+00,3.9902e+00,2.8523e+01,-5.1513e+03
1.3166e-01,-1.3301e+00,1.6950e+00,2.1962e+00,1.8738e+00,1.9607e+00,4.0556e+00,2.8769e+01,-5.2038e+03
2.4849e-01,-1.0917e+00,1.6034e+00,2.2105e+00,9.6655e-01,1.7815e+00,3.9417e+00,2.8371e+01,-5.0636e+03
5.8734e-02,-1.0903e+00,1.6784e+00,1.9702e+00,1.2145e+00,2.7537e+00,3.9215e+00,2.8515e+01,-5.1348e+03
1.3357e-01,-1.1638e+00,1.6767e+00,2.1302e+00,6.9634e-01,2.6569e+00,3.9601e+00,2.8551e+01,-5.0048e+03
2.0502e-01,-1.3681e+00,1.5988e+00,2.2210e+00,7.4514e-01,2.9572e+00,3.9491e+00,2.8595e+01,-5.1696e+03
2.4873e-01,-1.0997e+00,1.4930e+00,2.1720e+00,8.7355e-01,2.6920e+00,3.8196e+00,2.8201e+01,-4.9509e+03
1.9381e-01,-1.4141e+00,1.6653e+00,1.9200e+00,2.3062e+00,1.7090e+00,3.9645e+00,2.8530e+01,-5.1409e+03
1.9506e-01,-1.3195e+00,1.5496e+00,2.1012e+00,1.5293e+00,2.8104e+00,3.8539e+00,2.8326e+01,-5.1774e+03
2.1593e-01,-1.3297e+00,1.5664e+00,2.2375e+00,5.7792e-01,2.8849e+00,3.9228e+00,2.8494e+01,-5.1761e+03
8.8657e-02,-1.4838e+00,1.6855e+00,1.9461e+00,1.2181e+00,1.8100e+00,3.9951e+00,2.8602e+01,-5.0959e+03
8.5301e-02,-1.6334e+00,1.6901e+00,1.9746e+00,1.8336e+00,1.7927e+00,4.0008e+00,2.8636e+01,-5.1768e+03
2.2405e-01,-1.2285e+00,1.4975e+00,2.2427e+00,1.6218e+00,1.8496e+00,3.9080e+00,2.8344e+01,-5.1415e+03
1.1673e-01,-1.3183e+00,1.6881e+00,1.6830e+00,1.7454e+00,1.8026e+00,3.9441e+00,2.8455e+01,-5.0733e+03
5.9645e-02,-1.4694e+00,1.7020e+00,1.8474e+00,1.4672e+00,2.3021e+00,4.0005e+00,2.8637e+01,-5.1852e+03
1.8408e-01,-1.0404e+00,1.7100e+00,2.2646e+00,2.2224e+00,1.7058e+00,4.0619e+00,2.8760e+01,-5.0667e+03
1.4680e-01,-1.0986e+00,1.6926e+00,2.2908e+00,1.3455e+00,1.7170e+00,4.0645e+00,2.8759e+01,-5.0905e+03
1.7654e-01,-1.0828e+00,1.6646e+00,2.1599e+00,2.0568e+00,2.3146e+00,3.9926e+00,2.8602e+01,-5.0573e+03
2.3079e-01,-1.6073e+00,1.6557e+00,1.9526e+00,1.4028e+00,2.6843e+00,3.9699e+00,2.8535e+01,-5.1774e+03
1.6974e-01,-1.1860e+00,1.7070e+00,1.7340e+00,6.9618e-01,3.1068e+00,3.8393e+00,2.8397e+01,-5.0982e+03
2.3006e-01,-1.2891e+00,1.5975e+00,2.0253e+00,1.6803e+00,2.7895e+00,3.8739e+00,2.8340e+01,-5.0172e+03
1.3364e-01,-1.0112e+00,1.6975e+00,2.1681e+00,1.8187e+00,3.1372e+00,3.9273e+00,2.8653e+01,-5.1217e+03
1.7182e-01,-1.1177e+00,1.6269e+00,2.1352e+00,2.3021e+00,2.2959e+00,3.9074e+00,2.8442e+01,-5.1978e+03
1.6304e-01,-1.1462e+00,1.7023e+00,2.0060e+00,9.0129e-01,2.6351e+00,3.9894e+00,2.8600e+01,-5.1143e+03
1.2684e-01,-1.2435e+00,1.6537e+00,1.9184e+00,1.8491e+00,2.4202e+00,3.9279e+00,2.8454e+01,-5.0826e+03
1.8832e-01,-1.4055e+00,1.6058e+00,1.7533e+00,2.4037e+00,2.0649e+00,3.8500e+00,2.8287e+01,-5.1762e+03
1.5386e-01,-1.5033e+00,1.6274e+00,1.8946e+00,1.1083e+00,2.4054e+00,3.9358e+00,2.8429e+01,-5.1948e+03
1.7806e-01,-1.3308e+00,1.6094e+00,2.0408e+00,8.9784e-01,2.7661e+00,3.9073e+00,2.8414e+01,-5.1924e+03
2.2080e-01,-1.7540e+00,1.5529e+00,2.1705e+00,4.6654e-01,1.8211e+00,3.9802e+00,2.8513e+01,-5.1997e+03
2.2529e-01,-1.0415e+00,1.5282e+00,2.1775e+00,1.0792e+00,2.0259e+00,3.8622e+00,2.8220e+01,-5.0042e+03
6.5134e-02,-1.0635e+00,1.7256e+00,2.0508e+00,1.5497e+00,3.1023e+00,3.9075e+00,2.8618e+01,-5.1607e+03
2.4771e-01,-1.9573e+00,1.5578e+00,2.0371e+00,1.1398e+00,2.5371e+00,3.8916e+00,2.8327e+01,-5.1851e+03
1.5196e-01,-1.5253e+00,1.6769e+00,2.0542e+00,8.0870e-01,2.3757e+00,3.9936e+00,2.8585e+01,-5.1987e+03
2.4475e-01,-1.3865e+00,1.6216e+00,2.0596e+00,1.9897e+00,1.8401e+00,3.9529e+00,2.8465e+01,-5.1058e+03
1.0691e-01,-1.9786e+00,1.6603e+00,2.0235e+00,1.0109e+00,2.3612e+00,4.0113e+00,2.8662e+01,-5.1880e+03
1.6064e-01,-1.1729e+00,1.6925e+00,2.1492e+00,1.7185e+00,3.2221e+00,3.9228e+00,2.8686e+01,-5.1191e+03
1.7296e-01,-1.4758e+00,1.7127e+00,1.9131e+00,1.1937e+00,2.2531e+00,3.9841e+00,2.8550e+01,-5.2098e+03
1.5601e-01,-1.1271e+00,1.5567e+00,1.9991e+00,1.2386e+00,2.0343e+00,3.8677e+00,2.8257e+01,-5.1825e+03
2.2073e-01,-1.3741e+00,1.7099e+00,2.2226e+00,1.9697e+00,2.5722e+00,4.0496e+00,2.8747e+01,-5.1683e+03
3.1717e-02,-1.6918e+00,1.7269e+00,1.7662e+00,5.3249e-01,2.1091e+00,4.0048e+00,2.8634e+01,-5.1935e+03
2.3570e-01,-1.0506e+00,1.6867e+00,2.0231e+00,9.2974e-01,1.6825e+00,3.9944e+00,2.8503e+01,-5.2060e+03
1.7485e-01,-1.1043e+00,1.6637e+00,2.1224e+00,1.2181e+00,3.1846e+00,3.8812e+00,2.8554e+01,-4.9585e+03
2.2684e-01,-1.2063e+00,1.5083e+00,2.0278e+00,1.2605e+00,2.4518e+00,3.8395e+00,2.8194e+01,-5.1624e+03
2.3155e-01,-1.0959e+00,1.5936e+00,2.2215e+00,6.7901e-01,2.4889e+00,3.9290e+00,2.8402e+01,-4.9381e+03
1.8447e-01,-1.3935e+00,1.6385e+00,2.1912e+00,8.5510e-01,2.6361e+00,4.0033e+00,2.8640e+01,-5.1901e+03
1.6393e-01,-1.6561e+00,1.6240e+00,2.0255e+00,1.2898e+00,2.7089e+00,3.9479e+00,2.8546e+01,-5.1899e+03
1.5286e-01,-1.3459e+00,1.6271e+00,2.1751e+00,5.3320e-01,1.7903e+00,3.9772e+00,2.8522e+01,-5.0563e+03
1.9279e-01,-1.4705e+00,1.6185e+00,2.0924e+00,2.0723e+00,1.9182e+00,3.9656e+00,2.8522e+01,-5.0973e+03
2.2443e-01,-1.9511e+00,1.7215e+00,1.8681e+00,1.2405e+00,2.0763e+00,4.0106e+00,2.8557e+01,-5.1854e+03
1.5665e-01,-1.0874e+00,1.6483e+00,2.0857e+00,5.9853e-01,2.5386e+00,3.9120e+00,2.8406e+01,-5.0329e+03
2.2243e-01,-1.2238e+00,1.6261e+00,1.9183e+00,6.8486e-01,2.3413e+00,3.8981e+00,2.8289e+01,-5.1320e+03
1.8306e-01,-1.0348e+00,1.5831e+00,2.0522e+00,1.6193e+00,1.8419e+00,3.8832e+00,2.8288e+01,-5.1738e+03
2.0105e-01,-1.6227e+00,1.6389e+00,2.0744e+00,1.5445e+00,3.0139e+00,3.9365e+00,2.8585e+01,-5.1941e+03
2.3890e-01,-1.1323e+00,1.7236e+00,2.0662e+00,1.9283e+00,2.9957e+00,3.9379e+00,2.8542e+01,-5.0800e+03
1.0568e-01,-1.5504e+00,1.6788e+00,1.8672e+00,1.8373e+00,3.2140e+00,3.8716e+00,2.8614e+01,-5.1470e+03
2.4970e-01,-1.0837e+00,1.5184e+00,2.1338e+00,1.1976e+00,1.9841e+00,3.8779e+00,2.8221e+01,-5.0145e+03
5.3756e-02,-1.1624e+00,1.6462e+00,2.0918e+00,5.7248e-01,2.0928e+00,3.9467e+00,2.8493e+01,-5.1952e+03
1.4059e-01,-1.5026e+00,1.6865e+00,2.1106e+00,1.5641e+00,2.6044e+00,4.0012e+00,2.8644e+01,-5.1935e+03
1.7425e-01,-1.1338e+00,1.7170e+00,2.0440e+00,8.0020e-01,1.7194e+00,4.0216e+00,2.8614e+01,-5.1974e+03
2.0719e-01,-1.3016e+00,1.7021e+00,2.0561e+00,1.6502e+00,2.0919e+00,4.0397e+00,2.8667e+01,-5.0931e+03
8.6790e-02,-1.1117e+00,1.7079e+00,1.9682e+00,1.4606e+00,2.6155e+00,3.9419e+00,2.8528e+01,-5.0346e+03
1.8374e-01,-1.3506e+00,1.6471e+00,1.9063e+00,1.0431e+00,3.2068e+00,3.8291e+00,2.8453e+01,-5.1861e+03
1.7942e-01,-1.2975e+00,1.6172e+00,1.9547e+00,3.7804e-01,1.9104e+00,3.9252e+00,2.8355e+01,-5.0949e+03
1.0699e-01,-1.8696e+00,1.7225e+00,1.8452e+00,8.7796e-01,1.9992e+00,4.0088e+00,2.8636e+01,-5.1394e+03
1.6445e-01,-1.2599e+00,1.6560e+00,2.0853e+00,7.3851e-01,2.8710e+00,3.9439e+00,2.8557e+01,-4.9387e+03
2.2438e-01,-1.1233e+00,1.4714e+00,2.1020e+00,1.5245e+00,1.7344e+00,3.8454e+00,2.8183e+01,-5.1903e+03
1.5435e-01,-1.5117e+00,1.6166e+00,2.1027e+00,1.3525e+00,1.9865e+00,3.9727e+00,2.8518e+01,-5.0662e+03
1.0213e-01,-1.5106e+00,1.5936e+00,2.0048e+00,1.7430e+00,2.4570e+00,3.8987e+00,2.8426e+01,-5.1927e+03
2.3368e-01,-1.4831e+00,1.4823e+00,2.0234e+00,1.0236e+00,2.2398e+00,3.8288e+00,2.8146e+01,-5.1538e+03
1.6628e-01,-1.1924e+00,1.6952e+00,1.9607e+00,2.4616e+00,1.8131e+00,3.9609e+00,2.8573e+01,-5.1676e+03
2.4356e-01,-1.1098e+00,1.6015e+00,2.2692e+00,1.0915e+00,2.6161e+00,3.9607e+00,2.8525e+01,-5.1801e+03
1.8289e-01,-1.6554e+00,1.6105e+00,2.0278e+00,9.0800e-01,2.1697e+00,3.9562e+00,2.8473e+01,-5.1507e+03
1.1090e-01,-1.4713e+00,1.7039e+00,2.1036e+00,7.8754e-01,2.6978e+00,4.0241e+00,2.8717e+01,-5.1991e+03
1.7401e-01,-1.4208e+00,1.6976e+00,2.0416e+00,7.1104e-01,2.6895e+00,3.9679e+00,2.8556e+01,-5.1493e+03
1.5946e-01,-1.7451e+00,1.6518e+00,1.9527e+00,4.5901e-01,2.2211e+00,3.9706e+00,2.8535e+01,-5.2081e+03
1.5091e-01,-1.1916e+00,1.7229e+00,2.2582e+00,1.9049e+00,2.9745e+00,4.0285e+00,2.8811e+01,-5.1412e+03
1.2234e-01,-1.2798e+00,1.5707e+00,1.8718e+00,1.3732e+00,2.1667e+00,3.8581e+00,2.8251e+01,-5.1918e+03
1.5668e-01,-1.1007e+00,1.6240e+00,2.2307e+00,1.1192e+00,1.7815e+00,3.9927e+00,2.8577e+01,-5.0481e+03
1.2305e-01,-1.2150e+00,1.7254e+00,2.0382e+00,8.4948e-01,2.7099e+00,3.9853e+00,2.8634e+01,-4.9848e+03
1.1847e-01,-1.1736e+00,1.7117e+00,1.7835e+00,4.0133e-01,2.8791e+00,3.8947e+00,2.8445e+01,-5.2076e+03
8.9624e-02,-1.8139e+00,1.6446e+00,2.0194e+00,1.6466e+00,1.7212e+00,3.9846e+00,2.8586e+01,-5.2065e+03
2.0917e-01,-1.9485e+00,1.6603e+00,2.0242e+00,2.0480e+00,1.7802e+00,4.0047e+00,2.8601e+01,-5.0932e+03
1.6881e-01,-1.8791e+00,1.6921e+00,2.0115e+00,1.7250e+00,2.0558e+00,4.0220e+00,2.8630e+01,-5.1088e+03
1.7012e-01,-1.5823e+00,1.6358e+00,1.9488e+00,1.1457e+00,2.4847e+00,3.9434e+00,2.8480e+01,-5.1037e+03
1.7586e-01,-1.4041e+00,1.6100e+00,2.0574e+00,2.1316e+00,2.0587e+00,3.9527e+00,2.8518e+01,-5.1677e+03
1.3693e-01,-1.2993e+00,1.6855e+00,1.9162e+00,1.2069e+00,2.1742e+00,3.9612e+00,2.8505e+01,-5.1908e+03
5.9082e-02,-1.2584e+00,1.7142e+00,1.9166e+00,7.3672e-01,2.2485e+00,3.9939e+00,2.8620e+01,-5.1449e+03
2.1392e-01,-1.0911e+00,1.6840e+00,2.3156e+00,1.9265e+00,2.6973e+00,4.0144e+00,2.8677e+01,-5.1815e+03
2.3255e-01,-1.3530e+00,1.7185e+00,2.1340e+00,2.3512e+00,1.8823e+00,4.0385e+00,2.8713e+01,-5.1754e+03
1.6397e-01,-1.4486e+00,1.6761e+00,1.9295e+00,1.2140e+00,1.7372e+00,3.9582e+00,2.8439e+01,-5.1996e+03
1.6883e-01,-1.0228e+00,1.6816e+00,2.2528e+00,1.7203e+00,3.0975e+00,3.9384e+00,2.8635e+01,-5.1567e+03
1.7807e-01,-1.9234e+00,1.7124e+00,1.9604e+00,9.7144e-01,2.2213e+00,4.0470e+00,2.8693e+01,-5.1389e+03
1.3810e-01,-1.4636e+00,1.6311e+00,2.1180e+00,1.6252e+00,1.8376e+00,3.9836e+00,2.8570e+01,-5.1993e+03
2.2673e-01,-1.5255e+00,1.6115e+00,1.9660e+00,8.7019e-01,1.8912e+00,3.9361e+00,2.8377e+01,-5.1254e+03
2.1436e-01,-1.3484e+00,1.4853e+00,2.2189e+00,1.2797e+00,2.2049e+00,3.9012e+00,2.8344e+01,-5.1573e+03
1.6650e-01,-1.3029e+00,1.7331e+00,2.0020e+00,1.6556e+00,2.6385e+00,4.0074e+00,2.8641e+01,-5.0724e+03
1.3329e-01,-1.3904e+00,1.5463e+00,2.0871e+00,3.9288e-01,1.8968e+00,3.9163e+00,2.8390e+01,-5.1153e+03
1.7678e-01,-1.1694e+00,1.7187e+00,1.9893e+00,9.4022e-01,2.8613e+00,3.9905e+00,2.8616e+01,-5.1827e+03
1.4907e-01,-1.6525e+00,1.6625e+00,1.8088e+00,1.3577e+00,1.9350e+00,3.9576e+00,2.8459e+01,-5.1284e+03
6.0454e-02,-1.2137e+00,1.7186e+00,1.9002e+00,1.1860e+00,2.1520e+00,3.9714e+00,2.8543e+01,-5.0618e+03
2.0242e-01,-1.3502e+00,1.5231e+00,1.9534e+00,1.0298e+00,1.8203e+00,3.8471e+00,2.8162e+01,-5.1207e+03
1.8698e-01,-1.0872e+00,1.6468e+00,2.3319e+00,4.4793e-01,2.0993e+00,4.0197e+00,2.8641e+01,-5.1232e+03
1.6527e-01,-1.3820e+00,1.6773e+00,2.0556e+00,1.5368e+00,2.0332e+00,3.9765e+00,2.8524e+01,-5.1872e+03
2.3632e-01,-1.6305e+00,1.5057e+00,2.1708e+00,6.4491e-01,1.8275e+00,3.9306e+00,2.8371e+01,-5.1391e+03
1.5503e-01,-1.5582e+00,1.6143e+00,1.9343e+00,1.5783e+00,2.2099e+00,3.9006e+00,2.8351e+01,-5.2090e+03
2.3415e-01,-1.0389e+00,1.6751e+00,2.1325e+00,1.7279e+00,2.7268e+00,3.9444e+00,2.8490e+01,-4.9848e+03
2.0537e-01,-1.0880e+00,1.5921e+00,2.0847e+00,8.6821e-01,1.9416e+00,3.9044e+00,2.8301e+01,-4.9667e+03
1.2212e-01,-1.4798e+00,1.6870e+00,2.1586e+00,1.6892e+00,2.3704e+00,4.0599e+00,2.8801e+01,-5.2045e+03
1.8831e-01,-1.9742e+00,1.7293e+00,1.9393e+00,1.3429e+00,2.6408e+00,4.0388e+00,2.8701e+01,-5.1382e+03
1.0022e-01,-1.9096e+00,1.6938e+00,1.9557e+00,1.2083e+00,1.8355e+00,4.0160e+00,2.8643e+01,-5.0762e+03
2.4282e-01,-1.0108e+00,1.5956e+00,2.0230e+00,9.8297e-01,1.9175e+00,3.8878e+00,2.8219e+01,-5.1587e+03
2.2062e-01,-1.1284e+00,1.5164e+00,2.2836e+00,6.5570e-01,1.7445e+00,3.9609e+00,2.8451e+01,-5.1049e+03
1.8256e-01,-1.4176e+00,1.7132e+00,1.9370e+00,2.0723e+00,2.4937e+00,4.0148e+00,2.8663e+01,-5.1836e+03
2.1106e-01,-1.0690e+00,1.7271e+00,2.0483e+00,2.1004e+00,3.0955e+00,3.9078e+00,2.8581e+01,-5.1395e+03
1.0126e-01,-1.4485e+00,1.6698e+00,2.0348e+00,1.5150e+00,2.6572e+00,3.9683e+00,2.8614e+01,-5.0856e+03
2.0091e-01,-1.1487e+00,1.6785e+00,2.0119e+00,1.4498e+00,2.7757e+00,3.9087e+00,2.8423e+01,-4.9864e+03
1.9754e-01,-1.1684e+00,1.4509e+00,2.1260e+00,9.3928e-01,2.0325e+00,3.8185e+00,2.8126e+01,-5.1555e+03
2.2003e-01,-1.4429e+00,1.5939e+00,2.1242e+00,1.7593e+00,1.7299e+00,3.9642e+00,2.8481e+01,-5.0308e+03
2.1328e-01,-1.1012e+00,1.5370e+00,2.1585e+00,1.9540e+00,1.9724e+00,3.8719e+00,2.8297e+01,-5.1329e+03
