logfeh,logdust,logNpix,logage,dmod,logl
-1.6317e-01,-1.0829e+00,4.2058e+00,1.0125e+01,3.0758e+01,-3.7602e+02
3.7717e-01,-1.9438e+00,3.8974e+00,9.9463e+00,3.0045e+01,-4.9896e+02
3.7605e-01,-1.3739e+00,3.7919e+00,9.7432e+00,3.0089e+01,-4.6523e+02
1.5208e-01,-1.6087e+00,4.0052e+00,1.0050e+01,3.0239e+01,-2.5233e+02
-8.6849e-02,-1.5087e+00,4.1468e+00,1.0171e+01,3.0581e+01,-3.7028e+02
2.1714e-01,-1.1968e+00,3.8230e+00,9.8154e+00,3.0116e+01,-2.8130e+02
2.3036e-02,-1.0906e+00,3.9212e+00,9.9270e+00,3.0219e+01,-3.7513e+02
-6.0365e-02,-1.1962e+00,4.1619e+00,1.0054e+01,3.0704e+01,-3.4686e+02
9.9472e-02,-1.8129e+00,3.9851e+00,1.0085e+01,3.0142e+01,-2.3972e+02
1.3288e-01,-1.7444e+00,4.0076e+00,1.0062e+01,3.0270e+01,-1.8885e+02
7.4985e-02,-1.1777e+00,3.9198e+00,9.9555e+00,3.0200e+01,-2.2103e+02
-1.9820e-01,-1.0758e+00,4.0759e+00,1.0108e+01,3.0465e+01,-3.4320e+02
7.6408e-03,-1.3756e+00,4.0776e+00,1.0039e+01,3.0504e+01,-3.0321e+02
3.1695e-01,-1.1561e+00,3.7328e+00,9.6850e+00,3.0017e+01,-1.5604e+02
1.5858e-01,-1.4214e+00,3.9203e+00,1.0020e+01,3.0089e+01,-4.2695e+02
1.3060e-01,-1.1038e+00,4.0216e+00,9.8389e+00,3.0582e+01,-4.6217e+02
1.2759e-01,-1.3413e+00,3.9838e+00,1.0005e+01,3.0251e+01,-1.7816e+02
-1.6667e-01,-1.1898e+00,4.0538e+00,1.0162e+01,3.0329e+01,-3.7268e+02
3.2665e-01,-1.2637e+00,3.8870e+00,9.7994e+00,3.0245e+01,-3.9244e+02
5.0488e-02,-1.3006e+00,3.9082e+00,1.0014e+01,3.0106e+01,-5.1859e+02
1.0958e-01,-1.4189e+00,3.8881e+00,1.0014e+01,3.0035e+01,-4.2976e+02
6.1592e-02,-1.0324e+00,3.8376e+00,9.8496e+00,3.0153e+01,-3.3203e+02
-4.9320e-02,-1.7375e+00,4.0748e+00,1.0152e+01,3.0366e+01,-1.1812e+02
1.9164e-01,-1.0926e+00,3.8963e+00,9.8175e+00,3.0306e+01,-2.4301e+02
5.5393e-02,-1.0174e+00,3.8496e+00,9.8532e+00,3.0183e+01,-3.3314e+02
1.1841e-01,-1.3230e+00,4.0805e+00,9.9476e+00,3.0614e+01,-3.8149e+02
9.9192e-02,-1.0501e+00,3.9071e+00,9.8550e+00,3.0296e+01,-5.2523e+02
-6.2204e-02,-1.7525e+00,4.2321e+00,1.0183e+01,3.0724e+01,-2.0729e+02
2.4236e-01,-1.2907e+00,3.9146e+00,9.8988e+00,3.0187e+01,-4.1909e+02
-1.2192e-01,-1.3439e+00,4.1035e+00,1.0153e+01,3.0459e+01,-3.0949e+02
2.3211e-01,-1.2037e+00,3.8667e+00,9.8438e+00,3.0124e+01,-1.5517e+02
3.7836e-01,-1.1356e+00,3.7173e+00,9.6600e+00,3.0003e+01,-1.8230e+02
-2.5845e-02,-1.6032e+00,4.1449e+00,1.0164e+01,3.0529e+01,-2.2382e+02
1.7401e-01,-1.5897e+00,4.0133e+00,9.9895e+00,3.0320e+01,-4.7329e+02
2.7595e-03,-1.2582e+00,4.0881e+00,1.0034e+01,3.0504e+01,-2.7884e+02
2.2403e-01,-1.7747e+00,3.9566e+00,9.9985e+00,3.0141e+01,-2.4488e+02
3.9334e-02,-1.1166e+00,3.9189e+00,9.9393e+00,3.0221e+01,-4.5521e+02
2.1501e-01,-1.0548e+00,3.8480e+00,9.6947e+00,3.0318e+01,-3.8791e+02
3.8213e-01,-1.0858e+00,3.6990e+00,9.5976e+00,3.0041e+01,-1.9254e+02
-2.8302e-02,-1.6791e+00,3.9631e+00,1.0141e+01,3.0080e+01,-5.2849e+02
4.7883e-01,-1.0967e+00,3.7573e+00,9.5683e+00,3.0210e+01,-4.4568e+02
1.0348e-01,-1.3913e+00,3.9050e+00,1.0013e+01,3.0082e+01,-2.5971e+02
3.0296e-01,-1.4245e+00,3.9714e+00,9.8890e+00,3.0315e+01,-4.5683e+02
1.7451e-01,-1.3057e+00,3.9829e+00,9.8953e+00,3.0409e+01,-5.0479e+02
3.4277e-01,-1.0897e+00,3.7439e+00,9.5778e+00,3.0189e+01,-4.2483e+02
-1.5088e-01,-1.1265e+00,4.1827e+00,1.0113e+01,3.0702e+01,-3.4841e+02
-1.8995e-01,-1.1320e+00,4.1791e+00,1.0080e+01,3.0729e+01,-2.7058e+02
1.3346e-02,-1.8549e+00,4.1040e+00,1.0130e+01,3.0451e+01,-2.8355e+02
1.3778e-01,-1.3763e+00,3.8803e+00,9.9555e+00,3.0104e+01,-4.7589e+02
-1.2541e-01,-1.1987e+00,4.0972e+00,1.0121e+01,3.0506e+01,-2.6625e+02
1.7077e-02,-1.0214e+00,3.9255e+00,9.8890e+00,3.0289e+01,-3.2253e+02
1.7074e-01,-1.9493e+00,3.9166e+00,1.0052e+01,3.0031e+01,-4.3778e+02
5.2770e-02,-1.5188e+00,4.0015e+00,1.0078e+01,3.0183e+01,-3.8644e+02
2.3106e-02,-1.3650e+00,4.1003e+00,1.0108e+01,3.0452e+01,-1.2924e+02
1.4142e-01,-1.6969e+00,4.0601e+00,1.0061e+01,3.0387e+01,-2.1490e+02
2.0840e-01,-1.1329e+00,3.7528e+00,9.7268e+00,3.0005e+01,-2.8980e+02
1.5391e-01,-1.5247e+00,3.9355e+00,9.9956e+00,3.0144e+01,-2.7636e+02
1.3073e-01,-1.3185e+00,3.9126e+00,1.0010e+01,3.0063e+01,-2.7703e+02
5.8908e-02,-1.6234e+00,3.9619e+00,1.0080e+01,3.0095e+01,-3.8847e+02
-1.3050e-01,-1.4272e+00,4.1427e+00,1.0179e+01,3.0502e+01,-1.7190e+02
-1.2422e-01,-1.2495e+00,4.2530e+00,1.0155e+01,3.0817e+01,-3.7880e+02
1.2727e-01,-1.7507e+00,3.9867e+00,1.0119e+01,3.0120e+01,-2.7244e+02
2.4422e-02,-1.3169e+00,4.0190e+00,1.0110e+01,3.0231e+01,-4.3637e+02
4.2492e-02,-1.3332e+00,3.9918e+00,1.0029e+01,3.0280e+01,-2.9734e+02
3.1799e-01,-1.4566e+00,3.9216e+00,9.8946e+00,3.0188e+01,-2.9777e+02
2.8952e-01,-1.9311e+00,3.9582e+00,9.9930e+00,3.0145e+01,-4.9483e+02
-1.0320e-01,-1.1443e+00,4.0531e+00,1.0058e+01,3.0441e+01,-5.1159e+02
3.0395e-01,-1.1224e+00,3.8274e+00,9.7226e+00,3.0248e+01,-1.7886e+02
-7.4076e-02,-1.7222e+00,4.1101e+00,1.0191e+01,3.0417e+01,-1.6992e+02
-1.3671e-01,-1.0642e+00,3.9926e+00,1.0054e+01,3.0297e+01,-4.8701e+02
6.4352e-02,-1.7630e+00,4.0176e+00,1.0101e+01,3.0256e+01,-3.6107e+02
1.1509e-01,-1.7619e+00,3.9721e+00,1.0120e+01,3.0095e+01,-1.6269e+02
2.3495e-01,-1.0260e+00,3.7336e+00,9.6898e+00,3.0017e+01,-4.4184e+02
9.3808e-02,-1.4434e+00,4.1090e+00,1.0055e+01,3.0522e+01,-4.3393e+02
1.9148e-01,-1.5882e+00,3.9416e+00,1.0015e+01,3.0141e+01,-5.2197e+02
3.8620e-01,-1.2784e+00,3.8381e+00,9.7571e+00,3.0168e+01,-3.3987e+02
-6.7428e-02,-1.5893e+00,4.1066e+00,1.0157e+01,3.0476e+01,-3.9013e+02
-2.2506e-01,-1.0786e+00,4.1819e+00,1.0140e+01,3.0684e+01,-4.2245e+02
4.9682e-02,-1.1131e+00,3.9617e+00,9.9553e+00,3.0342e+01,-4.0447e+02
2.4440e-01,-1.1562e+00,3.8746e+00,9.8509e+00,3.0135e+01,-5.2173e+02
-2.0094e-02,-1.9962e+00,4.2068e+00,1.0195e+01,3.0624e+01,-4.5336e+02
5.1423e-02,-1.7688e+00,4.0535e+00,1.0131e+01,3.0264e+01,-3.3584e+02
-1.8089e-01,-1.2201e+00,4.1888e+00,1.0172e+01,3.0687e+01,-1.5975e+02
-9.6568e-02,-1.6234e+00,4.0387e+00,1.0178e+01,3.0244e+01,-4.9922e+02
4.3728e-01,-1.1771e+00,3.7339e+00,9.6045e+00,3.0124e+01,-5.1992e+02
2.3059e-02,-1.5823e+00,4.0175e+00,1.0143e+01,3.0198e+01,-3.7073e+02
5.0583e-02,-1.3885e+00,4.1200e+00,1.0056e+01,3.0577e+01,-4.0606e+02
3.8736e-01,-1.0878e+00,3.7795e+00,9.6153e+00,3.0237e+01,-3.9593e+02
2.2290e-01,-1.4675e+00,3.8641e+00,9.9262e+00,3.0006e+01,-3.0984e+02
2.7928e-01,-1.5921e+00,3.9505e+00,9.9753e+00,3.0094e+01,-4.3304e+02
1.2414e-01,-1.6406e+00,4.0653e+00,1.0073e+01,3.0402e+01,-4.7308e+02
1.8014e-01,-1.1625e+00,3.9416e+00,9.8508e+00,3.0369e+01,-2.5232e+02
-1.3862e-02,-1.0555e+00,3.9447e+00,9.9528e+00,3.0269e+01,-4.2854e+02
3.0088e-02,-1.0365e+00,4.0077e+00,9.8370e+00,3.0633e+01,-4.0480e+02
2.3196e-01,-1.1861e+00,3.9340e+00,9.8228e+00,3.0398e+01,-4.7335e+02
3.0270e-01,-1.2474e+00,3.8371e+00,9.8224e+00,3.0134e+01,-2.4789e+02
2.3386e-01,-1.4589e+00,3.8455e+00,9.9034e+00,3.0047e+01,-4.8155e+02
6.3656e-02,-1.0850e+00,4.0106e+00,9.8389e+00,3.0616e+01,-5.2670e+02
2.6856e-01,-1.6290e+00,4.0393e+00,1.0025e+01,3.0333e+01,-4.3527e+02
-4.4524e-02,-1.0106e+00,4.0039e+00,9.8553e+00,3.0600e+01,-3.1340e+02
2.6541e-01,-1.3562e+00,3.9874e+00,9.8924e+00,3.0382e+01,-3.5060e+02
2.6119e-02,-1.6086e+00,4.0051e+00,1.0137e+01,3.0171e+01,-3.1448e+02
2.7511e-01,-1.0931e+00,3.8284e+00,9.7261e+00,3.0174e+01,-2.0409e+02
1.5086e-01,-1.1012e+00,3.8218e+00,9.8350e+00,3.0060e+01,-4.0455e+02
1.6079e-01,-1.0452e+00,3.8538e+00,9.7675e+00,3.0306e+01,-3.8911e+02
-1.7977e-01,-1.2259e+00,4.1404e+00,1.0189e+01,3.0493e+01,-4.5890e+02
1.9558e-01,-1.3540e+00,3.9069e+00,9.8984e+00,3.0214e+01,-4.4145e+02
2.2996e-01,-1.9673e+00,3.9875e+00,1.0024e+01,3.0225e+01,-4.8533e+02
2.1711e-01,-1.1915e+00,3.8157e+00,9.8138e+00,3.0100e+01,-2.5044e+02
2.0475e-01,-1.1254e+00,3.8207e+00,9.7753e+00,3.0080e+01,-3.8296e+02
-2.8478e-02,-1.6971e+00,4.0662e+00,1.0151e+01,3.0343e+01,-1.6971e+02
-9.5089e-02,-1.1089e+00,4.1791e+00,9.9793e+00,3.0840e+01,-3.7887e+02
1.0195e-01,-1.3392e+00,3.9768e+00,1.0005e+01,3.0248e+01,-1.4505e+02
-1.9234e-01,-1.0799e+00,4.2297e+00,1.0085e+01,3.0844e+01,-1.9759e+02
1.6910e-01,-1.7802e+00,4.0090e+00,1.0049e+01,3.0236e+01,-4.3364e+02
3.0894e-01,-1.2818e+00,3.8800e+00,9.8076e+00,3.0238e+01,-2.7854e+02
5.5574e-02,-1.6851e+00,4.1135e+00,1.0082e+01,3.0499e+01,-4.3999e+02
-6.6651e-02,-1.0934e+00,4.1630e+00,1.0003e+01,3.0766e+01,-3.8454e+02
1.4165e-01,-1.7499e+00,4.0959e+00,1.0054e+01,3.0483e+01,-3.2803e+02
1.0589e-01,-1.2763e+00,3.9482e+00,1.0007e+01,3.0159e+01,-3.2628e+02
2.4142e-01,-1.4816e+00,3.9333e+00,9.9622e+00,3.0183e+01,-2.8683e+02
2.4079e-01,-1.8733e+00,3.9649e+00,9.9853e+00,3.0167e+01,-2.7771e+02
2.2281e-02,-1.2608e+00,4.1388e+00,1.0035e+01,3.0627e+01,-3.0109e+02
4.0660e-01,-1.1318e+00,3.7681e+00,9.5815e+00,3.0216e+01,-3.9560e+02
2.2768e-01,-1.5957e+00,3.9420e+00,1.0024e+01,3.0089e+01,-3.5242e+02
7.8866e-02,-1.4886e+00,4.0838e+00,1.0057e+01,3.0476e+01,-1.7481e+02
-1.0278e-01,-1.2481e+00,4.1648e+00,1.0126e+01,3.0581e+01,-4.6861e+02
-3.2490e-02,-1.9293e+00,4.0885e+00,1.0184e+01,3.0332e+01,-3.1998e+02
2.6451e-01,-1.0294e+00,3.8606e+00,9.7093e+00,3.0335e+01,-3.5429e+02
4.0990e-01,-1.4511e+00,3.8304e+00,9.7451e+00,3.0166e+01,-4.4441e+02
2.0076e-01,-1.1270e+00,3.8599e+00,9.7290e+00,3.0261e+01,-3.7952e+02
-9.0689e-02,-1.1457e+00,4.0387e+00,1.0046e+01,3.0414e+01,-3.6625e+02
1.4374e-01,-1.9756e+00,3.9584e+00,1.0070e+01,3.0154e+01,-5.1996e+02
9.7591e-02,-1.5447e+00,4.1120e+00,1.0050e+01,3.0544e+01,-3.7822e+02
1.4189e-02,-1.4070e+00,4.1217e+00,1.0088e+01,3.0515e+01,-1.0651e+02
1.2405e-01,-1.0259e+00,3.8097e+00,9.7976e+00,3.0112e+01,-3.8299e+02
-4.3709e-02,-1.3168e+00,4.2240e+00,1.0034e+01,3.0858e+01,-4.9686e+02
-8.5759e-02,-1.2510e+00,4.0392e+00,1.0110e+01,3.0336e+01,-1.5723e+02
-4.0312e-02,-1.3862e+00,3.9915e+00,1.0118e+01,3.0173e+01,-5.2969e+02
-9.0557e-02,-1.2069e+00,4.1944e+00,1.0093e+01,3.0724e+01,-4.0681e+02
5.6939e-02,-1.2994e+00,4.0345e+00,9.9939e+00,3.0416e+01,-3.6956e+02
1.7120e-01,-1.4840e+00,3.9211e+00,1.0021e+01,3.0086e+01,-1.5431e+02
-2.2198e-01,-1.1482e+00,4.3232e+00,1.0180e+01,3.0979e+01,-2.2716e+02
2.8701e-01,-1.1196e+00,3.8669e+00,9.7499e+00,3.0292e+01,-3.9693e+02
3.8106e-02,-1.6911e+00,4.1152e+00,1.0132e+01,3.0458e+01,-1.2101e+02
7.4170e-02,-1.5729e+00,4.1134e+00,1.0120e+01,3.0472e+01,-4.3152e+02
2.8612e-01,-1.0779e+00,3.7591e+00,9.6938e+00,3.0098e+01,-2.3832e+02
4.0116e-02,-1.6550e+00,3.9765e+00,1.0163e+01,3.0112e+01,-4.4486e+02
-1.4269e-01,-1.3065e+00,4.1592e+00,1.0189e+01,3.0529e+01,-3.8995e+02
1.8075e-01,-1.6140e+00,3.9883e+00,1.0036e+01,3.0167e+01,-3.6298e+02
-3.0637e-02,-1.3199e+00,4.1029e+00,1.0113e+01,3.0441e+01,-4.8088e+02
-1.2815e-01,-1.2768e+00,4.2272e+00,1.0143e+01,3.0763e+01,-1.8335e+02
1.9198e-01,-1.5156e+00,3.8804e+00,9.9395e+00,3.0105e+01,-4.1831e+02
-1.0959e-02,-1.4206e+00,4.0743e+00,1.0095e+01,3.0386e+01,-5.1925e+02
-3.1175e-02,-1.9407e+00,4.0806e+00,1.0176e+01,3.0302e+01,-5.0007e+02
3.2141e-01,-1.8035e+00,3.9402e+00,9.9433e+00,3.0181e+01,-3.0504e+02
1.2228e-02,-1.8491e+00,4.1440e+00,1.0140e+01,3.0553e+01,-4.1883e+02
-6.1563e-02,-1.3785e+00,4.1268e+00,1.0086e+01,3.0571e+01,-3.8491e+02
-2.3293e-01,-1.1288e+00,4.2340e+00,1.0164e+01,3.0821e+01,-4.8641e+02
3.9690e-01,-1.5588e+00,3.8745e+00,9.8285e+00,3.0103e+01,-3.3860e+02
4.0516e-01,-1.1170e+00,3.7941e+00,9.6682e+00,3.0171e+01,-2.9687e+02
6.4624e-02,-1.5949e+00,4.1071e+00,1.0078e+01,3.0451e+01,-3.9401e+02
2.1893e-01,-1.5631e+00,3.9285e+00,9.9659e+00,3.0181e+01,-1.4402e+02
2.3936e-03,-1.6319e+00,4.2246e+00,1.0142e+01,3.0734e+01,-4.5058e+02
2.5480e-01,-1.1824e+00,3.8557e+00,9.7863e+00,3.0192e+01,-2.6719e+02
3.1531e-01,-1.8931e+00,4.0079e+00,9.9539e+00,3.0364e+01,-4.3397e+02
4.0487e-02,-1.1303e+00,3.9151e+00,9.9538e+00,3.0230e+01,-5.0012e+02
1.0589e-01,-1.1647e+00,3.8775e+00,9.8802e+00,3.0160e+01,-1.6031e+02
8.4902e-02,-1.2530e+00,4.1121e+00,9.9522e+00,3.0703e+01,-4.5937e+02
3.9402e-02,-1.3589e+00,4.1795e+00,1.0035e+01,3.0750e+01,-4.1558e+02
7.3973e-02,-1.2399e+00,4.1031e+00,9.9475e+00,3.0686e+01,-4.5732e+02
3.1761e-01,-1.4951e+00,3.9359e+00,9.9042e+00,3.0234e+01,-4.0528e+02
-1.1742e-01,-1.6112e+00,4.1041e+00,1.0190e+01,3.0421e+01,-4.3608e+02
-8.6211e-02,-1.0307e+00,4.0836e+00,9.9987e+00,3.0559e+01,-3.4897e+02
-1.4574e-01,-1.0117e+00,4.1065e+00,9.9959e+00,3.0648e+01,-1.7267e+02
2.4226e-01,-1.2586e+00,3.9218e+00,9.8538e+00,3.0285e+01,-3.7398e+02
2.2937e-02,-1.8776e+00,4.1823e+00,1.0182e+01,3.0562e+01,-4.7722e+02
3.3761e-01,-1.7177e+00,3.8446e+00,9.8986e+00,3.0012e+01,-2.6649e+02
-3.0918e-02,-1.8362e+00,3.9897e+00,1.0150e+01,3.0157e+01,-4.9725e+02
1.1530e-01,-1.1770e+00,3.9115e+00,9.9010e+00,3.0250e+01,-2.7061e+02
3.6512e-01,-1.4876e+00,3.8949e+00,9.8635e+00,3.0180e+01,-4.1573e+02
1.3831e-01,-1.4545e+00,3.9929e+00,1.0017e+01,3.0277e+01,-3.5959e+02
-2.0571e-01,-1.2244e+00,4.1428e+00,1.0197e+01,3.0550e+01,-4.5926e+02
3.9629e-01,-1.1550e+00,3.7209e+00,9.6415e+00,3.0018e+01,-5.2054e+02
1.3948e-01,-1.1438e+00,3.8568e+00,9.8676e+00,3.0178e+01,-1.9874e+02
1.7292e-01,-1.3810e+00,3.9942e+00,9.9607e+00,3.0368e+01,-3.2331e+02
-1.3970e-02,-1.3499e+00,4.1436e+00,1.0112e+01,3.0565e+01,-4.9026e+02
1.6835e-01,-1.4277e+00,3.9777e+00,9.9547e+00,3.0337e+01,-4.1063e+02
2.0298e-01,-1.1006e+00,3.8620e+00,9.7249e+00,3.0362e+01,-4.3322e+02
1.0400e-01,-1.2236e+00,3.9147e+00,9.9737e+00,3.0175e+01,-4.5249e+02
3.6679e-01,-1.7527e+00,3.8859e+00,9.8767e+00,3.0093e+01,-2.6786e+02
3.6885e-01,-1.1580e+00,3.7835e+00,9.6738e+00,3.0189e+01,-4.0010e+02
-1.8323e-01,-1.1351e+00,4.0825e+00,1.0163e+01,3.0393e+01,-4.5326e+02
1.2346e-01,-1.0901e+00,3.9140e+00,9.8591e+00,3.0309e+01,-3.8536e+02
6.2280e-03,-1.2697e+00,4.1791e+00,1.0036e+01,3.0738e+01,-5.2811e+02
6.1591e-02,-1.5770e+00,4.0381e+00,1.0089e+01,3.0277e+01,-2.8735e+02
3.7602e-01,-1.6481e+00,3.9245e+00,9.8985e+00,3.0169e+01,-5.0739e+02
-2.3292e-01,-1.0781e+00,4.1099e+00,1.0149e+01,3.0498e+01,-2.9228e+02
4.7016e-02,-1.3697e+00,4.2397e+00,1.0103e+01,3.0802e+01,-5.0381e+02
-1.0014e-02,-1.7967e+00,4.0806e+00,1.0138e+01,3.0385e+01,-1.6168e+02
3.8880e-01,-1.9444e+00,3.8588e+00,9.9041e+00,3.0023e+01,-2.8967e+02
-3.5293e-03,-1.6946e+00,4.1640e+00,1.0160e+01,3.0590e+01,-2.9711e+02
-3.0264e-02,-1.1934e+00,4.1412e+00,9.9972e+00,3.0697e+01,-4.8162e+02
1.1362e-02,-1.6017e+00,4.1373e+00,1.0146e+01,3.0513e+01,-3.0646e+02
5.7272e-02,-1.3710e+00,3.9413e+00,1.0068e+01,3.0108e+01,-3.3128e+02
2.9024e-01,-1.0941e+00,3.8186e+00,9.7263e+00,3.0155e+01,-1.8529e+02
4.3778e-02,-1.6564e+00,4.2101e+00,1.0156e+01,3.0688e+01,-4.3640e+02
7.9170e-03,-1.8842e+00,4.1826e+00,1.0126e+01,3.0645e+01,-3.4423e+02
7.5910e-02,-1.5166e+00,4.0176e+00,1.0041e+01,3.0306e+01,-3.6221e+02
-1.6718e-01,-1.2193e+00,4.2002e+00,1.0153e+01,3.0712e+01,-1.1055e+02
3.0327e-01,-1.3310e+00,3.8847e+00,9.8738e+00,3.0157e+01,-4.7396e+02
2.3304e-01,-1.6628e+00,3.8695e+00,9.9568e+00,3.0056e+01,-4.1172e+02
9.0835e-02,-1.2657e+00,3.9957e+00,1.0016e+01,3.0283e+01,-4.5514e+02
3.9091e-01,-1.4058e+00,3.8895e+00,9.8215e+00,3.0221e+01,-4.1118e+02
1.5949e-01,-1.2490e+00,3.8999e+00,9.8841e+00,3.0202e+01,-1.3027e+02
-1.2580e-01,-1.2184e+00,4.1728e+00,1.0109e+01,3.0694e+01,-1.7898e+02
2.8321e-01,-1.1658e+00,3.9960e+00,9.8214e+00,3.0541e+01,-5.3062e+02
1.3555e-02,-1.6331e+00,4.0894e+00,1.0155e+01,3.0391e+01,-1.0494e+02
2.6383e-01,-1.7430e+00,4.0691e+00,1.0009e+01,3.0416e+01,-4.5559e+02
2.1208e-01,-1.3402e+00,4.0116e+00,9.9025e+00,3.0442e+01,-5.2383e+02
1.3814e-01,-1.5007e+00,4.0433e+00,1.0069e+01,3.0325e+01,-4.1043e+02
1.2201e-01,-1.7339e+00,3.9495e+00,1.0124e+01,3.0029e+01,-3.0842e+02
4.8590e-01,-1.7258e+00,3.8854e+00,9.8092e+00,3.0164e+01,-5.1678e+02
8.1385e-02,-1.1257e+00,3.9330e+00,9.8529e+00,3.0412e+01,-4.5309e+02
1.1618e-01,-1.7498e+00,3.9897e+00,1.0095e+01,3.0139e+01,-1.1905e+02
-6.0907e-02,-1.4521e+00,4.1281e+00,1.0135e+01,3.0515e+01,-4.3547e+02
-1.9871e-01,-1.0420e+00,4.1881e+00,1.0046e+01,3.0832e+01,-5.1589e+02
4.0200e-01,-1.5503e+00,3.8389e+00,9.7756e+00,3.0117e+01,-4.3525e+02
3.2721e-01,-1.6341e+00,3.8464e+00,9.8788e+00,3.0016e+01,-1.6838e+02
1.3681e-01,-1.1753e+00,3.8409e+00,9.8267e+00,3.0150e+01,-5.0244e+02
2.1180e-01,-1.8878e+00,4.0108e+00,1.0060e+01,3.0187e+01,-4.7910e+02
3.7973e-02,-1.0018e+00,4.0040e+00,9.8817e+00,3.0482e+01,-2.6350e+02
9.8986e-02,-1.3594e+00,4.0405e+00,1.0021e+01,3.0411e+01,-3.6865e+02
-7.2512e-02,-1.4052e+00,4.2113e+00,1.0151e+01,3.0716e+01,-2.5230e+02
-9.0681e-02,-1.1042e+00,4.0918e+00,1.0035e+01,3.0530e+01,-4.2728e+02
2.6318e-01,-1.1706e+00,3.7989e+00,9.8198e+00,3.0056e+01,-4.2282e+02
2.3265e-01,-1.8429e+00,3.9603e+00,1.0021e+01,3.0152e+01,-2.3034e+02
3.9400e-01,-1.3286e+00,3.8518e+00,9.7858e+00,3.0113e+01,-4.8028e+02
5.8294e-02,-1.7091e+00,4.0042e+00,1.0091e+01,3.0211e+01,-3.9164e+02
2.0032e-01,-1.6516e+00,4.0089e+00,9.9559e+00,3.0391e+01,-4.8203e+02
-8.4503e-02,-1.7437e+00,4.0887e+00,1.0193e+01,3.0370e+01,-4.3844e+02
-1.9804e-01,-1.0982e+00,4.1100e+00,1.0113e+01,3.0559e+01,-2.1840e+02
1.7440e-01,-1.5111e+00,4.0355e+00,9.9483e+00,3.0497e+01,-5.2138e+02
1.4267e-01,-1.8353e+00,3.9615e+00,1.0093e+01,3.0049e+01,-3.9152e+02
-1.6971e-01,-1.0753e+00,4.1903e+00,1.0029e+01,3.0823e+01,-2.2288e+02
4.3489e-01,-1.6646e+00,3.8551e+00,9.7859e+00,3.0140e+01,-4.5530e+02
1.4744e-01,-1.5419e+00,3.8828e+00,1.0025e+01,3.0015e+01,-4.3575e+02
2.2622e-01,-1.8796e+00,3.9506e+00,1.0054e+01,3.0034e+01,-4.4404e+02
-1.9110e-01,-1.0328e+00,4.1555e+00,1.0047e+01,3.0730e+01,-8.0173e+01
5.1343e-02,-1.7985e+00,4.0143e+00,1.0097e+01,3.0254e+01,-5.1585e+02
2.6273e-01,-1.5417e+00,3.8702e+00,9.9462e+00,3.0027e+01,-3.0944e+02
-1.3957e-02,-1.1767e+00,3.9055e+00,9.9925e+00,3.0104e+01,-4.9826e+02
1.2063e-01,-1.1222e+00,4.0573e+00,9.8632e+00,3.0690e+01,-4.3914e+02
-1.0265e-01,-1.1446e+00,4.1126e+00,1.0060e+01,3.0611e+01,-4.3487e+02
3.7393e-01,-1.8474e+00,3.9372e+00,9.9154e+00,3.0230e+01,-4.7399e+02
1.7212e-01,-1.6477e+00,3.9891e+00,1.0045e+01,3.0177e+01,-2.5409e+02
2.7827e-01,-1.6189e+00,3.9956e+00,1.0001e+01,3.0217e+01,-2.4008e+02
5.6493e-02,-1.9020e+00,4.0464e+00,1.0126e+01,3.0259e+01,-1.4197e+02
8.5273e-02,-1.4927e+00,3.9138e+00,1.0071e+01,3.0037e+01,-3.8948e+02
2.5788e-01,-1.3182e+00,3.9849e+00,9.9185e+00,3.0359e+01,-4.9853e+02
1.7053e-01,-1.0421e+00,3.9683e+00,9.7731e+00,3.0575e+01,-3.4278e+02
4.6114e-01,-1.1962e+00,3.7353e+00,9.6240e+00,3.0084e+01,-4.4530e+02
4.9020e-02,-1.6250e+00,4.0405e+00,1.0136e+01,3.0259e+01,-2.9938e+02
8.6646e-02,-1.0339e+00,3.8464e+00,9.8040e+00,3.0246e+01,-2.8217e+02
-1.0727e-01,-1.4494e+00,4.2176e+00,1.0137e+01,3.0767e+01,-5.2849e+02
3.6710e-01,-1.4603e+00,3.9399e+00,9.8417e+00,3.0284e+01,-4.8293e+02
3.5014e-01,-1.3372e+00,3.8148e+00,9.7891e+00,3.0058e+01,-1.3050e+02
3.9830e-02,-1.4488e+00,4.2368e+00,1.0124e+01,3.0811e+01,-4.7143e+02
8.6096e-02,-1.0363e+00,3.8211e+00,9.8723e+00,3.0092e+01,-4.2754e+02
-6.1290e-02,-1.8051e+00,4.2468e+00,1.0183e+01,3.0761e+01,-2.4280e+02
1.9337e-01,-1.6369e+00,3.9653e+00,9.9873e+00,3.0197e+01,-2.4123e+02
9.5083e-02,-1.0287e+00,3.8961e+00,9.8707e+00,3.0271e+01,-4.2597e+02
2.7632e-01,-1.5692e+00,3.8751e+00,9.9282e+00,3.0051e+01,-8.5277e+01
-1.8308e-01,-1.2661e+00,4.0983e+00,1.0194e+01,3.0398e+01,-3.1216e+02
2.8014e-01,-1.5175e+00,3.9464e+00,9.9376e+00,3.0215e+01,-4.5116e+02
3.6534e-01,-1.9707e+00,3.9476e+00,9.9403e+00,3.0175e+01,-4.4112e+02
-1.4385e-01,-1.2587e+00,4.2189e+00,1.0146e+01,3.0757e+01,-3.0926e+02
-9.2915e-02,-1.1845e+00,4.1303e+00,1.0102e+01,3.0552e+01,-2.4828e+02
2.4045e-01,-1.2364e+00,3.8649e+00,9.8388e+00,3.0136e+01,-2.0345e+02
-1.4231e-01,-1.2381e+00,4.2462e+00,1.0170e+01,3.0816e+01,-3.2686e+02
8.1776e-02,-1.4688e+00,4.0171e+00,1.0029e+01,3.0311e+01,-4.5555e+02
1.1782e-01,-1.8186e+00,3.9540e+00,1.0117e+01,3.0051e+01,-2.4565e+02
-1.3088e-01,-1.1108e+00,4.0090e+00,1.0043e+01,3.0356e+01,-4.7752e+02
-4.5555e-02,-1.7141e+00,4.0500e+00,1.0145e+01,3.0306e+01,-3.7203e+02
1.5914e-01,-1.8984e+00,4.0911e+00,1.0041e+01,3.0470e+01,-3.8656e+02
-2.8794e-02,-1.1884e+00,4.1313e+00,1.0002e+01,3.0680e+01,-2.5195e+02
7.4221e-02,-1.5106e+00,4.1570e+00,1.0042e+01,3.0660e+01,-5.1077e+02
2.2598e-01,-1.6067e+00,4.0107e+00,9.9545e+00,3.0401e+01,-4.0393e+02
1.7157e-02,-1.4874e+00,4.0525e+00,1.0082e+01,3.0355e+01,-2.7284e+02
2.1903e-01,-1.0827e+00,3.8609e+00,9.7532e+00,3.0251e+01,-2.9168e+02
3.4457e-01,-1.6544e+00,3.8899e+00,9.9164e+00,3.0112e+01,-2.1733e+02
6.5729e-02,-1.5924e+00,4.0493e+00,1.0082e+01,3.0316e+01,-1.3834e+02
2.2159e-02,-1.3209e+00,3.9815e+00,1.0027e+01,3.0245e+01,-2.5067e+02
1.3957e-02,-1.8923e+00,4.1478e+00,1.0176e+01,3.0470e+01,-4.4814e+02
1.8502e-01,-1.5588e+00,3.9549e+00,9.9431e+00,3.0295e+01,-4.3509e+02
9.0252e-02,-1.4979e+00,4.0436e+00,1.0043e+01,3.0360e+01,-2.0368e+02
-3.9810e-02,-1.5482e+00,4.0406e+00,1.0153e+01,3.0253e+01,-2.8014e+02
-8.0202e-02,-1.6951e+00,4.0173e+00,1.0182e+01,3.0193e+01,-4.8223e+02
3.2350e-01,-1.6397e+00,3.8520e+00,9.8945e+00,3.0037e+01,-2.9996e+02
-1.3501e-01,-1.2005e+00,4.0963e+00,1.0097e+01,3.0498e+01,-3.6920e+02
