niter,nc,eff,logl,logwt,logvol,logz,logzerr,h,delta_logz,time_elapsed,logfeh,logdust,logNpix,logage
1.0000e+00,1.0000e+00,3.3223e-01,-1.4873e+05,-1.4873e+05,-3.3278e-03,-1.4873e+05,1.4594e-01,6.4003e+00,inf,4.5536e-01,-5.5428e-01,-1.2820e+00,5.9934e+00,9.8863e+00
2.0000e+00,1.0000e+00,6.6225e-01,-1.4867e+05,-1.4868e+05,-6.6556e-03,-1.4868e+05,1.4598e-01,6.4036e+00,1.4313e+05,9.2574e-01,3.2606e-01,-1.4329e+00,5.9834e+00,9.6251e+00
3.0000e+00,1.0000e+00,9.9010e-01,-1.4856e+05,-1.4857e+05,-9.9834e-03,-1.4857e+05,1.4602e-01,6.4069e+00,1.4308e+05,1.3753e+00,-9.8598e-01,-1.0994e+00,5.9317e+00,9.8898e+00
4.0000e+00,1.0000e+00,1.3158e+00,-1.4850e+05,-1.4851e+05,-1.3311e-02,-1.4851e+05,1.4605e-01,6.4102e+00,1.4297e+05,1.8333e+00,-1.1325e-01,-1.6885e+00,5.7553e+00,9.5355e+00
5.0000e+00,1.0000e+00,1.6393e+00,-1.4842e+05,-1.4843e+05,-1.6639e-02,-1.4843e+05,1.4609e-01,6.4136e+00,1.4291e+05,2.2963e+00,-7.0985e-01,-1.2600e+00,5.8702e+00,9.8611e+00
6.0000e+00,1.0000e+00,1.9608e+00,-1.4834e+05,-1.4835e+05,-1.9967e-02,-1.4835e+05,1.4613e-01,6.4169e+00,1.4283e+05,2.7640e+00,-9.2180e-01,-1.9073e+00,5.6610e+00,9.6177e+00
7.0000e+00,1.0000e+00,2.2801e+00,-1.4833e+05,-1.4833e+05,-2.3295e-02,-1.4833e+05,1.4617e-01,6.4202e+00,1.4275e+05,3.2262e+00,-7.6703e-01,-1.3504e+00,5.9450e+00,9.9864e+00
8.0000e+00,1.0000e+00,2.5974e+00,-1.4825e+05,-1.4825e+05,-2.6622e-02,-1.4825e+05,1.4621e-01,6.4236e+00,1.4274e+05,3.6877e+00,-1.7130e-01,-1.7270e+00,5.9235e+00,9.9675e+00
9.0000e+00,1.0000e+00,2.9126e+00,-1.4819e+05,-1.4820e+05,-2.9950e-02,-1.4820e+05,1.4624e-01,6.4269e+00,1.4265e+05,4.1465e+00,-3.4403e-01,-1.4069e+00,5.8543e+00,9.8872e+00
1.0000e+01,1.0000e+00,3.2258e+00,-1.4816e+05,-1.4817e+05,-3.3278e-02,-1.4817e+05,1.4628e-01,6.4302e+00,1.4260e+05,4.7224e+00,-7.1494e-02,-1.2205e+00,5.7940e+00,9.7391e+00
1.1000e+01,1.0000e+00,3.5370e+00,-1.4812e+05,-1.4813e+05,-3.6606e-02,-1.4813e+05,1.4632e-01,6.4335e+00,1.4257e+05,5.1848e+00,2.2355e-01,-1.9080e+00,5.6634e+00,9.5115e+00
1.2000e+01,1.0000e+00,3.8462e+00,-1.4801e+05,-1.4802e+05,-3.9933e-02,-1.4802e+05,1.4636e-01,6.4369e+00,1.4253e+05,5.6487e+00,-3.5794e-01,-1.7416e+00,5.5958e+00,9.6213e+00
1.3000e+01,1.0000e+00,4.1534e+00,-1.4799e+05,-1.4800e+05,-4.3261e-02,-1.4800e+05,1.4640e-01,6.4402e+00,1.4242e+05,6.1166e+00,-7.9303e-01,-1.5972e+00,5.7939e+00,9.9712e+00
1.4000e+01,1.0000e+00,4.4586e+00,-1.4793e+05,-1.4794e+05,-4.6589e-02,-1.4794e+05,1.4643e-01,6.4435e+00,1.4240e+05,6.5777e+00,4.4719e-01,-1.0324e+00,5.7901e+00,9.6293e+00
1.5000e+01,1.0000e+00,4.7619e+00,-1.4793e+05,-1.4793e+05,-4.9917e-02,-1.4793e+05,1.4197e-01,6.0566e+00,1.4234e+05,7.0465e+00,-2.5755e-01,-1.1901e+00,5.8637e+00,9.9462e+00
1.6000e+01,1.0000e+00,5.0633e+00,-1.4792e+05,-1.4793e+05,-5.3245e-02,-1.4793e+05,1.4643e-01,6.4436e+00,1.4234e+05,7.5133e+00,-6.9737e-01,-1.3017e+00,5.8566e+00,1.0123e+01
1.7000e+01,1.0000e+00,5.3628e+00,-1.4784e+05,-1.4784e+05,-5.6572e-02,-1.4784e+05,1.4655e-01,6.4535e+00,1.4233e+05,7.9801e+00,-4.4208e-01,-1.1723e+00,5.7034e+00,9.7991e+00
1.8000e+01,1.0000e+00,5.6604e+00,-1.4782e+05,-1.4783e+05,-5.9900e-02,-1.4783e+05,1.4658e-01,6.4568e+00,1.4224e+05,8.4398e+00,1.5205e-01,-1.8056e+00,5.5886e+00,9.5201e+00
1.9000e+01,1.0000e+00,5.9561e+00,-1.4779e+05,-1.4780e+05,-6.3228e-02,-1.4780e+05,1.4662e-01,6.4602e+00,1.4223e+05,8.8939e+00,-1.4101e-01,-1.8793e+00,5.9999e+00,1.0198e+01
2.0000e+01,1.0000e+00,6.2500e+00,-1.4779e+05,-1.4780e+05,-6.6556e-02,-1.4780e+05,1.4609e-01,6.4130e+00,1.4220e+05,9.4039e+00,-2.9050e-01,-1.7658e+00,5.5015e+00,9.5690e+00
2.1000e+01,1.0000e+00,6.5421e+00,-1.4774e+05,-1.4775e+05,-6.9884e-02,-1.4775e+05,1.4670e-01,6.4668e+00,1.4220e+05,9.8672e+00,-9.8170e-01,-1.5430e+00,5.7953e+00,1.0092e+01
2.2000e+01,1.0000e+00,6.8323e+00,-1.4771e+05,-1.4771e+05,-7.3211e-02,-1.4771e+05,1.4674e-01,6.4701e+00,1.4215e+05,1.0329e+01,-3.4466e-01,-1.3879e+00,5.7546e+00,9.9380e+00
2.3000e+01,1.0000e+00,7.1207e+00,-1.4768e+05,-1.4769e+05,-7.6539e-02,-1.4769e+05,1.4677e-01,6.4735e+00,1.4211e+05,1.0803e+01,-3.1328e-01,-1.0796e+00,5.6372e+00,9.6768e+00
2.4000e+01,1.0000e+00,7.4074e+00,-1.4765e+05,-1.4766e+05,-7.9867e-02,-1.4766e+05,1.4681e-01,6.4768e+00,1.4209e+05,1.1274e+01,4.0796e-01,-1.2550e+00,5.7322e+00,9.6661e+00
2.5000e+01,3.0000e+00,7.6453e+00,-1.4761e+05,-1.4762e+05,-8.3195e-02,-1.4762e+05,1.4685e-01,6.4801e+00,1.4206e+05,1.2639e+01,-4.7799e-01,-1.8174e+00,5.7054e+00,9.9946e+00
2.6000e+01,1.0000e+00,7.9268e+00,-1.4759e+05,-1.4760e+05,-8.6523e-02,-1.4760e+05,1.4689e-01,6.4835e+00,1.4202e+05,1.3095e+01,3.5236e-01,-1.6715e+00,5.6221e+00,9.6656e+00
2.7000e+01,1.0000e+00,8.2067e+00,-1.4756e+05,-1.4757e+05,-8.9850e-02,-1.4757e+05,1.4692e-01,6.4868e+00,1.4200e+05,1.3559e+01,3.1929e-01,-1.5001e+00,5.7428e+00,9.7887e+00
2.8000e+01,1.0000e+00,8.4848e+00,-1.4755e+05,-1.4755e+05,-9.3178e-02,-1.4755e+05,1.4696e-01,6.4900e+00,1.4197e+05,1.4028e+01,-5.2475e-01,-1.4319e+00,5.6074e+00,9.8053e+00
2.9000e+01,1.0000e+00,8.7613e+00,-1.4752e+05,-1.4753e+05,-9.6506e-02,-1.4753e+05,1.4700e-01,6.4934e+00,1.4196e+05,1.4493e+01,-8.8430e-01,-1.0280e+00,5.6485e+00,9.9413e+00
3.0000e+01,1.0000e+00,9.0361e+00,-1.4750e+05,-1.4750e+05,-9.9834e-02,-1.4750e+05,1.4704e-01,6.4968e+00,1.4193e+05,1.4982e+01,1.8579e-01,-1.0079e+00,5.8764e+00,1.0054e+01
3.1000e+01,1.0000e+00,9.3093e+00,-1.4746e+05,-1.4746e+05,-1.0316e-01,-1.4746e+05,1.4707e-01,6.5001e+00,1.4190e+05,1.5455e+01,-4.3986e-01,-1.9876e+00,5.7657e+00,1.0111e+01
3.2000e+01,1.0000e+00,9.5808e+00,-1.4745e+05,-1.4745e+05,-1.0649e-01,-1.4745e+05,1.4711e-01,6.5033e+00,1.4187e+05,1.5905e+01,-5.3997e-01,-1.9434e+00,5.8105e+00,1.0133e+01
3.3000e+01,1.0000e+00,9.8507e+00,-1.4738e+05,-1.4739e+05,-1.0982e-01,-1.4739e+05,1.4715e-01,6.5067e+00,1.4185e+05,1.6364e+01,-4.2551e-01,-1.3419e+00,5.6436e+00,9.9009e+00
3.4000e+01,1.0000e+00,1.0119e+01,-1.4736e+05,-1.4737e+05,-1.1314e-01,-1.4737e+05,1.4719e-01,6.5101e+00,1.4179e+05,1.6826e+01,-1.0355e-01,-1.5771e+00,5.8005e+00,1.0196e+01
3.5000e+01,1.0000e+00,1.0386e+01,-1.4733e+05,-1.4733e+05,-1.1647e-01,-1.4733e+05,1.4723e-01,6.5134e+00,1.4177e+05,1.7288e+01,3.3783e-01,-1.1896e+00,5.8923e+00,1.0170e+01
3.6000e+01,1.0000e+00,1.0651e+01,-1.4728e+05,-1.4728e+05,-1.1980e-01,-1.4728e+05,1.4726e-01,6.5167e+00,1.4174e+05,1.7752e+01,-2.3136e-01,-1.8552e+00,5.6304e+00,1.0017e+01
3.7000e+01,1.0000e+00,1.0914e+01,-1.4726e+05,-1.4727e+05,-1.2313e-01,-1.4727e+05,1.4730e-01,6.5201e+00,1.4169e+05,1.8259e+01,-1.6632e-01,-1.8024e+00,5.3718e+00,9.5613e+00
3.8000e+01,2.0000e+00,1.1144e+01,-1.4722e+05,-1.4723e+05,-1.2646e-01,-1.4723e+05,1.4734e-01,6.5234e+00,1.4167e+05,1.9226e+01,-1.9494e-01,-1.2268e+00,5.6410e+00,9.9462e+00
3.9000e+01,1.0000e+00,1.1404e+01,-1.4722e+05,-1.4722e+05,-1.2978e-01,-1.4722e+05,1.4731e-01,6.5206e+00,1.4163e+05,1.9710e+01,-9.5817e-01,-1.4267e+00,5.4169e+00,9.7944e+00
4.0000e+01,1.0000e+00,1.1662e+01,-1.4720e+05,-1.4721e+05,-1.3311e-01,-1.4721e+05,1.4741e-01,6.5300e+00,1.4162e+05,2.0229e+01,-3.2309e-01,-1.3491e+00,5.4279e+00,9.6981e+00
4.1000e+01,2.0000e+00,1.1884e+01,-1.4720e+05,-1.4720e+05,-1.3644e-01,-1.4720e+05,1.3775e-01,5.7023e+00,1.4161e+05,2.1216e+01,-7.6651e-01,-1.0040e+00,5.6691e+00,1.0063e+01
4.2000e+01,1.0000e+00,1.2139e+01,-1.4718e+05,-1.4718e+05,-1.3977e-01,-1.4718e+05,1.4749e-01,6.5367e+00,1.4161e+05,2.1703e+01,-7.5791e-02,-1.7807e+00,5.6176e+00,9.9535e+00
4.3000e+01,1.0000e+00,1.2392e+01,-1.4717e+05,-1.4717e+05,-1.4309e-01,-1.4717e+05,1.4752e-01,6.5394e+00,1.4159e+05,2.2193e+01,4.9674e-01,-1.5989e+00,5.6500e+00,9.8984e+00
4.4000e+01,1.0000e+00,1.2644e+01,-1.4711e+05,-1.4712e+05,-1.4642e-01,-1.4712e+05,1.4756e-01,6.5434e+00,1.4158e+05,2.2689e+01,-8.5066e-02,-1.7099e+00,5.4804e+00,9.7632e+00
4.5000e+01,1.0000e+00,1.2894e+01,-1.4708e+05,-1.4709e+05,-1.4975e-01,-1.4709e+05,1.4760e-01,6.5467e+00,1.4152e+05,2.3184e+01,-7.7809e-01,-1.9835e+00,5.3472e+00,9.7444e+00
4.6000e+01,1.0000e+00,1.3143e+01,-1.4707e+05,-1.4708e+05,-1.5308e-01,-1.4708e+05,1.4708e-01,6.5003e+00,1.4149e+05,2.3687e+01,-1.5008e-01,-1.4860e+00,5.6066e+00,1.0004e+01
4.7000e+01,1.0000e+00,1.3390e+01,-1.4706e+05,-1.4706e+05,-1.5641e-01,-1.4706e+05,1.4768e-01,6.5533e+00,1.4148e+05,2.4182e+01,4.0269e-02,-1.5788e+00,5.5750e+00,9.9026e+00
4.8000e+01,2.0000e+00,1.3598e+01,-1.4705e+05,-1.4706e+05,-1.5973e-01,-1.4706e+05,1.4759e-01,6.5454e+00,1.4147e+05,2.5157e+01,-5.9831e-01,-1.9633e+00,5.4121e+00,9.7337e+00
4.9000e+01,1.0000e+00,1.3842e+01,-1.4704e+05,-1.4704e+05,-1.6306e-01,-1.4704e+05,1.4775e-01,6.5600e+00,1.4146e+05,2.5654e+01,-8.3366e-01,-1.1046e+00,5.6763e+00,1.0141e+01
5.0000e+01,2.0000e+00,1.4045e+01,-1.4699e+05,-1.4700e+05,-1.6639e-01,-1.4700e+05,1.4779e-01,6.5633e+00,1.4144e+05,2.6672e+01,-6.6282e-01,-1.7102e+00,5.5469e+00,1.0021e+01
5.1000e+01,1.0000e+00,1.4286e+01,-1.4699e+05,-1.4700e+05,-1.6972e-01,-1.4700e+05,1.4750e-01,6.5379e+00,1.4140e+05,2.7164e+01,-3.3204e-01,-1.0264e+00,5.3933e+00,9.6989e+00
5.2000e+01,1.0000e+00,1.4525e+01,-1.4699e+05,-1.4699e+05,-1.7305e-01,-1.4699e+05,1.3695e-01,5.6361e+00,1.4140e+05,2.7658e+01,-3.4376e-01,-1.0291e+00,5.3216e+00,9.5922e+00
5.3000e+01,1.0000e+00,1.4763e+01,-1.4697e+05,-1.4698e+05,-1.7637e-01,-1.4698e+05,1.4790e-01,6.5733e+00,1.4140e+05,2.8136e+01,3.3484e-01,-1.8315e+00,5.6507e+00,9.9919e+00
5.4000e+01,2.0000e+00,1.4958e+01,-1.4697e+05,-1.4697e+05,-1.7970e-01,-1.4697e+05,1.3760e-01,5.6895e+00,1.4138e+05,2.9121e+01,-9.8740e-01,-1.5285e+00,5.5573e+00,1.0146e+01
5.5000e+01,1.0000e+00,1.5193e+01,-1.4693e+05,-1.4694e+05,-1.8303e-01,-1.4694e+05,1.4798e-01,6.5800e+00,1.4138e+05,2.9611e+01,-3.3833e-01,-1.4728e+00,5.3395e+00,9.6759e+00
5.6000e+01,1.0000e+00,1.5427e+01,-1.4692e+05,-1.4692e+05,-1.8636e-01,-1.4692e+05,1.4801e-01,6.5833e+00,1.4134e+05,3.0113e+01,-7.3490e-01,-1.6294e+00,5.2788e+00,9.7143e+00
5.7000e+01,2.0000e+00,1.5616e+01,-1.4692e+05,-1.4692e+05,-1.8968e-01,-1.4692e+05,1.3596e-01,5.5544e+00,1.4132e+05,3.1095e+01,4.2986e-01,-1.1146e+00,5.3379e+00,9.5223e+00
5.8000e+01,1.0000e+00,1.5847e+01,-1.4691e+05,-1.4692e+05,-1.9301e-01,-1.4692e+05,1.4747e-01,6.5355e+00,1.4132e+05,3.1594e+01,4.7398e-01,-1.8237e+00,5.3999e+00,9.6087e+00
5.9000e+01,1.0000e+00,1.6076e+01,-1.4688e+05,-1.4688e+05,-1.9634e-01,-1.4688e+05,1.4813e-01,6.5933e+00,1.4132e+05,3.2079e+01,3.3385e-01,-1.9477e+00,5.3496e+00,9.6016e+00
6.0000e+01,1.0000e+00,1.6304e+01,-1.4687e+05,-1.4688e+05,-1.9967e-01,-1.4688e+05,1.4740e-01,6.5287e+00,1.4129e+05,3.2603e+01,2.7348e-01,-1.0887e+00,5.6997e+00,1.0107e+01
6.1000e+01,1.0000e+00,1.6531e+01,-1.4685e+05,-1.4686e+05,-2.0300e-01,-1.4686e+05,1.4820e-01,6.5999e+00,1.4128e+05,3.3104e+01,2.5664e-01,-1.7464e+00,5.5290e+00,9.9323e+00
6.2000e+01,2.0000e+00,1.6712e+01,-1.4680e+05,-1.4681e+05,-2.0632e-01,-1.4681e+05,1.4824e-01,6.6033e+00,1.4126e+05,3.4093e+01,2.9590e-01,-1.1012e+00,5.5511e+00,9.9570e+00
6.3000e+01,1.0000e+00,1.6935e+01,-1.4678e+05,-1.4679e+05,-2.0965e-01,-1.4679e+05,1.4827e-01,6.6066e+00,1.4121e+05,3.4583e+01,1.7370e-01,-1.6827e+00,5.4549e+00,9.8553e+00
6.4000e+01,1.0000e+00,1.7158e+01,-1.4674e+05,-1.4675e+05,-2.1298e-01,-1.4675e+05,1.4831e-01,6.6099e+00,1.4119e+05,3.5075e+01,-6.5835e-02,-1.5063e+00,5.5216e+00,9.9985e+00
6.5000e+01,1.0000e+00,1.7380e+01,-1.4670e+05,-1.4671e+05,-2.1631e-01,-1.4671e+05,1.4835e-01,6.6132e+00,1.4115e+05,3.5567e+01,-8.7284e-01,-1.6670e+00,5.1853e+00,9.5997e+00
6.6000e+01,1.0000e+00,1.7600e+01,-1.4667e+05,-1.4668e+05,-2.1963e-01,-1.4668e+05,1.4839e-01,6.6166e+00,1.4111e+05,3.6071e+01,4.9795e-01,-1.6747e+00,5.5508e+00,9.9280e+00
6.7000e+01,1.0000e+00,1.7819e+01,-1.4665e+05,-1.4666e+05,-2.2296e-01,-1.4666e+05,1.4842e-01,6.6199e+00,1.4108e+05,3.6560e+01,1.3957e-01,-1.7943e+00,5.5218e+00,1.0042e+01
6.8000e+01,1.0000e+00,1.8037e+01,-1.4662e+05,-1.4663e+05,-2.2629e-01,-1.4663e+05,1.4846e-01,6.6232e+00,1.4106e+05,3.7043e+01,-7.0561e-01,-1.7618e+00,5.4735e+00,1.0128e+01
6.9000e+01,1.0000e+00,1.8254e+01,-1.4661e+05,-1.4661e+05,-2.2962e-01,-1.4661e+05,1.4850e-01,6.6264e+00,1.4103e+05,3.7527e+01,-8.5598e-01,-1.4883e+00,5.5308e+00,1.0195e+01
7.0000e+01,1.0000e+00,1.8470e+01,-1.4660e+05,-1.4661e+05,-2.3295e-01,-1.4661e+05,1.4825e-01,6.6046e+00,1.4102e+05,3.8061e+01,-8.0872e-01,-1.8871e+00,5.1912e+00,9.6676e+00
7.1000e+01,1.0000e+00,1.8684e+01,-1.4660e+05,-1.4660e+05,-2.3627e-01,-1.4660e+05,1.4412e-01,6.2414e+00,1.4101e+05,3.8562e+01,1.5067e-01,-1.2919e+00,5.3906e+00,9.8904e+00
7.2000e+01,1.0000e+00,1.8898e+01,-1.4651e+05,-1.4652e+05,-2.3960e-01,-1.4652e+05,1.4861e-01,6.6365e+00,1.4101e+05,3.9052e+01,-5.0162e-01,-1.4327e+00,5.0989e+00,9.5644e+00
7.3000e+01,1.0000e+00,1.9110e+01,-1.4642e+05,-1.4643e+05,-2.4293e-01,-1.4643e+05,1.4865e-01,6.6399e+00,1.4092e+05,3.9555e+01,-8.7371e-01,-1.1740e+00,5.1443e+00,9.6712e+00
7.4000e+01,1.0000e+00,1.9321e+01,-1.4637e+05,-1.4637e+05,-2.4626e-01,-1.4637e+05,1.4868e-01,6.6432e+00,1.4083e+05,4.0055e+01,-4.4920e-01,-1.7676e+00,5.3552e+00,1.0009e+01
7.5000e+01,1.0000e+00,1.9531e+01,-1.4635e+05,-1.4636e+05,-2.4958e-01,-1.4636e+05,1.4872e-01,6.6465e+00,1.4077e+05,4.0542e+01,-4.3222e-01,-1.5389e+00,5.3356e+00,1.0004e+01
7.6000e+01,3.0000e+00,1.9638e+01,-1.4633e+05,-1.4634e+05,-2.5291e-01,-1.4634e+05,1.4876e-01,6.6498e+00,1.4076e+05,4.1997e+01,-1.8745e-01,-1.2194e+00,5.4645e+00,1.0167e+01
7.7000e+01,1.0000e+00,1.9845e+01,-1.4633e+05,-1.4633e+05,-2.5624e-01,-1.4633e+05,1.4071e-01,5.9494e+00,1.4074e+05,4.2482e+01,-4.5157e-01,-1.1984e+00,5.3482e+00,9.9909e+00
7.8000e+01,1.0000e+00,2.0051e+01,-1.4632e+05,-1.4633e+05,-2.5957e-01,-1.4633e+05,1.4775e-01,6.5600e+00,1.4073e+05,4.2979e+01,1.1065e-01,-1.4357e+00,5.2376e+00,9.8188e+00
7.9000e+01,2.0000e+00,2.0205e+01,-1.4630e+05,-1.4631e+05,-2.6290e-01,-1.4631e+05,1.4887e-01,6.6598e+00,1.4073e+05,4.3974e+01,-6.1652e-01,-1.8917e+00,5.3285e+00,1.0048e+01
8.0000e+01,1.0000e+00,2.0408e+01,-1.4630e+05,-1.4630e+05,-2.6622e-01,-1.4630e+05,1.3612e-01,5.5679e+00,1.4071e+05,4.4506e+01,4.8531e-01,-1.6060e+00,5.1420e+00,9.6231e+00
8.1000e+01,2.0000e+00,2.0558e+01,-1.4629e+05,-1.4629e+05,-2.6955e-01,-1.4629e+05,1.4894e-01,6.6663e+00,1.4071e+05,4.5497e+01,-8.4509e-01,-1.5147e+00,5.0240e+00,9.5636e+00
8.2000e+01,1.0000e+00,2.0759e+01,-1.4628e+05,-1.4628e+05,-2.7288e-01,-1.4628e+05,1.4897e-01,6.6689e+00,1.4069e+05,4.5992e+01,8.9988e-02,-1.0999e+00,5.3375e+00,9.9194e+00
8.3000e+01,1.0000e+00,2.0960e+01,-1.4624e+05,-1.4624e+05,-2.7621e-01,-1.4624e+05,1.4902e-01,6.6731e+00,1.4068e+05,4.6482e+01,3.0446e-01,-1.1678e+00,5.3357e+00,9.8839e+00
8.4000e+01,2.0000e+00,2.1106e+01,-1.4620e+05,-1.4621e+05,-2.7953e-01,-1.4621e+05,1.4906e-01,6.6765e+00,1.4064e+05,4.7463e+01,-3.7567e-01,-1.1224e+00,5.2823e+00,9.8837e+00
8.5000e+01,1.0000e+00,2.1303e+01,-1.4620e+05,-1.4620e+05,-2.8286e-01,-1.4620e+05,1.4801e-01,6.5835e+00,1.4061e+05,4.7969e+01,-8.1409e-01,-1.8806e+00,5.2156e+00,9.9111e+00
8.6000e+01,1.0000e+00,2.1500e+01,-1.4619e+05,-1.4619e+05,-2.8619e-01,-1.4619e+05,1.4908e-01,6.6785e+00,1.4060e+05,4.8459e+01,-9.3499e-02,-1.8969e+00,5.4071e+00,1.0162e+01
8.7000e+01,4.0000e+00,2.1535e+01,-1.4616e+05,-1.4616e+05,-2.8952e-01,-1.4616e+05,1.4917e-01,6.6864e+00,1.4060e+05,5.0438e+01,1.8765e-01,-1.4335e+00,5.4823e+00,1.0182e+01
8.8000e+01,1.0000e+00,2.1728e+01,-1.4605e+05,-1.4605e+05,-2.9285e-01,-1.4605e+05,1.4921e-01,6.6898e+00,1.4057e+05,5.0950e+01,-1.3007e-01,-1.2726e+00,5.1912e+00,9.7828e+00
8.9000e+01,1.0000e+00,2.1921e+01,-1.4603e+05,-1.4604e+05,-2.9617e-01,-1.4604e+05,1.4924e-01,6.6931e+00,1.4046e+05,5.1438e+01,-3.3407e-01,-1.0752e+00,5.0143e+00,9.5571e+00
9.0000e+01,1.0000e+00,2.2113e+01,-1.4601e+05,-1.4602e+05,-2.9950e-01,-1.4602e+05,1.4928e-01,6.6964e+00,1.4044e+05,5.1972e+01,-2.4538e-01,-1.9862e+00,5.3185e+00,1.0118e+01
9.1000e+01,1.0000e+00,2.2304e+01,-1.4598e+05,-1.4599e+05,-3.0283e-01,-1.4599e+05,1.4932e-01,6.6998e+00,1.4042e+05,5.2479e+01,-2.1210e-01,-1.7139e+00,4.9759e+00,9.5632e+00
9.2000e+01,3.0000e+00,2.2384e+01,-1.4593e+05,-1.4593e+05,-3.0616e-01,-1.4593e+05,1.4935e-01,6.7031e+00,1.4039e+05,5.3962e+01,-4.1456e-01,-1.3774e+00,5.1493e+00,9.8506e+00
9.3000e+01,1.0000e+00,2.2573e+01,-1.4592e+05,-1.4593e+05,-3.0948e-01,-1.4593e+05,1.4280e-01,6.1277e+00,1.4034e+05,5.4473e+01,4.4668e-01,-1.9830e+00,5.0297e+00,9.5983e+00
9.4000e+01,2.0000e+00,2.2705e+01,-1.4589e+05,-1.4590e+05,-3.1281e-01,-1.4590e+05,1.4943e-01,6.7097e+00,1.4033e+05,5.5463e+01,-4.7889e-01,-1.8714e+00,5.0439e+00,9.7739e+00
9.5000e+01,1.0000e+00,2.2892e+01,-1.4576e+05,-1.4577e+05,-3.1614e-01,-1.4577e+05,1.4946e-01,6.7131e+00,1.4030e+05,5.5975e+01,-3.0566e-01,-1.1528e+00,5.0341e+00,9.7575e+00
9.6000e+01,1.0000e+00,2.3077e+01,-1.4571e+05,-1.4572e+05,-3.1947e-01,-1.4572e+05,1.4950e-01,6.7164e+00,1.4017e+05,5.6461e+01,-2.8665e-01,-1.6556e+00,4.9226e+00,9.5883e+00
9.7000e+01,2.0000e+00,2.3206e+01,-1.4570e+05,-1.4571e+05,-3.2280e-01,-1.4571e+05,1.4953e-01,6.7192e+00,1.4012e+05,5.7417e+01,-2.1970e-01,-1.9580e+00,5.2724e+00,1.0192e+01
9.8000e+01,1.0000e+00,2.3389e+01,-1.4570e+05,-1.4571e+05,-3.2612e-01,-1.4571e+05,1.3690e-01,5.6320e+00,1.4011e+05,5.7905e+01,5.8996e-02,-1.8502e+00,5.2382e+00,1.0082e+01
9.9000e+01,2.0000e+00,2.3515e+01,-1.4569e+05,-1.4570e+05,-3.2945e-01,-1.4570e+05,1.4961e-01,6.7260e+00,1.4011e+05,5.8891e+01,-9.0424e-01,-1.5732e+00,5.1181e+00,1.0003e+01
1.0000e+02,1.0000e+00,2.3697e+01,-1.4567e+05,-1.4568e+05,-3.3278e-01,-1.4568e+05,1.4965e-01,6.7297e+00,1.4010e+05,5.9419e+01,-4.6103e-01,-1.9120e+00,5.1887e+00,1.0117e+01
1.0100e+02,1.0000e+00,2.3877e+01,-1.4563e+05,-1.4564e+05,-3.3611e-01,-1.4564e+05,1.4969e-01,6.7330e+00,1.4008e+05,5.9912e+01,3.0959e-01,-1.9613e+00,5.0772e+00,9.8334e+00
1.0200e+02,1.0000e+00,2.4057e+01,-1.4563e+05,-1.4563e+05,-3.3943e-01,-1.4563e+05,1.4921e-01,6.6899e+00,1.4004e+05,6.0404e+01,-5.7002e-01,-1.5076e+00,5.0457e+00,9.8570e+00
1.0300e+02,1.0000e+00,2.4235e+01,-1.4562e+05,-1.4563e+05,-3.4276e-01,-1.4563e+05,1.4846e-01,6.6229e+00,1.4003e+05,6.0908e+01,2.8472e-01,-1.2722e+00,5.0770e+00,9.8306e+00
1.0400e+02,1.0000e+00,2.4413e+01,-1.4555e+05,-1.4556e+05,-3.4609e-01,-1.4556e+05,1.4980e-01,6.7430e+00,1.4003e+05,6.1409e+01,2.7890e-01,-1.4020e+00,5.0815e+00,9.8760e+00
1.0500e+02,1.0000e+00,2.4590e+01,-1.4552e+05,-1.4553e+05,-3.4942e-01,-1.4553e+05,1.4983e-01,6.7463e+00,1.3996e+05,6.1915e+01,4.0848e-01,-1.8071e+00,5.1385e+00,9.9886e+00
1.0600e+02,2.0000e+00,2.4709e+01,-1.4551e+05,-1.4552e+05,-3.5275e-01,-1.4552e+05,1.4965e-01,6.7297e+00,1.3993e+05,6.2904e+01,-9.1156e-01,-1.9209e+00,4.9927e+00,9.8663e+00
1.0700e+02,1.0000e+00,2.4884e+01,-1.4550e+05,-1.4551e+05,-3.5607e-01,-1.4551e+05,1.4990e-01,6.7524e+00,1.3992e+05,6.3410e+01,-6.2830e-01,-1.9550e+00,5.1164e+00,1.0084e+01
1.0800e+02,4.0000e+00,2.4885e+01,-1.4550e+05,-1.4551e+05,-3.5940e-01,-1.4551e+05,1.4760e-01,6.5465e+00,1.3991e+05,6.5312e+01,-3.3558e-01,-1.4205e+00,4.8527e+00,9.6240e+00
1.0900e+02,1.0000e+00,2.5057e+01,-1.4550e+05,-1.4551e+05,-3.6273e-01,-1.4551e+05,1.3651e-01,5.6001e+00,1.3991e+05,6.5784e+01,-8.9987e-02,-1.1778e+00,4.8839e+00,9.5825e+00
1.1000e+02,1.0000e+00,2.5229e+01,-1.4545e+05,-1.4546e+05,-3.6606e-01,-1.4546e+05,1.5002e-01,6.7630e+00,1.3991e+05,6.6356e+01,-3.2888e-01,-1.8936e+00,4.9958e+00,9.8516e+00
1.1100e+02,4.0000e+00,2.5227e+01,-1.4543e+05,-1.4544e+05,-3.6938e-01,-1.4544e+05,1.5006e-01,6.7663e+00,1.3986e+05,6.8195e+01,2.0322e-01,-1.8562e+00,5.1128e+00,9.9932e+00
1.1200e+02,1.0000e+00,2.5397e+01,-1.4541e+05,-1.4542e+05,-3.7271e-01,-1.4542e+05,1.5009e-01,6.7696e+00,1.3984e+05,6.8667e+01,-6.6377e-01,-1.8613e+00,5.1757e+00,1.0182e+01
1.1300e+02,2.0000e+00,2.5508e+01,-1.4536e+05,-1.4536e+05,-3.7604e-01,-1.4536e+05,1.5013e-01,6.7730e+00,1.3982e+05,6.9591e+01,1.7688e-01,-1.4395e+00,4.9816e+00,9.8653e+00
1.1400e+02,1.0000e+00,2.5676e+01,-1.4531e+05,-1.4532e+05,-3.7937e-01,-1.4532e+05,1.5017e-01,6.7763e+00,1.3976e+05,7.0056e+01,-5.3890e-01,-1.7016e+00,4.9778e+00,9.9166e+00
1.1500e+02,2.0000e+00,2.5785e+01,-1.4528e+05,-1.4529e+05,-3.8270e-01,-1.4529e+05,1.5020e-01,6.7796e+00,1.3972e+05,7.0980e+01,-2.3609e-01,-1.3390e+00,4.8909e+00,9.7596e+00
1.1600e+02,1.0000e+00,2.5951e+01,-1.4528e+05,-1.4529e+05,-3.8602e-01,-1.4529e+05,1.3829e-01,5.7464e+00,1.3969e+05,7.1450e+01,4.7982e-01,-1.2108e+00,4.8430e+00,9.6108e+00
1.1700e+02,1.0000e+00,2.6116e+01,-1.4523e+05,-1.4524e+05,-3.8935e-01,-1.4524e+05,1.5028e-01,6.7863e+00,1.3969e+05,7.1910e+01,2.1695e-01,-1.1273e+00,4.9980e+00,9.9122e+00
1.1800e+02,1.0000e+00,2.6281e+01,-1.4521e+05,-1.4522e+05,-3.9268e-01,-1.4522e+05,1.5031e-01,6.7896e+00,1.3964e+05,7.2365e+01,-3.8291e-02,-1.9773e+00,5.0856e+00,1.0119e+01
1.1900e+02,1.0000e+00,2.6444e+01,-1.4520e+05,-1.4521e+05,-3.9601e-01,-1.4521e+05,1.5035e-01,6.7929e+00,1.3962e+05,7.2833e+01,3.5235e-01,-1.0163e+00,4.9227e+00,9.7310e+00
1.2000e+02,2.0000e+00,2.6549e+01,-1.4518e+05,-1.4518e+05,-3.9933e-01,-1.4518e+05,1.5039e-01,6.7963e+00,1.3961e+05,7.3784e+01,-8.1110e-01,-1.2809e+00,4.8465e+00,9.7707e+00
1.2100e+02,1.0000e+00,2.6711e+01,-1.4516e+05,-1.4517e+05,-4.0266e-01,-1.4517e+05,1.5042e-01,6.7995e+00,1.3959e+05,7.4244e+01,-8.6877e-01,-1.7432e+00,4.9204e+00,9.8988e+00
1.2200e+02,1.0000e+00,2.6872e+01,-1.4513e+05,-1.4513e+05,-4.0599e-01,-1.4513e+05,1.5046e-01,6.8029e+00,1.3957e+05,7.4712e+01,-6.9518e-01,-1.3330e+00,4.7244e+00,9.5364e+00
1.2300e+02,5.0000e+00,2.6797e+01,-1.4511e+05,-1.4511e+05,-4.0932e-01,-1.4511e+05,1.5050e-01,6.8062e+00,1.3953e+05,7.6993e+01,1.4241e-01,-1.0856e+00,4.9759e+00,9.8979e+00
1.2400e+02,3.0000e+00,2.6840e+01,-1.4504e+05,-1.4504e+05,-4.1265e-01,-1.4504e+05,1.5054e-01,6.8096e+00,1.3952e+05,7.8371e+01,2.4870e-01,-1.5302e+00,4.7411e+00,9.5762e+00
1.2500e+02,1.0000e+00,2.6998e+01,-1.4500e+05,-1.4501e+05,-4.1597e-01,-1.4501e+05,1.5057e-01,6.8129e+00,1.3944e+05,7.8836e+01,1.3497e-02,-1.4550e+00,4.6927e+00,9.5098e+00
1.2600e+02,1.0000e+00,2.7155e+01,-1.4499e+05,-1.4500e+05,-4.1930e-01,-1.4500e+05,1.5061e-01,6.8162e+00,1.3941e+05,7.9294e+01,-9.3715e-01,-1.8258e+00,4.6962e+00,9.6210e+00
1.2700e+02,1.0000e+00,2.7312e+01,-1.4496e+05,-1.4497e+05,-4.2263e-01,-1.4497e+05,1.5065e-01,6.8196e+00,1.3940e+05,7.9762e+01,4.7627e-01,-1.3895e+00,4.9551e+00,9.9581e+00
1.2800e+02,1.0000e+00,2.7468e+01,-1.4492e+05,-1.4492e+05,-4.2596e-01,-1.4492e+05,1.5068e-01,6.8229e+00,1.3937e+05,8.0219e+01,-2.5616e-01,-1.7387e+00,4.6671e+00,9.5510e+00
1.2900e+02,2.0000e+00,2.7564e+01,-1.4491e+05,-1.4492e+05,-4.2928e-01,-1.4492e+05,1.4851e-01,6.6275e+00,1.3932e+05,8.1165e+01,-7.9689e-01,-1.9955e+00,4.6125e+00,9.5116e+00
1.3000e+02,1.0000e+00,2.7719e+01,-1.4490e+05,-1.4490e+05,-4.3261e-01,-1.4490e+05,1.5076e-01,6.8295e+00,1.3932e+05,8.1666e+01,-7.0599e-01,-1.9613e+00,4.8476e+00,9.8952e+00
1.3100e+02,1.0000e+00,2.7872e+01,-1.4488e+05,-1.4489e+05,-4.3594e-01,-1.4489e+05,1.5079e-01,6.8328e+00,1.3931e+05,8.2121e+01,-4.5567e-01,-1.3457e+00,4.8145e+00,9.7765e+00
1.3200e+02,2.0000e+00,2.7966e+01,-1.4488e+05,-1.4489e+05,-4.3927e-01,-1.4489e+05,1.4978e-01,6.7415e+00,1.3929e+05,8.3033e+01,-3.1691e-01,-1.3064e+00,4.9139e+00,9.9591e+00
1.3300e+02,2.0000e+00,2.8059e+01,-1.4487e+05,-1.4488e+05,-4.4260e-01,-1.4488e+05,1.5031e-01,6.7893e+00,1.3929e+05,8.3943e+01,-4.9277e-01,-1.5157e+00,4.6386e+00,9.5252e+00
1.3400e+02,1.0000e+00,2.8211e+01,-1.4483e+05,-1.4483e+05,-4.4592e-01,-1.4483e+05,1.5090e-01,6.8429e+00,1.3928e+05,8.4404e+01,3.3584e-01,-1.0267e+00,4.7802e+00,9.7563e+00
1.3500e+02,2.0000e+00,2.8302e+01,-1.4481e+05,-1.4482e+05,-4.4925e-01,-1.4482e+05,1.5094e-01,6.8458e+00,1.3923e+05,8.5336e+01,-7.2510e-01,-1.2026e+00,4.8371e+00,9.8890e+00
1.3600e+02,7.0000e+00,2.8099e+01,-1.4481e+05,-1.4482e+05,-4.5258e-01,-1.4482e+05,1.3954e-01,5.8510e+00,1.3922e+05,8.8587e+01,-4.6452e-01,-1.1809e+00,4.9204e+00,1.0001e+01
1.3700e+02,1.0000e+00,2.8247e+01,-1.4481e+05,-1.4482e+05,-4.5591e-01,-1.4482e+05,1.4131e-01,6.0002e+00,1.3922e+05,8.9069e+01,4.4784e-01,-1.0503e+00,4.6554e+00,9.5648e+00
1.3800e+02,1.0000e+00,2.8395e+01,-1.4462e+05,-1.4463e+05,-4.5924e-01,-1.4463e+05,1.5105e-01,6.8562e+00,1.3922e+05,8.9537e+01,1.5232e-01,-1.7001e+00,4.6406e+00,9.6713e+00
1.3900e+02,2.0000e+00,2.8484e+01,-1.4460e+05,-1.4460e+05,-4.6256e-01,-1.4460e+05,1.5109e-01,6.8595e+00,1.3903e+05,9.0479e+01,1.9362e-01,-1.7484e+00,4.5914e+00,9.5394e+00
1.4000e+02,4.0000e+00,2.8455e+01,-1.4457e+05,-1.4458e+05,-4.6589e-01,-1.4458e+05,1.5112e-01,6.8628e+00,1.3901e+05,9.2410e+01,-8.5578e-01,-1.1807e+00,4.8888e+00,1.0049e+01
1.4100e+02,1.0000e+00,2.8600e+01,-1.4456e+05,-1.4456e+05,-4.6922e-01,-1.4456e+05,1.5116e-01,6.8661e+00,1.3898e+05,9.2882e+01,-5.1981e-01,-1.4733e+00,4.8892e+00,1.0117e+01
1.4200e+02,3.0000e+00,2.8629e+01,-1.4455e+05,-1.4455e+05,-4.7255e-01,-1.4455e+05,1.5119e-01,6.8687e+00,1.3896e+05,9.4302e+01,4.5294e-02,-1.3597e+00,4.8979e+00,1.0080e+01
1.4300e+02,1.0000e+00,2.8773e+01,-1.4454e+05,-1.4455e+05,-4.7587e-01,-1.4455e+05,1.5058e-01,6.8132e+00,1.3895e+05,9.4774e+01,-3.5460e-01,-1.5961e+00,4.8033e+00,9.9542e+00
1.4400e+02,1.0000e+00,2.8916e+01,-1.4450e+05,-1.4451e+05,-4.7920e-01,-1.4451e+05,1.5127e-01,6.8761e+00,1.3895e+05,9.5242e+01,-6.9642e-01,-1.8401e+00,4.6830e+00,9.8123e+00
1.4500e+02,1.0000e+00,2.9058e+01,-1.4449e+05,-1.4450e+05,-4.8253e-01,-1.4450e+05,1.5130e-01,6.8788e+00,1.3891e+05,9.5725e+01,-2.7928e-01,-1.3561e+00,4.8649e+00,1.0033e+01
1.4600e+02,1.1000e+01,2.8627e+01,-1.4449e+05,-1.4450e+05,-4.8586e-01,-1.4450e+05,1.4658e-01,6.4566e+00,1.3890e+05,1.0080e+02,-9.1930e-01,-1.1372e+00,4.8899e+00,1.0109e+01
1.4700e+02,1.0000e+00,2.8767e+01,-1.4448e+05,-1.4449e+05,-4.8919e-01,-1.4449e+05,1.5100e-01,6.8519e+00,1.3890e+05,1.0127e+02,-6.9246e-01,-1.7653e+00,4.7909e+00,9.9399e+00
1.4800e+02,1.0000e+00,2.8906e+01,-1.4446e+05,-1.4447e+05,-4.9251e-01,-1.4447e+05,1.5142e-01,6.8894e+00,1.3889e+05,1.0173e+02,2.4537e-01,-1.2552e+00,4.7594e+00,9.8450e+00
1.4900e+02,2.0000e+00,2.8988e+01,-1.4446e+05,-1.4446e+05,-4.9584e-01,-1.4446e+05,1.4931e-01,6.6996e+00,1.3887e+05,1.0264e+02,-5.8994e-02,-1.7383e+00,4.7476e+00,9.8884e+00
1.5000e+02,4.0000e+00,2.8958e+01,-1.4444e+05,-1.4445e+05,-4.9917e-01,-1.4445e+05,1.5149e-01,6.8961e+00,1.3887e+05,1.0453e+02,-7.6138e-01,-1.5606e+00,4.8880e+00,1.0148e+01
1.5100e+02,1.0000e+00,2.9094e+01,-1.4444e+05,-1.4445e+05,-5.0250e-01,-1.4445e+05,1.4862e-01,6.6376e+00,1.3885e+05,1.0500e+02,-8.9702e-01,-1.6794e+00,4.7769e+00,9.9270e+00
1.5200e+02,6.0000e+00,2.8952e+01,-1.4443e+05,-1.4443e+05,-5.0582e-01,-1.4443e+05,1.5156e-01,6.9027e+00,1.3885e+05,1.0790e+02,-9.6069e-01,-1.4994e+00,4.5844e+00,9.6563e+00
1.5300e+02,1.0000e+00,2.9087e+01,-1.4439e+05,-1.4440e+05,-5.0915e-01,-1.4440e+05,1.5160e-01,6.9061e+00,1.3883e+05,1.0840e+02,-4.9008e-02,-1.3568e+00,4.6575e+00,9.7730e+00
1.5400e+02,2.0000e+00,2.9167e+01,-1.4438e+05,-1.4439e+05,-5.1248e-01,-1.4439e+05,1.5162e-01,6.9083e+00,1.3880e+05,1.0939e+02,-3.5534e-01,-1.5836e+00,4.8836e+00,1.0135e+01
1.5500e+02,1.0000e+00,2.9301e+01,-1.4436e+05,-1.4437e+05,-5.1581e-01,-1.4437e+05,1.5167e-01,6.9127e+00,1.3879e+05,1.0988e+02,-9.9747e-01,-1.5534e+00,4.5160e+00,9.5567e+00
1.5600e+02,1.0000e+00,2.9434e+01,-1.4433e+05,-1.4434e+05,-5.1914e-01,-1.4434e+05,1.5171e-01,6.9161e+00,1.3877e+05,1.1038e+02,-2.6897e-01,-1.7333e+00,4.8150e+00,1.0027e+01
1.5700e+02,1.0000e+00,2.9567e+01,-1.4432e+05,-1.4432e+05,-5.2246e-01,-1.4432e+05,1.5174e-01,6.9194e+00,1.3874e+05,1.1087e+02,-6.1981e-01,-1.7812e+00,4.6902e+00,9.8360e+00
1.5800e+02,2.0000e+00,2.9644e+01,-1.4430e+05,-1.4430e+05,-5.2579e-01,-1.4430e+05,1.5178e-01,6.9227e+00,1.3872e+05,1.1186e+02,-1.5108e-01,-1.9932e+00,4.8523e+00,1.0138e+01
1.5900e+02,1.0000e+00,2.9775e+01,-1.4428e+05,-1.4428e+05,-5.2912e-01,-1.4428e+05,1.5182e-01,6.9260e+00,1.3870e+05,1.1235e+02,1.2709e-01,-1.7369e+00,4.5227e+00,9.5869e+00
1.6000e+02,1.0000e+00,2.9907e+01,-1.4427e+05,-1.4428e+05,-5.3245e-01,-1.4428e+05,1.4722e-01,6.5128e+00,1.3869e+05,1.1287e+02,-6.9653e-01,-1.2736e+00,4.7140e+00,9.9087e+00
1.6100e+02,1.0000e+00,3.0037e+01,-1.4422e+05,-1.4423e+05,-5.3577e-01,-1.4423e+05,1.5189e-01,6.9327e+00,1.3868e+05,1.1337e+02,-9.0133e-01,-1.2122e+00,4.5372e+00,9.6238e+00
1.6200e+02,4.0000e+00,3.0000e+01,-1.4414e+05,-1.4415e+05,-5.3910e-01,-1.4415e+05,1.5193e-01,6.9360e+00,1.3863e+05,1.1533e+02,-1.5509e-01,-1.9618e+00,4.6966e+00,9.9612e+00
1.6300e+02,1.0000e+00,3.0129e+01,-1.4412e+05,-1.4413e+05,-5.4243e-01,-1.4413e+05,1.5196e-01,6.9394e+00,1.3855e+05,1.1582e+02,-9.9329e-01,-1.6852e+00,4.8314e+00,1.0196e+01
1.6400e+02,2.0000e+00,3.0203e+01,-1.4411e+05,-1.4412e+05,-5.4576e-01,-1.4412e+05,1.5199e-01,6.9418e+00,1.3853e+05,1.1679e+02,-6.3271e-01,-1.3360e+00,4.4437e+00,9.5245e+00
1.6500e+02,2.0000e+00,3.0275e+01,-1.4405e+05,-1.4406e+05,-5.4909e-01,-1.4406e+05,1.5204e-01,6.9460e+00,1.3852e+05,1.1778e+02,-9.0816e-01,-1.9768e+00,4.5222e+00,9.6866e+00
1.6600e+02,1.0000e+00,3.0403e+01,-1.4402e+05,-1.4402e+05,-5.5241e-01,-1.4402e+05,1.5207e-01,6.9493e+00,1.3846e+05,1.1826e+02,-7.5142e-01,-1.4528e+00,4.6165e+00,9.8553e+00
1.6700e+02,5.0000e+00,3.0309e+01,-1.4397e+05,-1.4398e+05,-5.5574e-01,-1.4398e+05,1.5211e-01,6.9527e+00,1.3843e+05,1.2071e+02,8.1367e-04,-1.8507e+00,4.4128e+00,9.5156e+00
1.6800e+02,2.0000e+00,3.0380e+01,-1.4385e+05,-1.4386e+05,-5.5907e-01,-1.4386e+05,1.5214e-01,6.9560e+00,1.3838e+05,1.2170e+02,-4.0797e-01,-1.9690e+00,4.7305e+00,1.0095e+01
1.6900e+02,1.0000e+00,3.0505e+01,-1.4382e+05,-1.4383e+05,-5.6240e-01,-1.4383e+05,1.5218e-01,6.9593e+00,1.3826e+05,1.2219e+02,2.4406e-01,-1.8615e+00,4.7084e+00,9.8344e+00
1.7000e+02,1.0000e+00,3.0631e+01,-1.4382e+05,-1.4383e+05,-5.6572e-01,-1.4383e+05,1.4051e-01,5.9326e+00,1.3823e+05,1.2271e+02,-4.3232e-01,-1.4577e+00,4.5474e+00,9.7897e+00
1.7100e+02,1.0000e+00,3.0755e+01,-1.4382e+05,-1.4383e+05,-5.6905e-01,-1.4383e+05,1.4794e-01,6.5769e+00,1.3823e+05,1.2321e+02,-4.4508e-01,-1.0634e+00,4.4492e+00,9.5877e+00
1.7200e+02,1.0000e+00,3.0880e+01,-1.4377e+05,-1.4378e+05,-5.7238e-01,-1.4378e+05,1.5229e-01,6.9693e+00,1.3823e+05,1.2372e+02,-3.9981e-01,-1.5067e+00,4.5056e+00,9.7334e+00
1.7300e+02,1.0000e+00,3.1004e+01,-1.4371e+05,-1.4372e+05,-5.7571e-01,-1.4372e+05,1.5233e-01,6.9726e+00,1.3818e+05,1.2422e+02,-5.7212e-01,-1.3751e+00,4.4343e+00,9.6370e+00
1.7400e+02,2.0000e+00,3.1071e+01,-1.4363e+05,-1.4363e+05,-5.7904e-01,-1.4363e+05,1.5236e-01,6.9760e+00,1.3812e+05,1.2521e+02,-9.8135e-01,-1.0718e+00,4.3807e+00,9.5487e+00
1.7500e+02,1.0000e+00,3.1194e+01,-1.4352e+05,-1.4353e+05,-5.8236e-01,-1.4353e+05,1.5240e-01,6.9793e+00,1.3803e+05,1.2572e+02,-4.9339e-01,-1.4954e+00,4.4771e+00,9.7452e+00
1.7600e+02,1.0000e+00,3.1317e+01,-1.4345e+05,-1.4346e+05,-5.8569e-01,-1.4346e+05,1.5244e-01,6.9826e+00,1.3793e+05,1.2621e+02,1.4128e-01,-1.0551e+00,4.5047e+00,9.9635e+00
1.7700e+02,1.0000e+00,3.1439e+01,-1.4343e+05,-1.4344e+05,-5.8902e-01,-1.4344e+05,1.5247e-01,6.9859e+00,1.3786e+05,1.2671e+02,-7.7041e-01,-1.5186e+00,4.5067e+00,9.8438e+00
1.7800e+02,1.0000e+00,3.1560e+01,-1.4341e+05,-1.4342e+05,-5.9235e-01,-1.4342e+05,1.5251e-01,6.9893e+00,1.3784e+05,1.2720e+02,-9.3285e-01,-1.8871e+00,4.3141e+00,9.5498e+00
1.7900e+02,3.0000e+00,3.1570e+01,-1.4340e+05,-1.4341e+05,-5.9567e-01,-1.4341e+05,1.5254e-01,6.9925e+00,1.3782e+05,1.2866e+02,3.9361e-01,-1.6019e+00,4.4668e+00,9.9801e+00
1.8000e+02,1.0000e+00,3.1690e+01,-1.4329e+05,-1.4330e+05,-5.9900e-01,-1.4330e+05,1.5258e-01,6.9959e+00,1.3781e+05,1.2925e+02,3.5351e-01,-1.0793e+00,4.3963e+00,9.8960e+00
1.8100e+02,3.0000e+00,3.1699e+01,-1.4327e+05,-1.4328e+05,-6.0233e-01,-1.4328e+05,1.5262e-01,6.9993e+00,1.3770e+05,1.3074e+02,2.2745e-01,-1.8354e+00,4.3191e+00,9.7566e+00
1.8200e+02,2.0000e+00,3.1763e+01,-1.4326e+05,-1.4326e+05,-6.0566e-01,-1.4326e+05,1.5265e-01,7.0026e+00,1.3768e+05,1.3173e+02,-9.6821e-01,-1.5665e+00,4.3389e+00,9.6672e+00
1.8300e+02,2.0000e+00,3.1826e+01,-1.4324e+05,-1.4325e+05,-6.0899e-01,-1.4325e+05,1.5269e-01,7.0059e+00,1.3767e+05,1.3271e+02,-6.1256e-01,-1.0842e+00,4.5971e+00,9.8906e+00
1.8400e+02,1.0000e+00,3.1944e+01,-1.4324e+05,-1.4324e+05,-6.1231e-01,-1.4324e+05,1.5204e-01,6.9467e+00,1.3765e+05,1.3319e+02,6.5230e-02,-1.0750e+00,4.5874e+00,1.0180e+01
1.8500e+02,3.0000e+00,3.1952e+01,-1.4322e+05,-1.4322e+05,-6.1564e-01,-1.4322e+05,1.5276e-01,7.0126e+00,1.3764e+05,1.3467e+02,2.5689e-01,-1.7587e+00,4.3028e+00,9.7995e+00
1.8600e+02,3.0000e+00,3.1959e+01,-1.4320e+05,-1.4321e+05,-6.1897e-01,-1.4321e+05,1.5280e-01,7.0158e+00,1.3762e+05,1.3614e+02,1.8389e-01,-1.9015e+00,4.3270e+00,9.7665e+00
1.8700e+02,5.0000e+00,3.1857e+01,-1.4313e+05,-1.4313e+05,-6.2230e-01,-1.4313e+05,1.5283e-01,7.0192e+00,1.3761e+05,1.3859e+02,3.9077e-01,-1.1722e+00,4.1782e+00,9.5984e+00
1.8800e+02,3.0000e+00,3.1864e+01,-1.4306e+05,-1.4306e+05,-6.2562e-01,-1.4306e+05,1.5287e-01,7.0226e+00,1.3753e+05,1.4005e+02,2.0742e-01,-1.5803e+00,4.3952e+00,1.0029e+01
1.8900e+02,4.0000e+00,3.1818e+01,-1.4288e+05,-1.4289e+05,-6.2895e-01,-1.4289e+05,1.5291e-01,7.0259e+00,1.3746e+05,1.4202e+02,4.1824e-01,-1.3319e+00,4.3516e+00,1.0088e+01
1.9000e+02,1.1000e+01,3.1405e+01,-1.4288e+05,-1.4289e+05,-6.3228e-01,-1.4289e+05,1.4278e-01,6.1264e+00,1.3729e+05,1.4749e+02,3.5482e-01,-1.2541e+00,4.0454e+00,9.5065e+00
1.9100e+02,1.0000e+00,3.1518e+01,-1.4287e+05,-1.4288e+05,-6.3561e-01,-1.4288e+05,1.5294e-01,7.0288e+00,1.3729e+05,1.4798e+02,3.9798e-01,-1.5021e+00,4.0800e+00,9.6126e+00
1.9200e+02,1.0000e+00,3.1631e+01,-1.4283e+05,-1.4284e+05,-6.3894e-01,-1.4284e+05,1.5302e-01,7.0359e+00,1.3728e+05,1.4846e+02,-2.1698e-01,-1.0533e+00,4.5445e+00,9.7627e+00
1.9300e+02,1.0000e+00,3.1743e+01,-1.4282e+05,-1.4283e+05,-6.4226e-01,-1.4283e+05,1.5305e-01,7.0386e+00,1.3724e+05,1.4897e+02,2.4890e-01,-1.2880e+00,4.0650e+00,9.5172e+00
1.9400e+02,2.0000e+00,3.1803e+01,-1.4281e+05,-1.4282e+05,-6.4559e-01,-1.4282e+05,1.5309e-01,7.0424e+00,1.3723e+05,1.4993e+02,1.9689e-01,-1.6964e+00,4.1955e+00,9.8145e+00
1.9500e+02,2.0000e+00,3.1863e+01,-1.4280e+05,-1.4281e+05,-6.4892e-01,-1.4281e+05,1.5312e-01,7.0451e+00,1.3722e+05,1.5091e+02,-1.2675e-02,-1.4744e+00,4.2544e+00,9.7853e+00
1.9600e+02,2.0000e+00,3.1922e+01,-1.4276e+05,-1.4277e+05,-6.5225e-01,-1.4277e+05,1.5316e-01,7.0492e+00,1.4163e+05,1.5189e+02,1.7854e-01,-1.1384e+00,4.2881e+00,9.9798e+00
1.9700e+02,1.0000e+00,3.2033e+01,-1.4275e+05,-1.4276e+05,-6.5557e-01,-1.4276e+05,1.5320e-01,7.0525e+00,1.4159e+05,1.5239e+02,4.6212e-01,-1.2731e+00,4.4907e+00,9.7314e+00
1.9800e+02,1.0000e+00,3.2143e+01,-1.4266e+05,-1.4266e+05,-6.5890e-01,-1.4266e+05,1.5323e-01,7.0558e+00,1.4158e+05,1.5289e+02,1.0102e-01,-1.3164e+00,4.2638e+00,9.9852e+00
1.9900e+02,1.0000e+00,3.2253e+01,-1.4265e+05,-1.4265e+05,-6.6223e-01,-1.4265e+05,1.5327e-01,7.0589e+00,1.4149e+05,1.5338e+02,6.1731e-02,-1.6726e+00,4.2759e+00,9.9933e+00
2.0000e+02,1.0000e+00,3.2362e+01,-1.4264e+05,-1.4264e+05,-6.6556e-01,-1.4264e+05,1.5329e-01,7.0609e+00,1.4147e+05,1.5392e+02,1.3353e-01,-1.0679e+00,4.1292e+00,9.7078e+00
2.0100e+02,1.0000e+00,3.2472e+01,-1.4259e+05,-1.4260e+05,-6.6889e-01,-1.4260e+05,1.5334e-01,7.0658e+00,1.4147e+05,1.5442e+02,3.9971e-01,-1.3486e+00,4.1916e+00,1.0052e+01
2.0200e+02,1.0000e+00,3.2581e+01,-1.4259e+05,-1.4260e+05,-6.7221e-01,-1.4260e+05,1.4176e-01,6.0386e+00,1.4142e+05,1.5492e+02,4.3721e-01,-1.1241e+00,4.0735e+00,9.8507e+00
2.0300e+02,1.0000e+01,3.2222e+01,-1.4259e+05,-1.4260e+05,-6.7554e-01,-1.4260e+05,1.3564e-01,5.5286e+00,1.4142e+05,1.5980e+02,-9.6088e-02,-1.6107e+00,4.2369e+00,9.8730e+00
2.0400e+02,6.0000e+00,3.2075e+01,-1.4258e+05,-1.4259e+05,-6.7887e-01,-1.4259e+05,1.5341e-01,7.0726e+00,1.4142e+05,1.6274e+02,7.8111e-03,-1.4287e+00,4.0713e+00,9.5450e+00
2.0500e+02,1.0000e+00,3.2182e+01,-1.4257e+05,-1.4257e+05,-6.8220e-01,-1.4257e+05,1.5349e-01,7.0791e+00,1.4141e+05,1.6325e+02,1.7782e-01,-1.8987e+00,4.2088e+00,1.0020e+01
2.0600e+02,1.0000e+00,3.2288e+01,-1.4255e+05,-1.4256e+05,-6.8552e-01,-1.4256e+05,1.5352e-01,7.0824e+00,1.4140e+05,1.6374e+02,2.7314e-01,-1.1677e+00,4.0370e+00,9.6680e+00
2.0700e+02,3.0000e+00,3.2293e+01,-1.4254e+05,-1.4255e+05,-6.8885e-01,-1.4255e+05,1.5356e-01,7.0857e+00,1.4138e+05,1.6525e+02,-6.5557e-02,-1.5870e+00,4.0892e+00,9.5256e+00
2.0800e+02,1.0000e+00,3.2399e+01,-1.4253e+05,-1.4254e+05,-6.9218e-01,-1.4254e+05,1.5359e-01,7.0886e+00,1.4137e+05,1.6575e+02,-3.2989e-01,-1.5849e+00,4.4412e+00,1.0188e+01
2.0900e+02,1.0000e+00,3.2504e+01,-1.4252e+05,-1.4252e+05,-6.9551e-01,-1.4252e+05,1.5363e-01,7.0924e+00,1.4136e+05,1.6626e+02,1.0215e-01,-1.7229e+00,4.0726e+00,9.6941e+00
2.1000e+02,1.0000e+00,3.2609e+01,-1.4249e+05,-1.4250e+05,-6.9884e-01,-1.4250e+05,1.5367e-01,7.0958e+00,1.4134e+05,1.6680e+02,-3.4557e-01,-1.7975e+00,4.3317e+00,1.0020e+01
2.1100e+02,2.0000e+00,3.2663e+01,-1.4248e+05,-1.4248e+05,-7.0216e-01,-1.4248e+05,1.5370e-01,7.0991e+00,1.4132e+05,1.6780e+02,3.6856e-01,-1.7874e+00,3.9665e+00,9.6832e+00
2.1200e+02,2.0000e+00,3.2716e+01,-1.4246e+05,-1.4247e+05,-7.0549e-01,-1.4247e+05,1.5374e-01,7.1023e+00,1.4131e+05,1.6877e+02,-4.9341e-01,-1.0042e+00,4.3862e+00,1.0068e+01
2.1300e+02,5.0000e+00,3.2619e+01,-1.4245e+05,-1.4246e+05,-7.0882e-01,-1.4246e+05,1.5377e-01,7.1057e+00,1.4129e+05,1.7121e+02,-4.4961e-01,-1.2802e+00,4.4225e+00,1.0146e+01
2.1400e+02,1.0000e+00,3.2722e+01,-1.4240e+05,-1.4241e+05,-7.1215e-01,-1.4241e+05,1.5381e-01,7.1091e+00,1.4128e+05,1.7171e+02,-8.2311e-01,-1.2364e+00,4.6010e+00,1.0005e+01
2.1500e+02,2.0000e+00,3.2774e+01,-1.4236e+05,-1.4237e+05,-7.1547e-01,-1.4237e+05,1.5385e-01,7.1124e+00,1.4123e+05,1.7269e+02,-1.3641e-01,-1.2279e+00,4.2294e+00,9.9668e+00
2.1600e+02,4.0000e+00,3.2727e+01,-1.4236e+05,-1.4236e+05,-7.1880e-01,-1.4236e+05,1.5356e-01,7.0860e+00,1.4119e+05,1.7465e+02,4.9198e-01,-1.8205e+00,3.9526e+00,9.8978e+00
2.1700e+02,3.0000e+00,3.2730e+01,-1.4235e+05,-1.4236e+05,-7.2213e-01,-1.4236e+05,1.5371e-01,7.1002e+00,1.4118e+05,1.7608e+02,-5.7118e-01,-1.0133e+00,4.2954e+00,9.9020e+00
2.1800e+02,6.0000e+00,3.2586e+01,-1.4234e+05,-1.4235e+05,-7.2546e-01,-1.4235e+05,1.5262e-01,6.9991e+00,1.4118e+05,1.7889e+02,2.0210e-01,-1.6560e+00,4.0062e+00,9.7461e+00
2.1900e+02,3.0000e+00,3.2589e+01,-1.4234e+05,-1.4235e+05,-7.2879e-01,-1.4235e+05,1.4131e-01,6.0003e+00,1.4117e+05,1.8026e+02,-3.8510e-02,-1.8782e+00,4.1165e+00,9.8154e+00
2.2000e+02,1.0000e+00,3.2689e+01,-1.4229e+05,-1.4230e+05,-7.3211e-01,-1.4230e+05,1.5403e-01,7.1290e+00,1.4117e+05,1.8078e+02,-2.6672e-01,-1.2707e+00,4.2749e+00,1.0008e+01
2.2100e+02,3.0000e+00,3.2692e+01,-1.4228e+05,-1.4229e+05,-7.3544e-01,-1.4229e+05,1.5382e-01,7.1104e+00,1.4112e+05,1.8226e+02,5.8532e-02,-1.2360e+00,4.0338e+00,9.6763e+00
2.2200e+02,4.0000e+00,3.2647e+01,-1.4228e+05,-1.4228e+05,-7.3877e-01,-1.4228e+05,1.5408e-01,7.1344e+00,1.4111e+05,1.8421e+02,2.5259e-01,-1.2075e+00,3.9877e+00,9.7500e+00
2.2300e+02,2.0000e+00,3.2698e+01,-1.4227e+05,-1.4227e+05,-7.4210e-01,-1.4227e+05,1.5404e-01,7.1302e+00,1.4110e+05,1.8519e+02,6.6511e-02,-1.5070e+00,3.9793e+00,9.5811e+00
2.2400e+02,3.0000e+00,3.2701e+01,-1.4227e+05,-1.4227e+05,-7.4542e-01,-1.4227e+05,1.4812e-01,6.5930e+00,1.4110e+05,1.8668e+02,2.8531e-01,-1.3353e+00,4.0001e+00,9.8627e+00
2.2500e+02,2.0000e+00,3.2751e+01,-1.4226e+05,-1.4226e+05,-7.4875e-01,-1.4226e+05,1.5418e-01,7.1433e+00,1.4109e+05,1.8767e+02,2.0864e-01,-1.8451e+00,4.1400e+00,1.0188e+01
2.2600e+02,1.0000e+00,3.2849e+01,-1.4225e+05,-1.4225e+05,-7.5208e-01,-1.4225e+05,1.5423e-01,7.1477e+00,1.4108e+05,1.8817e+02,-4.8609e-01,-1.9939e+00,4.3157e+00,1.0058e+01
2.2700e+02,1.0000e+00,3.2946e+01,-1.4225e+05,-1.4225e+05,-7.5541e-01,-1.4225e+05,1.4203e-01,6.0620e+00,1.4107e+05,1.8867e+02,-4.3809e-01,-1.9369e+00,4.2869e+00,1.0004e+01
2.2800e+02,1.0000e+00,3.3043e+01,-1.4224e+05,-1.4225e+05,-7.5874e-01,-1.4225e+05,1.5347e-01,7.0781e+00,1.4107e+05,1.8916e+02,-4.2420e-01,-1.6221e+00,4.2779e+00,9.9948e+00
2.2900e+02,1.0000e+00,3.3140e+01,-1.4224e+05,-1.4224e+05,-7.6206e-01,-1.4224e+05,1.5177e-01,6.9220e+00,1.4107e+05,1.8966e+02,3.0335e-01,-1.6242e+00,3.8433e+00,9.5709e+00
2.3000e+02,4.0000e+00,3.3094e+01,-1.4221e+05,-1.4222e+05,-7.6539e-01,-1.4222e+05,1.5438e-01,7.1623e+00,1.4106e+05,1.9176e+02,2.5194e-02,-1.2873e+00,4.1108e+00,9.8928e+00
2.3100e+02,4.0000e+00,3.3047e+01,-1.4221e+05,-1.4222e+05,-7.6872e-01,-1.4222e+05,1.5328e-01,7.0606e+00,1.4104e+05,1.9373e+02,2.5068e-01,-1.1862e+00,4.0409e+00,1.0026e+01
2.3200e+02,1.0000e+00,3.3143e+01,-1.4217e+05,-1.4218e+05,-7.7205e-01,-1.4218e+05,1.5446e-01,7.1690e+00,1.4104e+05,1.9423e+02,1.4102e-01,-1.1966e+00,3.9887e+00,9.7637e+00
2.3300e+02,4.0000e+00,3.3097e+01,-1.4217e+05,-1.4218e+05,-7.7538e-01,-1.4217e+05,1.4269e-01,6.1185e+00,1.4100e+05,1.9621e+02,7.5171e-02,-1.7417e+00,4.0467e+00,9.8295e+00
2.3400e+02,3.0000e+00,3.3098e+01,-1.4217e+05,-1.4217e+05,-7.7870e-01,-1.4217e+05,1.3772e-01,5.6994e+00,1.4100e+05,1.9768e+02,-1.2927e-01,-1.0692e+00,4.0170e+00,9.5841e+00
2.3500e+02,2.0000e+00,3.3145e+01,-1.4217e+05,-1.4217e+05,-7.8203e-01,-1.4217e+05,1.3976e-01,5.8693e+00,1.4100e+05,1.9867e+02,-4.2652e-01,-1.9461e+00,4.3549e+00,1.0187e+01
2.3600e+02,2.0000e+00,3.3193e+01,-1.4216e+05,-1.4216e+05,-7.8536e-01,-1.4216e+05,1.5456e-01,7.1784e+00,1.4099e+05,1.9967e+02,4.2068e-02,-1.6261e+00,4.2045e+00,1.0148e+01
2.3700e+02,1.0000e+00,3.3287e+01,-1.4215e+05,-1.4216e+05,-7.8869e-01,-1.4216e+05,1.5460e-01,7.1822e+00,1.4099e+05,2.0016e+02,8.3353e-02,-1.3459e+00,4.1766e+00,1.0182e+01
2.3800e+02,1.0000e+00,3.3380e+01,-1.4213e+05,-1.4213e+05,-7.9201e-01,-1.4213e+05,1.5467e-01,7.1889e+00,1.4098e+05,2.0067e+02,-7.1272e-01,-1.3779e+00,4.3132e+00,1.0050e+01
2.3900e+02,1.0000e+00,3.3473e+01,-1.4212e+05,-1.4212e+05,-7.9534e-01,-1.4212e+05,1.5462e-01,7.1839e+00,1.4095e+05,2.0116e+02,-1.1482e-01,-1.3673e+00,3.9980e+00,9.6128e+00
2.4000e+02,2.0000e+00,3.3520e+01,-1.4211e+05,-1.4212e+05,-7.9867e-01,-1.4212e+05,1.5467e-01,7.1885e+00,1.4095e+05,2.0218e+02,-6.6580e-01,-1.1102e+00,4.3528e+00,9.9880e+00
2.4100e+02,1.0000e+00,3.3612e+01,-1.4208e+05,-1.4209e+05,-8.0200e-01,-1.4209e+05,1.5478e-01,7.1989e+00,1.4094e+05,2.0268e+02,2.8874e-01,-1.6744e+00,4.0128e+00,1.0143e+01
2.4200e+02,1.0000e+00,3.3705e+01,-1.4208e+05,-1.4209e+05,-8.0533e-01,-1.4209e+05,1.4637e-01,6.4377e+00,1.4091e+05,2.0316e+02,-4.4434e-01,-1.8890e+00,4.2156e+00,9.9559e+00
2.4300e+02,2.0000e+00,3.3750e+01,-1.4206e+05,-1.4206e+05,-8.0865e-01,-1.4206e+05,1.5485e-01,7.2056e+00,1.4091e+05,2.0415e+02,-1.8702e-01,-1.0556e+00,3.9698e+00,9.5682e+00
2.4400e+02,3.0000e+00,3.3748e+01,-1.4205e+05,-1.4206e+05,-8.1198e-01,-1.4206e+05,1.4421e-01,6.2494e+00,1.4088e+05,2.0563e+02,2.4575e-01,-1.9391e+00,3.8472e+00,9.6824e+00
2.4500e+02,1.0000e+00,3.3840e+01,-1.4205e+05,-1.4206e+05,-8.1531e-01,-1.4206e+05,1.5457e-01,7.1795e+00,1.4088e+05,2.0613e+02,3.4004e-01,-1.1775e+00,3.7850e+00,9.6448e+00
2.4600e+02,1.0000e+00,3.3931e+01,-1.4203e+05,-1.4204e+05,-8.1864e-01,-1.4204e+05,1.5496e-01,7.2156e+00,1.4088e+05,2.0663e+02,-4.1670e-01,-1.6597e+00,4.2067e+00,9.8200e+00
2.4700e+02,5.0000e+00,3.3836e+01,-1.4203e+05,-1.4203e+05,-8.2196e-01,-1.4203e+05,1.5435e-01,7.1591e+00,1.4086e+05,2.0908e+02,3.5755e-01,-1.2686e+00,3.8050e+00,9.8304e+00
2.4800e+02,1.0000e+00,3.3926e+01,-1.4202e+05,-1.4203e+05,-8.2529e-01,-1.4203e+05,1.5262e-01,6.9996e+00,1.4086e+05,2.0957e+02,-6.7181e-01,-1.0751e+00,4.3264e+00,1.0137e+01
2.4900e+02,1.0000e+00,3.4016e+01,-1.4200e+05,-1.4201e+05,-8.2862e-01,-1.4201e+05,1.5506e-01,7.2256e+00,1.4085e+05,2.1007e+02,-4.6525e-01,-1.9019e+00,4.3147e+00,1.0163e+01
2.5000e+02,3.0000e+00,3.4014e+01,-1.4199e+05,-1.4199e+05,-8.3195e-01,-1.4199e+05,1.5510e-01,7.2288e+00,1.4083e+05,2.1160e+02,1.2239e-01,-1.4754e+00,3.8723e+00,9.6597e+00
2.5100e+02,3.0000e+00,3.4011e+01,-1.4197e+05,-1.4197e+05,-8.3528e-01,-1.4197e+05,1.5514e-01,7.2322e+00,1.4082e+05,2.1309e+02,4.4017e-01,-1.7762e+00,3.6346e+00,9.6077e+00
2.5200e+02,1.0000e+00,3.4100e+01,-1.4196e+05,-1.4197e+05,-8.3860e-01,-1.4197e+05,1.4614e-01,6.4177e+00,1.4079e+05,2.1360e+02,-6.9157e-01,-1.7746e+00,4.3031e+00,9.6630e+00
2.5300e+02,8.0000e+00,3.3869e+01,-1.4193e+05,-1.4194e+05,-8.4193e-01,-1.4194e+05,1.5521e-01,7.2389e+00,1.4079e+05,2.1755e+02,-4.7238e-01,-1.3699e+00,4.0735e+00,9.6490e+00
2.5400e+02,2.0000e+00,3.3912e+01,-1.4192e+05,-1.4192e+05,-8.4526e-01,-1.4192e+05,1.5524e-01,7.2422e+00,1.4076e+05,2.1854e+02,1.5398e-01,-1.9998e+00,3.9021e+00,9.9868e+00
2.5500e+02,2.0000e+00,3.3955e+01,-1.4191e+05,-1.4192e+05,-8.4859e-01,-1.4192e+05,1.4996e-01,6.7579e+00,1.4074e+05,2.1953e+02,4.5809e-01,-1.7256e+00,3.5623e+00,9.6504e+00
2.5600e+02,1.0000e+00,3.4043e+01,-1.4191e+05,-1.4192e+05,-8.5191e-01,-1.4192e+05,1.4201e-01,6.0603e+00,1.4074e+05,2.2002e+02,3.5539e-01,-1.7224e+00,3.7700e+00,9.9898e+00
2.5700e+02,5.0000e+00,3.3950e+01,-1.4188e+05,-1.4188e+05,-8.5524e-01,-1.4188e+05,1.5535e-01,7.2522e+00,1.4074e+05,2.2246e+02,3.5871e-01,-1.2314e+00,3.7837e+00,1.0157e+01
2.5800e+02,1.0000e+00,3.4037e+01,-1.4187e+05,-1.4188e+05,-8.5857e-01,-1.4188e+05,1.5502e-01,7.2214e+00,1.4070e+05,2.2295e+02,-6.9944e-01,-1.3564e+00,4.1996e+00,9.9300e+00
2.5900e+02,1.0000e+00,3.4124e+01,-1.4187e+05,-1.4187e+05,-8.6190e-01,-1.4187e+05,1.4737e-01,6.5260e+00,1.4070e+05,2.2345e+02,3.4003e-01,-1.5514e+00,3.7332e+00,1.0070e+01
2.6000e+02,1.0000e+00,3.4211e+01,-1.4186e+05,-1.4187e+05,-8.6523e-01,-1.4187e+05,1.5512e-01,7.2311e+00,1.4070e+05,2.2397e+02,1.9644e-01,-1.7993e+00,3.8631e+00,1.0080e+01
2.6100e+02,2.0000e+00,3.4252e+01,-1.4186e+05,-1.4187e+05,-8.6855e-01,-1.4187e+05,1.4459e-01,6.2827e+00,1.4069e+05,2.2499e+02,3.3967e-01,-1.2241e+00,3.7475e+00,1.0012e+01
2.6200e+02,1.0000e+00,3.4338e+01,-1.4184e+05,-1.4185e+05,-8.7188e-01,-1.4185e+05,1.5553e-01,7.2688e+00,1.4069e+05,2.2549e+02,-9.8565e-02,-1.9655e+00,3.8790e+00,9.5296e+00
2.6300e+02,2.0000e+00,3.4379e+01,-1.4184e+05,-1.4184e+05,-8.7521e-01,-1.4184e+05,1.4800e-01,6.5821e+00,1.4067e+05,2.2649e+02,8.9564e-02,-1.1647e+00,3.9566e+00,1.0185e+01
2.6400e+02,2.0000e+00,3.4420e+01,-1.4183e+05,-1.4184e+05,-8.7854e-01,-1.4184e+05,1.4915e-01,6.6846e+00,1.4066e+05,2.2751e+02,1.2911e-01,-1.1952e+00,3.8833e+00,1.0046e+01
2.6500e+02,1.0000e+00,3.4505e+01,-1.4183e+05,-1.4184e+05,-8.8186e-01,-1.4184e+05,1.5274e-01,7.0104e+00,1.4066e+05,2.2802e+02,4.4393e-01,-1.4804e+00,3.6234e+00,1.0113e+01
2.6600e+02,2.0000e+00,3.4545e+01,-1.4183e+05,-1.4183e+05,-8.8519e-01,-1.4183e+05,1.5135e-01,6.8834e+00,1.4066e+05,2.2904e+02,2.7714e-01,-1.5900e+00,3.7842e+00,1.0028e+01
2.6700e+02,2.0000e+00,3.4585e+01,-1.4182e+05,-1.4183e+05,-8.8852e-01,-1.4183e+05,1.5541e-01,7.2578e+00,1.4066e+05,2.3003e+02,1.6996e-01,-1.7274e+00,3.8294e+00,1.0061e+01
2.6800e+02,1.0000e+00,3.4670e+01,-1.4182e+05,-1.4183e+05,-8.9185e-01,-1.4183e+05,1.5187e-01,6.9313e+00,1.4065e+05,2.3054e+02,-2.7676e-01,-1.2319e+00,3.9087e+00,9.5106e+00
2.6900e+02,2.0000e+00,3.4710e+01,-1.4182e+05,-1.4182e+05,-8.9518e-01,-1.4182e+05,1.4669e-01,6.4665e+00,1.4065e+05,2.3156e+02,-5.8993e-01,-1.6143e+00,4.2648e+00,1.0153e+01
2.7000e+02,2.0000e+00,3.4749e+01,-1.4181e+05,-1.4182e+05,-8.9850e-01,-1.4182e+05,1.4512e-01,6.3284e+00,1.4064e+05,2.3259e+02,4.0289e-01,-1.1896e+00,3.5650e+00,9.9111e+00
2.7100e+02,7.0000e+00,3.4566e+01,-1.4180e+05,-1.4181e+05,-9.0183e-01,-1.4181e+05,1.5585e-01,7.2987e+00,1.4064e+05,2.3612e+02,-9.0081e-02,-1.2921e+00,3.9426e+00,9.8121e+00
2.7200e+02,1.0000e+00,3.4650e+01,-1.4180e+05,-1.4180e+05,-9.0516e-01,-1.4180e+05,1.5508e-01,7.2274e+00,1.4063e+05,2.3663e+02,2.7837e-01,-1.0145e+00,3.6526e+00,9.5314e+00
2.7300e+02,3.0000e+00,3.4645e+01,-1.4179e+05,-1.4180e+05,-9.0849e-01,-1.4180e+05,1.5434e-01,7.1580e+00,1.4062e+05,2.3814e+02,-8.2888e-01,-1.2946e+00,4.0792e+00,9.7960e+00
2.7400e+02,2.0000e+00,3.4684e+01,-1.4178e+05,-1.4178e+05,-9.1181e-01,-1.4178e+05,1.5595e-01,7.3087e+00,1.4062e+05,2.3915e+02,4.7655e-01,-1.3844e+00,3.4641e+00,1.0082e+01
2.7500e+02,4.0000e+00,3.4635e+01,-1.4175e+05,-1.4176e+05,-9.1514e-01,-1.4176e+05,1.5599e-01,7.3121e+00,1.4060e+05,2.4111e+02,3.9924e-01,-1.1739e+00,3.4363e+00,9.9529e+00
2.7600e+02,1.0000e+00,3.4717e+01,-1.4175e+05,-1.4176e+05,-9.1847e-01,-1.4176e+05,1.4988e-01,6.7502e+00,1.4058e+05,2.4159e+02,1.0763e-01,-1.0290e+00,3.7381e+00,9.5298e+00
2.7700e+02,1.1000e+01,3.4367e+01,-1.4174e+05,-1.4175e+05,-9.2180e-01,-1.4175e+05,1.5606e-01,7.3183e+00,1.4058e+05,2.4695e+02,-6.1862e-02,-1.2447e+00,3.8889e+00,9.7052e+00
2.7800e+02,3.0000e+00,3.4363e+01,-1.4174e+05,-1.4175e+05,-9.2513e-01,-1.4175e+05,1.5109e-01,6.8595e+00,1.4057e+05,2.4842e+02,-6.6139e-01,-1.6373e+00,4.2368e+00,1.0161e+01
2.7900e+02,4.0000e+00,3.4317e+01,-1.4174e+05,-1.4174e+05,-9.2845e-01,-1.4174e+05,1.4525e-01,6.3402e+00,1.4057e+05,2.5035e+02,4.4190e-01,-1.5822e+00,3.3901e+00,9.9557e+00
2.8000e+02,3.0000e+00,3.4314e+01,-1.4174e+05,-1.4174e+05,-9.3178e-01,-1.4174e+05,1.4112e-01,5.9841e+00,1.4057e+05,2.5187e+02,-8.3074e-01,-1.3559e+00,4.2621e+00,1.0131e+01
2.8100e+02,2.0000e+00,3.4352e+01,-1.4174e+05,-1.4174e+05,-9.3511e-01,-1.4174e+05,1.3803e-01,5.7252e+00,1.4056e+05,2.5284e+02,-8.3615e-01,-1.2857e+00,4.2852e+00,1.0180e+01
2.8200e+02,1.0000e+00,3.4432e+01,-1.4173e+05,-1.4174e+05,-9.3844e-01,-1.4174e+05,1.5574e-01,7.2885e+00,1.4056e+05,2.5333e+02,4.0639e-01,-1.3287e+00,3.4170e+00,1.0150e+01
2.8300e+02,1.4000e+01,3.3974e+01,-1.4172e+05,-1.4172e+05,-9.4176e-01,-1.4172e+05,1.5627e-01,7.3385e+00,1.4056e+05,2.6012e+02,4.7016e-01,-1.5435e+00,3.1676e+00,1.0119e+01
2.8400e+02,1.0000e+00,3.4053e+01,-1.4172e+05,-1.4172e+05,-9.4509e-01,-1.4172e+05,1.4519e-01,6.3345e+00,1.4055e+05,2.6062e+02,-3.5379e-02,-1.4553e+00,3.9548e+00,1.0052e+01
2.8500e+02,5.0000e+00,3.3969e+01,-1.4171e+05,-1.4172e+05,-9.4842e-01,-1.4172e+05,1.5623e-01,7.3341e+00,1.4054e+05,2.6307e+02,4.7393e-01,-1.7066e+00,3.1691e+00,1.0154e+01
2.8600e+02,2.0000e+00,3.4007e+01,-1.4170e+05,-1.4171e+05,-9.5175e-01,-1.4171e+05,1.5510e-01,7.2292e+00,1.4054e+05,2.6405e+02,4.5893e-01,-1.1768e+00,3.0993e+00,9.8986e+00
2.8700e+02,1.0000e+00,3.4086e+01,-1.4170e+05,-1.4171e+05,-9.5508e-01,-1.4171e+05,1.5295e-01,7.0297e+00,1.4053e+05,2.6454e+02,4.2723e-01,-1.3170e+00,3.2285e+00,9.7871e+00
2.8800e+02,1.0000e+00,3.4164e+01,-1.4169e+05,-1.4170e+05,-9.5840e-01,-1.4170e+05,1.5642e-01,7.3520e+00,1.4053e+05,2.6503e+02,2.9747e-01,-1.2897e+00,3.5119e+00,1.0099e+01
2.8900e+02,2.0000e+00,3.4201e+01,-1.4169e+05,-1.4170e+05,-9.6173e-01,-1.4170e+05,1.5544e-01,7.2602e+00,1.4052e+05,2.6602e+02,3.6627e-01,-1.3079e+00,3.1288e+00,1.0084e+01
2.9000e+02,2.0000e+00,3.4238e+01,-1.4168e+05,-1.4169e+05,-9.6506e-01,-1.4169e+05,1.5647e-01,7.3576e+00,1.4052e+05,2.6706e+02,4.4875e-01,-1.8528e+00,3.0889e+00,9.9157e+00
2.9100e+02,4.0000e+00,3.4195e+01,-1.4168e+05,-1.4169e+05,-9.6839e-01,-1.4169e+05,1.4444e-01,6.2690e+00,1.4051e+05,2.6903e+02,3.8730e-01,-1.2937e+00,3.1764e+00,1.0119e+01
2.9200e+02,4.0000e+00,3.4152e+01,-1.4168e+05,-1.4169e+05,-9.7171e-01,-1.4168e+05,1.4015e-01,5.9027e+00,1.4051e+05,2.7098e+02,4.7354e-01,-1.8675e+00,3.1808e+00,9.5475e+00
2.9300e+02,9.0000e+00,3.3912e+01,-1.4167e+05,-1.4168e+05,-9.7504e-01,-1.4168e+05,1.5569e-01,7.2838e+00,1.4051e+05,2.7542e+02,-7.9668e-01,-1.8729e+00,4.2420e+00,9.9322e+00
2.9400e+02,4.0000e+00,3.3871e+01,-1.4167e+05,-1.4168e+05,-9.7837e-01,-1.4168e+05,1.5089e-01,6.8414e+00,1.4050e+05,2.7737e+02,3.8397e-01,-1.8493e+00,3.3929e+00,9.7673e+00
2.9500e+02,4.0000e+00,3.3830e+01,-1.4167e+05,-1.4168e+05,-9.8170e-01,-1.4168e+05,1.4514e-01,6.3303e+00,1.4050e+05,2.7935e+02,2.2989e-01,-1.7006e+00,3.6044e+00,9.9105e+00
2.9600e+02,1.0000e+00,3.3906e+01,-1.4167e+05,-1.4167e+05,-9.8503e-01,-1.4167e+05,1.5201e-01,6.9433e+00,1.4050e+05,2.7985e+02,3.3401e-01,-1.0819e+00,3.4572e+00,9.5833e+00
2.9700e+02,6.0000e+00,3.3788e+01,-1.4167e+05,-1.4167e+05,-9.8835e-01,-1.4167e+05,1.4376e-01,6.2105e+00,1.4049e+05,2.8276e+02,-3.3414e-01,-1.9690e+00,4.0897e+00,1.0012e+01
2.9800e+02,2.0000e+00,3.3825e+01,-1.4166e+05,-1.4167e+05,-9.9168e-01,-1.4167e+05,1.4036e-01,5.9201e+00,1.4049e+05,2.8369e+02,2.3340e-01,-1.1926e+00,3.5749e+00,9.9468e+00
2.9900e+02,2.0000e+00,3.3862e+01,-1.4166e+05,-1.4167e+05,-9.9501e-01,-1.4167e+05,1.4565e-01,6.3752e+00,1.4049e+05,2.8468e+02,3.5702e-01,-1.4695e+00,3.2398e+00,9.9373e+00
3.0000e+02,5.0000e+00,3.3784e+01,-1.4166e+05,-1.4167e+05,-9.9834e-01,-1.4167e+05,1.4983e-01,6.7455e+00,1.4049e+05,2.8720e+02,4.5319e-01,-1.3083e+00,3.0679e+00,9.6490e+00
3.0100e+02,1.0000e+00,3.3858e+01,-1.4166e+05,-1.4167e+05,-1.0017e+00,-1.4167e+05,1.4602e-01,6.4069e+00,1.4049e+05,2.8769e+02,3.5319e-01,-1.7635e+00,3.3858e+00,9.7225e+00
3.0200e+02,2.0000e+00,3.3895e+01,-1.4166e+05,-1.4166e+05,-1.0050e+00,-1.4166e+05,1.4564e-01,6.3735e+00,1.4049e+05,2.8869e+02,3.0222e-01,-1.3272e+00,3.2624e+00,1.0121e+01
3.0300e+02,1.0000e+00,3.3969e+01,-1.4165e+05,-1.4166e+05,-1.0083e+00,-1.4166e+05,1.5678e-01,7.3858e+00,1.4048e+05,2.8919e+02,3.5527e-01,-1.0327e+00,3.2026e+00,9.7223e+00
3.0400e+02,1.0000e+00,3.4043e+01,-1.4164e+05,-1.4164e+05,-1.0116e+00,-1.4164e+05,1.5702e-01,7.4085e+00,1.4048e+05,2.8969e+02,3.5560e-01,-1.8615e+00,3.0046e+00,9.9290e+00
3.0500e+02,4.0000e+00,3.4002e+01,-1.4164e+05,-1.4164e+05,-1.0150e+00,-1.4164e+05,1.4880e-01,6.6537e+00,1.4047e+05,2.9166e+02,3.6093e-01,-1.5935e+00,4.5398e+00,9.9237e+00
3.0600e+02,1.0000e+00,3.4076e+01,-1.4163e+05,-1.4164e+05,-1.0183e+00,-1.4164e+05,1.4966e-01,6.7303e+00,1.4046e+05,2.9216e+02,3.0247e-01,-1.6705e+00,3.1606e+00,1.0056e+01
3.0700e+02,7.0000e+00,3.3923e+01,-1.4162e+05,-1.4163e+05,-1.0216e+00,-1.4163e+05,1.5711e-01,7.4178e+00,1.4046e+05,2.9563e+02,4.2108e-01,-1.1430e+00,3.0781e+00,9.5825e+00
3.0800e+02,1.0000e+00,3.3996e+01,-1.4162e+05,-1.4163e+05,-1.0250e+00,-1.4163e+05,1.4603e-01,6.4084e+00,1.4045e+05,2.9614e+02,3.9570e-01,-1.9893e+00,3.2792e+00,9.5939e+00
3.0900e+02,2.0000e+00,3.4031e+01,-1.4162e+05,-1.4163e+05,-1.0283e+00,-1.4163e+05,1.5028e-01,6.7866e+00,1.4045e+05,2.9713e+02,2.3112e-01,-1.6601e+00,3.1359e+00,1.0088e+01
3.1000e+02,1.0000e+00,3.4103e+01,-1.4162e+05,-1.4162e+05,-1.0316e+00,-1.4162e+05,1.4496e-01,6.3147e+00,1.4045e+05,2.9768e+02,2.1368e-01,-1.0343e+00,3.2773e+00,9.9084e+00
3.1100e+02,2.0000e+00,3.4138e+01,-1.4162e+05,-1.4162e+05,-1.0349e+00,-1.4162e+05,1.4335e-01,6.1753e+00,1.4045e+05,2.9866e+02,3.6945e-01,-1.8963e+00,3.3805e+00,9.5029e+00
3.1200e+02,1.0000e+00,3.4211e+01,-1.4161e+05,-1.4162e+05,-1.0383e+00,-1.4162e+05,1.5630e-01,7.3413e+00,1.4044e+05,2.9917e+02,2.4574e-01,-1.5717e+00,3.4969e+00,9.8813e+00
3.1300e+02,2.0000e+00,3.4245e+01,-1.4161e+05,-1.4162e+05,-1.0416e+00,-1.4162e+05,1.4494e-01,6.3128e+00,1.4044e+05,3.0014e+02,2.2219e-01,-1.0099e+00,3.2421e+00,9.9015e+00
3.1400e+02,4.0000e+00,3.4205e+01,-1.4161e+05,-1.4162e+05,-1.0449e+00,-1.4162e+05,1.4729e-01,6.5187e+00,1.4044e+05,3.0210e+02,-3.6660e-01,-1.0395e+00,4.1355e+00,1.0160e+01
3.1500e+02,2.0000e+00,3.4239e+01,-1.4160e+05,-1.4161e+05,-1.0483e+00,-1.4161e+05,1.5739e-01,7.4439e+00,1.4044e+05,3.0307e+02,1.5940e-01,-1.1678e+00,3.2004e+00,1.0161e+01
3.1600e+02,6.0000e+00,3.4125e+01,-1.4159e+05,-1.4160e+05,-1.0516e+00,-1.4160e+05,1.5642e-01,7.3523e+00,1.4043e+05,3.0603e+02,2.8085e-01,-1.7129e+00,3.5192e+00,9.5938e+00
3.1700e+02,1.0000e+00,3.4196e+01,-1.4159e+05,-1.4160e+05,-1.0549e+00,-1.4160e+05,1.5689e-01,7.3964e+00,1.4042e+05,3.0654e+02,1.3456e-01,-1.7720e+00,3.6556e+00,9.7879e+00
3.1800e+02,2.0000e+00,3.4230e+01,-1.4158e+05,-1.4159e+05,-1.0582e+00,-1.4159e+05,1.5747e-01,7.4513e+00,1.4042e+05,3.0756e+02,-1.5453e-01,-1.8871e+00,3.9411e+00,9.9076e+00
3.1900e+02,3.0000e+00,3.4227e+01,-1.4158e+05,-1.4158e+05,-1.0616e+00,-1.4158e+05,1.5174e-01,6.9190e+00,1.4041e+05,3.0905e+02,2.5985e-01,-1.4177e+00,3.2366e+00,9.8375e+00
3.2000e+02,2.0000e+00,3.4261e+01,-1.4157e+05,-1.4158e+05,-1.0649e+00,-1.4158e+05,1.5725e-01,7.4309e+00,1.4041e+05,3.1005e+02,1.8051e-01,-1.5401e+00,3.0294e+00,1.0039e+01
3.2100e+02,2.0000e+00,3.4295e+01,-1.4157e+05,-1.4158e+05,-1.0682e+00,-1.4158e+05,1.4916e-01,6.6856e+00,1.4040e+05,3.1104e+02,3.4266e-01,-1.2689e+00,3.1511e+00,9.6081e+00
3.2200e+02,2.0000e+00,3.4328e+01,-1.4156e+05,-1.4157e+05,-1.0715e+00,-1.4157e+05,1.5626e-01,7.3374e+00,1.4040e+05,3.1202e+02,-6.5895e-01,-1.2481e+00,4.2022e+00,9.7822e+00
3.2300e+02,3.0000e+00,3.4325e+01,-1.4156e+05,-1.4157e+05,-1.0749e+00,-1.4157e+05,1.4891e-01,6.6638e+00,1.4039e+05,3.1349e+02,2.8966e-01,-1.9684e+00,3.2004e+00,9.8311e+00
3.2400e+02,1.0000e+00,3.4395e+01,-1.4156e+05,-1.4157e+05,-1.0782e+00,-1.4157e+05,1.5636e-01,7.3464e+00,1.4039e+05,3.1399e+02,2.6797e-01,-1.8445e+00,3.5093e+00,9.5391e+00
3.2500e+02,7.0000e+00,3.4247e+01,-1.4155e+05,-1.4155e+05,-1.0815e+00,-1.4155e+05,1.5775e-01,7.4782e+00,1.4039e+05,3.1743e+02,2.4832e-01,-1.2235e+00,3.1835e+00,9.7257e+00
3.2600e+02,4.0000e+00,3.4208e+01,-1.4154e+05,-1.4155e+05,-1.0849e+00,-1.4155e+05,1.5164e-01,6.9101e+00,1.4038e+05,3.1943e+02,-1.5336e-01,-1.5844e+00,3.9838e+00,1.0144e+01
3.2700e+02,1.0000e+00,3.4277e+01,-1.4154e+05,-1.4155e+05,-1.0882e+00,-1.4155e+05,1.4794e-01,6.5765e+00,1.4037e+05,3.1993e+02,8.3771e-02,-1.0210e+00,3.1809e+00,1.0000e+01
3.2800e+02,6.0000e+00,3.4167e+01,-1.4154e+05,-1.4155e+05,-1.0915e+00,-1.4155e+05,1.5266e-01,7.0033e+00,1.4037e+05,3.2294e+02,2.2437e-01,-1.1339e+00,3.3934e+00,9.6353e+00
3.2900e+02,1.0000e+00,3.4235e+01,-1.4154e+05,-1.4154e+05,-1.0948e+00,-1.4154e+05,1.5220e-01,6.9614e+00,1.4037e+05,3.2345e+02,3.9068e-01,-1.5228e+00,3.1564e+00,9.5154e+00
3.3000e+02,2.0000e+00,3.4268e+01,-1.4153e+05,-1.4154e+05,-1.0982e+00,-1.4154e+05,1.5625e-01,7.3366e+00,1.4037e+05,3.2458e+02,3.0156e-01,-1.4927e+00,3.3849e+00,9.5792e+00
3.3100e+02,3.0000e+00,3.4265e+01,-1.4153e+05,-1.4154e+05,-1.1015e+00,-1.4154e+05,1.4567e-01,6.3767e+00,1.4036e+05,3.2608e+02,2.2642e-01,-1.8630e+00,3.4591e+00,9.7515e+00
3.3200e+02,2.0000e+00,3.4298e+01,-1.4153e+05,-1.4154e+05,-1.1048e+00,-1.4154e+05,1.5650e-01,7.3601e+00,1.4036e+05,3.2710e+02,-2.2211e-01,-1.6532e+00,4.0590e+00,1.0120e+01
3.3300e+02,2.0000e+00,3.4330e+01,-1.4152e+05,-1.4153e+05,-1.1082e+00,-1.4153e+05,1.5797e-01,7.4986e+00,1.4036e+05,3.2810e+02,-9.5716e-01,-1.8597e+00,4.2000e+00,1.0079e+01
3.3400e+02,1.0000e+00,3.4398e+01,-1.4152e+05,-1.4153e+05,-1.1115e+00,-1.4153e+05,1.4734e-01,6.5239e+00,1.4035e+05,3.2861e+02,2.1523e-01,-1.8587e+00,3.2435e+00,9.7503e+00
3.3500e+02,1.0000e+00,3.4465e+01,-1.4152e+05,-1.4152e+05,-1.1148e+00,-1.4152e+05,1.5185e-01,6.9288e+00,1.4035e+05,3.2911e+02,1.2972e-01,-1.7258e+00,3.3143e+00,1.0048e+01
3.3600e+02,5.0000e+00,3.4391e+01,-1.4151e+05,-1.4152e+05,-1.1181e+00,-1.4152e+05,1.5252e-01,6.9907e+00,1.4034e+05,3.3165e+02,-4.4139e-01,-1.8263e+00,4.0357e+00,9.8974e+00
3.3700e+02,1.0000e+00,3.4458e+01,-1.4151e+05,-1.4152e+05,-1.1215e+00,-1.4152e+05,1.4998e-01,6.7597e+00,1.4034e+05,3.3215e+02,-1.8635e-02,-1.7327e+00,3.7934e+00,9.9740e+00
3.3800e+02,4.0000e+00,3.4420e+01,-1.4151e+05,-1.4151e+05,-1.1248e+00,-1.4151e+05,1.5715e-01,7.4207e+00,1.4034e+05,3.3411e+02,1.2452e-01,-1.9450e+00,3.2346e+00,1.0053e+01
3.3900e+02,1.0000e+00,3.4486e+01,-1.4150e+05,-1.4151e+05,-1.1281e+00,-1.4151e+05,1.5794e-01,7.4962e+00,1.4033e+05,3.3460e+02,-9.4275e-01,-1.7009e+00,4.1153e+00,9.9352e+00
3.4000e+02,2.0000e+00,3.4518e+01,-1.4148e+05,-1.4149e+05,-1.1314e+00,-1.4149e+05,1.5828e-01,7.5284e+00,1.4033e+05,3.3562e+02,3.0145e-01,-1.5548e+00,3.0876e+00,9.5750e+00
3.4100e+02,4.0000e+00,3.4479e+01,-1.4148e+05,-1.4149e+05,-1.1348e+00,-1.4149e+05,1.4931e-01,6.6995e+00,1.4031e+05,3.3758e+02,-8.2890e-01,-1.0492e+00,3.9771e+00,9.6355e+00
3.4200e+02,2.0000e+00,3.4511e+01,-1.4148e+05,-1.4149e+05,-1.1381e+00,-1.4149e+05,1.4766e-01,6.5522e+00,1.4031e+05,3.3856e+02,4.5724e-02,-1.5904e+00,3.0171e+00,1.0168e+01
3.4300e+02,1.0000e+00,3.4577e+01,-1.4148e+05,-1.4149e+05,-1.1414e+00,-1.4149e+05,1.4493e-01,6.3115e+00,1.4031e+05,3.3906e+02,5.9686e-02,-1.9683e+00,3.7183e+00,9.7597e+00
3.4400e+02,2.0000e+00,3.4608e+01,-1.4148e+05,-1.4148e+05,-1.1448e+00,-1.4148e+05,1.5406e-01,7.1325e+00,1.4031e+05,3.4004e+02,2.3411e-01,-1.7598e+00,3.0291e+00,9.6575e+00
3.4500e+02,1.0000e+00,3.4673e+01,-1.4145e+05,-1.4146e+05,-1.1481e+00,-1.4146e+05,1.5846e-01,7.5450e+00,1.4031e+05,3.4053e+02,6.9666e-02,-1.6645e+00,3.5031e+00,1.0035e+01
3.4600e+02,1.0000e+00,3.4739e+01,-1.4145e+05,-1.4146e+05,-1.1514e+00,-1.4146e+05,1.5175e-01,6.9197e+00,1.4028e+05,3.4103e+02,1.0282e-01,-1.3705e+00,3.4801e+00,9.9352e+00
3.4700e+02,2.0000e+00,3.4770e+01,-1.4144e+05,-1.4145e+05,-1.1547e+00,-1.4145e+05,1.5822e-01,7.5227e+00,1.4028e+05,3.4202e+02,1.0430e-01,-1.6996e+00,3.6133e+00,9.7357e+00
3.4800e+02,2.0000e+00,3.4800e+01,-1.4143e+05,-1.4144e+05,-1.1581e+00,-1.4144e+05,1.5856e-01,7.5550e+00,1.4027e+05,3.4301e+02,-1.1814e-01,-1.7453e+00,3.8623e+00,1.0064e+01
3.4900e+02,3.0000e+00,3.4796e+01,-1.4143e+05,-1.4144e+05,-1.1614e+00,-1.4144e+05,1.4718e-01,6.5091e+00,1.4026e+05,3.4444e+02,-2.6189e-02,-1.2184e+00,3.0160e+00,9.9987e+00
3.5000e+02,6.0000e+00,3.4688e+01,-1.4142e+05,-1.4143e+05,-1.1647e+00,-1.4143e+05,1.5858e-01,7.5568e+00,1.4026e+05,3.4722e+02,-3.5094e-02,-1.6153e+00,3.4107e+00,1.0168e+01
3.5100e+02,5.0000e+00,3.4615e+01,-1.4142e+05,-1.4143e+05,-1.1681e+00,-1.4143e+05,1.4839e-01,6.6168e+00,1.4025e+05,3.4951e+02,2.2751e-01,-1.7047e+00,3.1158e+00,9.5889e+00
3.5200e+02,2.0000e+00,3.4646e+01,-1.4141e+05,-1.4142e+05,-1.1714e+00,-1.4142e+05,1.5803e-01,7.5045e+00,1.4025e+05,3.5045e+02,1.7887e-01,-1.0019e+00,3.1582e+00,9.5299e+00
3.5300e+02,4.0000e+00,3.4608e+01,-1.4141e+05,-1.4142e+05,-1.1747e+00,-1.4142e+05,1.5435e-01,7.1589e+00,1.4024e+05,3.5229e+02,2.8553e-01,-1.8525e+00,3.3092e+00,9.5744e+00
3.5400e+02,1.0000e+00,3.4672e+01,-1.4141e+05,-1.4141e+05,-1.1780e+00,-1.4141e+05,1.5474e-01,7.1956e+00,1.4024e+05,3.5276e+02,-1.9298e-02,-1.6535e+00,3.1833e+00,1.0098e+01
3.5500e+02,2.0000e+00,3.4702e+01,-1.4141e+05,-1.4141e+05,-1.1814e+00,-1.4141e+05,1.4566e-01,6.3758e+00,1.4024e+05,3.5368e+02,-2.7041e-01,-1.1941e+00,4.3543e+00,9.5493e+00
3.5600e+02,5.0000e+00,3.4630e+01,-1.4140e+05,-1.4141e+05,-1.1847e+00,-1.4141e+05,1.5158e-01,6.9043e+00,1.4023e+05,3.5600e+02,8.7185e-02,-1.2833e+00,3.1232e+00,9.8076e+00
3.5700e+02,9.0000e+00,3.4426e+01,-1.4140e+05,-1.4141e+05,-1.1880e+00,-1.4141e+05,1.5294e-01,7.0289e+00,1.4023e+05,3.6039e+02,6.4727e-02,-1.2963e+00,3.0530e+00,9.8411e+00
3.5800e+02,1.0000e+00,3.4489e+01,-1.4139e+05,-1.4140e+05,-1.1913e+00,-1.4140e+05,1.5891e-01,7.5882e+00,1.4023e+05,3.6089e+02,1.6305e-02,-1.5959e+00,3.6519e+00,1.0042e+01
3.5900e+02,2.0000e+00,3.4519e+01,-1.4139e+05,-1.4139e+05,-1.1947e+00,-1.4139e+05,1.5382e-01,7.1103e+00,1.4022e+05,3.6187e+02,-2.2586e-01,-1.1674e+00,3.9049e+00,9.8790e+00
3.6000e+02,8.0000e+00,3.4351e+01,-1.4138e+05,-1.4139e+05,-1.1980e+00,-1.4139e+05,1.5627e-01,7.3383e+00,1.4021e+05,3.6585e+02,-5.7460e-02,-1.6119e+00,3.1421e+00,1.0091e+01
3.6100e+02,2.0000e+00,3.4381e+01,-1.4138e+05,-1.4139e+05,-1.2013e+00,-1.4139e+05,1.5786e-01,7.4880e+00,1.4021e+05,3.6685e+02,2.8141e-01,-1.5777e+00,3.2653e+00,9.5397e+00
3.6200e+02,1.0000e+00,3.4443e+01,-1.4137e+05,-1.4138e+05,-1.2047e+00,-1.4138e+05,1.5714e-01,7.4199e+00,1.4021e+05,3.6733e+02,-4.2835e-01,-1.8068e+00,4.0107e+00,9.9390e+00
3.6300e+02,8.0000e+00,3.4278e+01,-1.4137e+05,-1.4138e+05,-1.2080e+00,-1.4138e+05,1.5750e-01,7.4544e+00,1.4020e+05,3.7123e+02,7.6976e-02,-1.4900e+00,3.5586e+00,9.7295e+00
3.6400e+02,4.0000e+00,3.4243e+01,-1.4137e+05,-1.4137e+05,-1.2113e+00,-1.4137e+05,1.5434e-01,7.1579e+00,1.4020e+05,3.7318e+02,-5.5763e-02,-1.3138e+00,3.7211e+00,1.0052e+01
3.6500e+02,4.0000e+00,3.4208e+01,-1.4136e+05,-1.4137e+05,-1.2146e+00,-1.4137e+05,1.5022e-01,6.7809e+00,1.4019e+05,3.7514e+02,1.1732e-01,-1.9745e+00,3.0110e+00,9.7634e+00
3.6600e+02,4.0000e+00,3.4174e+01,-1.4135e+05,-1.4136e+05,-1.2180e+00,-1.4136e+05,1.5917e-01,7.6137e+00,1.4019e+05,3.7713e+02,-1.6036e-01,-1.1622e+00,3.1683e+00,1.0126e+01
3.6700e+02,4.0000e+00,3.4140e+01,-1.4135e+05,-1.4136e+05,-1.2213e+00,-1.4136e+05,1.4729e-01,6.5190e+00,1.4018e+05,3.7909e+02,-4.9356e-01,-1.5931e+00,4.4204e+00,9.7556e+00
3.6800e+02,5.0000e+00,3.4074e+01,-1.4135e+05,-1.4136e+05,-1.2246e+00,-1.4136e+05,1.4585e-01,6.3922e+00,1.4018e+05,3.8155e+02,-1.0432e-01,-1.0844e+00,3.5331e+00,1.0187e+01
3.6900e+02,2.0000e+00,3.4104e+01,-1.4135e+05,-1.4136e+05,-1.2280e+00,-1.4136e+05,1.5369e-01,7.0978e+00,1.4018e+05,3.8253e+02,1.4296e-01,-1.5748e+00,3.4167e+00,9.6513e+00
3.7000e+02,1.0000e+01,3.3883e+01,-1.4134e+05,-1.4135e+05,-1.2313e+00,-1.4135e+05,1.5883e-01,7.5806e+00,1.4018e+05,3.8751e+02,-8.6534e-02,-1.0114e+00,3.6723e+00,9.9111e+00
3.7100e+02,7.0000e+00,3.3758e+01,-1.4134e+05,-1.4135e+05,-1.2346e+00,-1.4135e+05,1.4982e-01,6.7450e+00,1.4017e+05,3.9095e+02,8.9370e-02,-1.3268e+00,3.1152e+00,9.7511e+00
3.7200e+02,9.0000e+00,3.3574e+01,-1.4133e+05,-1.4133e+05,-1.2379e+00,-1.4133e+05,1.5940e-01,7.6349e+00,1.4017e+05,3.9534e+02,6.1327e-02,-1.6225e+00,3.0462e+00,9.7354e+00
3.7300e+02,2.0000e+00,3.3604e+01,-1.4132e+05,-1.4133e+05,-1.2413e+00,-1.4133e+05,1.4877e-01,6.6512e+00,1.4015e+05,3.9632e+02,-1.7824e-01,-1.2698e+00,3.0840e+00,1.0105e+01
3.7400e+02,2.0000e+00,3.3633e+01,-1.4132e+05,-1.4133e+05,-1.2446e+00,-1.4133e+05,1.5746e-01,7.4504e+00,1.4015e+05,3.9731e+02,3.8216e-02,-1.9239e+00,3.6895e+00,9.8482e+00
3.7500e+02,1.0000e+00,3.3693e+01,-1.4132e+05,-1.4133e+05,-1.2479e+00,-1.4133e+05,1.4685e-01,6.4804e+00,1.4015e+05,3.9780e+02,2.5550e-02,-1.9742e+00,3.3928e+00,1.0064e+01
3.7600e+02,9.0000e+00,3.3512e+01,-1.4130e+05,-1.4131e+05,-1.2512e+00,-1.4131e+05,1.5954e-01,7.6482e+00,1.4015e+05,4.0222e+02,-5.7123e-01,-1.1771e+00,3.8242e+00,9.5362e+00
3.7700e+02,1.0000e+00,3.3571e+01,-1.4130e+05,-1.4131e+05,-1.2546e+00,-1.4131e+05,1.4826e-01,6.6049e+00,1.4013e+05,4.0272e+02,7.2491e-02,-1.2759e+00,3.0560e+00,9.7001e+00
3.7800e+02,2.0000e+00,3.3600e+01,-1.4128e+05,-1.4129e+05,-1.2579e+00,-1.4129e+05,1.5960e-01,7.6548e+00,1.4013e+05,4.0370e+02,1.2022e-01,-1.1582e+00,3.0523e+00,9.5687e+00
3.7900e+02,3.0000e+00,3.3599e+01,-1.4127e+05,-1.4128e+05,-1.2612e+00,-1.4128e+05,1.5958e-01,7.6529e+00,1.4011e+05,4.0516e+02,-1.8577e-01,-1.1439e+00,3.3768e+00,1.0198e+01
3.8000e+02,4.0000e+00,3.3569e+01,-1.4127e+05,-1.4128e+05,-1.2646e+00,-1.4128e+05,1.4832e-01,6.6104e+00,1.4010e+05,4.0720e+02,-2.2559e-01,-1.3008e+00,3.8959e+00,1.0103e+01
3.8100e+02,1.1000e+01,3.3333e+01,-1.4126e+05,-1.4127e+05,-1.2679e+00,-1.4127e+05,1.5967e-01,7.6615e+00,1.4010e+05,4.1262e+02,1.2142e-01,-1.8065e+00,3.3709e+00,9.5995e+00
3.8200e+02,7.0000e+00,3.3217e+01,-1.4126e+05,-1.4126e+05,-1.2712e+00,-1.4126e+05,1.5911e-01,7.6078e+00,1.4009e+05,4.1605e+02,-1.5383e-01,-1.2798e+00,3.6729e+00,1.0174e+01
3.8300e+02,2.0000e+00,3.3247e+01,-1.4125e+05,-1.4125e+05,-1.2745e+00,-1.4125e+05,1.5978e-01,7.6712e+00,1.4008e+05,4.1704e+02,-5.6331e-01,-1.8486e+00,4.0055e+00,9.9603e+00
3.8400e+02,6.0000e+00,3.3161e+01,-1.4124e+05,-1.4125e+05,-1.2779e+00,-1.4125e+05,1.4795e-01,6.5776e+00,1.4007e+05,4.1997e+02,-4.9411e-02,-1.5617e+00,3.4577e+00,9.8979e+00
3.8500e+02,6.0000e+00,3.3076e+01,-1.4124e+05,-1.4125e+05,-1.2812e+00,-1.4125e+05,1.5920e-01,7.6165e+00,1.4007e+05,4.2291e+02,-9.0341e-01,-1.3246e+00,3.9468e+00,9.7565e+00
3.8600e+02,3.0000e+00,3.3076e+01,-1.4124e+05,-1.4124e+05,-1.2845e+00,-1.4124e+05,1.5431e-01,7.1558e+00,1.4007e+05,4.2430e+02,-9.5895e-01,-1.0314e+00,3.9825e+00,9.7872e+00
3.8700e+02,1.0000e+00,3.3134e+01,-1.4123e+05,-1.4123e+05,-1.2879e+00,-1.4123e+05,1.5991e-01,7.6844e+00,1.4006e+05,4.2476e+02,-9.6151e-01,-1.6459e+00,3.8484e+00,9.5390e+00
3.8800e+02,4.0000e+00,3.3106e+01,-1.4122e+05,-1.4123e+05,-1.2912e+00,-1.4123e+05,1.5830e-01,7.5302e+00,1.4005e+05,4.2660e+02,2.9691e-01,-1.6021e+00,4.3251e+00,9.6327e+00
3.8900e+02,2.0000e+00,3.3135e+01,-1.4122e+05,-1.4122e+05,-1.2945e+00,-1.4122e+05,1.5950e-01,7.6445e+00,1.4005e+05,4.2752e+02,-1.7936e-01,-1.4553e+00,3.0264e+00,9.9338e+00
3.9000e+02,1.0000e+00,3.3191e+01,-1.4121e+05,-1.4122e+05,-1.2978e+00,-1.4122e+05,1.5766e-01,7.4695e+00,1.4004e+05,4.2802e+02,-1.0806e-01,-1.4667e+00,3.1300e+00,9.8930e+00
3.9100e+02,5.0000e+00,3.3136e+01,-1.4121e+05,-1.4121e+05,-1.3012e+00,-1.4121e+05,1.5919e-01,7.6151e+00,1.4004e+05,4.3032e+02,1.2824e-01,-1.9495e+00,3.2480e+00,9.5270e+00
3.9200e+02,8.0000e+00,3.2997e+01,-1.4120e+05,-1.4121e+05,-1.3045e+00,-1.4121e+05,1.5219e-01,6.9599e+00,1.4004e+05,4.3427e+02,-2.8864e-01,-1.9489e+00,3.8271e+00,9.8673e+00
3.9300e+02,1.0000e+00,3.3053e+01,-1.4120e+05,-1.4121e+05,-1.3078e+00,-1.4121e+05,1.4755e-01,6.5422e+00,1.4003e+05,4.3476e+02,-1.2718e-01,-1.9120e+00,3.6964e+00,1.0069e+01
3.9400e+02,1.4000e+01,3.2751e+01,-1.4118e+05,-1.4119e+05,-1.3111e+00,-1.4119e+05,1.6016e-01,7.7081e+00,1.4003e+05,4.4158e+02,-3.4926e-02,-1.5540e+00,3.0403e+00,9.7694e+00
3.9500e+02,7.0000e+00,3.2645e+01,-1.4118e+05,-1.4119e+05,-1.3145e+00,-1.4119e+05,1.5704e-01,7.4109e+00,1.4001e+05,4.4503e+02,-2.0631e-01,-1.3731e+00,3.0858e+00,1.0087e+01
3.9600e+02,1.0000e+00,3.2700e+01,-1.4118e+05,-1.4119e+05,-1.3178e+00,-1.4119e+05,1.4910e-01,6.6807e+00,1.4001e+05,4.4553e+02,-2.2121e-01,-1.1621e+00,3.3248e+00,1.0199e+01
3.9700e+02,2.0000e+00,3.2729e+01,-1.4118e+05,-1.4119e+05,-1.3211e+00,-1.4119e+05,1.4979e-01,6.7425e+00,1.4001e+05,4.4652e+02,-1.8424e-02,-1.8580e+00,3.2601e+00,9.7832e+00
3.9800e+02,1.0000e+00,3.2784e+01,-1.4117e+05,-1.4118e+05,-1.3245e+00,-1.4118e+05,1.5929e-01,7.6250e+00,1.4001e+05,4.4702e+02,-1.3162e-01,-1.0011e+00,3.4327e+00,9.8897e+00
3.9900e+02,8.0000e+00,3.2651e+01,-1.4117e+05,-1.4118e+05,-1.3278e+00,-1.4118e+05,1.5467e-01,7.1890e+00,1.4000e+05,4.5094e+02,-2.5682e-01,-1.0845e+00,3.7386e+00,9.6672e+00
4.0000e+02,9.0000e+00,3.2494e+01,-1.4117e+05,-1.4118e+05,-1.3311e+00,-1.4118e+05,1.5691e-01,7.3988e+00,1.4000e+05,4.5547e+02,6.8114e-02,-1.5742e+00,3.3918e+00,9.5279e+00
4.0100e+02,5.0000e+00,3.2443e+01,-1.4117e+05,-1.4117e+05,-1.3344e+00,-1.4117e+05,1.5514e-01,7.2323e+00,1.4000e+05,4.5795e+02,-1.9468e-01,-1.1808e+00,3.1713e+00,9.9686e+00
4.0200e+02,1.0000e+00,3.2498e+01,-1.4116e+05,-1.4117e+05,-1.3378e+00,-1.4117e+05,1.4696e-01,6.4903e+00,1.3999e+05,4.5845e+02,-2.7351e-01,-1.8726e+00,3.0766e+00,1.0149e+01
4.0300e+02,1.2000e+01,3.2266e+01,-1.4116e+05,-1.4117e+05,-1.3411e+00,-1.4117e+05,1.4559e-01,6.3694e+00,1.3999e+05,4.6447e+02,-1.8574e-01,-1.7921e+00,3.2733e+00,1.0109e+01
4.0400e+02,3.0000e+00,3.2268e+01,-1.4114e+05,-1.4115e+05,-1.3444e+00,-1.4115e+05,1.6050e-01,7.7414e+00,1.3999e+05,4.6600e+02,-3.8279e-01,-1.7868e+00,3.8833e+00,9.9361e+00
4.0500e+02,2.0000e+00,3.2297e+01,-1.4114e+05,-1.4115e+05,-1.3478e+00,-1.4115e+05,1.6022e-01,7.7140e+00,1.3997e+05,4.6701e+02,-5.5424e-02,-1.9404e+00,3.5907e+00,9.6954e+00
4.0600e+02,3.0000e+00,3.2299e+01,-1.4113e+05,-1.4114e+05,-1.3511e+00,-1.4114e+05,1.5589e-01,7.3024e+00,1.3997e+05,4.6852e+02,-3.7116e-01,-1.4313e+00,3.1251e+00,1.0197e+01
4.0700e+02,1.0000e+00,3.2353e+01,-1.4113e+05,-1.4114e+05,-1.3544e+00,-1.4114e+05,1.6030e-01,7.7221e+00,1.3996e+05,4.6901e+02,-8.6846e-01,-1.5414e+00,4.0555e+00,1.0055e+01
4.0800e+02,1.0000e+00,3.2407e+01,-1.4112e+05,-1.4113e+05,-1.3577e+00,-1.4113e+05,1.6005e-01,7.6974e+00,1.3996e+05,4.6953e+02,-8.2483e-01,-1.8990e+00,3.8967e+00,9.8208e+00
4.0900e+02,4.0000e+00,3.2383e+01,-1.4112e+05,-1.4113e+05,-1.3611e+00,-1.4113e+05,1.5038e-01,6.7958e+00,1.3995e+05,4.7156e+02,-4.6030e-01,-1.4274e+00,4.0026e+00,1.0161e+01
4.1000e+02,3.0000e+00,3.2385e+01,-1.4112e+05,-1.4113e+05,-1.3644e+00,-1.4113e+05,1.5743e-01,7.4478e+00,1.3995e+05,4.7313e+02,-8.6911e-02,-1.3067e+00,3.2334e+00,9.7829e+00
4.1100e+02,2.0000e+00,3.2413e+01,-1.4112e+05,-1.4112e+05,-1.3677e+00,-1.4112e+05,1.5018e-01,6.7778e+00,1.3995e+05,4.7411e+02,-1.5216e-01,-1.1715e+00,3.2240e+00,9.8387e+00
4.1200e+02,9.0000e+00,3.2263e+01,-1.4111e+05,-1.4112e+05,-1.3710e+00,-1.4112e+05,1.6076e-01,7.7658e+00,1.3994e+05,4.7852e+02,-7.2723e-01,-1.5809e+00,3.8363e+00,9.5345e+00
4.1300e+02,6.0000e+00,3.2190e+01,-1.4110e+05,-1.4111e+05,-1.3744e+00,-1.4111e+05,1.5890e-01,7.5875e+00,1.3994e+05,4.8145e+02,-2.5173e-01,-1.3773e+00,3.2232e+00,1.0103e+01
4.1400e+02,3.0000e+00,3.2193e+01,-1.4110e+05,-1.4111e+05,-1.3777e+00,-1.4111e+05,1.4835e-01,6.6134e+00,1.3993e+05,4.8293e+02,8.1865e-02,-1.7343e+00,3.2908e+00,9.5151e+00
4.1500e+02,2.0000e+00,3.2220e+01,-1.4110e+05,-1.4111e+05,-1.3810e+00,-1.4111e+05,1.5460e-01,7.1825e+00,1.3993e+05,4.8392e+02,-1.9632e-01,-1.7285e+00,3.1033e+00,9.9390e+00
4.1600e+02,1.0000e+00,3.2273e+01,-1.4110e+05,-1.4111e+05,-1.3844e+00,-1.4111e+05,1.4869e-01,6.6432e+00,1.3993e+05,4.8441e+02,3.0585e-02,-1.2927e+00,3.3325e+00,9.6874e+00
4.1700e+02,5.0000e+00,3.2226e+01,-1.4109e+05,-1.4110e+05,-1.3877e+00,-1.4110e+05,1.6094e-01,7.7837e+00,1.3993e+05,4.8686e+02,-1.9673e-01,-1.9543e+00,3.4619e+00,1.0090e+01
4.1800e+02,3.0000e+00,3.2228e+01,-1.4108e+05,-1.4109e+05,-1.3910e+00,-1.4109e+05,1.5994e-01,7.6874e+00,1.3992e+05,4.8833e+02,-3.0104e-01,-1.6830e+00,3.8299e+00,1.0164e+01
4.1900e+02,1.1000e+01,3.2034e+01,-1.4108e+05,-1.4109e+05,-1.3943e+00,-1.4109e+05,1.5541e-01,7.2574e+00,1.3991e+05,4.9372e+02,-8.8999e-01,-1.9450e+00,3.9696e+00,9.9133e+00
4.2000e+02,4.0000e+00,3.2012e+01,-1.4108e+05,-1.4109e+05,-1.3977e+00,-1.4109e+05,1.5954e-01,7.6482e+00,1.3991e+05,4.9572e+02,-7.0467e-02,-1.8359e+00,3.1587e+00,9.7618e+00
4.2100e+02,1.0000e+00,3.2064e+01,-1.4107e+05,-1.4108e+05,-1.4010e+00,-1.4108e+05,1.6105e-01,7.7945e+00,1.3991e+05,4.9619e+02,-1.9678e-01,-1.5552e+00,3.0663e+00,9.9242e+00
4.2200e+02,5.0000e+00,3.2018e+01,-1.4107e+05,-1.4108e+05,-1.4043e+00,-1.4108e+05,1.5016e-01,6.7757e+00,1.3990e+05,4.9848e+02,-2.1784e-02,-1.6486e+00,4.3746e+00,9.8679e+00
4.2300e+02,4.0000e+00,3.1997e+01,-1.4106e+05,-1.4107e+05,-1.4077e+00,-1.4107e+05,1.5718e-01,7.4238e+00,1.3990e+05,5.0038e+02,-6.7283e-02,-1.4637e+00,3.2255e+00,9.7623e+00
4.2400e+02,2.0000e+00,3.2024e+01,-1.4106e+05,-1.4107e+05,-1.4110e+00,-1.4107e+05,1.4886e-01,6.6585e+00,1.3989e+05,5.0137e+02,-5.1584e-01,-1.6614e+00,3.9969e+00,1.0185e+01
4.2500e+02,4.0000e+00,3.2003e+01,-1.4106e+05,-1.4107e+05,-1.4143e+00,-1.4107e+05,1.4505e-01,6.3223e+00,1.3989e+05,5.0336e+02,-3.0548e-01,-1.1414e+00,3.3131e+00,1.0097e+01
4.2600e+02,2.0000e+00,3.2030e+01,-1.4105e+05,-1.4106e+05,-1.4176e+00,-1.4106e+05,1.6126e-01,7.8145e+00,1.3989e+05,5.0435e+02,-1.4899e-01,-1.4640e+00,3.5528e+00,9.9107e+00
4.2700e+02,1.0000e+00,3.2081e+01,-1.4105e+05,-1.4106e+05,-1.4210e+00,-1.4106e+05,1.5090e-01,6.8425e+00,1.3988e+05,5.0483e+02,-5.7431e-02,-1.3955e+00,3.2501e+00,9.6977e+00
4.2800e+02,6.0000e+00,3.2012e+01,-1.4105e+05,-1.4105e+05,-1.4243e+00,-1.4105e+05,1.4724e-01,6.5143e+00,1.3988e+05,5.0779e+02,-2.9255e-01,-1.8929e+00,3.6877e+00,1.0130e+01
4.2900e+02,1.0000e+00,3.2063e+01,-1.4105e+05,-1.4105e+05,-1.4276e+00,-1.4105e+05,1.4413e-01,6.2423e+00,1.3987e+05,5.0829e+02,-9.6820e-01,-1.2382e+00,3.8384e+00,9.6920e+00
4.3000e+02,4.0000e+00,3.2042e+01,-1.4104e+05,-1.4105e+05,-1.4309e+00,-1.4105e+05,1.5934e-01,7.6291e+00,1.3987e+05,5.1026e+02,-2.9001e-01,-1.0974e+00,3.6780e+00,9.7129e+00
4.3100e+02,2.0000e+00,3.2068e+01,-1.4103e+05,-1.4103e+05,-1.4343e+00,-1.4103e+05,1.6143e-01,7.8312e+00,1.3987e+05,5.1123e+02,-5.2969e-01,-1.4317e+00,3.1007e+00,1.0184e+01
4.3200e+02,1.0000e+00,3.2119e+01,-1.4102e+05,-1.4103e+05,-1.4376e+00,-1.4103e+05,1.5061e-01,6.8166e+00,1.3985e+05,5.1172e+02,-1.8333e-01,-1.2879e+00,3.1731e+00,9.8153e+00
4.3300e+02,1.7000e+01,3.1791e+01,-1.4101e+05,-1.4102e+05,-1.4409e+00,-1.4102e+05,1.6150e-01,7.8378e+00,1.3985e+05,5.2001e+02,-2.0660e-01,-1.3966e+00,3.2468e+00,9.9969e+00
4.3400e+02,5.0000e+00,3.1748e+01,-1.4101e+05,-1.4102e+05,-1.4443e+00,-1.4102e+05,1.4998e-01,6.7590e+00,1.3984e+05,5.2247e+02,-2.9926e-01,-1.0920e+00,3.1194e+00,9.8559e+00
4.3500e+02,4.0000e+00,3.1729e+01,-1.4101e+05,-1.4102e+05,-1.4476e+00,-1.4102e+05,1.4422e-01,6.2504e+00,1.3984e+05,5.2443e+02,-1.6980e-01,-1.2319e+00,3.1315e+00,9.7295e+00
4.3600e+02,1.0000e+00,3.1778e+01,-1.4099e+05,-1.4100e+05,-1.4509e+00,-1.4100e+05,1.6160e-01,7.8478e+00,1.3984e+05,5.2494e+02,-2.4956e-01,-1.8853e+00,3.6584e+00,9.5218e+00
4.3700e+02,6.0000e+00,3.1713e+01,-1.4099e+05,-1.4100e+05,-1.4542e+00,-1.4100e+05,1.6066e-01,7.7560e+00,1.3982e+05,5.2789e+02,-6.7148e-01,-1.1907e+00,3.9085e+00,9.9810e+00
4.3800e+02,9.0000e+00,3.1579e+01,-1.4098e+05,-1.4099e+05,-1.4576e+00,-1.4099e+05,1.6157e-01,7.8441e+00,1.3982e+05,5.3231e+02,-7.4014e-01,-1.9222e+00,3.7993e+00,9.5326e+00
4.3900e+02,1.0000e+00,3.1628e+01,-1.4098e+05,-1.4099e+05,-1.4609e+00,-1.4099e+05,1.6069e-01,7.7590e+00,1.3981e+05,5.3281e+02,-2.3254e-03,-1.4244e+00,3.2381e+00,9.5296e+00
4.4000e+02,3.0000e+00,3.1632e+01,-1.4097e+05,-1.4098e+05,-1.4642e+00,-1.4098e+05,1.6140e-01,7.8284e+00,1.3981e+05,5.3438e+02,-9.3212e-01,-1.6575e+00,4.0662e+00,1.0197e+01
4.4100e+02,1.5000e+01,3.1366e+01,-1.4097e+05,-1.4098e+05,-1.4676e+00,-1.4098e+05,1.5265e-01,7.0023e+00,1.3980e+05,5.4169e+02,-3.0495e-01,-1.2967e+00,3.1981e+00,9.9683e+00
4.4200e+02,6.0000e+00,3.1303e+01,-1.4097e+05,-1.4098e+05,-1.4709e+00,-1.4098e+05,1.4782e-01,6.5660e+00,1.3980e+05,5.4463e+02,-5.0706e-01,-1.4148e+00,3.1331e+00,1.0161e+01
4.4300e+02,3.0000e+00,3.1307e+01,-1.4096e+05,-1.4097e+05,-1.4742e+00,-1.4097e+05,1.6178e-01,7.8645e+00,1.3980e+05,5.4611e+02,-3.8085e-01,-1.5615e+00,3.3489e+00,1.0169e+01
4.4400e+02,2.0000e+00,3.1334e+01,-1.4096e+05,-1.4096e+05,-1.4775e+00,-1.4096e+05,1.6044e-01,7.7355e+00,1.3979e+05,5.4709e+02,-2.3036e-01,-1.3183e+00,3.5073e+00,1.0062e+01
4.4500e+02,1.5000e+01,3.1075e+01,-1.4095e+05,-1.4096e+05,-1.4809e+00,-1.4096e+05,1.5969e-01,7.6632e+00,1.3978e+05,5.5440e+02,-2.4115e-01,-1.0666e+00,3.4469e+00,9.8986e+00
4.4600e+02,2.0000e+00,3.1102e+01,-1.4094e+05,-1.4095e+05,-1.4842e+00,-1.4095e+05,1.6193e-01,7.8790e+00,1.3978e+05,5.5539e+02,-6.3371e-01,-1.9906e+00,3.7365e+00,9.5091e+00
4.4700e+02,6.0000e+00,3.1042e+01,-1.4093e+05,-1.4094e+05,-1.4875e+00,-1.4094e+05,1.6197e-01,7.8833e+00,1.3977e+05,5.5831e+02,-6.2667e-01,-1.8019e+00,3.8604e+00,9.9044e+00
4.4800e+02,1.0000e+01,3.0897e+01,-1.4092e+05,-1.4093e+05,-1.4908e+00,-1.4093e+05,1.6201e-01,7.8877e+00,1.3976e+05,5.6321e+02,-6.1317e-01,-1.1345e+00,3.8721e+00,1.0108e+01
4.4900e+02,1.0000e+01,3.0753e+01,-1.4092e+05,-1.4093e+05,-1.4942e+00,-1.4093e+05,1.5150e-01,6.8968e+00,1.3975e+05,5.6811e+02,-5.4837e-01,-1.5627e+00,3.1523e+00,1.0167e+01
4.5000e+02,3.0000e+00,3.0759e+01,-1.4092e+05,-1.4092e+05,-1.4975e+00,-1.4092e+05,1.5742e-01,7.4466e+00,1.3975e+05,5.6967e+02,-3.6684e-01,-1.1367e+00,3.7051e+00,9.8946e+00
4.5100e+02,1.2000e+01,3.0576e+01,-1.4091e+05,-1.4092e+05,-1.5008e+00,-1.4092e+05,1.5656e-01,7.3657e+00,1.3974e+05,5.7555e+02,-2.2977e-01,-1.1929e+00,3.2969e+00,9.8308e+00
4.5200e+02,2.0000e+00,3.0603e+01,-1.4091e+05,-1.4092e+05,-1.5042e+00,-1.4092e+05,1.6010e-01,7.7024e+00,1.3974e+05,5.7654e+02,-2.6792e-01,-1.9027e+00,3.6156e+00,9.8566e+00
4.5300e+02,9.0000e+00,3.0485e+01,-1.4091e+05,-1.4091e+05,-1.5075e+00,-1.4091e+05,1.5909e-01,7.6056e+00,1.3974e+05,5.8096e+02,-2.8542e-01,-1.7164e+00,3.4614e+00,1.0044e+01
4.5400e+02,6.0000e+00,3.0429e+01,-1.4091e+05,-1.4091e+05,-1.5108e+00,-1.4091e+05,1.5073e-01,6.8276e+00,1.3973e+05,5.8393e+02,-5.9475e-01,-1.5300e+00,3.8439e+00,9.8547e+00
4.5500e+02,2.0000e+00,3.0455e+01,-1.4090e+05,-1.4091e+05,-1.5141e+00,-1.4091e+05,1.6067e-01,7.7578e+00,1.3973e+05,5.8492e+02,-6.7814e-01,-1.3859e+00,3.9159e+00,9.9661e+00
4.5600e+02,7.0000e+00,3.0380e+01,-1.4089e+05,-1.4090e+05,-1.5175e+00,-1.4090e+05,1.6224e-01,7.9093e+00,1.3973e+05,5.8838e+02,-2.6604e-01,-1.1857e+00,3.0588e+00,9.7449e+00
4.5700e+02,2.0000e+00,3.0406e+01,-1.4089e+05,-1.4090e+05,-1.5208e+00,-1.4090e+05,1.5761e-01,7.4650e+00,1.3972e+05,5.8937e+02,-2.9425e-01,-1.7994e+00,3.6257e+00,9.6243e+00
4.5800e+02,2.0000e+00,3.0432e+01,-1.4089e+05,-1.4089e+05,-1.5241e+00,-1.4089e+05,1.5833e-01,7.5331e+00,1.3972e+05,5.9036e+02,-3.9156e-01,-1.3306e+00,3.6862e+00,1.0088e+01
4.5900e+02,8.0000e+00,3.0337e+01,-1.4088e+05,-1.4089e+05,-1.5275e+00,-1.4089e+05,1.6026e-01,7.7174e+00,1.3972e+05,5.9428e+02,-5.2017e-01,-1.2909e+00,3.0269e+00,9.9959e+00
4.6000e+02,4.0000e+00,3.0323e+01,-1.4088e+05,-1.4089e+05,-1.5308e+00,-1.4089e+05,1.5840e-01,7.5400e+00,1.3971e+05,5.9636e+02,-5.3866e-02,-1.7145e+00,3.3781e+00,9.5093e+00
4.6100e+02,2.1000e+01,2.9974e+01,-1.4088e+05,-1.4089e+05,-1.5341e+00,-1.4089e+05,1.4965e-01,6.7295e+00,1.3971e+05,6.0692e+02,-2.4624e-01,-1.6543e+00,3.4672e+00,9.9642e+00
4.6200e+02,1.0000e+00,3.0019e+01,-1.4087e+05,-1.4088e+05,-1.5374e+00,-1.4088e+05,1.6243e-01,7.9284e+00,1.3971e+05,6.0753e+02,-1.6926e-01,-1.3195e+00,3.2896e+00,9.6901e+00
4.6300e+02,5.0000e+00,2.9987e+01,-1.4087e+05,-1.4087e+05,-1.5408e+00,-1.4087e+05,1.6104e-01,7.7931e+00,1.3970e+05,6.1006e+02,-5.9756e-02,-1.7248e+00,3.1595e+00,9.5545e+00
4.6400e+02,1.0000e+00,3.0032e+01,-1.4086e+05,-1.4087e+05,-1.5441e+00,-1.4087e+05,1.5674e-01,7.3821e+00,1.3970e+05,6.1055e+02,-5.0664e-01,-1.1674e+00,3.7355e+00,9.7016e+00
4.6500e+02,2.0000e+00,3.0058e+01,-1.4086e+05,-1.4087e+05,-1.5474e+00,-1.4087e+05,1.5491e-01,7.2109e+00,1.3969e+05,6.1151e+02,-4.0155e-01,-1.5599e+00,3.2608e+00,1.0058e+01
4.6600e+02,4.0000e+00,3.0045e+01,-1.4086e+05,-1.4086e+05,-1.5508e+00,-1.4086e+05,1.6246e-01,7.9308e+00,1.3969e+05,6.1350e+02,-5.0067e-01,-1.0946e+00,3.1909e+00,1.0001e+01
4.6700e+02,1.0000e+00,3.0090e+01,-1.4085e+05,-1.4086e+05,-1.5541e+00,-1.4086e+05,1.5276e-01,7.0122e+00,1.3968e+05,6.1399e+02,-3.6432e-01,-1.9730e+00,3.6786e+00,9.7399e+00
4.6800e+02,2.0000e+00,3.0116e+01,-1.4085e+05,-1.4085e+05,-1.5574e+00,-1.4085e+05,1.6264e-01,7.9488e+00,1.3968e+05,6.1497e+02,-3.4717e-01,-1.2320e+00,3.6282e+00,9.7365e+00
4.6900e+02,1.0000e+00,3.0161e+01,-1.4085e+05,-1.4085e+05,-1.5607e+00,-1.4085e+05,1.5105e-01,6.8566e+00,1.3967e+05,6.1547e+02,-8.5108e-01,-1.3269e+00,3.8583e+00,9.8514e+00
4.7000e+02,1.0000e+00,3.0206e+01,-1.4084e+05,-1.4085e+05,-1.5641e+00,-1.4085e+05,1.4693e-01,6.4872e+00,1.3967e+05,6.1601e+02,-2.0914e-01,-1.8023e+00,3.4971e+00,9.8507e+00
4.7100e+02,1.0000e+00,3.0250e+01,-1.4084e+05,-1.4084e+05,-1.5674e+00,-1.4084e+05,1.6276e-01,7.9609e+00,1.3967e+05,6.1649e+02,-9.5568e-01,-1.9915e+00,3.9598e+00,9.9852e+00
4.7200e+02,1.0000e+00,3.0295e+01,-1.4083e+05,-1.4084e+05,-1.5707e+00,-1.4084e+05,1.6243e-01,7.9284e+00,1.3966e+05,6.1699e+02,-4.4395e-01,-1.1129e+00,3.1370e+00,9.8784e+00
4.7300e+02,1.0000e+00,3.0340e+01,-1.4083e+05,-1.4084e+05,-1.5740e+00,-1.4084e+05,1.5443e-01,7.1662e+00,1.3966e+05,6.1749e+02,-4.2324e-01,-1.2161e+00,3.0394e+00,9.8419e+00
4.7400e+02,1.0000e+00,3.0385e+01,-1.4082e+05,-1.4083e+05,-1.5774e+00,-1.4083e+05,1.6288e-01,7.9722e+00,1.3966e+05,6.1799e+02,-3.0036e-01,-1.8953e+00,3.5530e+00,9.9782e+00
4.7500e+02,1.0000e+00,3.0429e+01,-1.4081e+05,-1.4082e+05,-1.5807e+00,-1.4082e+05,1.6085e-01,7.7746e+00,1.3965e+05,6.1848e+02,-3.6600e-01,-1.4791e+00,3.0269e+00,9.8012e+00
4.7600e+02,4.0000e+00,3.0415e+01,-1.4080e+05,-1.4081e+05,-1.5840e+00,-1.4081e+05,1.6296e-01,7.9804e+00,1.3964e+05,6.2046e+02,-5.6805e-01,-1.6398e+00,3.1783e+00,1.0155e+01
4.7700e+02,4.0000e+00,3.0402e+01,-1.4080e+05,-1.4081e+05,-1.5874e+00,-1.4081e+05,1.6155e-01,7.8429e+00,1.3963e+05,6.2242e+02,-3.0208e-01,-1.3962e+00,3.5454e+00,9.8633e+00
4.7800e+02,1.0000e+00,3.0446e+01,-1.4080e+05,-1.4080e+05,-1.5907e+00,-1.4080e+05,1.5962e-01,7.6563e+00,1.3963e+05,6.2292e+02,-1.1435e-01,-1.6291e+00,3.3119e+00,9.5735e+00
4.7900e+02,4.0000e+00,3.0432e+01,-1.4079e+05,-1.4080e+05,-1.5940e+00,-1.4080e+05,1.5619e-01,7.3310e+00,1.3962e+05,6.2489e+02,-5.3025e-01,-1.9126e+00,3.8200e+00,1.0040e+01
4.8000e+02,2.0000e+00,3.0457e+01,-1.4079e+05,-1.4080e+05,-1.5973e+00,-1.4080e+05,1.6217e-01,7.9026e+00,1.3962e+05,6.2592e+02,-6.2443e-01,-1.3631e+00,3.1736e+00,1.0166e+01
4.8100e+02,2.0000e+00,3.0482e+01,-1.4079e+05,-1.4079e+05,-1.6007e+00,-1.4079e+05,1.5922e-01,7.6176e+00,1.3962e+05,6.2692e+02,-6.5319e-01,-1.9755e+00,3.7721e+00,9.7871e+00
4.8200e+02,2.0000e+00,3.0506e+01,-1.4079e+05,-1.4079e+05,-1.6040e+00,-1.4079e+05,1.5008e-01,6.7682e+00,1.3961e+05,6.2792e+02,-5.0655e-01,-1.4586e+00,3.2386e+00,1.0123e+01
4.8300e+02,1.0000e+00,3.0550e+01,-1.4079e+05,-1.4079e+05,-1.6073e+00,-1.4079e+05,1.4501e-01,6.3192e+00,1.3961e+05,6.2842e+02,-3.9291e-01,-1.1668e+00,3.3708e+00,9.8790e+00
4.8400e+02,2.0000e+00,3.0575e+01,-1.4077e+05,-1.4078e+05,-1.6107e+00,-1.4078e+05,1.6324e-01,8.0075e+00,1.3961e+05,6.2941e+02,-6.4971e-01,-1.8632e+00,3.7400e+00,9.8003e+00
4.8500e+02,2.0000e+00,3.0599e+01,-1.4077e+05,-1.4078e+05,-1.6140e+00,-1.4078e+05,1.6165e-01,7.8525e+00,1.3960e+05,6.3039e+02,-4.4627e-01,-1.7225e+00,3.7021e+00,1.0141e+01
4.8600e+02,1.0000e+00,3.0643e+01,-1.4077e+05,-1.4077e+05,-1.6173e+00,-1.4077e+05,1.5924e-01,7.6197e+00,1.3960e+05,6.3088e+02,-3.2329e-01,-1.5784e+00,3.5262e+00,9.7816e+00
4.8700e+02,4.0000e+00,3.0629e+01,-1.4076e+05,-1.4077e+05,-1.6206e+00,-1.4077e+05,1.6300e-01,7.9843e+00,1.3959e+05,6.3286e+02,-4.8178e-01,-1.4083e+00,3.6872e+00,9.6873e+00
4.8800e+02,2.0000e+00,3.0653e+01,-1.4076e+05,-1.4077e+05,-1.6240e+00,-1.4077e+05,1.5430e-01,7.1548e+00,1.3959e+05,6.3384e+02,-9.6598e-01,-1.1449e+00,3.9190e+00,1.0031e+01
4.8900e+02,1.0000e+00,3.0697e+01,-1.4076e+05,-1.4076e+05,-1.6273e+00,-1.4076e+05,1.5637e-01,7.3476e+00,1.3959e+05,6.3434e+02,-8.9250e-01,-1.3298e+00,3.7643e+00,9.5566e+00
4.9000e+02,4.0000e+00,3.0683e+01,-1.4075e+05,-1.4076e+05,-1.6306e+00,-1.4076e+05,1.6332e-01,8.0158e+00,1.3958e+05,6.3636e+02,-2.9964e-01,-1.2358e+00,3.2452e+00,9.6953e+00
4.9100e+02,2.0000e+00,3.0707e+01,-1.4075e+05,-1.4075e+05,-1.6339e+00,-1.4075e+05,1.5289e-01,7.0246e+00,1.3958e+05,6.3734e+02,-5.1536e-01,-1.1286e+00,3.6469e+00,1.0014e+01
4.9200e+02,1.0000e+00,3.0750e+01,-1.4074e+05,-1.4075e+05,-1.6373e+00,-1.4075e+05,1.6297e-01,7.9813e+00,1.3957e+05,6.3784e+02,-4.0968e-01,-1.0930e+00,3.3144e+00,9.8036e+00
4.9300e+02,1.0000e+00,3.0793e+01,-1.4074e+05,-1.4075e+05,-1.6406e+00,-1.4075e+05,1.5419e-01,7.1447e+00,1.3957e+05,6.3833e+02,-3.9251e-01,-1.0004e+00,3.3257e+00,9.7292e+00
4.9400e+02,2.0000e+00,3.0817e+01,-1.4074e+05,-1.4075e+05,-1.6439e+00,-1.4075e+05,1.5014e-01,6.7735e+00,1.3957e+05,6.3932e+02,-4.7121e-01,-1.6993e+00,3.7797e+00,9.9667e+00
4.9500e+02,1.0000e+00,3.0860e+01,-1.4074e+05,-1.4074e+05,-1.6473e+00,-1.4074e+05,1.5207e-01,6.9488e+00,1.3957e+05,6.3982e+02,-4.7522e-01,-1.4671e+00,3.7109e+00,1.0093e+01
4.9600e+02,2.0000e+00,3.0884e+01,-1.4073e+05,-1.4074e+05,-1.6506e+00,-1.4074e+05,1.6181e-01,7.8676e+00,1.3956e+05,6.4080e+02,-7.3454e-01,-1.5791e+00,3.7196e+00,9.5893e+00
4.9700e+02,1.0000e+00,3.0927e+01,-1.4073e+05,-1.4074e+05,-1.6539e+00,-1.4074e+05,1.5750e-01,7.4543e+00,1.3956e+05,6.4130e+02,-5.0687e-01,-1.4546e+00,3.7138e+00,1.0110e+01
4.9800e+02,2.0000e+00,3.0951e+01,-1.4073e+05,-1.4074e+05,-1.6572e+00,-1.4074e+05,1.5136e-01,6.8843e+00,1.3956e+05,6.4229e+02,-2.1763e-01,-1.8973e+00,3.1572e+00,9.7300e+00
4.9900e+02,1.0000e+00,3.0994e+01,-1.4073e+05,-1.4074e+05,-1.6606e+00,-1.4073e+05,1.5430e-01,7.1545e+00,1.3956e+05,6.4279e+02,-8.7373e-01,-1.4980e+00,3.9146e+00,1.0109e+01
