niter,nc,eff,logl,logwt,logvol,logz,logzerr,h,delta_logz,time_elapsed,logfeh,logdust,logSFH0,logSFH1,logSFH2,logSFH3,logSFH4,dmod
1.0000e+00,1.0000e+00,2.4938e-01,-8.3405e+03,-8.3472e+03,-2.4969e-03,-8.3472e+03,1.2922e-01,6.6871e+00,inf,1.9005e+00,-5.9412e-01,-1.2165e+00,-1.3730e+00,2.1208e+00,3.4124e+00,3.3768e+00,5.9135e+00,2.8715e+01
2.0000e+00,1.0000e+00,4.9751e-01,-8.1281e+03,-8.1348e+03,-4.9938e-03,-8.1348e+03,1.2924e-01,6.6896e+00,8.3468e+03,4.0161e+00,1.4012e-01,-7.5109e-01,4.7346e-01,1.4416e+00,2.2282e+00,1.2092e+00,5.8919e+00,2.8283e+01
3.0000e+00,1.0000e+00,7.4442e-01,-7.9936e+03,-8.0003e+03,-7.4906e-03,-8.0003e+03,1.2926e-01,6.6921e+00,8.1344e+03,5.9025e+00,-7.4482e-01,-9.2243e-01,1.7129e+00,-2.1655e-01,3.7725e+00,4.1255e+00,5.6022e+00,2.8151e+01
4.0000e+00,1.0000e+00,9.9010e-01,-7.8586e+03,-7.8653e+03,-9.9875e-03,-7.8653e+03,1.2929e-01,6.6946e+00,7.9999e+03,8.0277e+00,-4.1416e-01,-7.7647e-01,2.1283e+00,2.9487e+00,2.7219e-01,1.5824e+00,5.8574e+00,2.8578e+01
5.0000e+00,1.0000e+00,1.2346e+00,-7.4662e+03,-7.4729e+03,-1.2484e-02,-7.4729e+03,1.2931e-01,6.6971e+00,7.8649e+03,1.0126e+01,4.7627e-01,-1.0842e+00,8.4048e-01,1.8841e+00,2.0856e+00,1.8515e+00,5.8594e+00,2.8384e+01
6.0000e+00,1.0000e+00,1.4778e+00,-7.1182e+03,-7.1249e+03,-1.4981e-02,-7.1249e+03,1.2934e-01,6.6996e+00,7.4725e+03,1.2040e+01,-1.9678e-01,-1.3328e+00,-1.6779e+00,1.6902e+00,3.7355e+00,4.9790e+00,5.6556e+00,2.8739e+01
7.0000e+00,1.0000e+00,1.7199e+00,-6.8183e+03,-6.8250e+03,-1.7478e-02,-6.8250e+03,1.2936e-01,6.7021e+00,7.1245e+03,1.3944e+01,4.5366e-01,-8.7605e-01,1.9646e+00,-3.8014e-01,3.2137e+00,4.0341e+00,5.7813e+00,2.8459e+01
8.0000e+00,1.0000e+00,1.9608e+00,-6.8035e+03,-6.8102e+03,-1.9975e-02,-6.8102e+03,1.2939e-01,6.7046e+00,6.8246e+03,1.5852e+01,4.9157e-01,-1.1494e+00,1.6799e+00,-3.6910e-01,5.5192e-01,2.4310e+00,5.7544e+00,2.8415e+01
9.0000e+00,1.0000e+00,2.2005e+00,-6.5838e+03,-6.5905e+03,-2.2472e-02,-6.5905e+03,1.2941e-01,6.7071e+00,6.8098e+03,1.7778e+01,-4.3809e-01,-1.9054e+00,-5.0476e-02,2.1451e+00,2.9484e+00,1.8861e+00,5.3870e+00,2.8115e+01
1.0000e+01,1.0000e+00,2.4390e+00,-6.4987e+03,-6.5054e+03,-2.4969e-02,-6.5054e+03,1.2943e-01,6.7096e+00,6.5901e+03,1.9816e+01,3.3783e-01,-7.8447e-01,2.0901e+00,3.0971e+00,2.2409e+00,2.3546e+00,5.6092e+00,2.8203e+01
1.1000e+01,1.0000e+00,2.6764e+00,-6.3602e+03,-6.3669e+03,-2.7466e-02,-6.3669e+03,1.2946e-01,6.7121e+00,6.5050e+03,2.1716e+01,-1.6083e-01,-1.8590e+00,1.3955e+00,1.3099e+00,6.3682e-01,3.6947e+00,5.6680e+00,2.8792e+01
1.2000e+01,1.0000e+00,2.9126e+00,-6.2929e+03,-6.2996e+03,-2.9963e-02,-6.2996e+03,1.2948e-01,6.7146e+00,6.3665e+03,2.3612e+01,3.5482e-01,-8.8113e-01,-3.7248e-01,-6.9641e-01,2.5213e+00,4.2131e+00,5.6420e+00,2.8438e+01
1.3000e+01,1.0000e+00,3.1477e+00,-6.1348e+03,-6.1415e+03,-3.2459e-02,-6.1415e+03,1.2951e-01,6.7171e+00,6.2992e+03,2.5729e+01,-9.0637e-01,-1.6110e+00,3.6241e-01,1.2378e+00,3.6061e+00,1.3303e+00,5.7618e+00,2.9360e+01
1.4000e+01,1.0000e+00,3.3816e+00,-5.9028e+03,-5.9095e+03,-3.4956e-02,-5.9095e+03,1.2953e-01,6.7196e+00,6.1411e+03,2.7630e+01,-8.3699e-01,-1.2845e+00,2.1627e+00,-4.6626e-01,3.2853e+00,5.0508e+00,2.8057e+00,2.8179e+01
1.5000e+01,1.0000e+00,3.6145e+00,-5.8151e+03,-5.8218e+03,-3.7453e-02,-5.8218e+03,1.2955e-01,6.7221e+00,5.9091e+03,2.9512e+01,-6.7716e-01,-1.9724e+00,1.6856e+00,-2.8897e-01,8.8454e-01,5.0785e+00,5.2470e+00,2.8980e+01
1.6000e+01,1.0000e+00,3.8462e+00,-5.4444e+03,-5.4511e+03,-3.9950e-02,-5.4511e+03,1.2958e-01,6.7246e+00,5.8214e+03,3.1637e+01,-9.8817e-01,-1.0616e+00,5.4091e-01,2.0707e-01,2.6191e+00,5.0218e+00,4.6724e+00,2.8521e+01
1.7000e+01,1.0000e+00,4.0767e+00,-5.3224e+03,-5.3292e+03,-4.2447e-02,-5.3292e+03,1.2960e-01,6.7271e+00,5.4507e+03,3.3767e+01,-8.0872e-01,-1.8307e+00,1.1553e+00,2.2371e-01,3.4826e+00,2.4226e+00,5.4317e+00,2.8946e+01
1.8000e+01,1.0000e+00,4.3062e+00,-5.3093e+03,-5.3161e+03,-4.4944e-02,-5.3161e+03,1.2963e-01,6.7295e+00,5.3287e+03,3.5655e+01,-3.7116e-01,-1.1470e+00,-1.5995e+00,3.2487e+00,2.3523e+00,4.2265e+00,5.6609e+00,2.9366e+01
1.9000e+01,1.0000e+00,4.5346e+00,-5.1640e+03,-5.1707e+03,-4.7441e-02,-5.1707e+03,1.2965e-01,6.7321e+00,5.3156e+03,3.7792e+01,-4.2551e-01,-1.0129e+00,1.7585e+00,1.5569e+00,1.5884e+00,2.1421e+00,5.3966e+00,2.8693e+01
2.0000e+01,1.0000e+00,4.7619e+00,-5.1613e+03,-5.1680e+03,-4.9938e-02,-5.1679e+03,1.2512e-01,6.2700e+00,5.1703e+03,3.9703e+01,1.8598e-01,-1.2359e+00,9.0311e-01,1.4250e+00,2.2125e-01,3.3800e+00,5.2139e+00,2.8017e+01
2.1000e+01,1.0000e+00,4.9881e+00,-5.0997e+03,-5.1064e+03,-5.2434e-02,-5.1064e+03,1.2970e-01,6.7370e+00,5.1675e+03,4.1586e+01,-5.8994e-02,-1.6075e+00,5.6386e-01,1.4858e+00,6.7763e-01,3.7369e+00,5.7084e+00,2.9427e+01
2.2000e+01,1.0000e+00,5.2133e+00,-5.0800e+03,-5.0867e+03,-5.4931e-02,-5.0867e+03,1.2972e-01,6.7395e+00,5.1060e+03,4.3466e+01,4.9674e-01,-1.3983e+00,1.7670e+00,1.5428e+00,3.6892e+00,4.6501e+00,5.0527e+00,2.8127e+01
2.3000e+01,1.0000e+00,5.4374e+00,-5.0271e+03,-5.0339e+03,-5.7428e-02,-5.0339e+03,1.2975e-01,6.7420e+00,5.0863e+03,4.5599e+01,-9.0816e-01,-1.9653e+00,2.6325e-01,3.3258e-01,1.6575e+00,5.0030e+00,5.1266e+00,2.9137e+01
2.4000e+01,1.0000e+00,5.6604e+00,-4.9892e+03,-4.9959e+03,-5.9925e-02,-4.9959e+03,1.2977e-01,6.7445e+00,5.0334e+03,4.7719e+01,-7.5791e-02,-1.6711e+00,1.7238e+00,1.8577e+00,1.7683e+00,2.0454e+00,5.2708e+00,2.8394e+01
2.5000e+01,2.0000e+00,5.8685e+00,-4.9773e+03,-4.9841e+03,-6.2422e-02,-4.9841e+03,1.2979e-01,6.7468e+00,4.9955e+03,5.1342e+01,2.6437e-01,-1.0077e+00,7.0281e-01,3.2176e+00,2.5412e+00,1.9704e+00,5.6095e+00,2.9048e+01
2.6000e+01,2.0000e+00,6.0748e+00,-4.8870e+03,-4.8937e+03,-6.4919e-02,-4.8937e+03,1.2982e-01,6.7495e+00,4.9837e+03,5.5168e+01,-5.7578e-01,-1.6373e+00,1.7191e+00,7.3459e-01,3.4284e+00,4.9081e+00,5.4266e+00,2.9488e+01
2.7000e+01,1.0000e+00,6.2937e+00,-4.6797e+03,-4.6864e+03,-6.7416e-02,-4.6864e+03,1.2984e-01,6.7520e+00,4.8933e+03,5.7075e+01,-4.0902e-01,-1.3151e+00,9.0879e-01,1.1697e+00,2.9970e+00,4.4927e+00,5.1987e+00,2.8792e+01
2.8000e+01,1.0000e+00,6.5116e+00,-4.6697e+03,-4.6765e+03,-6.9913e-02,-4.6765e+03,1.2986e-01,6.7535e+00,4.6860e+03,5.9211e+01,-6.9246e-01,-1.6479e+00,6.2158e-01,1.7801e+00,3.8069e+00,1.8139e+00,5.1354e+00,2.8621e+01
2.9000e+01,1.0000e+00,6.7285e+00,-4.6598e+03,-4.6665e+03,-7.2410e-02,-4.6665e+03,1.2988e-01,6.7560e+00,4.6760e+03,6.1325e+01,2.7714e-01,-1.3851e+00,-7.2072e-01,2.2854e+00,3.0406e+00,4.2578e+00,5.7267e+00,2.9601e+01
3.0000e+01,1.0000e+00,6.9444e+00,-4.6494e+03,-4.6562e+03,-7.4906e-02,-4.6562e+03,1.2991e-01,6.7588e+00,4.6661e+03,6.3473e+01,-8.7022e-01,-8.7048e-01,1.2028e+00,5.2824e-01,3.2575e+00,3.2468e+00,5.2658e+00,2.8744e+01
3.1000e+01,1.0000e+00,7.1594e+00,-4.5597e+03,-4.5664e+03,-7.7403e-02,-4.5664e+03,1.2994e-01,6.7620e+00,4.6557e+03,6.5597e+01,-3.6660e-01,-5.5921e-01,-2.5236e-01,3.0390e+00,3.1490e+00,3.3310e+00,5.6988e+00,2.9589e+01
3.2000e+01,1.0000e+00,7.3733e+00,-4.5003e+03,-4.5070e+03,-7.9900e-02,-4.5070e+03,1.2996e-01,6.7645e+00,4.5660e+03,6.7495e+01,1.8765e-01,-1.1502e+00,1.5434e+00,3.1659e+00,3.7372e+00,4.9074e+00,4.1427e+00,2.8370e+01
3.3000e+01,1.0000e+00,7.5862e+00,-4.4842e+03,-4.4909e+03,-8.2397e-02,-4.4909e+03,1.2999e-01,6.7670e+00,4.5066e+03,6.9628e+01,-3.7174e-01,-1.1661e+00,-2.2454e-01,-1.3795e-02,1.8686e+00,2.8804e+00,5.5344e+00,2.9393e+01
3.4000e+01,1.0000e+00,7.7982e+00,-4.4386e+03,-4.4454e+03,-8.4894e-02,-4.4454e+03,1.3001e-01,6.7695e+00,4.4905e+03,7.1523e+01,-8.6234e-02,-1.0700e+00,-3.1235e-04,6.1300e-02,1.6521e+00,4.8077e+00,4.6213e+00,2.8326e+01
3.5000e+01,1.0000e+00,8.0092e+00,-4.3402e+03,-4.3469e+03,-8.7391e-02,-4.3469e+03,1.3003e-01,6.7720e+00,4.4449e+03,7.3436e+01,-8.6043e-01,-1.2291e+00,-9.7664e-01,1.1873e+00,9.8435e-01,1.1505e+00,5.4867e+00,2.9496e+01
3.6000e+01,2.0000e+00,8.2005e+00,-4.1743e+03,-4.1811e+03,-8.9888e-02,-4.1811e+03,1.3006e-01,6.7745e+00,4.3465e+03,7.7253e+01,-7.3454e-01,-1.3687e+00,-8.0682e-01,-2.2367e-01,3.4587e+00,4.7489e+00,4.4511e+00,2.8630e+01
3.7000e+01,1.0000e+00,8.4091e+00,-4.0960e+03,-4.1028e+03,-9.2385e-02,-4.1028e+03,1.3008e-01,6.7770e+00,4.1806e+03,7.9401e+01,4.0269e-02,-1.3682e+00,1.6671e+00,1.5665e+00,3.6365e+00,4.6296e+00,3.7681e+00,2.8069e+01
3.8000e+01,1.0000e+00,8.6168e+00,-3.9877e+03,-3.9945e+03,-9.4881e-02,-3.9945e+03,1.3011e-01,6.7795e+00,4.1023e+03,8.1302e+01,3.4370e-01,-1.3216e+00,1.8534e+00,-1.2103e-01,2.8221e+00,3.0074e+00,5.8320e+00,3.0103e+01
3.9000e+01,1.0000e+00,8.8235e+00,-3.9570e+03,-3.9637e+03,-9.7378e-02,-3.9637e+03,1.3013e-01,6.7820e+00,3.9940e+03,8.3447e+01,1.7782e-01,-1.8480e+00,-1.5456e-01,2.2358e+00,-7.3995e-02,4.8213e+00,3.7764e+00,2.8279e+01
4.0000e+01,2.0000e+00,9.0090e+00,-3.9565e+03,-3.9628e+03,-9.9875e-02,-3.9625e+03,1.1938e-01,5.7077e+00,3.9633e+03,8.7600e+01,-9.7244e-01,-7.1682e-01,5.2467e-01,2.8630e+00,2.7929e+00,4.9896e+00,5.5034e+00,3.0036e+01
4.1000e+01,1.0000e+00,9.2135e+00,-3.9382e+03,-3.9450e+03,-1.0237e-01,-3.9450e+03,1.3018e-01,6.7870e+00,3.9620e+03,8.9501e+01,-9.1195e-01,-1.9115e+00,-1.5584e+00,1.3302e+00,1.4963e+00,5.1072e+00,2.3698e+00,2.9310e+01
4.2000e+01,1.0000e+00,9.4170e+00,-3.9348e+03,-3.9415e+03,-1.0487e-01,-3.9415e+03,1.2764e-01,6.5249e+00,3.9445e+03,9.1616e+01,4.9198e-01,-1.7308e+00,-4.9612e-01,1.5394e+00,-8.6336e-02,4.7112e+00,5.8445e+00,3.0228e+01
4.3000e+01,1.0000e+00,9.6197e+00,-3.9186e+03,-3.9254e+03,-1.0737e-01,-3.9254e+03,1.3023e-01,6.7920e+00,3.9410e+03,9.3742e+01,-9.4816e-01,-1.9023e+00,5.4941e-01,3.4225e-01,1.7931e+00,2.3631e+00,5.4247e+00,2.9628e+01
4.4000e+01,1.0000e+00,9.8214e+00,-3.8489e+03,-3.8556e+03,-1.0986e-01,-3.8556e+03,1.3025e-01,6.7945e+00,3.9249e+03,9.5862e+01,-9.4275e-01,-1.5514e+00,-2.7925e-01,1.7529e+00,-1.5839e-02,4.7868e+00,2.8910e+00,2.8550e+01
4.5000e+01,1.0000e+00,1.0022e+01,-3.8448e+03,-3.8515e+03,-1.1236e-01,-3.8515e+03,1.2869e-01,6.6325e+00,3.8552e+03,9.7744e+01,-8.7284e-01,-1.5005e+00,1.1474e+00,-1.6405e-01,2.0861e+00,2.2008e+00,5.8335e+00,3.0671e+01
4.6000e+01,1.0000e+00,1.0222e+01,-3.7780e+03,-3.7848e+03,-1.1486e-01,-3.7848e+03,1.3030e-01,6.7995e+00,3.8510e+03,9.9845e+01,-2.5804e-01,-7.0726e-01,6.1227e-01,3.0537e+00,3.7429e+00,4.2428e+00,5.5177e+00,2.9843e+01
4.7000e+01,1.0000e+00,1.0421e+01,-3.7725e+03,-3.7793e+03,-1.1735e-01,-3.7793e+03,1.2981e-01,6.7491e+00,3.7843e+03,1.0173e+02,-9.8740e-01,-1.2927e+00,1.6434e+00,2.9589e+00,8.0201e-01,5.0724e+00,1.9595e+00,2.9341e+01
4.8000e+01,2.0000e+00,1.0596e+01,-3.7648e+03,-3.7716e+03,-1.1985e-01,-3.7716e+03,1.3027e-01,6.7967e+00,3.7788e+03,1.0569e+02,-9.9655e-01,-1.2175e+00,1.2680e+00,1.0309e+00,3.4305e+00,3.2259e+00,5.4755e+00,2.9811e+01
4.9000e+01,1.0000e+00,1.0793e+01,-3.7071e+03,-3.7139e+03,-1.2235e-01,-3.7139e+03,1.3037e-01,6.8070e+00,3.7711e+03,1.0780e+02,-5.7611e-01,-1.5600e+00,-1.2621e+00,2.8389e+00,1.6814e+00,3.7121e+00,5.1728e+00,2.9132e+01
5.0000e+01,1.0000e+00,1.0989e+01,-3.6972e+03,-3.7040e+03,-1.2484e-01,-3.7040e+03,1.3038e-01,6.8084e+00,3.7134e+03,1.0995e+02,-6.2010e-01,-6.1447e-01,1.0258e+00,9.6812e-01,3.2373e+00,4.0679e+00,4.8886e+00,2.8423e+01
5.1000e+01,1.0000e+00,1.1184e+01,-3.6857e+03,-3.6925e+03,-1.2734e-01,-3.6925e+03,1.3041e-01,6.8117e+00,3.7035e+03,1.1206e+02,-2.0914e-01,-1.7035e+00,-1.1035e+00,1.2702e+00,3.8371e+00,2.6846e+00,4.7916e+00,2.8704e+01
5.2000e+01,1.0000e+00,1.1379e+01,-3.6557e+03,-3.6625e+03,-1.2984e-01,-3.6625e+03,1.3044e-01,6.8144e+00,3.6920e+03,1.1397e+02,-8.4682e-01,-6.3678e-01,-1.1703e+00,2.8965e+00,-8.1916e-02,1.8027e+00,5.2921e+00,2.9241e+01
5.3000e+01,1.0000e+00,1.1572e+01,-3.6200e+03,-3.6269e+03,-1.3233e-01,-3.6269e+03,1.3046e-01,6.8169e+00,3.6620e+03,1.1585e+02,3.8252e-01,-1.1271e+00,1.1181e+00,1.7349e+00,2.9131e+00,4.7947e+00,4.8943e+00,2.8832e+01
5.4000e+01,1.0000e+00,1.1765e+01,-3.6085e+03,-3.6154e+03,-1.3483e-01,-3.6154e+03,1.3049e-01,6.8192e+00,3.6263e+03,1.1797e+02,-8.2579e-01,-1.7040e+00,1.3508e+00,1.0897e+00,1.1117e+00,2.5793e+00,4.9888e+00,2.8722e+01
5.5000e+01,1.0000e+00,1.1957e+01,-3.5581e+03,-3.5649e+03,-1.3733e-01,-3.5649e+03,1.3051e-01,6.8219e+00,3.6148e+03,1.1988e+02,-8.5410e-01,-1.5486e+00,-1.5252e+00,1.5989e+00,2.7739e+00,4.1117e+00,4.7279e+00,2.8453e+01
5.6000e+01,1.0000e+00,1.2148e+01,-3.5177e+03,-3.5245e+03,-1.3983e-01,-3.5245e+03,1.3054e-01,6.8244e+00,3.5644e+03,1.2180e+02,2.7890e-01,-1.1031e+00,1.0091e+00,1.4149e+00,3.4332e+00,1.3177e+00,5.0683e+00,2.8581e+01
5.7000e+01,1.0000e+00,1.2338e+01,-3.4984e+03,-3.5053e+03,-1.4232e-01,-3.5053e+03,1.3056e-01,6.8269e+00,3.5240e+03,1.2367e+02,1.3353e-01,-6.0185e-01,-2.6070e-01,4.5392e-01,1.3640e+00,4.4194e+00,5.5401e+00,2.9709e+01
5.8000e+01,1.0000e+00,1.2527e+01,-3.4771e+03,-3.4839e+03,-1.4482e-01,-3.4839e+03,1.3058e-01,6.8294e+00,3.5047e+03,1.2559e+02,7.2491e-02,-9.1386e-01,-1.6916e+00,4.0947e-01,2.1982e+00,4.8317e+00,3.2915e+00,2.8480e+01
5.9000e+01,1.0000e+00,1.2716e+01,-3.4499e+03,-3.4568e+03,-1.4732e-01,-3.4568e+03,1.3061e-01,6.8319e+00,3.4834e+03,1.2774e+02,3.6627e-01,-9.6179e-01,-1.5945e+00,2.6006e+00,1.3561e+00,4.8548e+00,3.8677e+00,2.8501e+01
6.0000e+01,1.0000e+00,1.2903e+01,-3.4412e+03,-3.4480e+03,-1.4981e-01,-3.4480e+03,1.3060e-01,6.8313e+00,3.4562e+03,1.2992e+02,-2.3087e-01,-7.5754e-01,7.0270e-01,3.1447e+00,1.0741e+00,4.4915e+00,4.1245e+00,2.8167e+01
6.1000e+01,1.0000e+00,1.3090e+01,-3.4351e+03,-3.4419e+03,-1.5231e-01,-3.4419e+03,1.3035e-01,6.8052e+00,3.4475e+03,1.3205e+02,-9.5330e-01,-6.4577e-01,6.8291e-01,1.4189e+00,2.5293e+00,1.7675e+00,5.0668e+00,2.8778e+01
6.2000e+01,1.0000e+00,1.3276e+01,-3.3457e+03,-3.3525e+03,-1.5481e-01,-3.3525e+03,1.3068e-01,6.8394e+00,3.4414e+03,1.3396e+02,-2.9425e-01,-1.6991e+00,-9.3204e-01,-2.3629e-02,1.2932e+00,4.7556e+00,3.6696e+00,2.8713e+01
6.3000e+01,1.0000e+00,1.3462e+01,-3.3123e+03,-3.3191e+03,-1.5730e-01,-3.3191e+03,1.3070e-01,6.8419e+00,3.3520e+03,1.3612e+02,1.9689e-01,-1.5446e+00,-1.7234e-01,1.0634e+00,-4.1590e-02,3.5788e+00,5.1538e+00,2.8937e+01
6.4000e+01,1.0000e+00,1.3646e+01,-3.3119e+03,-3.3182e+03,-1.5980e-01,-3.3179e+03,1.1992e-01,5.7594e+00,3.3186e+03,1.3800e+02,2.9894e-01,-9.3191e-01,8.8877e-01,8.0539e-01,5.9349e-01,4.0867e+00,5.0036e+00,2.8626e+01
6.5000e+01,1.0000e+00,1.3830e+01,-3.3050e+03,-3.3118e+03,-1.6230e-01,-3.3118e+03,1.3050e-01,6.8204e+00,3.3173e+03,1.3991e+02,-2.9852e-01,-1.5449e+00,1.8923e+00,1.0300e+00,2.6202e+00,2.6716e+00,5.0061e+00,2.8852e+01
6.6000e+01,1.0000e+00,1.4013e+01,-3.2585e+03,-3.2654e+03,-1.6479e-01,-3.2654e+03,1.3078e-01,6.8494e+00,3.3113e+03,1.4204e+02,3.0589e-01,-5.3512e-01,2.1591e+00,1.0098e+00,2.1347e-01,2.6171e+00,5.7167e+00,3.0083e+01
6.7000e+01,2.0000e+00,1.4165e+01,-3.2585e+03,-3.2647e+03,-1.6729e-01,-3.2643e+03,1.1985e-01,5.7525e+00,3.2648e+03,1.4625e+02,3.5539e-01,-1.5836e+00,-7.3965e-01,2.0650e+00,3.4825e+00,5.0434e+00,4.4992e+00,2.9320e+01
6.8000e+01,1.0000e+00,1.4346e+01,-3.2085e+03,-3.2153e+03,-1.6979e-01,-3.2153e+03,1.3082e-01,6.8544e+00,3.2637e+03,1.4815e+02,4.4875e-01,-1.7793e+00,-1.6477e+00,1.6418e+00,3.3253e-01,4.9118e+00,3.2384e+00,2.8774e+01
6.9000e+01,1.0000e+00,1.4526e+01,-3.1226e+03,-3.1295e+03,-1.7228e-01,-3.1295e+03,1.3085e-01,6.8569e+00,3.2148e+03,1.5028e+02,-5.5524e-01,-1.4716e+00,4.4600e-01,2.1686e-01,5.2917e-01,2.6025e+00,5.4153e+00,2.9998e+01
7.0000e+01,1.0000e+00,1.4706e+01,-3.0953e+03,-3.1021e+03,-1.7478e-01,-3.1021e+03,1.3087e-01,6.8594e+00,3.1289e+03,1.5253e+02,-8.5578e-01,-7.7099e-01,7.5211e-01,2.4007e+00,1.8481e-01,4.9966e+00,5.4669e+00,3.0522e+01
7.1000e+01,1.0000e+00,1.4885e+01,-3.0796e+03,-3.0865e+03,-1.7728e-01,-3.0865e+03,1.3089e-01,6.8619e+00,3.1016e+03,1.5445e+02,-4.6575e-01,-1.9278e+00,6.2162e-01,1.9801e+00,1.8581e+00,4.7706e+00,2.9203e+00,2.8955e+01
7.2000e+01,3.0000e+00,1.5000e+01,-2.9917e+03,-2.9985e+03,-1.7978e-01,-2.9985e+03,1.3092e-01,6.8644e+00,3.0859e+03,1.6035e+02,-3.3039e-01,-1.5398e+00,-1.6972e+00,4.4032e-01,9.4745e-01,1.2555e+00,5.1517e+00,2.9335e+01
7.3000e+01,1.0000e+00,1.5177e+01,-2.9910e+03,-2.9974e+03,-1.8227e-01,-2.9972e+03,1.2056e-01,5.8211e+00,2.9980e+03,1.6247e+02,4.4668e-01,-1.9745e+00,9.3997e-01,-1.7203e-01,4.9752e-01,3.7068e+00,5.8622e+00,3.0779e+01
7.4000e+01,1.0000e+00,1.5353e+01,-2.9819e+03,-2.9887e+03,-1.8477e-01,-2.9887e+03,1.3093e-01,6.8659e+00,2.9966e+03,1.6460e+02,-9.1569e-01,-1.5827e+00,1.9805e+00,2.6198e+00,3.5090e+00,3.4871e+00,5.0295e+00,2.9376e+01
7.5000e+01,1.0000e+00,1.5528e+01,-2.9677e+03,-2.9746e+03,-1.8727e-01,-2.9746e+03,1.3099e-01,6.8719e+00,2.9882e+03,1.6649e+02,-8.6021e-01,-1.4470e+00,1.1724e+00,-6.0096e-01,1.3543e+00,2.3664e+00,4.6561e+00,2.8274e+01
7.6000e+01,1.0000e+00,1.5702e+01,-2.8934e+03,-2.9003e+03,-1.8976e-01,-2.9003e+03,1.3101e-01,6.8744e+00,2.9740e+03,1.6861e+02,-1.8745e-01,-8.2905e-01,1.5197e+00,3.0799e+00,2.3161e+00,2.2689e+00,5.2428e+00,2.9504e+01
7.7000e+01,1.0000e+00,1.5876e+01,-2.8933e+03,-2.8995e+03,-1.9226e-01,-2.8991e+03,1.2013e-01,5.7793e+00,2.8997e+03,1.7074e+02,4.0796e-01,-8.8243e-01,1.8766e+00,2.1511e-01,1.8561e+00,4.3481e+00,5.7538e+00,3.0550e+01
7.8000e+01,1.0000e+00,1.6049e+01,-2.8752e+03,-2.8821e+03,-1.9476e-01,-2.8821e+03,1.3106e-01,6.8794e+00,2.8986e+03,1.7287e+02,2.3378e-01,-6.0473e-01,1.0419e+00,2.4687e+00,3.7120e+00,2.6521e+00,4.8656e+00,2.8514e+01
7.9000e+01,1.0000e+00,1.6222e+01,-2.8422e+03,-2.8491e+03,-1.9725e-01,-2.8491e+03,1.3108e-01,6.8819e+00,2.8815e+03,1.7480e+02,-7.0561e-01,-1.6426e+00,1.5317e+00,2.8522e+00,-1.2182e-02,3.4018e+00,5.1581e+00,2.9682e+01
8.0000e+01,1.0000e+00,1.6393e+01,-2.7994e+03,-2.8063e+03,-1.9975e-01,-2.8063e+03,1.3111e-01,6.8844e+00,2.8485e+03,1.7701e+02,3.9971e-01,-1.0229e+00,-1.7750e-01,2.4211e+00,1.1436e+00,3.3810e+00,5.4120e+00,2.9745e+01
8.1000e+01,1.0000e+00,1.6564e+01,-2.7740e+03,-2.7809e+03,-2.0225e-01,-2.7809e+03,1.3113e-01,6.8869e+00,2.8057e+03,1.7913e+02,-9.3285e-01,-1.8307e+00,-1.4146e-02,-4.4949e-01,3.1413e+00,4.5731e+00,2.4600e+00,2.8773e+01
8.2000e+01,1.0000e+00,1.6735e+01,-2.7628e+03,-2.7697e+03,-2.0474e-01,-2.7697e+03,1.3115e-01,6.8890e+00,2.7803e+03,1.8127e+02,4.8618e-01,-1.0769e+00,1.5766e+00,1.1053e+00,2.4059e+00,4.4856e+00,4.6196e+00,2.8588e+01
8.3000e+01,1.0000e+00,1.6904e+01,-2.7329e+03,-2.7398e+03,-2.0724e-01,-2.7398e+03,1.3118e-01,6.8919e+00,2.7691e+03,1.8340e+02,3.5114e-02,-9.5549e-01,-9.9884e-02,2.2758e+00,1.6536e+00,1.5069e+00,5.4701e+00,3.0120e+01
8.4000e+01,1.0000e+00,1.7073e+01,-2.7193e+03,-2.7261e+03,-2.0974e-01,-2.7261e+03,1.3120e-01,6.8943e+00,2.7392e+03,1.8529e+02,-7.9822e-02,-8.9860e-01,4.9916e-01,2.3671e+00,3.8225e+00,4.2654e+00,4.3929e+00,2.8633e+01
8.5000e+01,1.0000e+00,1.7241e+01,-2.7076e+03,-2.7145e+03,-2.1223e-01,-2.7145e+03,1.3123e-01,6.8966e+00,2.7256e+03,1.8741e+02,-8.9396e-01,-1.7636e+00,-1.1201e+00,4.0076e-01,2.0231e+00,4.2015e+00,5.4569e+00,3.0550e+01
8.6000e+01,1.0000e+00,1.7409e+01,-2.6794e+03,-2.6863e+03,-2.1473e-01,-2.6863e+03,1.3125e-01,6.8993e+00,2.7139e+03,1.8955e+02,-1.8702e-01,-5.8344e-01,-4.7328e-01,-3.4402e-01,3.6658e+00,4.5367e+00,2.0397e+00,2.8472e+01
8.7000e+01,2.0000e+00,1.7540e+01,-2.6438e+03,-2.6507e+03,-2.1723e-01,-2.6507e+03,1.3127e-01,6.9018e+00,2.6857e+03,1.9339e+02,-3.0566e-01,-7.2922e-01,9.4578e-01,7.3766e-01,4.2820e-01,2.7198e+00,5.6607e+00,3.0693e+01
8.8000e+01,1.0000e+00,1.7706e+01,-2.6395e+03,-2.6464e+03,-2.1973e-01,-2.6464e+03,1.2992e-01,6.7599e+00,2.6501e+03,1.9531e+02,-5.0687e-01,-1.1819e+00,-8.1457e-01,2.7534e+00,5.8320e-01,2.5911e+00,4.9739e+00,2.9225e+01
8.9000e+01,1.0000e+00,1.7871e+01,-2.6328e+03,-2.6397e+03,-2.2222e-01,-2.6397e+03,1.3114e-01,6.8879e+00,2.6458e+03,1.9743e+02,4.0289e-01,-7.8436e-01,-1.0129e+00,1.6155e+00,3.4903e+00,4.9780e+00,2.2057e+00,2.9270e+01
9.0000e+01,1.0000e+00,1.8036e+01,-2.6305e+03,-2.6373e+03,-2.2472e-01,-2.6372e+03,1.2586e-01,6.3444e+00,2.6391e+03,1.9937e+02,-9.8170e-01,-1.3145e+00,1.9607e+00,2.6503e+00,1.7696e+00,4.7188e+00,2.8395e+00,2.9217e+01
9.1000e+01,1.0000e+00,1.8200e+01,-2.6061e+03,-2.6130e+03,-2.2722e-01,-2.6130e+03,1.3137e-01,6.9118e+00,2.6366e+03,2.0149e+02,4.9795e-01,-1.5120e+00,1.6347e+00,1.7122e+00,1.6407e+00,3.2174e+00,5.0548e+00,2.9005e+01
9.2000e+01,1.0000e+00,1.8363e+01,-2.5974e+03,-2.6043e+03,-2.2971e-01,-2.6043e+03,1.3136e-01,6.9110e+00,2.6124e+03,2.0338e+02,-7.7627e-01,-8.0148e-01,8.6311e-01,1.7878e+00,3.2051e+00,4.6133e+00,4.3625e+00,2.9153e+01
9.3000e+01,1.0000e+00,1.8526e+01,-2.5830e+03,-2.5899e+03,-2.3221e-01,-2.5899e+03,1.3142e-01,6.9168e+00,2.6037e+03,2.0528e+02,-1.6425e-01,-1.3171e+00,2.0121e+00,2.2545e+00,2.2473e+00,4.8470e+00,5.3673e+00,3.0498e+01
9.4000e+01,1.0000e+00,1.8688e+01,-2.5792e+03,-2.5861e+03,-2.3471e-01,-2.5860e+03,1.2955e-01,6.7212e+00,2.5893e+03,2.0739e+02,8.2218e-02,-1.9860e+00,2.0468e+00,1.7185e+00,2.8635e+00,4.4760e+00,2.0052e+00,2.8393e+01
9.5000e+01,1.0000e+00,1.8849e+01,-2.5699e+03,-2.5768e+03,-2.3720e-01,-2.5768e+03,1.3145e-01,6.9199e+00,2.5854e+03,2.0928e+02,4.5835e-01,-1.0472e+00,-3.4842e-01,1.2830e+00,1.6383e-01,4.7120e+00,4.9961e+00,2.9458e+01
9.6000e+01,2.0000e+00,1.8972e+01,-2.5658e+03,-2.5727e+03,-2.3970e-01,-2.5726e+03,1.2993e-01,6.7614e+00,2.5762e+03,2.1352e+02,2.4352e-01,-8.2518e-01,1.0716e+00,1.0988e+00,3.5181e-01,4.1251e+00,4.6220e+00,2.8405e+01
9.7000e+01,1.0000e+00,1.9132e+01,-2.5238e+03,-2.5307e+03,-2.4220e-01,-2.5307e+03,1.3151e-01,6.9268e+00,2.5720e+03,2.1565e+02,-5.7123e-01,-7.6564e-01,-6.6738e-01,-5.2689e-01,4.6804e-01,1.1746e+00,5.0652e+00,2.9396e+01
9.8000e+01,1.0000e+00,1.9291e+01,-2.4516e+03,-2.4585e+03,-2.4469e-01,-2.4585e+03,1.3154e-01,6.9293e+00,2.5301e+03,2.1778e+02,-9.9996e-01,-1.7768e+00,2.0285e+00,2.0087e+00,2.1279e-01,3.9933e+00,4.3775e+00,2.8556e+01
9.9000e+01,1.0000e+00,1.9450e+01,-2.4257e+03,-2.4326e+03,-2.4719e-01,-2.4326e+03,1.3156e-01,6.9318e+00,2.4579e+03,2.1991e+02,1.3957e-01,-1.6915e+00,1.5960e+00,2.3656e+00,5.8093e-01,4.6468e+00,2.3078e+00,2.8809e+01
1.0000e+02,1.0000e+00,1.9608e+01,-2.3976e+03,-2.4046e+03,-2.4969e-01,-2.4046e+03,1.3158e-01,6.9343e+00,2.4320e+03,2.2215e+02,3.8053e-01,-7.0845e-01,-1.0600e+00,1.8196e+00,2.1221e-01,4.4448e+00,4.6285e+00,2.8761e+01
1.0100e+02,1.0000e+00,1.9765e+01,-2.3930e+03,-2.3999e+03,-2.5218e-01,-2.3999e+03,1.3059e-01,6.8301e+00,2.4039e+03,2.2405e+02,-4.9341e-01,-5.0630e-01,8.1985e-02,2.5099e+00,2.6900e+00,4.9513e+00,4.7953e+00,2.9981e+01
1.0200e+02,1.0000e+00,1.9922e+01,-2.3769e+03,-2.3838e+03,-2.5468e-01,-2.3838e+03,1.3163e-01,6.9393e+00,2.3993e+03,2.2619e+02,7.8111e-03,-1.1430e+00,-3.3791e-01,-4.7669e-01,2.7075e+00,2.0478e+00,5.0766e+00,2.9440e+01
1.0300e+02,1.0000e+00,2.0078e+01,-2.3720e+03,-2.3789e+03,-2.5718e-01,-2.3789e+03,1.3085e-01,6.8571e+00,2.3832e+03,2.2831e+02,4.0613e-01,-8.6567e-01,2.0452e+00,2.7048e+00,3.3312e+00,2.7306e+00,4.7216e+00,2.8494e+01
1.0400e+02,1.0000e+00,2.0233e+01,-2.3645e+03,-2.3714e+03,-2.5968e-01,-2.3714e+03,1.3159e-01,6.9346e+00,2.3783e+03,2.3043e+02,-8.3615e-01,-9.2861e-01,-5.2769e-02,3.1535e+00,3.3228e+00,2.6695e+00,5.4757e+00,3.0698e+01
1.0500e+02,3.0000e+00,2.0309e+01,-2.3628e+03,-2.3696e+03,-2.6217e-01,-2.3694e+03,1.2413e-01,6.1707e+00,2.3708e+03,2.3658e+02,-9.9416e-01,-1.7236e+00,1.9456e+00,2.0122e+00,3.1354e+00,5.0689e+00,2.2583e+00,3.0294e+01
1.0600e+02,1.0000e+00,2.0463e+01,-2.3427e+03,-2.3496e+03,-2.6467e-01,-2.3496e+03,1.3173e-01,6.9493e+00,2.3688e+03,2.3872e+02,-6.3250e-01,-5.3389e-01,-1.3035e+00,2.3881e+00,1.8219e+00,4.3324e+00,3.7412e+00,2.8282e+01
1.0700e+02,1.0000e+00,2.0617e+01,-2.3257e+03,-2.3327e+03,-2.6717e-01,-2.3327e+03,1.3175e-01,6.9518e+00,2.3490e+03,2.4063e+02,-3.4376e-01,-5.4361e-01,1.3291e+00,-2.0668e-01,3.5850e+00,4.4198e+00,3.5065e+00,2.8562e+01
1.0800e+02,1.0000e+00,2.0769e+01,-2.2847e+03,-2.2916e+03,-2.6966e-01,-2.2916e+03,1.3177e-01,6.9543e+00,2.3320e+03,2.4255e+02,-2.1045e-01,-1.9739e+00,-9.6769e-02,-3.7770e-01,3.8254e+00,4.9065e+00,4.9442e+00,3.0561e+01
1.0900e+02,1.0000e+00,2.0921e+01,-2.2836e+03,-2.2902e+03,-2.7216e-01,-2.2900e+03,1.2239e-01,5.9991e+00,2.2910e+03,2.4467e+02,-4.4139e-01,-1.7395e+00,-3.8538e-01,1.5372e+00,5.0408e-01,4.2116e+00,2.0702e+00,2.8044e+01
1.1000e+02,2.0000e+00,2.1033e+01,-2.2819e+03,-2.2887e+03,-2.7466e-01,-2.2885e+03,1.2125e-01,5.8877e+00,2.2894e+03,2.4877e+02,3.0918e-01,-1.2379e+00,2.1658e+00,9.7107e-01,1.9643e+00,4.8956e+00,3.9948e+00,2.9501e+01
1.1100e+02,1.0000e+00,2.1183e+01,-2.2707e+03,-2.2776e+03,-2.7715e-01,-2.2776e+03,1.3184e-01,6.9614e+00,2.2878e+03,2.5088e+02,-8.9826e-01,-1.8475e+00,7.0047e-01,7.4475e-02,3.3956e+00,5.0966e+00,5.0704e+00,3.0901e+01
1.1200e+02,1.0000e+00,2.1333e+01,-2.2648e+03,-2.2718e+03,-2.7965e-01,-2.2718e+03,1.3150e-01,6.9256e+00,2.2770e+03,2.5299e+02,-2.0083e-02,-1.7612e+00,1.7909e+00,9.8545e-01,3.5710e+00,2.9454e+00,4.4539e+00,2.8487e+01
1.1300e+02,1.0000e+00,2.1483e+01,-2.2370e+03,-2.2439e+03,-2.8215e-01,-2.2439e+03,1.3189e-01,6.9668e+00,2.2711e+03,2.5488e+02,-1.5728e-01,-1.7936e+00,3.2633e-01,1.4970e+00,1.1945e+00,1.2435e+00,4.8534e+00,2.9066e+01
1.1400e+02,1.0000e+00,2.1632e+01,-2.2297e+03,-2.2366e+03,-2.8464e-01,-2.2366e+03,1.3181e-01,6.9579e+00,2.2433e+03,2.5680e+02,3.9829e-02,-5.6094e-01,-1.4570e-01,-6.2658e-01,2.1379e+00,1.4310e+00,5.7002e+00,3.0946e+01
1.1500e+02,1.0000e+00,2.1780e+01,-2.1943e+03,-2.2013e+03,-2.8714e-01,-2.2013e+03,1.3194e-01,6.9718e+00,2.2360e+03,2.5870e+02,-3.9834e-01,-6.0408e-01,2.9503e-01,2.5045e+00,3.4034e+00,4.1593e+00,3.7932e+00,2.8296e+01
1.1600e+02,1.0000e+00,2.1928e+01,-2.1074e+03,-2.1143e+03,-2.8964e-01,-2.1143e+03,1.3196e-01,6.9742e+00,2.2006e+03,2.6060e+02,-5.5428e-01,-9.2302e-01,2.2249e+00,1.4738e+00,3.4359e+00,1.7825e+00,5.4698e+00,3.0811e+01
1.1700e+02,2.0000e+00,2.2034e+01,-2.1043e+03,-2.1112e+03,-2.9213e-01,-2.1112e+03,1.2871e-01,6.6349e+00,2.1137e+03,2.6462e+02,-5.4978e-01,-1.3074e+00,2.1609e-01,1.6088e+00,3.3548e+00,4.4375e+00,5.0498e+00,3.0194e+01
1.1800e+02,2.0000e+00,2.2139e+01,-2.0931e+03,-2.1001e+03,-2.9463e-01,-2.1001e+03,1.3201e-01,6.9789e+00,2.1105e+03,2.6884e+02,-4.2835e-01,-1.7102e+00,-4.1874e-01,1.7749e+00,2.0259e+00,4.7898e+00,4.7765e+00,3.0145e+01
1.1900e+02,1.0000e+00,2.2285e+01,-2.0798e+03,-2.0868e+03,-2.9713e-01,-2.0868e+03,1.3203e-01,6.9817e+00,2.0994e+03,2.7095e+02,-4.8609e-01,-1.9908e+00,-1.2108e-02,2.4544e+00,2.5789e+00,3.2887e+00,4.1924e+00,2.8056e+01
1.2000e+02,1.0000e+00,2.2430e+01,-2.0757e+03,-2.0827e+03,-2.9963e-01,-2.0827e+03,1.3044e-01,6.8142e+00,2.0861e+03,2.7314e+02,-8.6490e-01,-1.6891e+00,7.5981e-01,4.7463e-01,1.9844e+00,3.7298e+00,5.3471e+00,3.0691e+01
1.2100e+02,1.0000e+00,2.2575e+01,-2.0739e+03,-2.0807e+03,-3.0212e-01,-2.0806e+03,1.2499e-01,6.2566e+00,2.0821e+03,2.7503e+02,7.6976e-02,-1.2350e+00,-1.0215e+00,5.7749e-01,2.8806e+00,3.8185e+00,5.7706e+00,3.1364e+01
1.2200e+02,4.0000e+00,2.2593e+01,-2.0683e+03,-2.0753e+03,-3.0462e-01,-2.0753e+03,1.3151e-01,6.9271e+00,2.0800e+03,2.8328e+02,2.2355e-01,-1.8619e+00,1.7848e+00,-6.6803e-01,3.3320e+00,4.7037e+00,5.3370e+00,3.0611e+01
1.2300e+02,1.0000e+00,2.2736e+01,-2.0581e+03,-2.0651e+03,-3.0712e-01,-2.0651e+03,1.3212e-01,6.9909e+00,2.0747e+03,2.8539e+02,-8.9726e-01,-1.2969e+00,-3.4856e-01,-4.0298e-01,4.1958e-01,4.7594e+00,5.4232e+00,3.1135e+01
1.2400e+02,1.0000e+00,2.2878e+01,-2.0534e+03,-2.0603e+03,-3.0961e-01,-2.0603e+03,1.3121e-01,6.8947e+00,2.0645e+03,2.8753e+02,-8.0160e-01,-5.3828e-01,-1.0438e+00,2.3076e+00,1.8049e+00,4.1809e+00,3.1471e+00,2.8061e+01
1.2500e+02,1.0000e+00,2.3020e+01,-2.0350e+03,-2.0420e+03,-3.1211e-01,-2.0420e+03,1.3217e-01,6.9967e+00,2.0597e+03,2.8945e+02,-3.1328e-01,-6.1940e-01,1.7500e+00,2.7668e-01,1.2683e+00,1.8389e+00,5.5427e+00,3.0826e+01
1.2600e+02,1.0000e+00,2.3162e+01,-2.0231e+03,-2.0301e+03,-3.1461e-01,-2.0301e+03,1.3220e-01,6.9990e+00,2.0413e+03,2.9158e+02,3.2535e-02,-1.9946e+00,9.0499e-02,7.1409e-01,2.9518e+00,3.7007e+00,4.7483e+00,2.9131e+01
1.2700e+02,1.0000e+00,2.3303e+01,-2.0018e+03,-2.0088e+03,-3.1710e-01,-2.0088e+03,1.3222e-01,7.0017e+00,2.0295e+03,2.9347e+02,-9.3715e-01,-1.7387e+00,4.9530e-01,-4.2223e-02,2.1427e+00,3.1646e+00,5.4110e+00,3.0881e+01
1.2800e+02,1.0000e+00,2.3443e+01,-1.9968e+03,-2.0038e+03,-3.1960e-01,-2.0038e+03,1.3152e-01,6.9281e+00,2.0082e+03,2.9561e+02,1.1065e-01,-1.1536e+00,1.2171e+00,1.0878e+00,4.9892e-01,5.0924e+00,5.4943e+00,3.1215e+01
1.2900e+02,1.0000e+00,2.3583e+01,-1.9902e+03,-1.9972e+03,-3.2210e-01,-1.9972e+03,1.3207e-01,6.9856e+00,2.0031e+03,2.9774e+02,-3.3414e-01,-1.9534e+00,-3.1335e-01,2.1891e+00,1.7785e+00,2.4863e+00,4.4991e+00,2.8505e+01
1.3000e+02,1.0000e+00,2.3723e+01,-1.9849e+03,-1.9919e+03,-3.2459e-01,-1.9919e+03,1.3168e-01,6.9446e+00,1.9966e+03,2.9975e+02,-8.9702e-01,-1.5191e+00,6.0290e-01,1.7064e+00,1.9260e+00,1.6876e+00,5.4428e+00,3.0953e+01
1.3100e+02,4.0000e+00,2.3732e+01,-1.9817e+03,-1.9887e+03,-3.2709e-01,-1.9887e+03,1.2923e-01,6.6883e+00,1.9913e+03,3.0765e+02,-3.3826e-01,-1.9428e+00,-1.6905e+00,2.5114e-01,1.7096e+00,4.6053e+00,3.6702e+00,2.9299e+01
1.3200e+02,2.0000e+00,2.3827e+01,-1.9530e+03,-1.9601e+03,-3.2959e-01,-1.9601e+03,1.3234e-01,7.0142e+00,1.9880e+03,3.1188e+02,-1.8577e-01,-7.1581e-01,-1.2639e+00,3.2540e+00,9.4518e-01,1.7287e+00,4.5404e+00,2.8649e+01
1.3300e+02,1.0000e+00,2.3964e+01,-1.9286e+03,-1.9356e+03,-3.3209e-01,-1.9356e+03,1.3236e-01,7.0167e+00,1.9594e+03,3.1402e+02,-3.0918e-01,-1.4427e+00,-1.1420e+00,1.0935e+00,3.6454e+00,4.1679e+00,2.3682e+00,2.8648e+01
1.3400e+02,1.0000e+00,2.4101e+01,-1.9098e+03,-1.9168e+03,-3.3458e-01,-1.9168e+03,1.3239e-01,7.0192e+00,1.9350e+03,3.1593e+02,-1.8581e-01,-1.2576e+00,1.4388e+00,4.9805e-01,3.3235e-01,3.3497e+00,5.0120e+00,2.9741e+01
1.3500e+02,1.0000e+00,2.4237e+01,-1.8962e+03,-1.9032e+03,-3.3708e-01,-1.9032e+03,1.3241e-01,7.0217e+00,1.9162e+03,3.1785e+02,-6.1619e-01,-8.0936e-01,1.1889e+00,1.3963e+00,3.7595e+00,4.1264e+00,5.1296e+00,3.0349e+01
1.3600e+02,1.0000e+00,2.4373e+01,-1.8930e+03,-1.9000e+03,-3.3958e-01,-1.9000e+03,1.2923e-01,6.6881e+00,1.9025e+03,3.1974e+02,-4.9411e-02,-1.3425e+00,-1.1560e+00,1.5399e+00,1.9892e+00,4.9143e+00,3.8570e+00,3.0010e+01
1.3700e+02,2.0000e+00,2.4464e+01,-1.8902e+03,-1.8972e+03,-3.4207e-01,-1.8971e+03,1.2817e-01,6.5796e+00,1.8993e+03,3.2397e+02,8.9370e-02,-9.9017e-01,-1.6127e+00,7.0096e-01,2.8808e+00,4.5713e+00,5.7524e+00,3.1518e+01
1.3800e+02,1.0000e+00,2.4599e+01,-1.8692e+03,-1.8763e+03,-3.4457e-01,-1.8763e+03,1.3248e-01,7.0292e+00,1.8965e+03,3.2585e+02,2.5971e-01,-1.9660e+00,1.1270e+00,2.3557e+00,1.0602e+00,1.8726e+00,4.6579e+00,2.8737e+01
1.3900e+02,2.0000e+00,2.4689e+01,-1.8628e+03,-1.8699e+03,-3.4707e-01,-1.8699e+03,1.3227e-01,7.0074e+00,1.8756e+03,3.2988e+02,-4.0897e-01,-1.7499e+00,5.4920e-02,-5.4422e-01,1.4167e+00,3.3540e+00,5.2575e+00,3.0504e+01
1.4000e+02,1.0000e+00,2.4823e+01,-1.8166e+03,-1.8237e+03,-3.4956e-01,-1.8237e+03,1.3253e-01,7.0342e+00,1.8692e+03,3.3204e+02,2.7887e-01,-1.1842e+00,5.9620e-01,-1.7736e-01,1.5164e-02,1.7296e+00,4.9632e+00,2.9475e+01
1.4100e+02,1.0000e+00,2.4956e+01,-1.8134e+03,-1.8204e+03,-3.5206e-01,-1.8203e+03,1.2966e-01,6.7330e+00,1.8230e+03,3.3418e+02,-6.1652e-01,-1.8375e+00,1.3384e+00,2.3961e+00,2.9227e+00,4.7662e+00,4.5700e+00,3.0273e+01
1.4200e+02,1.0000e+00,2.5088e+01,-1.7758e+03,-1.7829e+03,-3.5456e-01,-1.7829e+03,1.3257e-01,7.0392e+00,1.8197e+03,3.3606e+02,-8.9987e-02,-7.6676e-01,7.4555e-01,-2.6209e-01,1.0198e+00,5.0556e+00,3.6627e+00,3.0297e+01
1.4300e+02,3.0000e+00,2.5132e+01,-1.7752e+03,-1.7818e+03,-3.5705e-01,-1.7815e+03,1.2224e-01,5.9846e+00,1.7822e+03,3.4228e+02,1.1886e-01,-1.3034e+00,2.0485e+00,2.3922e+00,3.1845e+00,3.2142e+00,4.5094e+00,2.8753e+01
1.4400e+02,2.0000e+00,2.5219e+01,-1.7646e+03,-1.7717e+03,-3.5955e-01,-1.7717e+03,1.3261e-01,7.0432e+00,1.7809e+03,3.4629e+02,1.7854e-01,-7.0765e-01,-4.8811e-02,2.0080e+00,9.3533e-01,1.8886e+00,5.2176e+00,3.0081e+01
1.4500e+02,2.0000e+00,2.5305e+01,-1.7636e+03,-1.7704e+03,-3.6205e-01,-1.7701e+03,1.2311e-01,6.0698e+00,1.7710e+03,3.5029e+02,-8.4949e-01,-1.0955e+00,-1.7377e-01,6.0743e-01,3.3453e+00,5.0995e+00,4.5098e+00,3.0901e+01
1.4600e+02,2.0000e+00,2.5391e+01,-1.7536e+03,-1.7606e+03,-3.6454e-01,-1.7606e+03,1.3266e-01,7.0478e+00,1.7695e+03,3.5433e+02,-6.6678e-01,-1.5617e+00,2.9491e-01,2.7724e+00,3.7124e+00,4.9358e+00,5.4510e+00,3.1619e+01
1.4700e+02,1.0000e+00,2.5521e+01,-1.7531e+03,-1.7597e+03,-3.6704e-01,-1.7594e+03,1.2217e-01,5.9781e+00,1.7600e+03,3.5644e+02,3.6856e-01,-1.6811e+00,-4.7771e-01,3.1280e-01,3.4497e+00,4.3984e+00,2.9821e+00,2.8828e+01
1.4800e+02,2.0000e+00,2.5606e+01,-1.7512e+03,-1.7581e+03,-3.6954e-01,-1.7579e+03,1.2227e-01,5.9871e+00,1.7587e+03,3.6045e+02,-5.9414e-01,-1.6600e+00,8.2572e-01,1.4406e+00,1.7314e+00,4.2291e+00,4.5031e+00,2.9422e+01
1.4900e+02,1.0000e+00,2.5734e+01,-1.7401e+03,-1.7471e+03,-3.7204e-01,-1.7471e+03,1.3273e-01,7.0562e+00,1.7572e+03,3.6234e+02,-7.9400e-01,-1.7870e+00,8.8876e-01,-3.0243e-01,2.9044e+00,2.9256e+00,4.7120e+00,2.9427e+01
1.5000e+02,2.0000e+00,2.5818e+01,-1.7316e+03,-1.7386e+03,-3.7453e-01,-1.7386e+03,1.3273e-01,7.0552e+00,1.7464e+03,3.6648e+02,-7.7169e-01,-1.0186e+00,-1.2445e+00,1.0828e+00,3.8057e+00,1.6386e+00,2.1766e+00,2.8271e+01
1.5100e+02,1.0000e+00,2.5945e+01,-1.7148e+03,-1.7219e+03,-3.7703e-01,-1.7219e+03,1.3279e-01,7.0616e+00,1.7380e+03,3.6858e+02,-3.2989e-01,-1.3773e+00,1.5524e-01,3.1995e+00,1.3700e+00,1.1582e+00,5.6231e+00,3.1493e+01
1.5200e+02,1.0000e+00,2.6072e+01,-1.7086e+03,-1.7157e+03,-3.7953e-01,-1.7157e+03,1.3252e-01,7.0338e+00,1.7212e+03,3.7050e+02,-9.0779e-02,-1.0684e+00,1.3430e+00,4.6722e-01,1.3118e+00,4.8716e+00,4.5789e+00,3.0252e+01
1.5300e+02,1.0000e+00,2.6199e+01,-1.6878e+03,-1.6948e+03,-3.8202e-01,-1.6948e+03,1.3283e-01,7.0666e+00,1.7150e+03,3.7240e+02,-6.0478e-01,-1.7039e+00,-1.1840e+00,3.4442e-01,2.1189e-01,1.8916e+00,5.7256e+00,3.1879e+01
1.5400e+02,1.0000e+00,2.6325e+01,-1.6619e+03,-1.6690e+03,-3.8452e-01,-1.6690e+03,1.3286e-01,7.0691e+00,1.6941e+03,3.7432e+02,-1.9468e-01,-7.7120e-01,-1.5378e+00,1.9439e+00,2.9447e+00,3.9411e+00,5.1230e+00,3.0231e+01
1.5500e+02,1.0000e+00,2.6451e+01,-1.6594e+03,-1.6664e+03,-3.8702e-01,-1.6663e+03,1.2801e-01,6.5630e+00,1.6683e+03,3.7643e+02,1.8389e-01,-1.8522e+00,3.0168e-03,7.8889e-01,3.2067e+00,3.9564e+00,3.3555e+00,2.8099e+01
1.5600e+02,1.0000e+00,2.6576e+01,-1.6539e+03,-1.6610e+03,-3.8951e-01,-1.6610e+03,1.3236e-01,7.0163e+00,1.6657e+03,3.7832e+02,3.5319e-01,-1.6452e+00,-1.2520e+00,5.3772e-01,3.2713e+00,4.4378e+00,3.3181e+00,2.8960e+01
1.5700e+02,1.0000e+00,2.6701e+01,-1.6360e+03,-1.6431e+03,-3.9201e-01,-1.6431e+03,1.3293e-01,7.0766e+00,1.6603e+03,3.8046e+02,7.2255e-02,-9.9449e-01,7.7045e-01,8.2891e-01,2.9429e+00,1.9954e+00,4.7626e+00,2.9218e+01
1.5800e+02,2.0000e+00,2.6780e+01,-1.6284e+03,-1.6354e+03,-3.9451e-01,-1.6354e+03,1.3287e-01,7.0709e+00,1.6424e+03,3.8470e+02,2.4297e-01,-1.0036e+00,2.1364e+00,1.7118e+00,2.1446e+00,3.9192e+00,4.1532e+00,2.8413e+01
1.5900e+02,3.0000e+00,2.6813e+01,-1.6268e+03,-1.6337e+03,-3.9700e-01,-1.6335e+03,1.2524e-01,6.2823e+00,1.6347e+03,3.9108e+02,-6.9737e-01,-9.5256e-01,2.0425e+00,2.8261e+00,3.8505e+00,4.3834e+00,4.1160e+00,2.9805e+01
1.6000e+02,1.0000e+00,2.6936e+01,-1.6248e+03,-1.6318e+03,-3.9950e-01,-1.6316e+03,1.2466e-01,6.2234e+00,1.6328e+03,3.9302e+02,4.2323e-02,-1.6293e+00,7.0061e-01,1.8569e+00,1.9766e+00,4.2191e+00,1.9811e+00,2.8501e+01
1.6100e+02,2.0000e+00,2.7013e+01,-1.6221e+03,-1.6291e+03,-4.0200e-01,-1.6290e+03,1.2786e-01,6.5475e+00,1.6309e+03,3.9699e+02,1.1686e-01,-8.0156e-01,5.0399e-01,3.0446e+00,3.2721e+00,5.0090e+00,5.5712e+00,3.1548e+01
1.6200e+02,1.0000e+00,2.7136e+01,-1.6016e+03,-1.6087e+03,-4.0449e-01,-1.6087e+03,1.3304e-01,7.0891e+00,1.6283e+03,3.9911e+02,-4.5851e-01,-5.6739e-01,-1.2457e+00,3.5760e-01,3.1127e+00,4.9712e+00,2.3052e+00,3.0334e+01
1.6300e+02,1.0000e+00,2.7258e+01,-1.5930e+03,-1.6001e+03,-4.0699e-01,-1.6001e+03,1.3303e-01,7.0881e+00,1.6079e+03,4.0121e+02,-9.5822e-01,-1.4702e+00,4.6266e-01,-5.4902e-01,2.5007e+00,2.6895e+00,5.4580e+00,3.1311e+01
1.6400e+02,3.0000e+00,2.7288e+01,-1.5808e+03,-1.5879e+03,-4.0949e-01,-1.5879e+03,1.3309e-01,7.0940e+00,1.5993e+03,4.0714e+02,2.7348e-01,-6.3298e-01,1.8333e+00,2.7351e+00,3.2273e+00,2.1232e+00,5.3076e+00,3.0471e+01
1.6500e+02,1.0000e+00,2.7409e+01,-1.5681e+03,-1.5752e+03,-4.1199e-01,-1.5752e+03,1.3311e-01,7.0965e+00,1.5872e+03,4.0928e+02,3.9924e-01,-7.6078e-01,-1.1845e+00,1.8542e+00,3.4121e+00,4.0740e+00,3.9984e+00,2.8541e+01
1.6600e+02,3.0000e+00,2.7438e+01,-1.5516e+03,-1.5587e+03,-4.1448e-01,-1.5587e+03,1.3314e-01,7.0991e+00,1.5745e+03,4.1550e+02,-5.9823e-01,-1.5645e+00,-7.5777e-01,1.4836e+00,8.5135e-01,4.9268e+00,3.6864e+00,3.0520e+01
1.6700e+02,1.0000e+00,2.7558e+01,-1.5288e+03,-1.5359e+03,-4.1698e-01,-1.5359e+03,1.3316e-01,7.1016e+00,1.5579e+03,4.1743e+02,-9.8470e-01,-1.1347e+00,-1.1973e+00,-2.8193e-01,6.4842e-01,4.0937e+00,2.8048e+00,2.8467e+01
1.6800e+02,1.0000e+00,2.7677e+01,-1.5057e+03,-1.5128e+03,-4.1948e-01,-1.5128e+03,1.3318e-01,7.1041e+00,1.5352e+03,4.1954e+02,-4.5157e-01,-7.9760e-01,1.3646e+00,2.0716e+00,2.3674e+00,3.0833e+00,5.2977e+00,3.0848e+01
1.6900e+02,1.0000e+00,2.7796e+01,-1.5024e+03,-1.5094e+03,-4.2197e-01,-1.5094e+03,1.3051e-01,6.8221e+00,1.5121e+03,4.2145e+02,-6.1419e-01,-1.9709e+00,1.4809e+00,-1.6097e-01,6.1775e-01,2.0985e+00,4.2933e+00,2.8521e+01
1.7000e+02,1.0000e+00,2.7915e+01,-1.4980e+03,-1.5051e+03,-4.2447e-01,-1.5051e+03,1.3191e-01,6.9687e+00,1.5087e+03,4.2339e+02,-6.3271e-01,-1.0040e+00,1.5857e-01,-5.9401e-01,3.1985e-01,4.6901e+00,5.5039e+00,3.1661e+01
1.7100e+02,2.0000e+00,2.7987e+01,-1.4893e+03,-1.4964e+03,-4.2697e-01,-1.4964e+03,1.3322e-01,7.1083e+00,1.5044e+03,4.2741e+02,2.4406e-01,-1.7923e+00,5.1157e-01,1.1773e+00,1.1030e+00,1.3350e+00,5.6829e+00,3.1616e+01
1.7200e+02,1.0000e+00,2.8105e+01,-1.4820e+03,-1.4892e+03,-4.2946e-01,-1.4892e+03,1.3317e-01,7.1024e+00,1.4957e+03,4.2953e+02,-8.8439e-01,-1.4239e+00,1.8488e+00,2.0682e+00,1.1718e+00,3.1819e+00,4.5022e+00,2.9173e+01
1.7300e+02,1.0000e+00,2.8222e+01,-1.4780e+03,-1.4851e+03,-4.3196e-01,-1.4851e+03,1.3169e-01,6.9454e+00,1.4884e+03,4.3143e+02,2.3416e-01,-8.5266e-01,-1.1597e+00,6.7173e-01,1.7246e+00,4.4599e+00,2.1394e+00,2.8983e+01
1.7400e+02,1.0000e+00,2.8339e+01,-1.4726e+03,-1.4797e+03,-4.3446e-01,-1.4797e+03,1.3278e-01,7.0612e+00,1.4843e+03,4.3355e+02,4.4818e-01,-7.9446e-01,1.6990e+00,3.1276e+00,1.4098e+00,3.6996e+00,4.4926e+00,2.8872e+01
1.7500e+02,1.0000e+00,2.8455e+01,-1.4687e+03,-1.4758e+03,-4.3695e-01,-1.4758e+03,1.3143e-01,6.9177e+00,1.4789e+03,4.3544e+02,-2.6189e-02,-8.2765e-01,-1.7450e+00,2.1158e+00,1.1838e-02,4.4207e+00,4.7798e+00,2.9974e+01
1.7600e+02,1.0000e+00,2.8571e+01,-1.4548e+03,-1.4619e+03,-4.3945e-01,-1.4619e+03,1.3337e-01,7.1240e+00,1.4751e+03,4.3760e+02,2.5673e-01,-9.2436e-01,-8.0984e-01,1.5958e+00,3.5125e+00,3.5707e+00,5.0331e+00,3.0099e+01
1.7700e+02,2.0000e+00,2.8641e+01,-1.4516e+03,-1.4587e+03,-4.4195e-01,-1.4587e+03,1.3030e-01,6.7996e+00,1.4612e+03,4.4182e+02,3.7248e-01,-1.5271e+00,-2.3937e-01,-1.2260e-01,1.6867e+00,4.8940e+00,4.4704e+00,3.0325e+01
1.7800e+02,1.0000e+00,2.8756e+01,-1.4170e+03,-1.4241e+03,-4.4444e-01,-1.4241e+03,1.3342e-01,7.1291e+00,1.4579e+03,4.4393e+02,-6.7866e-01,-6.4963e-01,3.7143e-01,2.6442e+00,1.0336e+00,3.7015e+00,4.0378e+00,2.8448e+01
1.7900e+02,5.0000e+00,2.8686e+01,-1.4007e+03,-1.4078e+03,-4.4694e-01,-1.4078e+03,1.3344e-01,7.1316e+00,1.4234e+03,4.5411e+02,-4.4395e-01,-6.6937e-01,-1.5837e+00,1.4283e+00,1.1818e+00,2.1162e+00,4.4857e+00,2.8830e+01
1.8000e+02,1.0000e+00,2.8800e+01,-1.3849e+03,-1.3920e+03,-4.4944e-01,-1.3920e+03,1.3346e-01,7.1340e+00,1.4071e+03,4.5613e+02,-5.3434e-01,-1.4752e+00,-1.2119e+00,-1.8431e-01,3.1217e+00,3.1304e+00,5.4271e+00,3.1412e+01
1.8100e+02,2.0000e+00,2.8868e+01,-1.3729e+03,-1.3800e+03,-4.5194e-01,-1.3800e+03,1.3349e-01,7.1364e+00,1.3913e+03,4.6017e+02,-2.4405e-01,-1.3947e+00,1.1907e+00,3.4199e-01,1.9983e+00,4.4375e+00,4.5080e+00,2.9967e+01
1.8200e+02,1.0000e+00,2.8981e+01,-1.3689e+03,-1.3760e+03,-4.5443e-01,-1.3760e+03,1.3179e-01,6.9565e+00,1.3793e+03,4.6229e+02,1.5232e-01,-1.5501e+00,4.2121e-01,2.4479e-01,1.6507e+00,4.3487e+00,2.3510e+00,2.8920e+01
1.8300e+02,1.0000e+00,2.9094e+01,-1.3683e+03,-1.3750e+03,-4.5693e-01,-1.3747e+03,1.2275e-01,6.0343e+00,1.3753e+03,4.6417e+02,-8.7470e-01,-1.1021e+00,1.6179e+00,-7.6452e-04,3.5281e+00,1.5232e+00,2.4428e+00,2.8016e+01
1.8400e+02,1.0000e+00,2.9206e+01,-1.3640e+03,-1.3711e+03,-4.5943e-01,-1.3711e+03,1.3151e-01,6.9267e+00,1.3739e+03,4.6628e+02,4.7497e-01,-1.2637e+00,8.6122e-01,2.9223e+00,1.4663e-01,4.9939e+00,4.3985e+00,3.0538e+01
1.8500e+02,1.0000e+00,2.9319e+01,-1.3591e+03,-1.3662e+03,-4.6192e-01,-1.3662e+03,1.3272e-01,7.0548e+00,1.3703e+03,4.6840e+02,2.0210e-01,-1.4840e+00,-4.2475e-01,6.7250e-01,1.6481e+00,3.4266e+00,4.4058e+00,2.8708e+01
1.8600e+02,2.0000e+00,2.9384e+01,-1.3547e+03,-1.3618e+03,-4.6442e-01,-1.3618e+03,1.3237e-01,7.0171e+00,1.3655e+03,4.7218e+02,-6.5395e-01,-1.9693e+00,-1.4346e+00,-8.5529e-02,1.2654e+00,2.6426e+00,4.8020e+00,2.9923e+01
1.8700e+02,1.0000e+00,2.9495e+01,-1.3544e+03,-1.3610e+03,-4.6692e-01,-1.3606e+03,1.2257e-01,6.0172e+00,1.3610e+03,4.7429e+02,-8.0568e-01,-5.2670e-01,1.2303e-01,2.7035e+00,2.6183e+00,4.0490e+00,4.9939e+00,3.0363e+01
1.8800e+02,1.0000e+00,2.9606e+01,-1.3387e+03,-1.3459e+03,-4.6941e-01,-1.3459e+03,1.3365e-01,7.1540e+00,1.3599e+03,4.7641e+02,-4.4002e-01,-7.5697e-01,-1.4054e+00,-4.7777e-01,1.8999e+00,4.8423e+00,2.5314e+00,3.0278e+01
1.8900e+02,1.0000e+00,2.9717e+01,-1.3378e+03,-1.3446e+03,-4.7191e-01,-1.3444e+03,1.2401e-01,6.1594e+00,1.3451e+03,4.7853e+02,-3.7567e-01,-6.8363e-01,1.2768e+00,1.4587e+00,3.4856e+00,4.7914e+00,3.7973e+00,3.0263e+01
1.9000e+02,1.0000e+00,2.9827e+01,-1.3300e+03,-1.3371e+03,-4.7441e-01,-1.3371e+03,1.3360e-01,7.1487e+00,1.3436e+03,4.8068e+02,-6.9642e-01,-1.7601e+00,4.7775e-01,1.0509e+00,3.2975e+00,4.7533e+00,5.4418e+00,3.1862e+01
1.9100e+02,3.0000e+00,2.9844e+01,-1.3077e+03,-1.3149e+03,-4.7690e-01,-1.3149e+03,1.3372e-01,7.1615e+00,1.3364e+03,4.8665e+02,1.7558e-01,-1.0910e+00,1.7207e+00,-3.9004e-01,2.0589e+00,4.7708e+00,4.3862e+00,3.0237e+01
1.9200e+02,1.0000e+00,2.9953e+01,-1.3014e+03,-1.3086e+03,-4.7940e-01,-1.3086e+03,1.3348e-01,7.1361e+00,1.3141e+03,4.8855e+02,-4.0976e-01,-1.9384e+00,-1.2825e+00,2.0562e+00,1.1818e+00,2.3321e+00,5.4340e+00,3.1459e+01
1.9300e+02,2.0000e+00,3.0016e+01,-1.3011e+03,-1.3077e+03,-4.8190e-01,-1.3074e+03,1.2313e-01,6.0721e+00,1.3078e+03,4.9279e+02,-5.1142e-01,-1.1896e+00,1.9631e+00,1.2908e+00,2.9473e-02,4.0103e+00,3.7939e+00,2.8845e+01
1.9400e+02,1.0000e+00,3.0124e+01,-1.2990e+03,-1.3061e+03,-4.8439e-01,-1.3059e+03,1.2373e-01,6.1315e+00,1.3066e+03,4.9490e+02,-3.9156e-01,-9.9586e-01,-8.5137e-01,2.6273e+00,4.9940e-01,4.4539e+00,5.2313e+00,3.1122e+01
1.9500e+02,1.0000e+00,3.0233e+01,-1.2947e+03,-1.3018e+03,-4.8689e-01,-1.3018e+03,1.3220e-01,6.9990e+00,1.3051e+03,4.9682e+02,-5.3866e-02,-1.5718e+00,-1.2622e+00,-6.8036e-01,1.2289e+00,3.0459e+00,4.1203e+00,2.8144e+01
1.9600e+02,1.0000e+00,3.0341e+01,-1.2941e+03,-1.3008e+03,-4.8939e-01,-1.3005e+03,1.2310e-01,6.0691e+00,1.3010e+03,4.9872e+02,2.6797e-01,-1.7667e+00,-1.0873e+00,-5.1044e-01,3.7443e+00,3.3019e+00,3.2155e+00,2.8537e+01
1.9700e+02,1.0000e+00,3.0448e+01,-1.2853e+03,-1.2924e+03,-4.9189e-01,-1.2924e+03,1.3382e-01,7.1718e+00,1.2997e+03,5.0084e+02,-9.2458e-01,-1.8176e+00,2.5887e-01,1.6559e+00,9.7275e-01,1.2252e+00,5.4582e+00,3.1647e+01
1.9800e+02,2.0000e+00,3.0508e+01,-1.2842e+03,-1.2911e+03,-4.9438e-01,-1.2908e+03,1.2469e-01,6.2264e+00,1.2916e+03,5.0484e+02,2.1523e-01,-1.7880e+00,-1.4417e+00,6.9642e-01,3.7514e+00,3.8755e+00,2.0261e+00,2.8851e+01
1.9900e+02,1.0000e+00,3.0615e+01,-1.2698e+03,-1.2770e+03,-4.9688e-01,-1.2770e+03,1.3391e-01,7.1815e+00,1.2900e+03,5.0697e+02,-5.0706e-01,-1.1222e+00,-1.5889e+00,3.0428e+00,3.4573e+00,4.6342e+00,3.3560e+00,3.0230e+01
2.0000e+02,1.0000e+00,3.0722e+01,-1.2674e+03,-1.2745e+03,-4.9938e-01,-1.2744e+03,1.2895e-01,6.6596e+00,1.2762e+03,5.0914e+02,-8.9517e-01,-6.6823e-01,1.0573e+00,1.2950e-01,2.7663e+00,5.0248e+00,2.1767e+00,3.0860e+01
2.0100e+02,1.0000e+00,3.0828e+01,-1.2521e+03,-1.2593e+03,-5.0187e-01,-1.2593e+03,1.3395e-01,7.1865e+00,1.2736e+03,5.1125e+02,-5.1355e-01,-1.2651e+00,2.1448e+00,5.3494e-01,3.2795e+00,4.2795e+00,2.3779e+00,2.9444e+01
2.0200e+02,2.0000e+00,3.0887e+01,-1.2463e+03,-1.2535e+03,-5.0437e-01,-1.2535e+03,1.3359e-01,7.1470e+00,1.2585e+03,5.1547e+02,2.4870e-01,-1.2953e+00,5.5510e-01,-2.9818e-01,1.7259e+00,4.6540e+00,3.7955e+00,2.9865e+01
2.0300e+02,1.0000e+00,3.0992e+01,-1.2442e+03,-1.2513e+03,-5.0687e-01,-1.2512e+03,1.2785e-01,6.5461e+00,1.2527e+03,5.1762e+02,-3.5671e-01,-5.7829e-01,7.4261e-01,2.2365e+00,1.7449e+00,4.7405e+00,2.0948e+00,3.0033e+01
2.0400e+02,1.0000e+00,3.1098e+01,-1.2440e+03,-1.2506e+03,-5.0936e-01,-1.2502e+03,1.2104e-01,5.8674e+00,1.2504e+03,5.1952e+02,-5.8993e-01,-1.4214e+00,-7.9880e-02,2.9949e+00,3.3468e+00,2.8893e+00,2.0523e+00,2.8429e+01
2.0500e+02,3.0000e+00,3.1108e+01,-1.2219e+03,-1.2291e+03,-5.1186e-01,-1.2291e+03,1.3405e-01,7.1965e+00,1.2494e+03,5.2546e+02,-2.5257e-01,-1.3933e+00,-1.3575e+00,-3.9689e-01,3.7855e+00,5.0102e+00,3.9550e+00,3.1260e+01
2.0600e+02,1.0000e+00,3.1212e+01,-1.2084e+03,-1.2156e+03,-5.1436e-01,-1.2156e+03,1.3407e-01,7.1989e+00,1.2284e+03,5.2737e+02,-1.5336e-01,-1.3766e+00,-4.5459e-01,2.9488e+00,3.5981e+00,1.1514e+00,2.3079e+00,2.8536e+01
2.0700e+02,1.0000e+00,3.1316e+01,-1.2054e+03,-1.2126e+03,-5.1685e-01,-1.2125e+03,1.3043e-01,6.8130e+00,1.2149e+03,5.2926e+02,-5.7690e-01,-1.4975e+00,-1.4322e+00,2.3096e+00,1.9134e+00,3.7528e+00,4.4568e+00,2.9484e+01
2.0800e+02,1.0000e+00,3.1420e+01,-1.1982e+03,-1.2054e+03,-5.1935e-01,-1.2054e+03,1.3399e-01,7.1907e+00,1.2119e+03,5.3136e+02,1.2911e-01,-7.9283e-01,-5.8854e-01,2.3887e+00,7.7541e-01,2.2680e+00,5.3315e+00,3.0977e+01
2.0900e+02,1.0000e+00,3.1523e+01,-1.1950e+03,-1.2022e+03,-5.2185e-01,-1.2021e+03,1.3123e-01,6.8966e+00,1.2048e+03,5.3347e+02,-8.1396e-01,-1.7899e+00,-1.0392e+00,2.1611e+00,2.4118e+00,2.6726e+00,4.9601e+00,3.0524e+01
2.1000e+02,1.0000e+00,3.1627e+01,-1.1920e+03,-1.1992e+03,-5.2434e-01,-1.1991e+03,1.3041e-01,6.8108e+00,1.2014e+03,5.3569e+02,-6.6580e-01,-6.6524e-01,3.7376e-02,2.0551e+00,1.4374e+00,3.5991e+00,4.8013e+00,3.0003e+01
2.1100e+02,1.0000e+00,3.1729e+01,-1.1873e+03,-1.1945e+03,-5.2684e-01,-1.1945e+03,1.3318e-01,7.1036e+00,1.1984e+03,5.3783e+02,-4.2652e-01,-1.9192e+00,4.0281e-02,3.1942e+00,3.7204e-01,1.5861e+00,4.8896e+00,3.0349e+01
2.1200e+02,3.0000e+00,3.1737e+01,-1.1797e+03,-1.1869e+03,-5.2934e-01,-1.1869e+03,1.3413e-01,7.2054e+00,1.1938e+03,5.4390e+02,-3.7471e-01,-1.7717e+00,1.0809e+00,-3.1371e-01,1.4453e-01,4.8832e+00,5.1076e+00,3.1465e+01
2.1300e+02,1.0000e+00,3.1839e+01,-1.1783e+03,-1.1853e+03,-5.3184e-01,-1.1851e+03,1.2592e-01,6.3507e+00,1.1862e+03,5.4600e+02,-8.4509e-01,-1.2720e+00,9.3232e-01,-3.7021e-01,3.2051e+00,4.2144e+00,2.1802e+00,2.9290e+01
2.1400e+02,3.0000e+00,3.1845e+01,-1.1769e+03,-1.1839e+03,-5.3433e-01,-1.1836e+03,1.2343e-01,6.1020e+00,1.1844e+03,5.5207e+02,-1.4579e-01,-1.1095e+00,1.6051e+00,2.2877e+00,7.1791e-01,2.0506e+00,4.4688e+00,2.9074e+01
2.1500e+02,2.0000e+00,3.1899e+01,-1.1587e+03,-1.1660e+03,-5.3683e-01,-1.1660e+03,1.3428e-01,7.2214e+00,1.1829e+03,5.5585e+02,4.9680e-01,-1.2785e+00,6.6029e-01,1.0655e+00,3.4175e+00,4.0172e+00,4.2204e+00,2.9132e+01
2.1600e+02,1.0000e+00,3.2000e+01,-1.1446e+03,-1.1519e+03,-5.3933e-01,-1.1519e+03,1.3430e-01,7.2239e+00,1.1653e+03,5.5800e+02,-3.9950e-01,-1.9405e+00,-1.3468e+00,1.6852e+00,1.7529e-01,2.8304e+00,5.3056e+00,3.1305e+01
2.1700e+02,1.0000e+00,3.2101e+01,-1.1431e+03,-1.1501e+03,-5.4182e-01,-1.1500e+03,1.2646e-01,6.4044e+00,1.1512e+03,5.6013e+02,1.3696e-01,-1.1732e+00,2.3710e-01,1.9999e+00,1.1474e+00,2.4554e+00,4.8349e+00,2.9863e+01
2.1800e+02,2.0000e+00,3.2153e+01,-1.1300e+03,-1.1373e+03,-5.4432e-01,-1.1373e+03,1.3435e-01,7.2289e+00,1.1493e+03,5.6389e+02,-9.4017e-01,-7.4852e-01,-1.2981e+00,1.3586e+00,3.3685e+00,1.2634e+00,4.7051e+00,2.9905e+01
2.1900e+02,2.0000e+00,3.2206e+01,-1.1187e+03,-1.1259e+03,-5.4682e-01,-1.1259e+03,1.3437e-01,7.2311e+00,1.1365e+03,5.6811e+02,3.5862e-01,-1.6160e+00,1.8258e+00,7.1577e-01,8.1596e-01,1.3053e+00,4.6457e+00,2.9357e+01
2.2000e+02,1.0000e+00,3.2305e+01,-1.1151e+03,-1.1223e+03,-5.4931e-01,-1.1223e+03,1.3213e-01,6.9926e+00,1.1252e+03,5.7004e+02,1.7688e-01,-1.1593e+00,8.7577e-01,1.3535e+00,3.0593e+00,2.1152e+00,4.0575e+00,2.8225e+01
2.2100e+02,1.0000e+00,3.2405e+01,-1.0981e+03,-1.1054e+03,-5.5181e-01,-1.1054e+03,1.3442e-01,7.2364e+00,1.1216e+03,5.7216e+02,-3.5094e-02,-1.4229e+00,-1.2188e+00,3.0823e+00,9.8633e-01,4.0225e+00,2.3129e+00,2.8921e+01
2.2200e+02,2.0000e+00,3.2456e+01,-1.0946e+03,-1.1018e+03,-5.5431e-01,-1.1018e+03,1.3213e-01,6.9916e+00,1.1047e+03,5.7602e+02,-8.0489e-01,-1.3885e+00,1.9266e+00,-1.1546e-02,3.4885e+00,3.4213e+00,4.9355e+00,3.0698e+01
2.2300e+02,1.0000e+00,3.2555e+01,-1.0928e+03,-1.0999e+03,-5.5680e-01,-1.0998e+03,1.2686e-01,6.4451e+00,1.1010e+03,5.7817e+02,-2.4580e-02,-1.8850e+00,2.6634e-01,3.0241e+00,2.3780e+00,4.1300e+00,3.1207e+00,2.9173e+01
2.2400e+02,1.0000e+00,3.2653e+01,-1.0809e+03,-1.0881e+03,-5.5930e-01,-1.0881e+03,1.3449e-01,7.2437e+00,1.0990e+03,5.8007e+02,-9.1967e-01,-1.6802e+00,8.0360e-01,2.3309e+00,2.8804e+00,1.3323e+00,4.4101e+00,2.9385e+01
2.2500e+02,1.0000e+00,3.2751e+01,-1.0805e+03,-1.0872e+03,-5.6180e-01,-1.0869e+03,1.2400e-01,6.1586e+00,1.0874e+03,5.8221e+02,-2.9798e-01,-8.1466e-01,1.9255e+00,2.1472e+00,3.7999e-01,3.9850e+00,4.3975e+00,2.9547e+01
2.2600e+02,2.0000e+00,3.2801e+01,-1.0452e+03,-1.0525e+03,-5.6429e-01,-1.0525e+03,1.3453e-01,7.2489e+00,1.0862e+03,5.8623e+02,-7.3166e-01,-1.8849e+00,1.9808e+00,2.6095e+00,3.7667e+00,4.4013e+00,2.0679e+00,3.0278e+01
2.2700e+02,1.0000e+00,3.2899e+01,-1.0397e+03,-1.0469e+03,-5.6679e-01,-1.0469e+03,1.3409e-01,7.2012e+00,1.0518e+03,5.8835e+02,4.7016e-01,-1.3152e+00,-1.5428e+00,2.8049e+00,5.4550e-01,4.2453e+00,2.4785e+00,2.8980e+01
2.2800e+02,3.0000e+00,3.2900e+01,-1.0353e+03,-1.0425e+03,-5.6929e-01,-1.0425e+03,1.3333e-01,7.1195e+00,1.0462e+03,5.9424e+02,1.1048e-01,-1.1567e+00,4.0079e-01,7.5565e-01,1.5975e+00,2.1966e+00,4.0474e+00,2.8045e+01
2.2900e+02,3.0000e+00,3.2902e+01,-1.0348e+03,-1.0416e+03,-5.7179e-01,-1.0413e+03,1.2394e-01,6.1517e+00,1.0418e+03,6.0014e+02,-1.6323e-02,-1.5319e+00,4.9416e-01,4.5696e-01,2.2077e+00,4.3079e+00,3.1075e+00,2.9351e+01
2.3000e+02,1.0000e+00,3.2999e+01,-1.0297e+03,-1.0370e+03,-5.7428e-01,-1.0369e+03,1.3347e-01,7.1347e+00,1.0405e+03,6.0241e+02,4.6580e-01,-1.0717e+00,1.6761e-01,1.5172e-01,2.1958e+00,3.6750e+00,5.6565e+00,3.1893e+01
2.3100e+02,1.0000e+00,3.3095e+01,-1.0279e+03,-1.0350e+03,-5.7678e-01,-1.0349e+03,1.2756e-01,6.5168e+00,1.0362e+03,6.0452e+02,1.8952e-01,-1.9257e+00,1.0991e+00,1.4713e+00,1.2541e+00,4.8743e+00,4.9488e+00,3.1205e+01
2.3200e+02,1.0000e+00,3.3190e+01,-1.0242e+03,-1.0315e+03,-5.7928e-01,-1.0314e+03,1.3204e-01,6.9823e+00,1.0341e+03,6.0664e+02,1.5025e-01,-7.9494e-01,4.1698e-01,-4.3127e-01,2.8186e+00,4.3607e+00,2.6167e+00,2.9282e+01
2.3300e+02,1.0000e+00,3.3286e+01,-1.0167e+03,-1.0239e+03,-5.8177e-01,-1.0239e+03,1.3461e-01,7.2571e+00,1.0307e+03,6.0876e+02,-9.9112e-01,-7.8003e-01,-5.2205e-01,1.1679e+00,3.5567e+00,2.8640e+00,3.2223e+00,2.8517e+01
2.3400e+02,3.0000e+00,3.3286e+01,-1.0028e+03,-1.0101e+03,-5.8427e-01,-1.0101e+03,1.3472e-01,7.2689e+00,1.0232e+03,6.1447e+02,1.4657e-01,-1.8885e+00,7.4710e-01,-9.0433e-02,3.6326e+00,1.1880e+00,3.3146e+00,2.8463e+01
2.3500e+02,1.0000e+00,3.3381e+01,-1.0021e+03,-1.0090e+03,-5.8677e-01,-1.0087e+03,1.2471e-01,6.2286e+00,1.0093e+03,6.1659e+02,-9.2180e-01,-1.8609e+00,1.7816e+00,-6.1183e-02,1.3278e+00,3.7257e+00,4.3548e+00,2.9580e+01
2.3600e+02,2.0000e+00,3.3428e+01,-9.9057e+02,-9.9784e+02,-5.8926e-01,-9.9784e+02,1.3476e-01,7.2735e+00,1.0080e+03,6.2084e+02,2.7154e-01,-1.2055e+00,-1.2791e-01,-6.6056e-01,4.7091e-01,4.3259e+00,3.6146e+00,2.9357e+01
2.3700e+02,2.0000e+00,3.3475e+01,-9.8217e+02,-9.8945e+02,-5.9176e-01,-9.8945e+02,1.3475e-01,7.2721e+00,9.9709e+02,6.2505e+02,2.8553e-01,-1.7787e+00,-1.3540e+00,-3.0839e-01,1.0493e+00,3.2291e+00,5.4008e+00,3.1475e+01
2.3800e+02,2.0000e+00,3.3521e+01,-9.7328e+02,-9.8055e+02,-5.9426e-01,-9.8055e+02,1.3479e-01,7.2762e+00,9.8869e+02,6.2905e+02,4.5809e-01,-1.5884e+00,-1.0165e+00,1.2579e-01,2.9197e+00,4.8882e+00,3.9417e+00,3.0648e+01
2.3900e+02,2.0000e+00,3.3567e+01,-9.6949e+02,-9.7675e+02,-5.9675e-01,-9.7673e+02,1.3288e-01,7.0721e+00,9.7980e+02,6.3308e+02,4.4017e-01,-1.6643e+00,-9.2017e-01,-1.1813e-01,1.8599e+00,2.1538e+00,4.1583e+00,2.8292e+01
2.4000e+02,1.0000e+00,3.3661e+01,-9.6859e+02,-9.7553e+02,-5.9925e-01,-9.7527e+02,1.2473e-01,6.2310e+00,9.7597e+02,6.3524e+02,-1.6595e-01,-7.1198e-01,2.0931e+00,2.6497e+00,1.5502e+00,3.7971e+00,3.1497e+00,2.8537e+01
2.4100e+02,1.0000e+00,3.3754e+01,-9.6233e+02,-9.6962e+02,-6.0175e-01,-9.6961e+02,1.3450e-01,7.2455e+00,9.7451e+02,6.3735e+02,-8.3074e-01,-1.0339e+00,-8.3493e-02,2.8739e+00,3.0215e+00,4.8092e+00,3.2859e+00,3.0880e+01
2.4200e+02,1.0000e+00,3.3846e+01,-9.4985e+02,-9.5714e+02,-6.0425e-01,-9.5714e+02,1.3490e-01,7.2888e+00,9.6885e+02,6.3925e+02,8.3353e-02,-1.0189e+00,-1.9747e-01,3.1609e+00,2.7203e+00,3.0808e+00,3.2413e+00,2.8463e+01
2.4300e+02,1.0000e+00,3.3939e+01,-9.4706e+02,-9.5429e+02,-6.0674e-01,-9.5424e+02,1.3098e-01,6.8708e+00,9.5637e+02,6.4112e+02,-5.4210e-01,-1.2539e+00,-4.4672e-01,1.3855e-01,1.6293e-01,3.7895e+00,2.9546e+00,2.8324e+01
2.4400e+02,1.0000e+00,3.4031e+01,-9.4666e+02,-9.5344e+02,-6.0924e-01,-9.5307e+02,1.2319e-01,6.0778e+00,9.5346e+02,6.4326e+02,3.6490e-01,-1.8150e+00,1.8128e+00,8.6453e-02,3.6042e+00,3.1003e+00,3.3756e+00,2.8643e+01
2.4500e+02,3.0000e+00,3.4028e+01,-9.4543e+02,-9.5247e+02,-6.1174e-01,-9.5203e+02,1.2105e-01,5.8690e+00,9.5230e+02,6.4892e+02,8.4388e-02,-9.9438e-01,-2.1593e-01,1.7271e-01,1.8335e+00,4.3657e+00,2.0139e+00,2.9400e+01
2.4600e+02,3.0000e+00,3.4025e+01,-9.4443e+02,-9.5142e+02,-6.1423e-01,-9.5099e+02,1.2004e-01,5.7711e+00,9.5126e+02,6.5505e+02,-7.2966e-01,-6.3341e-01,8.1233e-01,2.9161e+00,2.0901e+00,4.1810e+00,2.1109e+00,2.9311e+01
2.4700e+02,1.0000e+00,3.4116e+01,-9.3494e+02,-9.4225e+02,-6.1673e-01,-9.4225e+02,1.3500e-01,7.2987e+00,9.5021e+02,6.5718e+02,-9.1038e-01,-1.7461e+00,-1.4902e+00,2.8903e+00,1.6659e+00,1.5341e+00,4.5966e+00,3.0009e+01
2.4800e+02,1.0000e+00,3.4207e+01,-9.3395e+02,-9.4094e+02,-6.1923e-01,-9.4070e+02,1.2568e-01,6.3263e+00,9.4146e+02,6.5909e+02,3.6473e-01,-1.1887e+00,8.4538e-01,1.1905e+00,2.1300e+00,4.4184e+00,4.2888e+00,2.9880e+01
2.4900e+02,1.0000e+00,3.4298e+01,-9.2564e+02,-9.3294e+02,-6.2172e-01,-9.3294e+02,1.3501e-01,7.2999e+00,9.3991e+02,6.6123e+02,1.5398e-01,-1.9997e+00,-5.6353e-01,2.0481e+00,2.3982e-01,3.2032e+00,5.5139e+00,3.1855e+01
2.5000e+02,1.0000e+00,3.4388e+01,-9.1650e+02,-9.2381e+02,-6.2422e-01,-9.2381e+02,1.3507e-01,7.3066e+00,9.3216e+02,6.6347e+02,-1.2735e-01,-8.5989e-01,-2.0418e-02,1.0583e+00,1.4467e+00,4.4608e+00,4.3613e+00,3.0171e+01
2.5100e+02,1.0000e+00,3.4478e+01,-9.1493e+02,-9.2205e+02,-6.2672e-01,-9.2189e+02,1.2742e-01,6.5027e+00,9.2302e+02,6.6559e+02,-7.8578e-01,-6.9041e-01,-8.0098e-01,2.9841e+00,2.7885e+00,2.5814e+00,3.2943e+00,2.8260e+01
2.5200e+02,2.0000e+00,3.4521e+01,-9.1481e+02,-9.2149e+02,-6.2921e-01,-9.2097e+02,1.2139e-01,5.9015e+00,9.2110e+02,6.6939e+02,-9.4625e-01,-1.5017e+00,1.9632e+00,2.0033e+00,1.1893e-02,1.5061e+00,4.6716e+00,3.0134e+01
2.5300e+02,4.0000e+00,3.4469e+01,-9.0504e+02,-9.1236e+02,-6.3171e-01,-9.1236e+02,1.3513e-01,7.3137e+00,9.2018e+02,6.7706e+02,-5.2558e-01,-7.3156e-01,-1.3789e+00,1.0896e+00,2.2348e+00,3.8268e+00,4.3792e+00,2.9579e+01
2.5400e+02,1.0000e+00,3.4558e+01,-8.8270e+02,-8.9001e+02,-6.3421e-01,-8.9001e+02,1.3518e-01,7.3188e+00,9.1156e+02,6.7897e+02,-9.7129e-01,-9.2226e-01,-1.2025e+00,1.8884e+00,1.6172e+00,4.1807e+00,2.7732e+00,2.9351e+01
2.5500e+02,1.0000e+00,3.4647e+01,-8.8008e+02,-8.8733e+02,-6.3670e-01,-8.8726e+02,1.3079e-01,6.8512e+00,8.8922e+02,6.8085e+02,-7.8344e-01,-1.8992e+00,1.8582e+00,-5.7273e-01,-4.9972e-03,1.5418e+00,4.2534e+00,2.9186e+01
2.5600e+02,1.0000e+00,3.4735e+01,-8.7406e+02,-8.8138e+02,-6.3920e-01,-8.8138e+02,1.3488e-01,7.2864e+00,8.8646e+02,6.8274e+02,8.9564e-02,-7.4709e-01,-4.9080e-01,3.1785e+00,1.7671e+00,3.3732e+00,2.5223e+00,2.8399e+01
2.5700e+02,1.0000e+00,3.4824e+01,-8.7274e+02,-8.7983e+02,-6.4170e-01,-8.7964e+02,1.2672e-01,6.4310e+00,8.8058e+02,6.8486e+02,-9.5420e-01,-1.3985e+00,-1.7418e+00,1.9417e+00,3.3519e+00,2.6119e+00,3.0600e+00,2.8405e+01
2.5800e+02,1.0000e+00,3.4912e+01,-8.6212e+02,-8.6945e+02,-6.4420e-01,-8.6945e+02,1.3527e-01,7.3281e+00,8.7883e+02,6.8675e+02,-8.6534e-02,-5.1715e-01,-8.6988e-01,1.6151e+00,3.2165e+00,4.2786e+00,3.2524e+00,2.9429e+01
2.5900e+02,1.0000e+00,3.5000e+01,-8.5812e+02,-8.6543e+02,-6.4669e-01,-8.6541e+02,1.3365e-01,7.1543e+00,8.6864e+02,6.8864e+02,-4.6030e-01,-1.1411e+00,-4.2945e-01,3.0433e+00,1.2179e-01,2.1173e+00,3.7217e+00,2.8626e+01
2.6000e+02,1.0000e+00,3.5088e+01,-8.4969e+02,-8.5702e+02,-6.4919e-01,-8.5702e+02,1.3528e-01,7.3296e+00,8.6460e+02,6.9079e+02,-4.9695e-01,-1.9718e+00,-1.0014e+00,1.7863e+00,-6.6488e-02,3.7815e+00,3.8866e+00,2.9053e+01
2.6100e+02,1.0000e+00,3.5175e+01,-8.4632e+02,-8.5362e+02,-6.5169e-01,-8.5359e+02,1.3270e-01,7.0520e+00,8.5621e+02,6.9291e+02,3.7512e-01,-1.3129e+00,-2.2782e-01,2.6835e+00,3.2646e+00,2.4003e+00,3.6721e+00,2.8396e+01
2.6200e+02,1.0000e+00,3.5262e+01,-8.4514e+02,-8.5221e+02,-6.5418e-01,-8.5199e+02,1.2585e-01,6.3432e+00,8.5277e+02,6.9506e+02,-2.7928e-01,-1.0341e+00,7.2019e-01,2.3110e+00,1.0229e+00,3.0781e+00,4.6632e+00,3.0040e+01
2.6300e+02,2.0000e+00,3.5302e+01,-8.4054e+02,-8.4787e+02,-6.5668e-01,-8.4785e+02,1.3398e-01,7.1888e+00,8.5117e+02,6.9909e+02,-4.6525e-01,-1.8528e+00,-1.3403e-02,3.0562e+00,4.2650e-02,2.3520e+00,5.0647e+00,3.1182e+01
2.6400e+02,1.0000e+00,3.5389e+01,-8.4053e+02,-8.4719e+02,-6.5918e-01,-8.4677e+02,1.2435e-01,6.1926e+00,8.4703e+02,7.0098e+02,7.5960e-02,-6.8908e-01,1.4550e+00,-3.3829e-01,1.1039e+00,2.3435e+00,4.4963e+00,2.9336e+01
2.6500e+02,3.0000e+00,3.5381e+01,-8.3786e+02,-8.4514e+02,-6.6167e-01,-8.4496e+02,1.2750e-01,6.5106e+00,8.4595e+02,7.0714e+02,-6.4534e-01,-5.3817e-01,4.9429e-01,1.1297e+00,3.5787e+00,2.9884e+00,4.6572e+00,3.0172e+01
2.6600e+02,4.0000e+00,3.5325e+01,-8.3445e+02,-8.4177e+02,-6.6417e-01,-8.4173e+02,1.3233e-01,7.0134e+00,8.4414e+02,7.1509e+02,-6.9874e-01,-7.5663e-01,1.0591e+00,5.3951e-02,1.4453e+00,5.0669e+00,2.0470e+00,3.1495e+01
2.6700e+02,2.0000e+00,3.5364e+01,-8.3369e+02,-8.4066e+02,-6.6667e-01,-8.4036e+02,1.2474e-01,6.2320e+00,8.4090e+02,7.1939e+02,-9.3212e-01,-1.4863e+00,-3.4466e-01,3.2496e+00,3.6531e+00,1.6332e+00,4.0090e+00,2.9909e+01
2.6800e+02,1.0000e+00,3.5450e+01,-8.2765e+02,-8.3501e+02,-6.6916e-01,-8.3500e+02,1.3503e-01,7.3020e+00,8.3953e+02,7.2130e+02,-8.3207e-01,-1.2945e+00,-1.1889e+00,5.2020e-01,2.3793e+00,4.6753e+00,4.2555e+00,3.0908e+01
2.6900e+02,2.0000e+00,3.5488e+01,-8.2626e+02,-8.3340e+02,-6.7166e-01,-8.3321e+02,1.2720e-01,6.4800e+00,8.3417e+02,7.2509e+02,1.8692e-01,-5.9179e-01,9.8614e-01,1.5320e+00,2.6446e+00,4.2606e+00,4.7915e+00,3.0430e+01
2.7000e+02,1.0000e+00,3.5573e+01,-7.9952e+02,-8.0688e+02,-6.7416e-01,-8.0688e+02,1.3555e-01,7.3588e+00,8.3238e+02,7.2735e+02,-2.8035e-01,-1.8529e+00,-1.1004e-01,3.0286e+00,2.2380e+00,2.5923e+00,2.3514e+00,2.8420e+01
2.7100e+02,2.0000e+00,3.5611e+01,-7.9355e+02,-8.0090e+02,-6.7665e-01,-8.0090e+02,1.3525e-01,7.3260e+00,8.0604e+02,7.3137e+02,9.8714e-02,-1.2085e+00,3.2077e-01,4.5070e-01,3.3140e+00,3.2948e+00,2.3743e+00,2.8179e+01
2.7200e+02,1.0000e+00,3.5696e+01,-7.9312e+02,-7.9998e+02,-6.7915e-01,-7.9965e+02,1.2517e-01,6.2752e+00,8.0006e+02,7.3349e+02,-4.0797e-01,-1.9534e+00,5.4105e-01,2.6672e+00,3.6822e+00,3.8405e+00,2.2402e+00,2.9640e+01
2.7300e+02,2.0000e+00,3.5733e+01,-7.9278e+02,-7.9961e+02,-6.8165e-01,-7.9894e+02,1.2026e-01,5.7920e+00,7.9880e+02,7.3771e+02,-8.6846e-01,-7.0114e-01,-1.6013e+00,3.0989e+00,7.8574e-01,4.1160e+00,3.5385e+00,2.9612e+01
2.7400e+02,1.0000e+00,3.5817e+01,-7.8638e+02,-7.9374e+02,-6.8415e-01,-7.9374e+02,1.3513e-01,7.3137e+00,7.9809e+02,7.3963e+02,-6.6321e-01,-1.6146e+00,2.0965e+00,-1.3301e-01,9.4332e-01,3.0030e+00,3.8332e+00,2.8675e+01
2.7500e+02,2.0000e+00,3.5854e+01,-7.8084e+02,-7.8821e+02,-6.8664e-01,-7.8820e+02,1.3519e-01,7.3197e+00,7.9289e+02,7.4387e+02,1.0102e-01,-9.7465e-01,-8.1180e-02,2.0390e+00,1.3451e+00,2.0384e+00,5.0757e+00,3.0907e+01
2.7600e+02,2.0000e+00,3.5891e+01,-7.6762e+02,-7.7499e+02,-6.8914e-01,-7.7499e+02,1.3569e-01,7.3737e+00,7.8735e+02,7.4792e+02,-6.7769e-01,-7.6337e-01,-7.8060e-01,2.5511e+00,8.4959e-01,3.7098e+00,3.4301e+00,2.8688e+01
2.7700e+02,1.0000e+00,3.5974e+01,-7.6629e+02,-7.7343e+02,-6.9164e-01,-7.7324e+02,1.2729e-01,6.4888e+00,7.7414e+02,7.4982e+02,3.5707e-01,-1.3454e+00,-1.8229e-01,-5.5207e-01,4.4402e-01,2.9721e+00,4.2185e+00,2.8795e+01
2.7800e+02,1.0000e+00,3.6057e+01,-7.6446e+02,-7.7169e+02,-6.9413e-01,-7.7150e+02,1.2669e-01,6.4283e+00,7.7239e+02,7.5195e+02,-4.6222e-01,-1.7174e+00,9.2468e-01,-5.1947e-01,1.4952e+00,4.4413e+00,2.4299e+00,3.0165e+01
2.7900e+02,1.0000e+00,3.6140e+01,-7.5535e+02,-7.6273e+02,-6.9663e-01,-7.6273e+02,1.3573e-01,7.3785e+00,7.7064e+02,7.5408e+02,3.3018e-01,-1.1548e+00,-5.7301e-01,7.1239e-01,-3.8929e-02,4.1560e+00,3.0534e+00,2.9097e+01
