nlive,niter,ncall,eff,logl,logwt,logvol,logz,logzerr,h,delta_logz,time_elapsed,logzh,logdust,logSFH0,logSFH1,logSFH2,logSFH3,logSFH4,logSFH5,logSFH6
2.0000e+03,0.0000e+00,1.0000e+00,4.9751e-01,-4.9764e+08,-4.9764e+08,-4.9875e-03,-4.9764e+08,1.3684e-01,3.7544e+00,inf,1.0899e+00,1.1413e-01,-2.3021e+00,-2.3966e+00,-1.1050e+00,-7.9619e-01,-1.2854e+00,6.3662e-01,2.4663e+00,3.9297e+00
2.0000e+03,1.0000e+00,2.0000e+00,9.9010e-01,-3.8311e+08,-3.8311e+08,-9.9751e-03,-3.8311e+08,1.6822e-01,5.6738e+00,inf,2.2004e+00,-2.3973e-01,-1.7843e+00,-3.1758e+00,-2.1371e+00,-1.1455e+00,-1.6194e+00,8.2879e-01,2.3757e+00,3.7318e+00
2.0000e+03,2.0000e+00,3.0000e+00,1.4778e+00,-3.4788e+08,-3.4788e+08,-1.4963e-02,-3.4788e+08,1.8657e-01,6.9787e+00,inf,3.3073e+00,-1.3991e+00,-2.3347e+00,-3.6985e+00,-1.4112e+00,-5.9266e-01,-1.2928e+00,4.3336e-01,2.2391e+00,3.7105e+00
2.0000e+03,3.0000e+00,4.0000e+00,1.9608e+00,-3.3902e+08,-3.3902e+08,-1.9950e-02,-3.3902e+08,2.0219e-01,8.1964e+00,inf,4.3912e+00,-6.9385e-01,-1.9934e+00,-2.2937e+00,-2.2534e+00,-2.2329e+00,-7.3738e-01,1.0358e+00,1.5311e+00,3.7034e+00
2.0000e+03,4.0000e+00,5.0000e+00,2.4390e+00,-3.1493e+08,-3.1493e+08,-2.4938e-02,-3.1493e+08,2.1416e-01,9.1957e+00,inf,5.4885e+00,-1.4368e+00,-2.3664e+00,-2.3951e+00,-2.1902e+00,-1.7278e+00,-5.3502e-01,-4.2500e-01,2.5938e+00,3.6099e+00
2.0000e+03,5.0000e+00,6.0000e+00,2.9126e+00,-2.8075e+08,-2.8075e+08,-2.9925e-02,-2.8075e+08,2.2199e-01,9.8804e+00,inf,6.5685e+00,-1.1170e+00,-1.2558e+00,-2.5011e+00,-4.5098e-01,-6.4217e-02,-1.0204e+00,-2.9434e-01,2.5142e+00,3.8100e+00
2.0000e+03,6.0000e+00,7.0000e+00,3.3816e+00,-2.8027e+08,-2.8027e+08,-3.4913e-02,-2.8027e+08,2.3318e-01,1.0902e+01,inf,7.6484e+00,-1.7246e-01,-2.2843e+00,-1.5431e+00,-1.4443e+00,-3.2176e-01,-7.6797e-01,1.1803e+00,2.5606e+00,3.7158e+00
2.0000e+03,7.0000e+00,8.0000e+00,3.8462e+00,-2.7952e+08,-2.7952e+08,-3.9900e-02,-2.7952e+08,2.4377e-01,1.1914e+01,inf,8.7348e+00,-1.2642e+00,-8.4125e-01,-3.3988e+00,-1.0986e+00,-9.7082e-01,-9.1810e-01,-9.5391e-01,2.9191e+00,3.6475e+00
2.0000e+03,8.0000e+00,9.0000e+00,4.3062e+00,-2.7578e+08,-2.7578e+08,-4.4888e-02,-2.7578e+08,2.5313e-01,1.2847e+01,inf,9.8391e+00,-1.3987e+00,-1.8974e+00,-3.2437e+00,-2.7812e+00,-2.0216e+00,-1.4996e+00,1.0675e+00,8.2672e-01,3.6402e+00
2.0000e+03,9.0000e+00,1.0000e+01,4.7619e+00,-2.5050e+08,-2.5050e+08,-4.9875e-02,-2.5050e+08,1.6826e-01,5.6766e+00,inf,1.0919e+01,-1.3737e+00,-2.4356e+00,-3.0869e+00,-2.4689e+00,-1.1892e+00,-1.7119e+00,1.6560e+00,2.9144e+00,3.3668e+00
2.0000e+03,1.0000e+01,1.1000e+01,5.2133e+00,-2.4030e+08,-2.4030e+08,-5.4863e-02,-2.4030e+08,1.8107e-01,6.5736e+00,inf,1.1996e+01,-6.0719e-01,-1.8863e+00,-3.7624e+00,-1.9265e+00,-1.6008e+00,-1.7280e+00,1.2884e+00,1.1100e+00,3.6112e+00
2.0000e+03,1.1000e+01,1.2000e+01,5.6604e+00,-2.3516e+08,-2.3516e+08,-5.9850e-02,-2.3516e+08,1.9245e-01,7.4256e+00,inf,1.3096e+01,-2.1384e-01,-1.4106e+00,-2.8595e+00,-4.4248e-01,-7.1087e-01,-5.9142e-01,-1.3994e-01,2.8705e+00,3.7269e+00
2.0000e+03,1.2000e+01,1.3000e+01,6.1033e+00,-2.0783e+08,-2.0783e+08,-6.4838e-02,-2.0783e+08,2.0012e-01,8.0296e+00,inf,1.4169e+01,-1.2027e+00,-8.9133e-01,-2.5549e+00,-1.7894e+00,-1.5127e+00,3.1580e-01,1.8697e+00,1.7643e+00,3.6052e+00
2.0000e+03,1.3000e+01,1.5000e+01,6.5116e+00,-1.9055e+08,-1.9055e+08,-6.9826e-02,-1.9055e+08,2.0670e-01,8.5659e+00,inf,1.6358e+01,-1.2873e+00,-1.9135e+00,-2.2239e+00,-2.0808e-01,2.0221e-01,-7.6864e-01,-8.2935e-01,1.4233e+00,3.7780e+00
2.0000e+03,1.4000e+01,1.7000e+01,6.9124e+00,-1.8990e+08,-1.8990e+08,-7.4813e-02,-1.8990e+08,1.3392e-01,3.5961e+00,inf,1.8556e+01,-4.7219e-01,-2.1052e+00,-2.3734e+00,-1.9760e+00,-2.3727e+00,8.2519e-01,-2.0350e-03,1.3572e+00,3.5683e+00
2.0000e+03,1.5000e+01,1.8000e+01,7.3394e+00,-1.7715e+08,-1.7715e+08,-7.9801e-02,-1.7715e+08,1.4837e-01,4.4136e+00,inf,1.9657e+01,3.6827e-01,-1.5584e+00,-2.2772e+00,-2.0181e+00,-2.1075e+00,5.5838e-01,-6.9532e-01,2.5256e+00,3.5741e+00
2.0000e+03,1.6000e+01,1.9000e+01,7.7626e+00,-1.6358e+08,-1.6358e+08,-8.4788e-02,-1.6358e+08,1.6015e-01,5.1427e+00,inf,2.0734e+01,-1.4781e+00,-1.8598e+00,-2.2341e+00,-9.1788e-01,2.4040e-01,8.5263e-02,-1.0557e+00,2.1942e+00,3.5895e+00
2.0000e+03,1.7000e+01,2.0000e+01,8.1818e+00,-1.5482e+08,-1.5482e+08,-8.9776e-02,-1.5482e+08,1.6953e-01,5.7628e+00,inf,2.1840e+01,-8.2453e-01,-1.4907e+00,-2.3371e+00,-1.7562e+00,-1.7970e+00,-1.3583e+00,5.5932e-01,1.4471e+00,3.5014e+00
2.0000e+03,1.8000e+01,2.2000e+01,8.5586e+00,-1.5052e+08,-1.5052e+08,-9.4763e-02,-1.5052e+08,1.7763e-01,6.3260e+00,inf,2.4037e+01,1.5750e-01,-1.0738e+00,-2.8078e+00,-2.3040e+00,-1.1008e-01,-7.6021e-01,-8.5972e-01,2.2973e+00,3.5787e+00
2.0000e+03,1.9000e+01,2.3000e+01,8.9686e+00,-1.4628e+08,-1.4628e+08,-9.9751e-02,-1.4628e+08,1.8495e-01,6.8582e+00,inf,2.5142e+01,-3.0474e-01,-1.6543e+00,-1.0138e+00,1.7486e-01,-7.6063e-01,3.5255e-01,-1.0398e+00,2.6994e+00,3.9314e+00
2.0000e+03,2.0000e+01,2.4000e+01,9.3750e+00,-1.4274e+08,-1.4274e+08,-1.0474e-01,-1.4274e+08,1.9167e-01,7.3656e+00,inf,2.6235e+01,-1.2449e+00,-7.0880e-01,-1.0840e+00,-9.2042e-01,-1.9315e+00,3.5361e-01,1.8436e+00,2.4478e+00,3.8741e+00
2.0000e+03,2.1000e+01,2.7000e+01,9.6916e+00,-1.4073e+08,-1.4073e+08,-1.0973e-01,-1.4073e+08,1.9808e-01,7.8665e+00,inf,2.9545e+01,-1.4869e+00,-1.5030e+00,-2.0183e+00,-1.9066e+00,-1.0189e+00,-3.5136e-01,6.3325e-01,2.7175e+00,3.4322e+00
2.0000e+03,2.2000e+01,2.8000e+01,1.0088e+01,-1.2921e+08,-1.2921e+08,-1.1471e-01,-1.2921e+08,1.7688e-01,6.2732e+00,inf,3.0632e+01,-1.5421e-02,-1.8690e+00,-1.2783e+00,-1.2034e+00,9.3566e-02,-1.2801e+00,-2.9587e-01,1.8578e+00,3.7254e+00
2.0000e+03,2.3000e+01,2.9000e+01,1.0480e+01,-1.2502e+08,-1.2502e+08,-1.1970e-01,-1.2502e+08,1.8320e-01,6.7291e+00,inf,3.1716e+01,-1.2014e+00,-1.5582e+00,-3.7474e+00,-5.2792e-01,-1.7872e+00,6.8362e-01,1.2008e+00,6.3709e-01,3.5892e+00
2.0000e+03,2.4000e+01,3.0000e+01,1.0870e+01,-1.2352e+08,-1.2352e+08,-1.2469e-01,-1.2352e+08,1.6315e-01,5.3370e+00,inf,3.2810e+01,-5.5529e-02,-1.1918e+00,-2.6376e+00,1.1397e-01,-2.7112e-01,-3.5901e-01,-1.4441e-01,4.5615e-01,3.8517e+00
2.0000e+03,2.5000e+01,3.2000e+01,1.1207e+01,-1.2046e+08,-1.2046e+08,-1.2968e-01,-1.2046e+08,1.7010e-01,5.8009e+00,inf,3.5001e+01,-7.5224e-01,-1.6970e+00,-1.0389e+00,-2.0725e+00,-4.1211e-01,-3.9449e-01,-1.0189e+00,4.4128e-01,3.6216e+00
2.0000e+03,2.6000e+01,3.3000e+01,1.1588e+01,-1.1780e+08,-1.1780e+08,-1.3466e-01,-1.1780e+08,1.7646e-01,6.2430e+00,inf,3.6092e+01,1.2861e-01,-5.7740e-01,-1.8227e+00,-2.6692e+00,2.2252e-01,9.9070e-01,1.7836e+00,2.3565e+00,3.7337e+00
2.0000e+03,2.7000e+01,3.4000e+01,1.1966e+01,-1.1368e+08,-1.1368e+08,-1.3965e-01,-1.1368e+08,1.8224e-01,6.6589e+00,inf,3.7194e+01,-1.4175e+00,-2.1503e+00,-2.5539e+00,-1.7852e+00,-2.2698e+00,-1.4995e+00,1.9039e-01,3.2181e-01,3.3843e+00
2.0000e+03,2.8000e+01,3.5000e+01,1.2340e+01,-1.1252e+08,-1.1252e+08,-1.4464e-01,-1.1252e+08,1.6400e-01,5.3925e+00,inf,3.8289e+01,-1.1654e-01,-2.4547e+00,-3.1758e+00,-6.2832e-01,-3.8449e-01,-1.7230e+00,-4.7669e-02,2.3620e+00,3.5325e+00
2.0000e+03,2.9000e+01,3.6000e+01,1.2712e+01,-1.0830e+08,-1.0830e+08,-1.4963e-01,-1.0830e+08,1.7038e-01,5.8207e+00,inf,3.9369e+01,-6.9553e-01,-1.5858e+00,-2.6653e+00,-8.3279e-01,2.3950e-01,-1.2014e-01,1.6039e-01,8.8373e-01,3.5313e+00
2.0000e+03,3.0000e+01,3.7000e+01,1.3080e+01,-1.0793e+08,-1.0793e+08,-1.5461e-01,-1.0793e+08,1.7614e-01,6.2207e+00,inf,4.0453e+01,-9.7754e-01,-6.2309e-01,-9.9831e-01,-5.7192e-01,3.2806e-01,-1.1265e+00,3.6117e-01,2.5382e+00,3.7992e+00
2.0000e+03,3.1000e+01,3.8000e+01,1.3445e+01,-1.0634e+08,-1.0634e+08,-1.5960e-01,-1.0634e+08,1.8161e-01,6.6128e+00,inf,4.1560e+01,-2.5408e-01,-1.6741e+00,-2.7251e+00,-2.6972e+00,2.0030e-01,1.8033e-01,-8.6132e-01,2.7695e+00,3.2829e+00
2.0000e+03,3.2000e+01,4.0000e+01,1.3750e+01,-1.0499e+08,-1.0499e+08,-1.6459e-01,-1.0499e+08,1.6458e-01,5.4307e+00,inf,4.3751e+01,2.3223e-01,-2.2378e+00,-3.2346e+00,-1.4946e+00,5.0863e-01,4.8343e-01,-7.2840e-01,2.8901e+00,3.4189e+00
2.0000e+03,3.3000e+01,4.2000e+01,1.4050e+01,-1.0016e+08,-1.0016e+08,-1.6958e-01,-1.0016e+08,1.7059e-01,5.8346e+00,inf,4.5955e+01,4.9930e-01,-2.2829e+00,-2.8321e+00,1.8643e-01,-1.2008e+00,8.1185e-01,5.8369e-01,2.9683e+00,3.5917e+00
2.0000e+03,3.4000e+01,4.3000e+01,1.4403e+01,-1.0003e+08,-1.0003e+08,-1.7456e-01,-1.0003e+08,1.7592e-01,6.2051e+00,inf,4.7048e+01,-6.1209e-01,-6.5047e-01,-1.7999e+00,-2.5625e+00,-6.8617e-01,-1.4762e+00,1.8762e+00,3.1007e+00,3.0197e+00
2.0000e+03,3.5000e+01,4.4000e+01,1.4754e+01,-9.4113e+07,-9.4113e+07,-1.7955e-01,-9.4113e+07,1.8076e-01,6.5514e+00,inf,4.8141e+01,-1.4867e-01,-1.4100e+00,-2.1216e+00,-2.7651e+00,-5.7721e-01,1.1275e+00,-4.5141e-01,1.8702e+00,3.4407e+00
2.0000e+03,3.6000e+01,4.5000e+01,1.5102e+01,-9.0302e+07,-9.0302e+07,-1.8454e-01,-9.0302e+07,1.6600e-01,5.5249e+00,inf,4.9231e+01,-8.4938e-01,-7.9948e-01,-1.9798e+00,-1.4837e+00,-8.2253e-01,5.0131e-01,-3.6968e-01,1.4973e+00,3.4771e+00
2.0000e+03,3.7000e+01,4.6000e+01,1.5447e+01,-8.9871e+07,-8.9871e+07,-1.8953e-01,-8.9871e+07,1.7097e-01,5.8611e+00,inf,5.0327e+01,-9.2030e-01,-8.0204e-01,-1.5817e+00,-1.8103e+00,-7.0214e-01,2.6079e-01,-8.4792e-01,2.7000e-01,3.5239e+00
2.0000e+03,3.8000e+01,4.7000e+01,1.5789e+01,-8.5468e+07,-8.5468e+07,-1.9451e-01,-8.5468e+07,1.7576e-01,6.1937e+00,inf,5.1412e+01,3.6157e-01,-1.8220e+00,-3.4540e+00,-1.2582e+00,-3.0652e-01,-9.4223e-01,1.4611e+00,2.8260e+00,3.2413e+00
2.0000e+03,3.9000e+01,4.8000e+01,1.6129e+01,-8.3852e+07,-8.3852e+07,-1.9950e-01,-8.3852e+07,1.8012e-01,6.5046e+00,inf,5.2499e+01,-1.0304e+00,-9.2945e-01,-2.7344e+00,-2.5931e+00,-4.8530e-02,-6.7265e-01,-5.3428e-02,1.6569e+00,3.4332e+00
2.0000e+03,4.0000e+01,4.9000e+01,1.6466e+01,-8.0946e+07,-8.0946e+07,-2.0449e-01,-8.0946e+07,1.8408e-01,6.7942e+00,inf,5.3587e+01,-1.3720e+00,-1.4882e+00,-1.0140e+00,-2.3602e+00,-6.9571e-01,-1.6589e+00,-6.1590e-01,3.1568e-01,3.6536e+00
2.0000e+03,4.1000e+01,5.0000e+01,1.6800e+01,-7.5206e+07,-7.5206e+07,-2.0948e-01,-7.5206e+07,1.7170e-01,5.9106e+00,inf,5.4663e+01,1.6521e-01,-2.0097e+00,-2.9502e+00,-9.9923e-01,-1.2362e+00,-6.0122e-01,4.7483e-01,2.7364e+00,3.2285e+00
2.0000e+03,4.2000e+01,5.3000e+01,1.6996e+01,-7.2159e+07,-7.2159e+07,-2.1446e-01,-7.2159e+07,1.7572e-01,6.1908e+00,inf,5.7943e+01,-6.7984e-01,-2.4162e+00,-3.2917e+00,-1.1109e+00,-1.8855e+00,-1.3832e-01,4.1828e-01,2.7152e+00,3.0966e+00
2.0000e+03,4.3000e+01,5.4000e+01,1.7323e+01,-6.3562e+07,-6.3562e+07,-2.1945e-01,-6.3562e+07,1.7907e-01,6.4296e+00,inf,5.9030e+01,-8.6539e-01,-8.6337e-01,-2.2916e+00,-2.7435e+00,-1.1036e+00,-4.9922e-01,-4.0727e-01,2.5993e+00,3.1698e+00
2.0000e+03,4.4000e+01,5.6000e+01,1.7578e+01,-6.1764e+07,-6.1764e+07,-2.2444e-01,-6.1764e+07,1.7576e-01,6.1937e+00,inf,6.1206e+01,2.1017e-01,-2.4603e+00,-1.8892e+00,-2.3201e+00,-1.6315e+00,-8.1034e-01,-1.1053e+00,1.4242e+00,3.3267e+00
2.0000e+03,4.5000e+01,5.7000e+01,1.7899e+01,-5.8873e+07,-5.8873e+07,-2.2943e-01,-5.8873e+07,1.7887e-01,6.4146e+00,inf,6.2303e+01,-1.2320e+00,-5.1069e-01,-3.2757e+00,-1.8544e+00,-6.9927e-01,-1.8101e+00,1.5782e+00,3.0403e+00,2.6062e+00
2.0000e+03,4.6000e+01,5.9000e+01,1.8147e+01,-5.8713e+07,-5.8713e+07,-2.3441e-01,-5.8713e+07,1.7579e-01,6.1959e+00,inf,6.4498e+01,-1.3945e+00,-2.4146e+00,-2.2274e+00,-9.9692e-01,-2.1574e+00,2.9129e-01,-7.7532e-01,7.0050e-01,3.2734e+00
2.0000e+03,4.7000e+01,6.0000e+01,1.8462e+01,-5.3442e+07,-5.3442e+07,-2.3940e-01,-5.3442e+07,1.7864e-01,6.3987e+00,inf,6.5590e+01,-3.0353e-01,-2.2871e+00,-2.9228e+00,-2.6319e+00,-5.4017e-01,-1.7701e+00,1.4414e+00,1.0276e+00,3.2119e+00
2.0000e+03,4.8000e+01,6.1000e+01,1.8774e+01,-5.3433e+07,-5.3433e+07,-2.4439e-01,-5.3433e+07,1.7586e-01,6.2006e+00,inf,6.6679e+01,1.1143e-01,-1.5315e+00,-1.1842e+00,-2.3504e+00,-1.7450e+00,3.6166e-01,-9.2717e-01,2.5551e+00,3.5149e+00
2.0000e+03,4.9000e+01,6.4000e+01,1.8939e+01,-5.3019e+07,-5.3019e+07,-2.4938e-01,-5.3019e+07,1.7865e-01,6.3993e+00,inf,6.9937e+01,-1.2050e+00,-1.3399e+00,-3.5638e+00,-1.4412e+00,1.7333e-01,-8.6143e-01,-1.1095e-01,2.8630e+00,2.8471e+00
2.0000e+03,5.0000e+01,6.5000e+01,1.9245e+01,-5.2097e+07,-5.2097e+07,-2.5436e-01,-5.2097e+07,1.7590e-01,6.2036e+00,inf,7.1027e+01,4.4118e-01,-1.9355e+00,-1.8408e+00,-4.7580e-01,4.3234e-01,1.6617e-01,2.2783e-01,2.6294e+00,3.4031e+00
2.0000e+03,5.1000e+01,6.8000e+01,1.9403e+01,-4.8939e+07,-4.8939e+07,-2.5935e-01,-4.8939e+07,1.7852e-01,6.3898e+00,inf,7.4291e+01,-7.1888e-01,-8.6863e-01,-8.9331e-01,-4.5215e-02,-2.1072e+00,-1.4828e+00,1.8176e+00,5.4185e-01,3.6452e+00
2.0000e+03,5.2000e+01,7.0000e+01,1.9630e+01,-4.8118e+07,-4.8118e+07,-2.6434e-01,-4.8118e+07,1.7598e-01,6.2096e+00,inf,7.6466e+01,-5.5900e-01,-2.0989e+00,-3.1885e+00,-2.2744e+00,-1.3414e+00,8.9710e-01,1.7683e-01,6.4348e-01,3.1920e+00
2.0000e+03,5.3000e+01,7.1000e+01,1.9926e+01,-4.5909e+07,-4.5909e+07,-2.6933e-01,-4.5909e+07,1.7844e-01,6.3842e+00,inf,7.7538e+01,4.2891e-01,-2.4659e+00,-1.7845e+00,-2.3857e+00,-1.9382e+00,1.1052e-01,1.8212e+00,2.1930e+00,3.2215e+00
2.0000e+03,5.4000e+01,7.2000e+01,2.0221e+01,-4.5511e+07,-4.5511e+07,-2.7431e-01,-4.5511e+07,1.7606e-01,6.2152e+00,inf,7.8635e+01,-6.7549e-01,-6.1076e-01,-2.0761e+00,-2.2468e+00,-6.1469e-01,9.6311e-01,-7.2132e-01,3.0554e+00,1.3972e+00
2.0000e+03,5.5000e+01,7.3000e+01,2.0513e+01,-4.4452e+07,-4.4452e+07,-2.7930e-01,-4.4452e+07,1.7843e-01,6.3836e+00,inf,7.9723e+01,-7.2727e-02,-7.3192e-01,-2.1131e+00,1.7639e-01,-1.8679e+00,-1.8016e+00,2.4727e-01,2.9038e+00,3.4736e+00
2.0000e+03,5.6000e+01,7.4000e+01,2.0803e+01,-4.4212e+07,-4.4212e+07,-2.8429e-01,-4.4212e+07,1.7613e-01,6.2200e+00,inf,8.0802e+01,3.6037e-01,-1.0959e+00,-1.4124e+00,6.9778e-02,-1.2465e+00,3.5938e-01,-7.3816e-01,7.2460e-01,3.5851e+00
2.0000e+03,5.7000e+01,7.5000e+01,2.1091e+01,-4.2394e+07,-4.2394e+07,-2.8928e-01,-4.2394e+07,1.7841e-01,6.3820e+00,inf,8.1880e+01,-4.4864e-01,-7.8378e-01,-1.3577e+00,-2.9139e-01,-1.8390e+00,9.3645e-01,9.9523e-01,2.8496e-01,3.5864e+00
2.0000e+03,5.8000e+01,7.6000e+01,2.1377e+01,-4.0890e+07,-4.0890e+07,-2.9426e-01,-4.0890e+07,1.7625e-01,6.2280e+00,inf,8.2960e+01,-9.9052e-01,-1.9251e+00,-1.3984e+00,-2.6384e+00,-1.5696e+00,9.7198e-01,1.3915e+00,2.8331e+00,2.7194e+00
2.0000e+03,5.9000e+01,7.7000e+01,2.1661e+01,-4.0258e+07,-4.0258e+07,-2.9925e-01,-4.0258e+07,1.7839e-01,6.3808e+00,inf,8.4042e+01,-6.3148e-01,-1.6443e+00,-3.5079e+00,-8.0616e-02,-1.9571e+00,8.8455e-01,-1.0924e+00,6.2920e-01,3.4530e+00
2.0000e+03,6.0000e+01,7.8000e+01,2.1942e+01,-3.9366e+07,-3.9366e+07,-3.0424e-01,-3.9366e+07,1.7633e-01,6.2342e+00,inf,8.5127e+01,-5.9170e-01,-5.3528e-01,-3.4167e+00,-2.6262e+00,-2.2005e+00,-1.5497e+00,1.3343e+00,1.9974e+00,3.2864e+00
2.0000e+03,6.1000e+01,7.9000e+01,2.2222e+01,-3.6688e+07,-3.6688e+07,-3.0923e-01,-3.6688e+07,1.7835e-01,6.3773e+00,inf,8.6216e+01,4.0288e-01,-1.3938e+00,-1.1030e+00,-2.3915e+00,-2.3995e+00,3.4814e-04,5.0138e-01,2.4505e+00,3.4000e+00
2.0000e+03,6.2000e+01,8.0000e+01,2.2500e+01,-3.5728e+07,-3.5728e+07,-3.1422e-01,-3.5728e+07,1.7648e-01,6.2445e+00,inf,8.7303e+01,-6.5678e-01,-6.3567e-01,-1.2113e+00,-1.4715e+00,-2.3166e+00,-1.5166e+00,-5.3495e-01,8.2330e-01,3.4091e+00
2.0000e+03,6.3000e+01,8.2000e+01,2.2695e+01,-3.5445e+07,-3.5445e+07,-3.1920e-01,-3.5445e+07,1.7837e-01,6.3794e+00,inf,8.9479e+01,-1.4821e+00,-1.6393e+00,-3.3551e+00,-1.3629e+00,-8.9747e-01,-3.6473e-01,1.2553e+00,2.5710e-01,3.0846e+00
2.0000e+03,6.4000e+01,8.3000e+01,2.2968e+01,-3.5344e+07,-3.5344e+07,-3.2419e-01,-3.5344e+07,1.7655e-01,6.2498e+00,inf,9.0562e+01,-6.9895e-02,-1.0232e+00,-9.0124e-01,-2.0689e+00,-2.2764e+00,-1.0948e+00,-9.8868e-01,2.2250e+00,3.4397e+00
2.0000e+03,6.5000e+01,8.4000e+01,2.3239e+01,-3.0916e+07,-3.0916e+07,-3.2918e-01,-3.0916e+07,1.7833e-01,6.3759e+00,inf,9.1640e+01,-6.4941e-01,-1.0905e+00,-3.3370e+00,-1.4888e+00,-5.1615e-01,9.3702e-01,-5.2767e-02,2.5660e+00,2.8560e+00
2.0000e+03,6.6000e+01,8.5000e+01,2.3509e+01,-3.0656e+07,-3.0656e+07,-3.3417e-01,-3.0656e+07,1.7836e-01,6.3781e+00,inf,9.2747e+01,-1.3322e+00,-2.1085e+00,-9.7168e-01,1.0215e-01,-2.3925e+00,-1.2853e+00,1.6602e+00,2.1681e+00,3.3799e+00
2.0000e+03,6.7000e+01,8.6000e+01,2.3776e+01,-3.0187e+07,-3.0187e+07,-3.3915e-01,-3.0187e+07,1.7838e-01,6.3800e+00,inf,9.3826e+01,-7.6785e-01,-1.8538e+00,-1.2000e+00,-2.1602e+00,-1.9931e-01,-7.4130e-01,1.2811e+00,2.4568e+00,3.0396e+00
2.0000e+03,6.8000e+01,8.7000e+01,2.4042e+01,-2.9775e+07,-2.9775e+07,-3.4414e-01,-2.9775e+07,1.7841e-01,6.3821e+00,inf,9.4916e+01,-4.9828e-01,-9.7984e-01,-1.3164e+00,-1.1272e+00,-7.7259e-01,-7.4239e-02,-1.0483e+00,3.0759e+00,1.1479e+00
2.0000e+03,6.9000e+01,9.0000e+01,2.4138e+01,-2.9081e+07,-2.9081e+07,-3.4913e-01,-2.9081e+07,1.7844e-01,6.3838e+00,inf,9.8196e+01,-8.7044e-01,-1.2791e+00,-8.3256e-01,-1.2423e+00,-2.0961e+00,-1.6810e+00,-1.3798e-01,1.7879e+00,3.4488e+00
2.0000e+03,7.0000e+01,9.2000e+01,2.4315e+01,-2.8567e+07,-2.8567e+07,-3.5412e-01,-2.8567e+07,1.7847e-01,6.3859e+00,inf,1.0037e+02,-1.2459e+00,-1.6720e+00,-1.9619e+00,-2.4103e+00,5.1930e-01,-1.2962e+00,1.1573e+00,1.5551e+00,3.2398e+00
2.0000e+03,7.1000e+01,9.3000e+01,2.4573e+01,-2.7936e+07,-2.7936e+07,-3.5910e-01,-2.7936e+07,1.7849e-01,6.3879e+00,inf,1.0148e+02,4.4758e-01,-1.4290e+00,-2.4798e+00,-2.7407e+00,-5.8618e-01,1.0562e+00,1.7790e+00,2.8987e+00,1.4896e+00
2.0000e+03,7.2000e+01,9.4000e+01,2.4830e+01,-2.7287e+07,-2.7287e+07,-3.6409e-01,-2.7287e+07,1.7852e-01,6.3900e+00,inf,1.0257e+02,-1.3329e+00,-1.3028e+00,-1.2760e+00,-2.2573e+00,3.3476e-01,-1.5272e+00,-7.4326e-01,1.2082e-01,3.2893e+00
2.0000e+03,7.3000e+01,9.5000e+01,2.5085e+01,-2.6777e+07,-2.6777e+07,-3.6908e-01,-2.6777e+07,1.7856e-01,6.3923e+00,inf,1.0367e+02,2.8670e-01,-1.6028e+00,-3.0811e+00,-3.6454e-01,-3.1270e-01,-6.0934e-01,-1.1066e+00,2.9706e+00,2.7513e+00
2.0000e+03,7.4000e+01,9.7000e+01,2.5253e+01,-2.6643e+07,-2.6643e+07,-3.7407e-01,-2.6643e+07,1.7859e-01,6.3951e+00,inf,1.0585e+02,4.5984e-01,-1.6113e+00,-1.3912e+00,1.0185e-01,-6.5357e-01,1.0627e-01,7.1028e-01,2.0375e+00,3.4270e+00
2.0000e+03,7.5000e+01,9.8000e+01,2.5503e+01,-2.5547e+07,-2.5547e+07,-3.7905e-01,-2.5547e+07,1.7862e-01,6.3970e+00,inf,1.0695e+02,-8.9671e-01,-1.4173e+00,-2.8452e+00,-2.4326e+00,-1.8960e+00,-1.5964e+00,2.6532e-01,2.6845e+00,1.2486e+00
2.0000e+03,7.6000e+01,9.9000e+01,2.5753e+01,-2.4503e+07,-2.4503e+07,-3.8404e-01,-2.4503e+07,1.7865e-01,6.3991e+00,inf,1.0804e+02,-1.1869e+00,-2.4954e+00,-2.2492e+00,-5.3134e-01,-1.0806e+00,8.2752e-01,4.6422e-01,2.7636e+00,2.2936e+00
2.0000e+03,7.7000e+01,1.0200e+02,2.5828e+01,-2.4373e+07,-2.4373e+07,-3.8903e-01,-2.4373e+07,1.7869e-01,6.4021e+00,inf,1.1132e+02,2.7270e-01,-1.5700e+00,-2.4156e+00,-2.2190e+00,-2.2880e+00,9.4304e-03,5.7016e-01,4.3329e-01,3.1604e+00
2.0000e+03,7.8000e+01,1.0300e+02,2.6073e+01,-2.3799e+07,-2.3799e+07,-3.9402e-01,-2.3799e+07,1.7873e-01,6.4048e+00,inf,1.1241e+02,-9.5707e-01,-2.4311e+00,-1.9330e+00,-1.2465e+00,-2.2783e+00,4.3426e-01,1.8413e+00,2.5128e+00,1.9675e+00
2.0000e+03,7.9000e+01,1.0400e+02,2.6316e+01,-2.2881e+07,-2.2881e+07,-3.9900e-01,-2.2881e+07,1.7876e-01,6.4073e+00,inf,1.1351e+02,-1.4539e+00,-1.4853e+00,-1.7546e+00,-2.3925e+00,-3.8688e-01,-1.7202e+00,1.7160e-01,2.6714e+00,2.2025e+00
2.0000e+03,8.0000e+01,1.0500e+02,2.6557e+01,-2.2742e+07,-2.2742e+07,-4.0399e-01,-2.2742e+07,1.7881e-01,6.4105e+00,inf,1.1459e+02,-1.1534e+00,-1.3401e+00,-1.6321e+00,-6.1585e-01,-1.1922e+00,-1.4844e+00,1.1671e+00,1.7096e+00,3.1016e+00
2.0000e+03,8.1000e+01,1.0600e+02,2.6797e+01,-2.1882e+07,-2.1882e+07,-4.0898e-01,-2.1882e+07,1.7885e-01,6.4133e+00,inf,1.1570e+02,1.2761e-01,-1.8061e+00,-1.5590e+00,-2.7496e+00,-2.4866e-01,-1.4153e+00,8.4290e-01,1.4143e+00,3.2396e+00
2.0000e+03,8.2000e+01,1.0700e+02,2.7036e+01,-2.1759e+07,-2.1759e+07,-4.1397e-01,-2.1759e+07,1.7889e-01,6.4165e+00,inf,1.1677e+02,-8.6989e-01,-2.0321e+00,-1.7654e+00,-9.0394e-01,-6.2217e-01,1.2168e-01,-6.4622e-01,2.7765e+00,2.2250e+00
2.0000e+03,8.3000e+01,1.0800e+02,2.7273e+01,-2.1386e+07,-2.1386e+07,-4.1895e-01,-2.1386e+07,1.7894e-01,6.4197e+00,inf,1.1786e+02,-1.4660e-01,-1.5085e+00,-1.4408e+00,-2.1506e+00,-1.6556e-01,-4.7582e-01,1.0106e-01,2.8765e+00,1.3877e+00
2.0000e+03,8.4000e+01,1.1100e+02,2.7331e+01,-2.0634e+07,-2.0634e+07,-4.2394e-01,-2.0634e+07,1.7898e-01,6.4228e+00,inf,1.2113e+02,-7.3057e-01,-2.2262e+00,-9.5215e-01,-1.9745e+00,-2.1871e-01,-1.5551e+00,-4.3292e-01,2.8059e+00,3.0228e+00
2.0000e+03,8.5000e+01,1.1200e+02,2.7564e+01,-2.0161e+07,-2.0161e+07,-4.2893e-01,-2.0161e+07,1.7903e-01,6.4261e+00,inf,1.2222e+02,-7.1001e-01,-1.7508e+00,-3.6250e+00,-1.5202e+00,-2.4498e-01,4.6594e-01,-5.4063e-01,2.6972e+00,1.0217e+00
2.0000e+03,8.6000e+01,1.1300e+02,2.7796e+01,-1.9787e+07,-1.9787e+07,-4.3392e-01,-1.9787e+07,1.7907e-01,6.4295e+00,inf,1.2331e+02,-2.1838e-01,-2.1971e+00,-3.2287e+00,-2.6349e+00,3.4009e-01,6.5386e-01,-6.4672e-01,2.7117e+00,2.4574e+00
2.0000e+03,8.7000e+01,1.1400e+02,2.8025e+01,-1.8469e+07,-1.8469e+07,-4.3890e-01,-1.8469e+07,1.7912e-01,6.4329e+00,inf,1.2439e+02,-1.1330e+00,-1.8027e+00,-2.3728e+00,-8.7528e-01,-5.3927e-01,4.4542e-01,-2.6378e-01,1.5857e+00,2.9813e+00
2.0000e+03,8.8000e+01,1.1500e+02,2.8254e+01,-1.7526e+07,-1.7526e+07,-4.4389e-01,-1.7526e+07,1.7917e-01,6.4364e+00,inf,1.2548e+02,4.6835e-01,-1.2789e+00,-1.8591e+00,-8.4366e-01,-7.4716e-01,-1.2810e+00,1.8192e+00,3.9640e-01,3.1803e+00
2.0000e+03,8.9000e+01,1.1600e+02,2.8481e+01,-1.7168e+07,-1.7168e+07,-4.4888e-01,-1.7168e+07,1.7922e-01,6.4401e+00,inf,1.2656e+02,-1.2434e+00,-2.2738e+00,-3.1458e+00,-1.3755e-01,-1.0514e+00,2.5347e-01,4.7140e-02,1.9765e+00,3.0849e+00
2.0000e+03,9.0000e+01,1.1900e+02,2.8527e+01,-1.6262e+07,-1.6262e+07,-4.5387e-01,-1.6262e+07,1.7927e-01,6.4439e+00,inf,1.2981e+02,-8.6472e-01,-9.9276e-01,-3.2762e+00,-1.1166e+00,-4.6087e-01,4.7757e-01,1.4137e+00,2.6001e+00,2.2205e+00
2.0000e+03,9.1000e+01,1.2000e+02,2.8750e+01,-1.6130e+07,-1.6130e+07,-4.5885e-01,-1.6130e+07,1.7933e-01,6.4476e+00,inf,1.3089e+02,-5.3794e-01,-1.8926e+00,-8.4188e-01,-9.6095e-01,1.0303e-01,-4.5886e-01,7.7353e-01,2.6414e+00,2.9486e+00
2.0000e+03,9.2000e+01,1.2300e+02,2.8793e+01,-1.5875e+07,-1.5875e+07,-4.6384e-01,-1.5875e+07,1.7938e-01,6.4515e+00,inf,1.3416e+02,4.0439e-01,-7.2007e-01,-8.3354e-01,-3.5095e-01,-7.6878e-01,-4.8439e-01,1.5479e+00,3.0284e+00,2.7158e+00
2.0000e+03,9.3000e+01,1.2500e+02,2.8923e+01,-1.5864e+07,-1.5864e+07,-4.6883e-01,-1.5864e+07,1.7943e-01,6.4553e+00,inf,1.3633e+02,-1.4786e+00,-2.3138e+00,-3.4120e+00,-9.2505e-01,-1.6191e+00,-9.0526e-02,5.4098e-01,7.0962e-01,2.9068e+00
2.0000e+03,9.4000e+01,1.2900e+02,2.8875e+01,-1.5839e+07,-1.5839e+07,-4.7382e-01,-1.5839e+07,1.7949e-01,6.4591e+00,inf,1.4067e+02,3.7814e-01,-2.4603e+00,-2.7800e+00,-2.4597e+00,-5.8776e-02,4.3555e-01,3.0852e-01,2.0407e-01,3.1412e+00
2.0000e+03,9.5000e+01,1.3000e+02,2.9091e+01,-1.5362e+07,-1.5362e+07,-4.7880e-01,-1.5362e+07,1.7954e-01,6.4631e+00,inf,1.4177e+02,-1.2776e+00,-1.9959e+00,-8.3683e-01,-3.2343e-01,-1.6690e+00,-1.6775e+00,-4.8411e-01,2.0360e+00,3.2341e+00
2.0000e+03,9.6000e+01,1.3100e+02,2.9305e+01,-1.5170e+07,-1.5170e+07,-4.8379e-01,-1.5170e+07,1.7960e-01,6.4670e+00,inf,1.4286e+02,4.0843e-01,-7.4087e-01,-1.2164e+00,-6.7089e-01,-4.1283e-01,-6.8377e-01,-5.8582e-01,2.3422e+00,3.2366e+00
2.0000e+03,9.7000e+01,1.3200e+02,2.9518e+01,-1.4908e+07,-1.4908e+07,-4.8878e-01,-1.4908e+07,1.7965e-01,6.4711e+00,inf,1.4394e+02,-1.2764e-01,-2.0192e+00,-1.4505e+00,-2.3762e-01,-2.2076e-01,2.3888e-01,2.9332e-01,2.6792e+00,2.9298e+00
2.0000e+03,9.8000e+01,1.3400e+02,2.9641e+01,-1.4609e+07,-1.4609e+07,-4.9377e-01,-1.4609e+07,1.7971e-01,6.4751e+00,inf,1.4611e+02,-7.3780e-01,-2.1137e+00,-2.8036e+00,-9.2556e-01,-7.9190e-01,9.2276e-01,1.0070e+00,1.7173e+00,2.8653e+00
2.0000e+03,9.9000e+01,1.3800e+02,2.9586e+01,-1.4367e+07,-1.4367e+07,-4.9875e-01,-1.4367e+07,1.7976e-01,6.4792e+00,inf,1.5044e+02,5.7126e-02,-1.4031e+00,-1.9739e+00,-6.0425e-01,-7.0504e-01,4.8748e-01,1.8359e+00,2.4762e+00,2.7785e+00
2.0000e+03,1.0000e+02,1.4000e+02,2.9706e+01,-1.3430e+07,-1.3430e+07,-5.0374e-01,-1.3430e+07,1.7983e-01,6.4839e+00,inf,1.5263e+02,1.5874e-01,-2.3477e+00,-2.2495e+00,1.4514e-01,-1.1314e+00,6.9323e-02,1.8297e-01,1.7671e+00,3.2902e+00
2.0000e+03,1.0100e+02,1.4100e+02,2.9912e+01,-1.1804e+07,-1.1804e+07,-5.0873e-01,-1.1804e+07,1.7991e-01,6.4894e+00,inf,1.5372e+02,-1.3231e+00,-2.3866e+00,-3.5044e+00,-1.3511e+00,-3.8017e-01,-1.5655e+00,1.3729e+00,2.4380e+00,1.1190e+00
2.0000e+03,1.0200e+02,1.4200e+02,3.0117e+01,-1.1117e+07,-1.1117e+07,-5.1372e-01,-1.1117e+07,1.8026e-01,6.5149e+00,inf,1.5481e+02,-1.3139e+00,-2.0956e+00,-2.6970e+00,-2.2861e+00,-1.3684e+00,-1.3494e-01,-6.5287e-01,2.4358e+00,1.0365e+00
2.0000e+03,1.0300e+02,1.4300e+02,3.0321e+01,-1.0896e+07,-1.0896e+07,-5.1870e-01,-1.0896e+07,1.8031e-01,6.5188e+00,inf,1.5589e+02,-7.1454e-01,-2.2189e+00,-3.6578e+00,-2.5289e+00,2.5682e-01,-1.3337e+00,-3.5071e-02,2.0714e+00,2.7500e+00
2.0000e+03,1.0400e+02,1.4400e+02,3.0523e+01,-1.0380e+07,-1.0380e+07,-5.2369e-01,-1.0380e+07,1.8037e-01,6.5226e+00,inf,1.5697e+02,7.8516e-02,-2.3030e+00,-2.4872e+00,-1.6650e+00,9.3651e-02,2.9773e-01,-5.8728e-02,1.8250e-01,3.0161e+00
2.0000e+03,1.0500e+02,1.4500e+02,3.0725e+01,-1.0260e+07,-1.0260e+07,-5.2868e-01,-1.0260e+07,1.8042e-01,6.5268e+00,inf,1.5805e+02,-7.7633e-01,-2.3175e+00,-3.6785e+00,-1.7797e+00,-1.3379e+00,1.1494e+00,1.7089e+00,5.0203e-01,2.4906e+00
2.0000e+03,1.0600e+02,1.4800e+02,3.0747e+01,-1.0238e+07,-1.0238e+07,-5.3367e-01,-1.0238e+07,1.8048e-01,6.5310e+00,inf,1.6130e+02,-1.3305e+00,-1.8340e+00,-1.6290e+00,-2.3798e+00,-7.4674e-01,-1.0190e+00,1.7998e+00,2.1120e+00,1.7025e+00
2.0000e+03,1.0700e+02,1.5000e+02,3.0857e+01,-1.0159e+07,-1.0159e+07,-5.3865e-01,-1.0159e+07,1.8054e-01,6.5351e+00,inf,1.6349e+02,1.7055e-01,-1.8622e+00,-8.8004e-01,-1.3889e+00,-7.0571e-01,-1.3981e+00,-8.2450e-01,3.6814e-01,3.1946e+00
2.0000e+03,1.0800e+02,1.5100e+02,3.1054e+01,-9.7497e+06,-9.7497e+06,-5.4364e-01,-9.7497e+06,1.8059e-01,6.5392e+00,inf,1.6458e+02,-1.2380e+00,-1.7362e+00,-2.1883e+00,2.6054e-02,-1.4344e+00,-1.5458e+00,1.7184e+00,2.6797e+00,1.0136e+00
2.0000e+03,1.0900e+02,1.5200e+02,3.1250e+01,-9.7030e+06,-9.7030e+06,-5.4863e-01,-9.7030e+06,1.8065e-01,6.5434e+00,inf,1.6565e+02,1.6294e-01,-8.6861e-01,-3.5381e+00,-1.4369e-01,-2.3548e+00,7.5364e-01,1.5726e+00,2.6597e+00,2.8941e+00
2.0000e+03,1.1000e+02,1.5400e+02,3.1356e+01,-9.5589e+06,-9.5589e+06,-5.5362e-01,-9.5589e+06,1.8071e-01,6.5477e+00,inf,1.6784e+02,7.7460e-02,-1.8663e+00,-2.1099e+00,-1.9967e-01,-1.0956e+00,5.6829e-01,-6.9243e-01,2.2214e+00,3.0493e+00
2.0000e+03,1.1100e+02,1.5700e+02,3.1373e+01,-9.3710e+06,-9.3710e+06,-5.5860e-01,-9.3710e+06,1.8077e-01,6.5519e+00,inf,1.7111e+02,-3.0605e-01,-1.2431e+00,-8.6629e-01,-2.2781e+00,-4.2125e-03,-1.3724e+00,-4.0755e-02,2.9738e+00,1.3260e+00
2.0000e+03,1.1200e+02,1.5800e+02,3.1564e+01,-9.3075e+06,-9.3075e+06,-5.6359e-01,-9.3075e+06,1.8083e-01,6.5562e+00,inf,1.7221e+02,-9.8129e-01,-1.4356e+00,-2.3356e+00,-9.6835e-03,-2.2379e+00,1.0316e+00,-1.0344e-01,1.8011e+00,3.0062e+00
2.0000e+03,1.1300e+02,1.6300e+02,3.1405e+01,-9.2151e+06,-9.2151e+06,-5.6858e-01,-9.2151e+06,1.8089e-01,6.5605e+00,inf,1.7766e+02,-1.1750e+00,-1.3343e+00,-2.1030e+00,-2.3420e+00,-1.6575e+00,-1.2440e+00,-2.6336e-01,1.8418e+00,2.6627e+00
2.0000e+03,1.1400e+02,1.6400e+02,3.1593e+01,-9.0541e+06,-9.0541e+06,-5.7357e-01,-9.0541e+06,1.8095e-01,6.5648e+00,inf,1.7875e+02,-1.3645e+00,-2.4881e+00,-2.4102e+00,-4.3637e-01,3.6470e-01,3.2257e-01,-7.4594e-01,2.2659e+00,2.7820e+00
2.0000e+03,1.1500e+02,1.6500e+02,3.1781e+01,-8.9667e+06,-8.9667e+06,-5.7855e-01,-8.9667e+06,1.8101e-01,6.5691e+00,inf,1.7985e+02,-8.8197e-02,-2.0684e+00,-1.6467e+00,1.3008e-01,-2.2233e+00,3.0660e-01,-5.8682e-01,2.6946e+00,2.8234e+00
2.0000e+03,1.1600e+02,1.6600e+02,3.1967e+01,-8.8920e+06,-8.8920e+06,-5.8354e-01,-8.8920e+06,1.8107e-01,6.5734e+00,inf,1.8095e+02,-3.7345e-01,-2.4237e+00,-2.1177e+00,-8.3044e-01,-1.8543e+00,5.5408e-01,7.1337e-01,1.7756e+00,2.8240e+00
2.0000e+03,1.1700e+02,1.6700e+02,3.2153e+01,-8.8753e+06,-8.8753e+06,-5.8853e-01,-8.8753e+06,1.8113e-01,6.5777e+00,inf,1.8204e+02,3.1986e-01,-2.2534e+00,-1.1299e+00,-2.1919e+00,3.9182e-01,-3.4437e-01,-4.3718e-02,5.9121e-01,3.1147e+00
2.0000e+03,1.1800e+02,1.6800e+02,3.2337e+01,-8.6499e+06,-8.6499e+06,-5.9352e-01,-8.6499e+06,1.8119e-01,6.5821e+00,inf,1.8313e+02,-3.6584e-01,-8.6331e-01,-9.9728e-01,-2.2284e+00,-2.6561e-01,2.5566e-01,-3.4884e-01,2.8560e+00,2.5326e+00
2.0000e+03,1.1900e+02,1.6900e+02,3.2520e+01,-8.6394e+06,-8.6394e+06,-5.9850e-01,-8.6394e+06,1.8125e-01,6.5865e+00,inf,1.8421e+02,-5.0592e-01,-2.4657e+00,-1.2943e+00,-5.2046e-01,-1.3917e+00,-3.9264e-01,8.9512e-03,1.5308e+00,3.0592e+00
2.0000e+03,1.2000e+02,1.7100e+02,3.2615e+01,-8.6263e+06,-8.6263e+06,-6.0349e-01,-8.6263e+06,1.8131e-01,6.5908e+00,inf,1.8638e+02,-4.8772e-01,-1.7365e+00,-2.4469e+00,-4.7097e-01,-2.3805e+00,3.8726e-02,6.0669e-01,8.1424e-01,2.9926e+00
2.0000e+03,1.2100e+02,1.7300e+02,3.2708e+01,-8.6182e+06,-8.6182e+06,-6.0848e-01,-8.6182e+06,1.8137e-01,6.5951e+00,inf,1.8857e+02,-8.3325e-01,-1.4637e+00,-2.6302e+00,-2.7139e+00,-6.7363e-01,7.1260e-01,1.7307e+00,2.1575e+00,1.1640e+00
2.0000e+03,1.2200e+02,1.7400e+02,3.2888e+01,-8.4303e+06,-8.4303e+06,-6.1347e-01,-8.4303e+06,1.8143e-01,6.5996e+00,inf,1.8966e+02,7.4015e-02,-1.5803e+00,-3.7848e+00,-4.9591e-01,-1.4123e+00,-2.0870e-01,1.0786e+00,2.7571e+00,1.1228e+00
2.0000e+03,1.2300e+02,1.7900e+02,3.2718e+01,-8.3711e+06,-8.3711e+06,-6.1846e-01,-8.3711e+06,1.8159e-01,6.6118e+00,inf,1.9509e+02,-6.7033e-01,-1.9358e+00,-2.1199e+00,-1.2837e+00,-2.0683e+00,-4.2710e-01,-6.9064e-01,1.0491e+00,2.8128e+00
2.0000e+03,1.2400e+02,1.8000e+02,3.2895e+01,-8.3557e+06,-8.3557e+06,-6.2344e-01,-8.3557e+06,1.8165e-01,6.6162e+00,inf,1.9619e+02,-1.1086e+00,-1.7354e+00,-3.6526e+00,-1.4521e+00,5.4187e-01,-1.4663e+00,-7.6559e-01,2.3242e+00,2.6974e+00
2.0000e+03,1.2500e+02,1.8200e+02,3.2984e+01,-7.8634e+06,-7.8634e+06,-6.2843e-01,-7.8634e+06,1.8171e-01,6.6205e+00,inf,1.9837e+02,-8.7949e-01,-8.0203e-01,-1.0802e+00,-1.0735e-01,1.9754e-01,6.7513e-01,-3.6280e-01,2.6376e+00,2.7884e+00
2.0000e+03,1.2600e+02,1.8300e+02,3.3159e+01,-7.6860e+06,-7.6860e+06,-6.3342e-01,-7.6860e+06,1.8177e-01,6.6249e+00,inf,1.9947e+02,-6.0652e-01,-1.6698e+00,-2.3731e+00,1.4291e-01,-1.2839e+00,-1.8009e+00,1.6420e+00,2.7284e+00,1.9908e+00
2.0000e+03,1.2700e+02,1.8400e+02,3.3333e+01,-7.6802e+06,-7.6802e+06,-6.3841e-01,-7.6802e+06,1.8183e-01,6.6293e+00,inf,2.0055e+02,4.5079e-01,-1.4903e+00,-1.3693e+00,-5.2983e-01,-1.0066e+00,-5.1388e-01,1.5682e+00,1.0682e+00,3.0628e+00
2.0000e+03,1.2800e+02,1.8700e+02,3.3333e+01,-7.6523e+06,-7.6523e+06,-6.4339e-01,-7.6523e+06,1.8190e-01,6.6337e+00,inf,2.0382e+02,1.5420e-01,-1.5892e+00,-1.7335e+00,-8.9312e-01,-4.3650e-01,4.6980e-01,-1.1230e+00,1.0107e+00,3.0219e+00
2.0000e+03,1.2900e+02,1.8800e+02,3.3505e+01,-7.6133e+06,-7.6133e+06,-6.4838e-01,-7.6133e+06,1.8196e-01,6.6381e+00,inf,2.0492e+02,5.8571e-02,-2.4364e+00,-9.2638e-01,-1.2482e+00,-1.7808e+00,7.8714e-01,-4.5128e-01,5.2457e-01,3.1113e+00
2.0000e+03,1.3000e+02,1.8900e+02,3.3676e+01,-7.2465e+06,-7.2465e+06,-6.5337e-01,-7.2465e+06,1.8202e-01,6.6426e+00,inf,2.0600e+02,8.3529e-02,-1.3669e+00,-1.3320e+00,1.1774e-01,4.9153e-01,1.0110e+00,5.3163e-01,3.8620e-01,3.1568e+00
2.0000e+03,1.3100e+02,1.9100e+02,3.3760e+01,-7.0937e+06,-7.0937e+06,-6.5836e-01,-7.0937e+06,1.8208e-01,6.6471e+00,inf,2.0819e+02,-1.2834e+00,-9.4764e-01,-1.4668e+00,-5.2225e-01,3.3906e-01,1.3771e-01,5.8137e-01,7.1386e-01,3.0304e+00
2.0000e+03,1.3200e+02,1.9200e+02,3.3929e+01,-7.0517e+06,-7.0517e+06,-6.6334e-01,-7.0517e+06,1.8214e-01,6.6516e+00,inf,2.0927e+02,-3.1540e-01,-1.2799e+00,-2.2770e+00,-2.3728e+00,2.2628e-01,3.7655e-01,-3.7692e-03,2.5947e+00,1.2063e+00
2.0000e+03,1.3300e+02,1.9400e+02,3.4010e+01,-6.7635e+06,-6.7635e+06,-6.6833e-01,-6.7635e+06,1.8229e-01,6.6625e+00,inf,2.1145e+02,-1.0859e+00,-1.2981e+00,-3.7108e+00,-1.9281e+00,-2.2772e+00,-1.5464e+00,-2.2098e-01,2.8939e-01,2.6851e+00
2.0000e+03,1.3400e+02,1.9500e+02,3.4177e+01,-6.7599e+06,-6.7599e+06,-6.7332e-01,-6.7599e+06,1.8235e-01,6.6670e+00,inf,2.1254e+02,-7.9543e-01,-1.3938e+00,-3.1013e+00,-2.3174e+00,-1.2837e+00,7.7169e-01,3.7484e-01,1.0945e+00,2.6910e+00
2.0000e+03,1.3500e+02,1.9800e+02,3.4171e+01,-6.1556e+06,-6.1556e+06,-6.7831e-01,-6.1556e+06,1.8241e-01,6.6713e+00,inf,2.1578e+02,-1.1834e+00,-1.5472e+00,-2.9633e+00,-2.3456e+00,-7.2483e-02,-1.6613e+00,-8.8636e-01,2.1013e+00,2.5056e+00
2.0000e+03,1.3600e+02,1.9900e+02,3.4336e+01,-6.0440e+06,-6.0440e+06,-6.8329e-01,-6.0440e+06,1.8247e-01,6.6758e+00,inf,2.1687e+02,-9.6336e-01,-1.5561e+00,-3.5777e+00,-2.7803e+00,-7.2915e-01,1.0292e+00,-1.0201e+00,3.0401e-01,2.6723e+00
2.0000e+03,1.3700e+02,2.0000e+02,3.4500e+01,-5.9639e+06,-5.9639e+06,-6.8828e-01,-5.9639e+06,1.8253e-01,6.6804e+00,inf,2.1795e+02,-1.3644e+00,-2.2966e+00,-1.9641e+00,-2.2009e+00,2.3535e-01,1.1529e+00,1.2274e+00,2.2842e+00,1.7972e+00
2.0000e+03,1.3800e+02,2.0100e+02,3.4663e+01,-5.9377e+06,-5.9377e+06,-6.9327e-01,-5.9377e+06,1.8260e-01,6.6849e+00,inf,2.1904e+02,-1.8938e-01,-7.9423e-01,-1.7962e+00,-1.8913e+00,-9.1203e-01,-8.4846e-01,-4.6948e-01,3.2358e-01,2.9462e+00
2.0000e+03,1.3900e+02,2.0200e+02,3.4826e+01,-5.8516e+06,-5.8516e+06,-6.9826e-01,-5.8516e+06,1.8266e-01,6.6895e+00,inf,2.2012e+02,-1.3723e+00,-1.6465e+00,-1.6961e+00,-6.5260e-01,-1.8238e+00,3.8199e-01,1.7465e+00,1.6563e+00,2.2257e+00
2.0000e+03,1.4000e+02,2.0300e+02,3.4988e+01,-5.7887e+06,-5.7887e+06,-7.0324e-01,-5.7887e+06,1.8272e-01,6.6940e+00,inf,2.2121e+02,-1.4821e+00,-1.0830e+00,-1.8634e+00,-2.5771e+00,-8.7966e-01,9.8025e-01,7.5255e-01,2.3746e+00,1.8244e+00
2.0000e+03,1.4100e+02,2.0600e+02,3.4975e+01,-5.7297e+06,-5.7297e+06,-7.0823e-01,-5.7297e+06,1.8278e-01,6.6986e+00,inf,2.2447e+02,-1.3380e+00,-8.5452e-01,-3.0937e+00,-2.7780e+00,-1.7290e+00,-1.5856e+00,1.3542e+00,2.2529e+00,1.6692e+00
2.0000e+03,1.4200e+02,2.0800e+02,3.5049e+01,-5.6837e+06,-5.6837e+06,-7.1322e-01,-5.6837e+06,1.8284e-01,6.7031e+00,inf,2.2662e+02,-8.2922e-01,-1.7969e+00,-2.4854e+00,-1.0686e+00,-5.5146e-01,-1.3068e+00,1.4712e+00,2.2394e+00,1.4474e+00
2.0000e+03,1.4300e+02,2.1000e+02,3.5122e+01,-5.3364e+06,-5.3364e+06,-7.1821e-01,-5.3364e+06,1.8291e-01,6.7078e+00,inf,2.2881e+02,-4.6138e-01,-2.0221e+00,-1.6256e+00,1.8117e-01,-3.8852e-01,-1.2414e-01,-5.2432e-02,3.0141e-01,3.0590e+00
2.0000e+03,1.4400e+02,2.1100e+02,3.5280e+01,-5.3036e+06,-5.3036e+06,-7.2319e-01,-5.3036e+06,1.8297e-01,6.7124e+00,inf,2.2989e+02,-3.0404e-01,-1.8142e+00,-3.0119e+00,-2.4956e+00,-1.9028e+00,-1.1304e+00,1.7288e+00,1.8552e+00,2.1083e+00
2.0000e+03,1.4500e+02,2.1200e+02,3.5437e+01,-5.2345e+06,-5.2345e+06,-7.2818e-01,-5.2345e+06,1.8310e-01,6.7219e+00,inf,2.3097e+02,-4.5834e-01,-1.3180e+00,-2.4806e+00,-2.3780e+00,4.7965e-01,-5.8485e-01,-7.3365e-01,2.0616e+00,2.6993e+00
2.0000e+03,1.4600e+02,2.1400e+02,3.5507e+01,-5.1489e+06,-5.1489e+06,-7.3317e-01,-5.1489e+06,1.8316e-01,6.7265e+00,inf,2.3315e+02,-6.5813e-02,-2.0218e+00,-2.0670e+00,-7.9878e-02,-5.5755e-01,4.8501e-01,4.5034e-01,2.6364e+00,2.2741e+00
2.0000e+03,1.4700e+02,2.1500e+02,3.5663e+01,-5.1398e+06,-5.1398e+06,-7.3816e-01,-5.1398e+06,1.8323e-01,6.7311e+00,inf,2.3423e+02,-3.1071e-01,-6.0625e-01,-9.1424e-01,-4.5640e-01,2.8250e-01,-4.5565e-01,-1.0489e+00,2.7598e+00,2.6668e+00
2.0000e+03,1.4800e+02,2.1600e+02,3.5817e+01,-4.5626e+06,-4.5626e+06,-7.4314e-01,-4.5626e+06,1.8329e-01,6.7356e+00,inf,2.3532e+02,-1.3182e+00,-1.4527e+00,-1.1305e+00,8.4061e-02,-2.8708e-01,4.5393e-01,-8.9907e-02,8.6414e-01,2.9372e+00
2.0000e+03,1.4900e+02,2.1800e+02,3.5885e+01,-4.1759e+06,-4.1759e+06,-7.4813e-01,-4.1759e+06,1.8335e-01,6.7402e+00,inf,2.3748e+02,-6.4958e-01,-2.2222e+00,-3.1657e+00,-5.1296e-01,-2.2403e+00,-3.6779e-01,-5.8166e-01,2.0014e+00,2.5893e+00
2.0000e+03,1.5000e+02,2.2300e+02,3.5697e+01,-4.1386e+06,-4.1386e+06,-7.5312e-01,-4.1386e+06,1.8341e-01,6.7448e+00,inf,2.4292e+02,-1.1233e+00,-1.3254e+00,-1.1037e+00,9.4970e-02,-2.2015e+00,-8.8540e-01,9.6686e-01,2.0294e+00,2.8334e+00
2.0000e+03,1.5100e+02,2.2800e+02,3.5514e+01,-4.1001e+06,-4.1001e+06,-7.5811e-01,-4.1001e+06,1.8348e-01,6.7495e+00,inf,2.4835e+02,-4.6106e-02,-1.5062e+00,-2.8224e+00,-1.6994e+00,-2.1736e+00,4.6482e-01,1.6581e+00,1.3766e+00,2.4982e+00
2.0000e+03,1.5200e+02,2.3100e+02,3.5499e+01,-4.0742e+06,-4.0742e+06,-7.6309e-01,-4.0742e+06,1.8354e-01,6.7542e+00,inf,2.5162e+02,-5.0526e-01,-1.4144e+00,-2.3294e+00,-4.0321e-01,-1.4803e+00,-1.4961e+00,5.5711e-01,2.4159e+00,2.2411e+00
2.0000e+03,1.5300e+02,2.3400e+02,3.5484e+01,-3.8949e+06,-3.8949e+06,-7.6808e-01,-3.8949e+06,1.8360e-01,6.7589e+00,inf,2.5490e+02,-8.4586e-01,-8.7732e-01,-2.5858e+00,-1.9700e+00,5.3584e-02,4.7289e-02,6.3675e-01,1.8792e+00,2.6176e+00
2.0000e+03,1.5400e+02,2.3800e+02,3.5388e+01,-3.8758e+06,-3.8758e+06,-7.7307e-01,-3.8758e+06,1.8369e-01,6.7654e+00,inf,2.5928e+02,-3.6476e-02,-1.9544e+00,-1.2945e+00,-1.0601e+00,-2.1676e+00,-3.9187e-01,-5.3482e-01,4.9154e-01,2.9397e+00
2.0000e+03,1.5500e+02,2.4200e+02,3.5294e+01,-3.8426e+06,-3.8426e+06,-7.7806e-01,-3.8426e+06,1.8376e-01,6.7701e+00,inf,2.6362e+02,-4.5076e-01,-1.9185e+00,-3.1297e+00,-1.2958e+00,3.9173e-01,-1.1577e-01,1.8455e+00,1.3979e+00,2.1846e+00
2.0000e+03,1.5600e+02,2.4500e+02,3.5281e+01,-3.6589e+06,-3.6589e+06,-7.8304e-01,-3.6589e+06,1.8382e-01,6.7748e+00,inf,2.6690e+02,-1.1949e+00,-1.3632e+00,-2.2296e+00,4.7229e-02,-9.6307e-01,-3.3048e-01,4.8690e-01,2.5662e+00,1.1069e+00
2.0000e+03,1.5700e+02,2.4600e+02,3.5426e+01,-3.6514e+06,-3.6514e+06,-7.8803e-01,-3.6514e+06,1.8388e-01,6.7795e+00,inf,2.6799e+02,-9.3273e-01,-1.4266e+00,-1.4945e+00,-1.6603e-01,-4.9197e-01,7.1965e-01,6.7014e-01,2.1901e+00,2.5471e+00
2.0000e+03,1.5800e+02,2.4800e+02,3.5491e+01,-3.6015e+06,-3.6015e+06,-7.9302e-01,-3.6015e+06,1.8395e-01,6.7842e+00,inf,2.7017e+02,-8.4249e-01,-1.4092e+00,-3.1004e+00,-1.9170e-01,-1.8739e+00,-7.2625e-01,1.1550e+00,1.0271e+00,2.7840e+00
2.0000e+03,1.5900e+02,2.4900e+02,3.5635e+01,-3.5864e+06,-3.5864e+06,-7.9801e-01,-3.5864e+06,1.8401e-01,6.7889e+00,inf,2.7125e+02,-1.4848e+00,-7.0732e-01,-8.2158e-01,-3.8904e-01,-2.3136e+00,-2.3218e-01,7.0627e-01,2.6629e+00,2.1654e+00
2.0000e+03,1.6000e+02,2.5000e+02,3.5778e+01,-3.2846e+06,-3.2846e+06,-8.0299e-01,-3.2846e+06,1.8408e-01,6.7937e+00,inf,2.7234e+02,-8.8356e-01,-2.1454e+00,-2.3666e+00,-9.1791e-01,-2.2255e+00,-1.2475e+00,-2.8611e-01,2.2321e+00,1.9178e+00
2.0000e+03,1.6100e+02,2.5300e+02,3.5762e+01,-3.1695e+06,-3.1695e+06,-8.0798e-01,-3.1695e+06,1.8416e-01,6.8000e+00,inf,2.7562e+02,-1.7697e-01,-1.2654e+00,-8.5071e-01,-8.0838e-01,-1.7578e+00,9.1732e-01,-3.3807e-01,2.4806e+00,2.4637e+00
2.0000e+03,1.6200e+02,2.5800e+02,3.5590e+01,-3.1060e+06,-3.1060e+06,-8.1297e-01,-3.1060e+06,1.8422e-01,6.8047e+00,inf,2.8107e+02,-3.3624e-01,-2.3240e+00,-3.1179e+00,-3.6951e-01,-1.4592e-01,5.7618e-01,-2.4040e-01,2.4505e+00,1.6099e+00
2.0000e+03,1.6300e+02,2.5900e+02,3.5730e+01,-3.0279e+06,-3.0279e+06,-8.1796e-01,-3.0279e+06,1.8429e-01,6.8095e+00,inf,2.8216e+02,-1.3726e+00,-1.8903e+00,-3.0285e+00,-4.1574e-01,-1.0170e-01,-1.5272e-01,-7.1095e-01,1.6781e+00,2.6086e+00
2.0000e+03,1.6400e+02,2.6000e+02,3.5870e+01,-2.9763e+06,-2.9763e+06,-8.2294e-01,-2.9763e+06,1.8435e-01,6.8142e+00,inf,2.8324e+02,2.0450e-01,-5.2890e-01,-3.1616e+00,-2.6726e+00,5.3618e-01,-4.6863e-01,-9.5612e-01,2.7626e+00,1.4375e+00
2.0000e+03,1.6500e+02,2.6100e+02,3.6009e+01,-2.9554e+06,-2.9554e+06,-8.2793e-01,-2.9554e+06,1.8442e-01,6.8190e+00,inf,2.8432e+02,2.5873e-01,-6.1481e-01,-1.6543e+00,-1.1715e-01,3.1059e-01,2.7693e-01,8.2123e-01,2.0149e+00,2.9659e+00
2.0000e+03,1.6600e+02,2.6300e+02,3.6069e+01,-2.7847e+06,-2.7847e+06,-8.3292e-01,-2.7847e+06,1.8448e-01,6.8238e+00,inf,2.8649e+02,3.0718e-01,-1.9448e+00,-3.0442e+00,-7.0795e-01,3.0056e-01,1.1129e+00,7.9901e-01,1.0986e+00,2.7556e+00
2.0000e+03,1.6700e+02,2.6600e+02,3.6052e+01,-2.6628e+06,-2.6628e+06,-8.3791e-01,-2.6628e+06,1.8456e-01,6.8298e+00,inf,2.8974e+02,4.4722e-01,-9.0445e-01,-2.9619e+00,-1.1397e+00,-1.8114e+00,5.3365e-01,-8.6087e-01,2.6224e+00,1.6593e+00
2.0000e+03,1.6800e+02,2.6700e+02,3.6188e+01,-2.5651e+06,-2.5652e+06,-8.4289e-01,-2.5652e+06,1.8463e-01,6.8346e+00,inf,2.9083e+02,-1.3782e+00,-1.9352e+00,-3.0323e+00,1.8058e-01,-4.1449e-01,6.1555e-01,-3.0945e-01,9.8435e-01,2.7349e+00
2.0000e+03,1.6900e+02,2.6800e+02,3.6325e+01,-2.5551e+06,-2.5551e+06,-8.4788e-01,-2.5551e+06,1.8469e-01,6.8394e+00,inf,2.9191e+02,-3.9747e-01,-1.8111e+00,-9.9000e-01,-5.4712e-01,-5.2182e-04,4.2938e-02,5.2112e-01,2.2614e+00,2.5221e+00
2.0000e+03,1.7000e+02,2.7200e+02,3.6229e+01,-2.4635e+06,-2.4635e+06,-8.5287e-01,-2.4635e+06,1.8476e-01,6.8442e+00,inf,2.9625e+02,-9.6639e-01,-5.9975e-01,-2.5606e+00,-1.1723e+00,-5.7174e-01,-1.6873e+00,-7.5886e-01,1.6275e+00,2.7278e+00
2.0000e+03,1.7100e+02,2.7400e+02,3.6287e+01,-2.3707e+06,-2.3707e+06,-8.5786e-01,-2.3707e+06,1.8482e-01,6.8490e+00,inf,2.9840e+02,-3.6673e-01,-9.7834e-01,-1.9369e+00,-1.9505e+00,-1.6880e+00,-5.7208e-01,-8.6601e-01,2.3251e+00,1.8251e+00
2.0000e+03,1.7200e+02,2.7500e+02,3.6421e+01,-2.3615e+06,-2.3615e+06,-8.6284e-01,-2.3615e+06,1.8489e-01,6.8538e+00,inf,2.9949e+02,-3.5867e-01,-1.3949e+00,-1.4864e+00,-3.4542e-01,-1.1806e+00,4.4821e-03,1.2937e+00,2.3627e+00,2.1234e+00
2.0000e+03,1.7300e+02,2.8200e+02,3.6100e+01,-2.3471e+06,-2.3471e+06,-8.6783e-01,-2.3471e+06,1.8497e-01,6.8598e+00,inf,3.0709e+02,-1.0624e+00,-6.5026e-01,-2.4878e+00,-7.9109e-02,-2.2247e+00,-1.2853e+00,-9.8166e-01,2.1332e+00,2.7194e+00
2.0000e+03,1.7400e+02,2.8300e+02,3.6232e+01,-2.3137e+06,-2.3137e+06,-8.7282e-01,-2.3137e+06,1.8503e-01,6.8646e+00,inf,3.0818e+02,-9.1112e-01,-1.2541e+00,-3.0696e+00,-4.0801e-01,-2.3475e+00,-3.9710e-01,1.0783e+00,2.1593e+00,2.1994e+00
2.0000e+03,1.7500e+02,2.8500e+02,3.6289e+01,-2.2208e+06,-2.2208e+06,-8.7781e-01,-2.2208e+06,1.8510e-01,6.8694e+00,inf,3.1033e+02,-7.5425e-02,-5.7999e-01,-9.1789e-01,-3.9597e-01,1.9481e-01,1.0579e+00,2.6444e-02,2.0518e+00,2.8533e+00
2.0000e+03,1.7600e+02,2.8600e+02,3.6420e+01,-2.2189e+06,-2.2189e+06,-8.8279e-01,-2.2189e+06,1.8516e-01,6.8742e+00,inf,3.1142e+02,4.9127e-01,-1.2620e+00,-1.4758e+00,-1.3041e-02,-1.3793e+00,5.9574e-01,1.4944e+00,2.1066e+00,2.7019e+00
2.0000e+03,1.7700e+02,2.8700e+02,3.6550e+01,-2.1494e+06,-2.1494e+06,-8.8778e-01,-2.1494e+06,1.8523e-01,6.8790e+00,inf,3.1252e+02,-6.2104e-01,-1.9359e+00,-2.8093e+00,-2.5565e+00,-1.2160e-01,-3.1034e-01,8.5941e-01,1.9995e+00,2.0483e+00
2.0000e+03,1.7800e+02,2.9100e+02,3.6456e+01,-2.1357e+06,-2.1357e+06,-8.9277e-01,-2.1357e+06,1.8529e-01,6.8838e+00,inf,3.1689e+02,-5.0016e-01,-6.7150e-01,-2.5770e+00,-2.2059e+00,-4.7343e-01,-6.3856e-01,7.1896e-01,1.4205e+00,2.7148e+00
2.0000e+03,1.7900e+02,2.9200e+02,3.6585e+01,-2.0135e+06,-2.0135e+06,-8.9776e-01,-2.0135e+06,1.8536e-01,6.8892e+00,inf,3.1799e+02,-6.7977e-01,-2.4832e+00,-2.3996e+00,-2.4979e-01,3.6539e-01,-1.1438e+00,1.8491e+00,1.2659e-01,1.9413e+00
2.0000e+03,1.8000e+02,2.9300e+02,3.6714e+01,-1.9890e+06,-1.9890e+06,-9.0275e-01,-1.9890e+06,1.8543e-01,6.8940e+00,inf,3.1907e+02,1.4582e-01,-1.9505e+00,-3.6591e+00,-2.3632e+00,-2.3547e+00,5.0909e-01,-7.6366e-02,2.3576e+00,1.1004e+00
2.0000e+03,1.8100e+02,2.9500e+02,3.6768e+01,-1.9758e+06,-1.9758e+06,-9.0773e-01,-1.9758e+06,1.8550e-01,6.8993e+00,inf,3.2124e+02,2.4552e-01,-1.7559e+00,-1.8767e+00,-1.5090e+00,-2.1234e-01,2.5868e-01,1.6707e-01,1.3202e+00,2.7389e+00
2.0000e+03,1.8200e+02,2.9600e+02,3.6895e+01,-1.9698e+06,-1.9698e+06,-9.1272e-01,-1.9698e+06,1.8557e-01,6.9042e+00,inf,3.2232e+02,-1.2921e+00,-2.2900e+00,-1.2204e+00,-1.6134e+00,-1.0790e+00,-1.2695e+00,1.7431e+00,2.7752e-01,1.0915e+00
2.0000e+03,1.8300e+02,2.9800e+02,3.6948e+01,-1.9366e+06,-1.9366e+06,-9.1771e-01,-1.9366e+06,1.8563e-01,6.9090e+00,inf,3.2450e+02,-7.1195e-01,-1.1567e+00,-2.1529e+00,-2.7833e-01,-2.3863e+00,9.9569e-02,-7.7916e-01,2.3777e+00,1.6197e+00
2.0000e+03,1.8400e+02,2.9900e+02,3.7074e+01,-1.9327e+06,-1.9327e+06,-9.2270e-01,-1.9327e+06,1.8570e-01,6.9143e+00,inf,3.2559e+02,-1.4324e+00,-1.5643e+00,-2.1918e+00,-2.1927e+00,-1.7177e+00,1.2184e-01,-1.0649e+00,1.0068e+00,2.3768e+00
2.0000e+03,1.8500e+02,3.0300e+02,3.6978e+01,-1.9243e+06,-1.9243e+06,-9.2768e-01,-1.9243e+06,1.8577e-01,6.9191e+00,inf,3.2999e+02,-1.0067e+00,-1.6419e+00,-2.0390e+00,-2.1532e+00,-1.3987e+00,-6.2724e-02,6.0567e-01,1.0613e+00,2.3774e+00
2.0000e+03,1.8600e+02,3.0400e+02,3.7103e+01,-1.8709e+06,-1.8709e+06,-9.3267e-01,-1.8709e+06,1.8583e-01,6.9240e+00,inf,3.3108e+02,-2.0244e-01,-1.8088e+00,-2.1843e+00,-1.7458e-01,2.0764e-01,1.0916e+00,1.8204e+00,1.4163e+00,1.1884e+00
2.0000e+03,1.8700e+02,3.0900e+02,3.6935e+01,-1.8625e+06,-1.8625e+06,-9.3766e-01,-1.8625e+06,1.8590e-01,6.9293e+00,inf,3.3652e+02,-2.5445e-01,-1.5126e+00,-1.2926e+00,-6.7077e-01,-1.0724e+00,-1.7451e+00,-3.4011e-02,2.3008e+00,2.3622e+00
2.0000e+03,1.8800e+02,3.1100e+02,3.6986e+01,-1.7730e+06,-1.7730e+06,-9.4265e-01,-1.7730e+06,1.8597e-01,6.9341e+00,inf,3.3871e+02,-1.6116e-01,-9.6577e-01,-1.6899e+00,-4.1646e-01,-7.3086e-01,1.0594e+00,-6.8226e-01,1.9753e-01,2.7172e+00
2.0000e+03,1.8900e+02,3.1400e+02,3.6965e+01,-1.6842e+06,-1.6842e+06,-9.4763e-01,-1.6842e+06,1.8603e-01,6.9390e+00,inf,3.4197e+02,-3.0998e-01,-1.9204e+00,-2.2970e+00,-1.7491e+00,-1.4749e+00,-1.0509e+00,1.0459e+00,6.8094e-01,2.4662e+00
2.0000e+03,1.9000e+02,3.1700e+02,3.6944e+01,-1.6691e+06,-1.6691e+06,-9.5262e-01,-1.6691e+06,1.8610e-01,6.9442e+00,inf,3.4522e+02,-8.3337e-01,-1.3189e+00,-1.0282e+00,-2.4908e+00,-1.2360e+00,4.2578e-01,1.2458e+00,1.3903e-01,2.6142e+00
2.0000e+03,1.9100e+02,3.1900e+02,3.6994e+01,-1.6587e+06,-1.6587e+06,-9.5761e-01,-1.6587e+06,1.8617e-01,6.9491e+00,inf,3.4738e+02,-2.3201e-01,-1.2135e+00,-2.1567e+00,-1.6370e+00,-1.6028e+00,5.6834e-01,1.5752e+00,4.1336e-01,2.2969e+00
2.0000e+03,1.9200e+02,3.2200e+02,3.6973e+01,-1.5771e+06,-1.5771e+06,-9.6260e-01,-1.5771e+06,1.8623e-01,6.9540e+00,inf,3.5063e+02,-5.1219e-02,-1.2370e+00,-1.4306e+00,-4.4990e-01,-1.9692e+00,-1.5757e+00,-3.5346e-01,2.0289e+00,2.6447e+00
2.0000e+03,1.9300e+02,3.2400e+02,3.7023e+01,-1.5346e+06,-1.5346e+06,-9.6758e-01,-1.5346e+06,1.8630e-01,6.9592e+00,inf,3.5281e+02,2.7869e-01,-6.6372e-01,-3.3571e+00,-2.4501e+00,-2.3740e+00,-9.9864e-01,-7.5496e-01,1.4815e+00,1.5007e+00
2.0000e+03,1.9400e+02,3.2600e+02,3.7072e+01,-1.5214e+06,-1.5214e+06,-9.7257e-01,-1.5214e+06,1.8637e-01,6.9641e+00,inf,3.5499e+02,-2.4006e-01,-7.6069e-01,-3.5512e+00,-2.0935e-01,-2.2804e+00,1.0364e+00,-4.4163e-01,2.3642e+00,2.1378e+00
2.0000e+03,1.9500e+02,3.2700e+02,3.7192e+01,-1.5150e+06,-1.5150e+06,-9.7756e-01,-1.5150e+06,1.8643e-01,6.9689e+00,inf,3.5606e+02,-3.4837e-01,-2.1307e+00,-3.4157e+00,-2.4983e+00,-6.7842e-01,-8.8932e-01,1.4132e+00,3.9914e-01,2.3031e+00
2.0000e+03,1.9600e+02,3.2800e+02,3.7311e+01,-1.4840e+06,-1.4840e+06,-9.8255e-01,-1.4840e+06,1.8650e-01,6.9742e+00,inf,3.5715e+02,-6.8493e-01,-1.7575e+00,-1.2826e+00,-1.3946e+00,-6.4945e-01,-1.3410e+00,5.1774e-01,1.7250e+00,2.4584e+00
2.0000e+03,1.9700e+02,3.2900e+02,3.7429e+01,-1.4746e+06,-1.4747e+06,-9.8753e-01,-1.4747e+06,1.8657e-01,6.9790e+00,inf,3.5824e+02,-5.5334e-01,-6.9489e-01,-3.1363e+00,-1.8946e+00,-2.5916e-01,3.3412e-01,-1.0677e+00,9.6603e-01,2.6770e+00
2.0000e+03,1.9800e+02,3.3300e+02,3.7336e+01,-1.4587e+06,-1.4587e+06,-9.9252e-01,-1.4587e+06,1.8663e-01,6.9839e+00,inf,3.6256e+02,-1.2129e+00,-2.3897e+00,-1.0096e+00,-2.1621e+00,-1.5911e+00,6.5827e-01,1.2076e+00,1.8250e+00,1.8477e+00
2.0000e+03,1.9900e+02,3.4100e+02,3.6969e+01,-1.4495e+06,-1.4495e+06,-9.9751e-01,-1.4495e+06,1.8670e-01,6.9891e+00,inf,3.7119e+02,-1.1465e+00,-7.6166e-01,-2.9512e+00,-2.6333e+00,-1.7345e+00,-8.5921e-01,1.1091e+00,1.2356e-01,2.4475e+00
