nlive,niter,ncall,eff,logl,logwt,logvol,logz,logzerr,h,delta_logz,time_elapsed,logzh,logdust,logNpix
2.0000e+03,0.0000e+00,1.0000e+00,1.9608e+00,-2.1784e+05,-2.1784e+05,-1.9803e-02,-2.1784e+05,3.0263e-01,4.6250e+00,inf,4.7506e-01,-5.9670e-01,-3.5991e-02,2.2479e+00
2.0000e+03,1.0000e+00,2.0000e+00,3.8462e+00,-2.0694e+05,-2.0694e+05,-3.9605e-02,-2.0694e+05,3.0328e-01,4.6448e+00,1.8418e+05,9.5607e-01,-1.2320e+00,-1.0692e-02,2.3590e+00
2.0000e+03,2.0000e+00,3.0000e+00,5.6604e+00,-1.7736e+05,-1.7736e+05,-5.9408e-02,-1.7736e+05,3.0393e-01,4.6646e+00,1.7328e+05,1.4348e+00,-4.2624e-01,-3.6160e-01,2.1142e+00
2.0000e+03,3.0000e+00,4.0000e+00,7.4074e+00,-1.6405e+05,-1.6405e+05,-7.9211e-02,-1.6405e+05,3.0457e-01,4.6844e+00,1.4370e+05,1.9243e+00,-1.2719e+00,-9.8380e-02,2.6514e+00
2.0000e+03,4.0000e+00,5.0000e+00,9.0909e+00,-1.6158e+05,-1.6158e+05,-9.9013e-02,-1.6158e+05,3.0521e-01,4.7042e+00,1.3039e+05,2.4349e+00,3.0130e-01,-4.5517e-02,3.1138e+00
2.0000e+03,5.0000e+00,6.0000e+00,1.0714e+01,-1.5959e+05,-1.5960e+05,-1.1882e-01,-1.5960e+05,3.0586e-01,4.7240e+00,1.2792e+05,2.9109e+00,-2.8561e-01,-8.6811e-01,2.0135e+00
2.0000e+03,6.0000e+00,7.0000e+00,1.2281e+01,-1.5582e+05,-1.5583e+05,-1.3862e-01,-1.5583e+05,3.0650e-01,4.7438e+00,1.2594e+05,3.3882e+00,-3.7761e-01,-9.9383e-01,2.0275e+00
2.0000e+03,7.0000e+00,8.0000e+00,1.3793e+01,-1.5552e+05,-1.5553e+05,-1.5842e-01,-1.5553e+05,3.0713e-01,4.7636e+00,1.2216e+05,3.8745e+00,2.8111e-01,-5.3470e-02,3.1868e+00
2.0000e+03,8.0000e+00,9.0000e+00,1.5254e+01,-1.5394e+05,-1.5395e+05,-1.7822e-01,-1.5395e+05,3.0777e-01,4.7834e+00,1.2187e+05,4.3619e+00,-8.6491e-01,-8.6342e-01,2.0187e+00
2.0000e+03,9.0000e+00,1.0000e+01,1.6667e+01,-1.5187e+05,-1.5187e+05,-1.9803e-01,-1.5187e+05,3.0841e-01,4.8032e+00,1.2029e+05,4.8523e+00,4.5653e-02,-2.3472e-01,2.7298e+00
2.0000e+03,1.0000e+01,1.1000e+01,1.8033e+01,-1.5110e+05,-1.5111e+05,-2.1783e-01,-1.5111e+05,3.0904e-01,4.8230e+00,1.1821e+05,5.3353e+00,-8.2965e-01,-6.8490e-01,2.1467e+00
2.0000e+03,1.1000e+01,1.2000e+01,1.9355e+01,-1.4853e+05,-1.4854e+05,-2.3763e-01,-1.4854e+05,3.0968e-01,4.8428e+00,1.1744e+05,5.8088e+00,7.0717e-02,-4.4005e-01,2.5452e+00
2.0000e+03,1.2000e+01,1.3000e+01,2.0635e+01,-1.4834e+05,-1.4835e+05,-2.5743e-01,-1.4835e+05,3.1031e-01,4.8626e+00,1.1488e+05,6.2918e+00,-1.1128e+00,-1.0844e+00,3.8408e+00
2.0000e+03,1.3000e+01,1.4000e+01,2.1875e+01,-1.4754e+05,-1.4754e+05,-2.7724e-01,-1.4754e+05,3.1094e-01,4.8824e+00,1.1468e+05,6.7757e+00,4.4899e-01,-6.6443e-01,2.5113e+00
2.0000e+03,1.4000e+01,1.6000e+01,2.2727e+01,-1.4676e+05,-1.4676e+05,-2.9704e-01,-1.4676e+05,3.1157e-01,4.9022e+00,1.1388e+05,7.7187e+00,-1.0624e+00,-1.5026e-01,2.8843e+00
2.0000e+03,1.5000e+01,1.7000e+01,2.3881e+01,-1.4625e+05,-1.4625e+05,-3.1684e-01,-1.4625e+05,3.1220e-01,4.9220e+00,1.1310e+05,8.2039e+00,-7.6070e-01,-7.9133e-01,2.2062e+00
2.0000e+03,1.6000e+01,1.8000e+01,2.5000e+01,-1.4548e+05,-1.4549e+05,-3.3664e-01,-1.4549e+05,3.1283e-01,4.9418e+00,1.1259e+05,8.6934e+00,-8.1117e-01,-7.1824e-01,2.2524e+00
2.0000e+03,1.7000e+01,2.0000e+01,2.5714e+01,-1.4515e+05,-1.4516e+05,-3.5645e-01,-1.4516e+05,3.1345e-01,4.9616e+00,1.1183e+05,9.6502e+00,-7.6785e-01,-1.3538e+00,3.7428e+00
2.0000e+03,1.8000e+01,2.1000e+01,2.6761e+01,-1.4274e+05,-1.4275e+05,-3.7625e-01,-1.4275e+05,3.1408e-01,4.9814e+00,1.1149e+05,1.0129e+01,-1.1086e+00,-1.2354e+00,2.1077e+00
2.0000e+03,1.9000e+01,2.2000e+01,2.7778e+01,-1.4250e+05,-1.4250e+05,-3.9605e-01,-1.4250e+05,3.1470e-01,5.0012e+00,1.0909e+05,1.0603e+01,-7.5806e-02,-1.1122e+00,2.0621e+00
2.0000e+03,2.0000e+01,2.3000e+01,2.8767e+01,-1.4135e+05,-1.4135e+05,-4.1586e-01,-1.4135e+05,3.1532e-01,5.0210e+00,1.0884e+05,1.1085e+01,-8.4066e-01,-9.9407e-01,2.2238e+00
2.0000e+03,2.1000e+01,2.6000e+01,2.8947e+01,-1.4108e+05,-1.4108e+05,-4.3566e-01,-1.4108e+05,3.1595e-01,5.0408e+00,1.2844e+05,1.2513e+01,9.3734e-02,-8.8448e-01,3.9317e+00
2.0000e+03,2.2000e+01,2.8000e+01,2.9487e+01,-1.4020e+05,-1.4020e+05,-4.5546e-01,-1.4020e+05,3.1657e-01,5.0606e+00,1.2817e+05,1.3468e+01,2.0780e-01,-1.4259e+00,2.3461e+00
2.0000e+03,2.3000e+01,2.9000e+01,3.0380e+01,-1.3970e+05,-1.3971e+05,-4.7526e-01,-1.3971e+05,3.1718e-01,5.0804e+00,1.2729e+05,1.3959e+01,3.1863e-01,-1.8804e+00,2.3686e+00
2.0000e+03,2.4000e+01,3.1000e+01,3.0864e+01,-1.3689e+05,-1.3689e+05,-4.9507e-01,-1.3689e+05,3.1780e-01,5.1002e+00,1.2679e+05,1.4907e+01,4.8416e-01,-8.2396e-02,3.5839e+00
2.0000e+03,2.5000e+01,3.2000e+01,3.1707e+01,-1.3679e+05,-1.3679e+05,-5.1487e-01,-1.3679e+05,3.1842e-01,5.1200e+00,1.2398e+05,1.5381e+01,-2.5445e-01,-1.0126e+00,3.6811e+00
2.0000e+03,2.6000e+01,3.4000e+01,3.2143e+01,-1.3506e+05,-1.3507e+05,-5.3467e-01,-1.3507e+05,3.1903e-01,5.1398e+00,1.2388e+05,1.6342e+01,-1.3305e+00,-1.3340e+00,3.4569e+00
2.0000e+03,2.7000e+01,3.5000e+01,3.2941e+01,-1.3502e+05,-1.3503e+05,-5.5447e-01,-1.3503e+05,3.1965e-01,5.1596e+00,1.2215e+05,1.6827e+01,-9.4707e-01,-3.9626e-01,3.9163e+00
2.0000e+03,2.8000e+01,3.7000e+01,3.3333e+01,-1.3485e+05,-1.3485e+05,-5.7428e-01,-1.3485e+05,3.2026e-01,5.1794e+00,1.2211e+05,1.7781e+01,2.6246e-01,-7.4464e-01,3.8610e+00
2.0000e+03,2.9000e+01,3.9000e+01,3.3708e+01,-1.3408e+05,-1.3409e+05,-5.9408e-01,-1.3409e+05,3.2087e-01,5.1992e+00,1.2194e+05,1.8757e+01,3.6628e-01,-6.9724e-01,2.7944e+00
2.0000e+03,3.0000e+01,4.0000e+01,3.4444e+01,-1.3395e+05,-1.3396e+05,-6.1388e-01,-1.3396e+05,3.2148e-01,5.2191e+00,1.2117e+05,1.9241e+01,-1.9832e-01,-4.8863e-01,3.8642e+00
2.0000e+03,3.1000e+01,4.1000e+01,3.5165e+01,-1.3302e+05,-1.3303e+05,-6.3368e-01,-1.3303e+05,3.2209e-01,5.2389e+00,1.2104e+05,1.9721e+01,-1.4956e+00,-1.9161e+00,2.2836e+00
2.0000e+03,3.2000e+01,4.4000e+01,3.5106e+01,-1.3297e+05,-1.3297e+05,-6.5349e-01,-1.3297e+05,3.2270e-01,5.2587e+00,1.2011e+05,2.1158e+01,-8.8005e-02,-1.7003e+00,3.4921e+00
2.0000e+03,3.3000e+01,4.5000e+01,3.5789e+01,-1.3258e+05,-1.3258e+05,-6.7329e-01,-1.3258e+05,3.2331e-01,5.2785e+00,1.2006e+05,2.1643e+01,2.3208e-02,-1.7119e-01,3.3172e+00
2.0000e+03,3.4000e+01,4.6000e+01,3.6458e+01,-1.3220e+05,-1.3221e+05,-6.9309e-01,-1.3221e+05,3.2391e-01,5.2983e+00,1.1967e+05,2.2121e+01,-3.0169e-01,-1.4177e+00,2.3028e+00
2.0000e+03,3.5000e+01,4.8000e+01,3.6735e+01,-1.3209e+05,-1.3209e+05,-7.1289e-01,-1.3209e+05,3.2452e-01,5.3181e+00,1.1929e+05,2.3080e+01,-6.7984e-01,-1.9162e+00,2.3484e+00
2.0000e+03,3.6000e+01,4.9000e+01,3.7374e+01,-1.3164e+05,-1.3165e+05,-7.3270e-01,-1.3165e+05,3.2512e-01,5.3379e+00,1.1918e+05,2.3562e+01,-3.6326e-01,-1.5965e+00,3.3966e+00
2.0000e+03,3.7000e+01,5.2000e+01,3.7255e+01,-1.3138e+05,-1.3138e+05,-7.5250e-01,-1.3138e+05,3.2572e-01,5.3577e+00,1.1873e+05,2.4980e+01,2.3825e-01,-1.1277e+00,3.6043e+00
2.0000e+03,3.8000e+01,5.7000e+01,3.6449e+01,-1.3124e+05,-1.3124e+05,-7.7230e-01,-1.3124e+05,3.2633e-01,5.3775e+00,1.1847e+05,2.7372e+01,-3.5153e-01,-9.4552e-01,2.3953e+00
2.0000e+03,3.9000e+01,5.8000e+01,3.7037e+01,-1.3084e+05,-1.3084e+05,-7.9211e-01,-1.3084e+05,3.2693e-01,5.3973e+00,1.1833e+05,2.7856e+01,-5.5673e-01,-1.7857e+00,2.4584e+00
2.0000e+03,4.0000e+01,6.1000e+01,3.6937e+01,-1.3079e+05,-1.3080e+05,-8.1191e-01,-1.3080e+05,3.2752e-01,5.4171e+00,1.1793e+05,2.9298e+01,-2.7570e-01,-1.6360e-01,3.2515e+00
2.0000e+03,4.1000e+01,6.4000e+01,3.6842e+01,-1.3049e+05,-1.3050e+05,-8.3171e-01,-1.3050e+05,3.2812e-01,5.4369e+00,1.1788e+05,3.0742e+01,-2.3973e-01,-1.2843e+00,2.4256e+00
2.0000e+03,4.2000e+01,6.8000e+01,3.6441e+01,-1.3038e+05,-1.3038e+05,-8.5151e-01,-1.3038e+05,3.2872e-01,5.4567e+00,1.1758e+05,3.2658e+01,2.6069e-01,-7.2522e-01,3.7052e+00
2.0000e+03,4.3000e+01,7.1000e+01,3.6364e+01,-1.3022e+05,-1.3023e+05,-8.7132e-01,-1.3023e+05,3.2932e-01,5.4765e+00,1.1747e+05,3.4089e+01,2.1011e-01,-1.3873e+00,3.5176e+00
2.0000e+03,4.4000e+01,7.2000e+01,3.6885e+01,-1.3022e+05,-1.3023e+05,-8.9112e-01,-1.3023e+05,3.0319e-01,4.6419e+00,1.1731e+05,3.4568e+01,-1.3307e-01,-5.7460e-01,2.7405e+00
2.0000e+03,4.5000e+01,7.3000e+01,3.7398e+01,-1.3021e+05,-1.3021e+05,-9.1092e-01,-1.3021e+05,3.3050e-01,5.5161e+00,1.1731e+05,3.5057e+01,-1.0687e+00,-5.3011e-01,2.7312e+00
2.0000e+03,4.6000e+01,7.4000e+01,3.7903e+01,-1.2996e+05,-1.2997e+05,-9.3072e-01,-1.2997e+05,3.3110e-01,5.5359e+00,1.1730e+05,3.5546e+01,-1.2151e+00,-8.9506e-01,2.5461e+00
2.0000e+03,4.7000e+01,7.5000e+01,3.8400e+01,-1.2838e+05,-1.2839e+05,-9.5053e-01,-1.2839e+05,3.3169e-01,5.5557e+00,1.1705e+05,3.6023e+01,-1.2834e+00,-4.4764e-01,3.5650e+00
2.0000e+03,4.8000e+01,7.6000e+01,3.8889e+01,-1.2834e+05,-1.2834e+05,-9.7033e-01,-1.2834e+05,3.3228e-01,5.5755e+00,1.1547e+05,3.6505e+01,4.4758e-01,-9.2904e-01,2.8896e+00
2.0000e+03,4.9000e+01,7.7000e+01,3.9370e+01,-1.2829e+05,-1.2830e+05,-9.9013e-01,-1.2830e+05,3.3287e-01,5.5953e+00,1.1543e+05,3.6981e+01,2.5814e-01,-1.4948e+00,2.6960e+00
2.0000e+03,5.0000e+01,8.2000e+01,3.8636e+01,-1.2742e+05,-1.2743e+05,-1.0099e+00,-1.2743e+05,3.3346e-01,5.6151e+00,1.1538e+05,3.9363e+01,1.6201e-01,-7.3255e-01,2.8766e+00
2.0000e+03,5.1000e+01,8.4000e+01,3.8806e+01,-1.2738e+05,-1.2738e+05,-1.0297e+00,-1.2738e+05,3.3404e-01,5.6349e+00,1.1451e+05,4.0331e+01,-1.0059e-01,-1.9686e-01,3.9674e+00
2.0000e+03,5.2000e+01,8.5000e+01,3.9259e+01,-1.2723e+05,-1.2723e+05,-1.0495e+00,-1.2723e+05,3.3463e-01,5.6547e+00,1.1447e+05,4.0809e+01,4.0439e-01,-2.2007e-01,3.9871e+00
2.0000e+03,5.3000e+01,8.9000e+01,3.8849e+01,-1.2718e+05,-1.2719e+05,-1.0693e+00,-1.2719e+05,3.3522e-01,5.6745e+00,1.1432e+05,4.2729e+01,-1.2125e+00,-5.9148e-01,3.4092e+00
2.0000e+03,5.4000e+01,9.5000e+01,3.7931e+01,-1.2712e+05,-1.2712e+05,-1.0891e+00,-1.2712e+05,3.3580e-01,5.6943e+00,1.1427e+05,4.5586e+01,1.0475e-01,-1.0889e-01,3.9581e+00
2.0000e+03,5.5000e+01,9.7000e+01,3.8095e+01,-1.2707e+05,-1.2708e+05,-1.1089e+00,-1.2708e+05,3.3638e-01,5.7141e+00,1.1421e+05,4.6538e+01,-1.7791e-01,-7.3937e-01,2.7419e+00
2.0000e+03,5.6000e+01,9.9000e+01,3.8255e+01,-1.2692e+05,-1.2693e+05,-1.1287e+00,-1.2693e+05,3.3697e-01,5.7339e+00,1.1416e+05,4.7499e+01,-8.9169e-01,-5.7001e-01,3.4482e+00
2.0000e+03,5.7000e+01,1.0000e+02,3.8667e+01,-1.2689e+05,-1.2690e+05,-1.1486e+00,-1.2690e+05,3.3755e-01,5.7537e+00,1.1401e+05,4.7985e+01,-9.7754e-01,-1.2309e-01,3.8773e+00
2.0000e+03,5.8000e+01,1.0200e+02,3.8816e+01,-1.2688e+05,-1.2689e+05,-1.1684e+00,-1.2689e+05,3.3775e-01,5.7607e+00,1.1398e+05,4.8951e+01,-1.2057e+00,-1.9407e+00,3.1878e+00
2.0000e+03,5.9000e+01,1.0400e+02,3.8961e+01,-1.2659e+05,-1.2660e+05,-1.1882e+00,-1.2660e+05,3.3871e-01,5.7933e+00,1.1397e+05,4.9924e+01,-3.6172e-01,-9.3518e-02,3.7708e+00
2.0000e+03,6.0000e+01,1.1300e+02,3.7423e+01,-1.2610e+05,-1.2610e+05,-1.2080e+00,-1.2610e+05,3.3929e-01,5.8131e+00,1.1368e+05,5.4202e+01,-3.0353e-01,-1.7871e+00,2.5943e+00
2.0000e+03,6.1000e+01,1.2700e+02,3.5028e+01,-1.2590e+05,-1.2591e+05,-1.2278e+00,-1.2591e+05,3.3986e-01,5.8329e+00,1.1319e+05,6.0854e+01,-5.8600e-01,-1.3650e-01,3.6920e+00
2.0000e+03,6.2000e+01,1.3100e+02,3.4807e+01,-1.2582e+05,-1.2583e+05,-1.2476e+00,-1.2583e+05,3.4044e-01,5.8527e+00,1.1299e+05,6.2769e+01,-1.1142e+00,-5.7431e-01,3.3959e+00
2.0000e+03,6.3000e+01,1.3900e+02,3.3862e+01,-1.2567e+05,-1.2567e+05,-1.2674e+00,-1.2567e+05,3.4102e-01,5.8725e+00,1.1291e+05,6.6576e+01,-1.3900e+00,-1.3536e+00,3.1810e+00
2.0000e+03,6.4000e+01,1.4500e+02,3.3333e+01,-1.2558e+05,-1.2558e+05,-1.2872e+00,-1.2558e+05,3.4159e-01,5.8923e+00,1.1276e+05,6.9431e+01,-4.6683e-02,-1.9982e-01,3.5583e+00
2.0000e+03,6.5000e+01,1.4900e+02,3.3166e+01,-1.2498e+05,-1.2499e+05,-1.3070e+00,-1.2499e+05,3.4216e-01,5.9121e+00,1.1267e+05,7.1343e+01,-1.4626e+00,-1.4284e+00,3.1610e+00
2.0000e+03,6.6000e+01,1.5200e+02,3.3168e+01,-1.2492e+05,-1.2493e+05,-1.3268e+00,-1.2493e+05,3.4274e-01,5.9319e+00,1.1207e+05,7.2765e+01,-2.6512e-01,-1.7575e-01,3.5810e+00
2.0000e+03,6.7000e+01,1.5300e+02,3.3498e+01,-1.2484e+05,-1.2485e+05,-1.3466e+00,-1.2485e+05,3.4331e-01,5.9517e+00,1.1201e+05,7.3259e+01,-8.6539e-01,-3.6337e-01,3.0151e+00
2.0000e+03,6.8000e+01,1.5500e+02,3.3659e+01,-1.2399e+05,-1.2399e+05,-1.3664e+00,-1.2399e+05,3.4388e-01,5.9716e+00,1.1193e+05,7.4231e+01,-1.3251e+00,-2.2607e-01,3.5649e+00
2.0000e+03,6.9000e+01,1.6100e+02,3.3175e+01,-1.2373e+05,-1.2373e+05,-1.3862e+00,-1.2373e+05,3.4445e-01,5.9914e+00,1.1108e+05,7.7098e+01,-1.1348e+00,-1.9641e-01,3.4131e+00
2.0000e+03,7.0000e+01,1.6200e+02,3.3491e+01,-1.2349e+05,-1.2350e+05,-1.4060e+00,-1.2350e+05,3.4502e-01,6.0112e+00,1.1082e+05,7.7578e+01,4.2891e-01,-1.9659e+00,3.3531e+00
2.0000e+03,7.1000e+01,1.6400e+02,3.3645e+01,-1.2232e+05,-1.2233e+05,-1.4258e+00,-1.2233e+05,3.4558e-01,6.0310e+00,1.1058e+05,7.8535e+01,-4.7199e-01,-2.6226e-01,3.4407e+00
2.0000e+03,7.2000e+01,1.6700e+02,3.3641e+01,-1.2196e+05,-1.2197e+05,-1.4456e+00,-1.2197e+05,3.4615e-01,6.0508e+00,1.0941e+05,7.9983e+01,-1.0224e+00,-3.3951e-01,3.4895e+00
2.0000e+03,7.3000e+01,1.6800e+02,3.3945e+01,-1.2101e+05,-1.2102e+05,-1.4654e+00,-1.2102e+05,3.4672e-01,6.0706e+00,1.0905e+05,8.0476e+01,2.1017e-01,-1.9603e+00,3.2834e+00
2.0000e+03,7.4000e+01,1.7200e+02,3.3784e+01,-1.2096e+05,-1.2096e+05,-1.4852e+00,-1.2096e+05,3.4728e-01,6.0904e+00,1.0810e+05,8.2387e+01,-5.5530e-01,-2.8625e-01,3.3295e+00
2.0000e+03,7.5000e+01,1.7300e+02,3.4081e+01,-1.2033e+05,-1.2033e+05,-1.5050e+00,-1.2033e+05,3.4785e-01,6.1102e+00,1.0805e+05,8.2867e+01,-3.8407e-01,-1.3545e+00,2.6773e+00
2.0000e+03,7.6000e+01,1.8200e+02,3.3190e+01,-1.2004e+05,-1.2005e+05,-1.5248e+00,-1.2005e+05,3.4841e-01,6.1300e+00,1.0742e+05,8.7174e+01,1.3741e-01,-9.0976e-01,2.9025e+00
2.0000e+03,7.7000e+01,1.8700e+02,3.2911e+01,-1.1998e+05,-1.1999e+05,-1.5446e+00,-1.1999e+05,3.4897e-01,6.1498e+00,1.0713e+05,8.9569e+01,-5.7782e-01,-4.4292e-01,3.4409e+00
2.0000e+03,7.8000e+01,1.9100e+02,3.2780e+01,-1.1998e+05,-1.1998e+05,-1.5644e+00,-1.1998e+05,3.4911e-01,6.1546e+00,1.0707e+05,9.1491e+01,4.6331e-01,-6.1039e-01,3.5239e+00
2.0000e+03,7.9000e+01,1.9500e+02,3.2653e+01,-1.1960e+05,-1.1960e+05,-1.5842e+00,-1.1960e+05,3.5009e-01,6.1894e+00,1.0707e+05,9.3408e+01,-2.5408e-01,-1.1741e+00,2.7261e+00
2.0000e+03,8.0000e+01,1.9600e+02,3.2927e+01,-1.1950e+05,-1.1951e+05,-1.6040e+00,-1.1951e+05,3.5065e-01,6.2092e+00,1.0669e+05,9.3888e+01,-2.1817e-01,-1.3400e+00,3.2134e+00
2.0000e+03,8.1000e+01,2.0100e+02,3.2669e+01,-1.1948e+05,-1.1949e+05,-1.6238e+00,-1.1949e+05,3.5121e-01,6.2290e+00,1.0659e+05,9.6289e+01,-7.3866e-01,-3.3480e-01,3.4239e+00
2.0000e+03,8.2000e+01,2.0700e+02,3.2296e+01,-1.1714e+05,-1.1714e+05,-1.6436e+00,-1.1714e+05,3.5177e-01,6.2488e+00,1.0657e+05,9.9143e+01,-1.4268e+00,-2.6370e-01,3.3457e+00
2.0000e+03,8.3000e+01,2.1000e+02,3.2308e+01,-1.1697e+05,-1.1698e+05,-1.6634e+00,-1.1698e+05,3.5233e-01,6.2686e+00,1.0423e+05,1.0059e+02,-1.0993e+00,-7.1286e-01,2.7997e+00
2.0000e+03,8.4000e+01,2.1700e+02,3.1835e+01,-1.1627e+05,-1.1628e+05,-1.6832e+00,-1.1628e+05,3.5288e-01,6.2884e+00,1.0406e+05,1.0392e+02,-2.7527e-01,-8.8869e-01,3.2590e+00
2.0000e+03,8.5000e+01,2.2500e+02,3.1273e+01,-1.1623e+05,-1.1623e+05,-1.7030e+00,-1.1623e+05,3.5344e-01,6.3082e+00,1.0336e+05,1.0774e+02,-6.2104e-01,-1.4359e+00,2.6700e+00
2.0000e+03,8.6000e+01,2.3100e+02,3.0961e+01,-1.1612e+05,-1.1613e+05,-1.7228e+00,-1.1613e+05,3.5399e-01,6.3280e+00,1.0332e+05,1.1061e+02,-3.7345e-01,-1.9237e+00,3.1310e+00
2.0000e+03,8.7000e+01,2.3300e+02,3.1095e+01,-1.1558e+05,-1.1559e+05,-1.7426e+00,-1.1559e+05,3.5455e-01,6.3478e+00,1.0321e+05,1.1156e+02,-4.3338e-01,-1.9134e+00,3.1229e+00
2.0000e+03,8.8000e+01,2.5000e+02,2.9667e+01,-1.1543e+05,-1.1543e+05,-1.7624e+00,-1.1543e+05,3.5510e-01,6.3676e+00,1.0267e+05,1.1970e+02,1.9169e-02,-1.3876e+00,3.2323e+00
2.0000e+03,8.9000e+01,2.5100e+02,2.9900e+01,-1.1439e+05,-1.1440e+05,-1.7822e+00,-1.1440e+05,3.5565e-01,6.3874e+00,1.0252e+05,1.2033e+02,-1.6116e-01,-4.6577e-01,3.4162e+00
2.0000e+03,9.0000e+01,2.6100e+02,2.9260e+01,-1.1414e+05,-1.1415e+05,-1.8020e+00,-1.1415e+05,3.5620e-01,6.4072e+00,1.0148e+05,1.2646e+02,-3.6920e-01,-1.6542e+00,3.1332e+00
2.0000e+03,9.1000e+01,2.6600e+02,2.9114e+01,-1.1345e+05,-1.1346e+05,-1.8218e+00,-1.1346e+05,3.5675e-01,6.4270e+00,1.0123e+05,1.2964e+02,-7.8602e-01,-3.6173e-01,3.2803e+00
2.0000e+03,9.2000e+01,2.6900e+02,2.9154e+01,-1.1329e+05,-1.1329e+05,-1.8416e+00,-1.1329e+05,3.5730e-01,6.4468e+00,1.0054e+05,1.3156e+02,1.0321e-01,-4.3453e-01,3.4027e+00
2.0000e+03,9.3000e+01,2.7000e+02,2.9375e+01,-1.1171e+05,-1.1172e+05,-1.8614e+00,-1.1172e+05,3.5785e-01,6.4666e+00,1.0038e+05,1.3218e+02,-7.7352e-01,-5.3856e-01,2.9511e+00
2.0000e+03,9.4000e+01,2.8000e+02,2.8788e+01,-1.1168e+05,-1.1168e+05,-1.8812e+00,-1.1168e+05,3.5840e-01,6.4864e+00,9.8802e+04,1.3843e+02,-1.4654e+00,-1.8627e+00,2.6412e+00
2.0000e+03,9.5000e+01,2.8500e+02,2.8657e+01,-1.1153e+05,-1.1154e+05,-1.9011e+00,-1.1154e+05,3.5894e-01,6.5062e+00,9.8765e+04,1.4150e+02,-8.0870e-01,-1.5201e+00,3.0716e+00
2.0000e+03,9.6000e+01,2.8900e+02,2.8614e+01,-1.1122e+05,-1.1123e+05,-1.9209e+00,-1.1123e+05,3.5949e-01,6.5260e+00,9.9490e+04,1.4403e+02,-2.7154e-01,-1.1254e+00,3.1862e+00
2.0000e+03,9.7000e+01,2.9000e+02,2.8824e+01,-1.1020e+05,-1.1021e+05,-1.9407e+00,-1.1021e+05,3.6003e-01,6.5458e+00,9.9179e+04,1.4467e+02,-2.6921e-01,-1.8492e+00,2.7376e+00
2.0000e+03,9.8000e+01,2.9200e+02,2.8947e+01,-1.1006e+05,-1.1006e+05,-1.9605e+00,-1.1006e+05,3.6058e-01,6.5656e+00,9.8163e+04,1.4596e+02,4.2999e-01,-7.0837e-01,3.4240e+00
2.0000e+03,9.9000e+01,2.9800e+02,2.8736e+01,-1.0537e+05,-1.0537e+05,-1.9803e+00,-1.0537e+05,3.6112e-01,6.5854e+00,9.8016e+04,1.4977e+02,-6.9553e-01,-1.0858e+00,2.7660e+00
2.0000e+03,1.0000e+02,3.0600e+02,2.8371e+01,-1.0354e+05,-1.0355e+05,-2.0001e+00,-1.0355e+05,3.6166e-01,6.6052e+00,9.3327e+04,1.5485e+02,2.1295e-01,-5.4441e-01,3.3847e+00
2.0000e+03,1.0100e+02,3.0700e+02,2.8571e+01,-1.0333e+05,-1.0333e+05,-2.0199e+00,-1.0333e+05,3.6221e-01,6.6250e+00,9.1502e+04,1.5549e+02,-1.1753e+00,-1.4849e+00,2.6852e+00
2.0000e+03,1.0200e+02,3.0900e+02,2.8691e+01,-1.0232e+05,-1.0233e+05,-2.0397e+00,-1.0233e+05,3.6275e-01,6.6448e+00,9.1286e+04,1.5678e+02,-1.1762e+00,-6.3865e-01,2.8963e+00
2.0000e+03,1.0300e+02,3.1000e+02,2.8889e+01,-1.0211e+05,-1.0212e+05,-2.0595e+00,-1.0212e+05,3.6329e-01,6.6646e+00,9.0280e+04,1.5742e+02,4.0286e-01,-1.0393e+00,3.0051e+00
2.0000e+03,1.0400e+02,3.1100e+02,2.9086e+01,-1.0179e+05,-1.0180e+05,-2.0793e+00,-1.0180e+05,3.6383e-01,6.6844e+00,9.0072e+04,1.5805e+02,-8.3325e-01,-9.6371e-01,2.7894e+00
2.0000e+03,1.0500e+02,3.1600e+02,2.8962e+01,-9.9842e+04,-9.9849e+04,-2.0991e+00,-9.9849e+04,3.6436e-01,6.7042e+00,8.9754e+04,1.6120e+02,-7.7423e-01,-6.9144e-01,3.2096e+00
2.0000e+03,1.0600e+02,3.2400e+02,2.8610e+01,-9.9786e+04,-9.9793e+04,-2.1189e+00,-9.9793e+04,3.6490e-01,6.7241e+00,8.7802e+04,1.6629e+02,-1.3875e+00,-1.8738e+00,2.6959e+00
2.0000e+03,1.0700e+02,3.2700e+02,2.8647e+01,-9.8936e+04,-9.8943e+04,-2.1387e+00,-9.8943e+04,3.6544e-01,6.7439e+00,8.7746e+04,1.6822e+02,-1.3152e+00,-8.3315e-01,2.8109e+00
2.0000e+03,1.0800e+02,3.2800e+02,2.8836e+01,-9.8854e+04,-9.8860e+04,-2.1585e+00,-9.8860e+04,3.6598e-01,6.7637e+00,8.6895e+04,1.6890e+02,-1.4053e+00,-6.5024e-01,3.1892e+00
2.0000e+03,1.0900e+02,3.3200e+02,2.8796e+01,-9.8851e+04,-9.8858e+04,-2.1783e+00,-9.8858e+04,3.5299e-01,6.2923e+00,9.1387e+04,1.7146e+02,-1.3329e+00,-4.7830e-01,3.0185e+00
2.0000e+03,1.1000e+02,3.4100e+02,2.8389e+01,-9.8399e+04,-9.8406e+04,-2.1981e+00,-9.8406e+04,3.6705e-01,6.8033e+00,9.1384e+04,1.7714e+02,-1.2977e+00,-1.8224e+00,2.6966e+00
2.0000e+03,1.1100e+02,3.4800e+02,2.8141e+01,-9.7737e+04,-9.7744e+04,-2.2179e+00,-9.7744e+04,3.6758e-01,6.8231e+00,9.0932e+04,1.8170e+02,1.5362e-01,-1.2480e+00,3.2184e+00
2.0000e+03,1.1200e+02,3.5400e+02,2.7970e+01,-9.7369e+04,-9.7376e+04,-2.2377e+00,-9.7376e+04,3.6811e-01,6.8429e+00,9.0270e+04,1.8563e+02,1.0006e-01,-1.9644e+00,3.1589e+00
2.0000e+03,1.1300e+02,3.5600e+02,2.8079e+01,-9.6267e+04,-9.6274e+04,-2.2575e+00,-9.6274e+04,3.6864e-01,6.8627e+00,8.9902e+04,1.8689e+02,-3.8863e-01,-1.8542e+00,2.7570e+00
2.0000e+03,1.1400e+02,3.5700e+02,2.8256e+01,-9.5291e+04,-9.5298e+04,-2.2773e+00,-9.5298e+04,3.6918e-01,6.8825e+00,8.8800e+04,1.8754e+02,-1.3566e+00,-8.1658e-01,2.8207e+00
2.0000e+03,1.1500e+02,3.6500e+02,2.7952e+01,-9.4482e+04,-9.4489e+04,-2.2971e+00,-9.4489e+04,3.6971e-01,6.9023e+00,8.7824e+04,1.9263e+02,-1.1196e+00,-4.8242e-01,3.0764e+00
2.0000e+03,1.1600e+02,3.6900e+02,2.7924e+01,-9.3925e+04,-9.3931e+04,-2.3169e+00,-9.3931e+04,3.7024e-01,6.9221e+00,8.7015e+04,1.9518e+02,-9.0316e-01,-6.8150e-01,3.1903e+00
2.0000e+03,1.1700e+02,3.7000e+02,2.8095e+01,-9.3567e+04,-9.3574e+04,-2.3367e+00,-9.3574e+04,3.7077e-01,6.9419e+00,8.6458e+04,1.9582e+02,-7.4719e-01,-1.4061e+00,2.7439e+00
2.0000e+03,1.1800e+02,3.7800e+02,2.7804e+01,-9.3437e+04,-9.3444e+04,-2.3565e+00,-9.3444e+04,3.7129e-01,6.9617e+00,8.6100e+04,2.0106e+02,-4.2038e-01,-1.5600e+00,2.7841e+00
2.0000e+03,1.1900e+02,3.8100e+02,2.7842e+01,-9.3391e+04,-9.3398e+04,-2.3763e+00,-9.3398e+04,3.7182e-01,6.9815e+00,8.5970e+04,2.0305e+02,7.8516e-02,-1.8030e+00,2.8847e+00
2.0000e+03,1.2000e+02,3.8200e+02,2.8009e+01,-9.2597e+04,-9.2604e+04,-2.3961e+00,-9.2604e+04,3.7235e-01,7.0013e+00,8.5924e+04,2.0371e+02,-2.7410e-01,-8.1594e-01,3.2103e+00
2.0000e+03,1.2100e+02,3.8300e+02,2.8176e+01,-9.2477e+04,-9.2484e+04,-2.4159e+00,-9.2484e+04,3.7288e-01,7.0211e+00,8.5131e+04,2.0438e+02,-1.1949e+00,-1.2034e+00,2.9984e+00
2.0000e+03,1.2200e+02,3.8500e+02,2.8276e+01,-9.0667e+04,-9.0674e+04,-2.4357e+00,-9.0674e+04,3.7340e-01,7.0409e+00,8.5011e+04,2.0571e+02,-1.4876e+00,-1.3987e+00,2.8738e+00
2.0000e+03,1.2300e+02,3.8800e+02,2.8311e+01,-9.0428e+04,-9.0435e+04,-2.4555e+00,-9.0435e+04,3.7393e-01,7.0607e+00,8.3200e+04,2.0769e+02,-4.5254e-01,-5.4083e-01,3.2469e+00
2.0000e+03,1.2400e+02,3.9000e+02,2.8409e+01,-9.0368e+04,-9.0375e+04,-2.4753e+00,-9.0375e+04,3.7445e-01,7.0805e+00,8.2961e+04,2.0901e+02,1.0975e-03,-9.6281e-01,3.2212e+00
2.0000e+03,1.2500e+02,3.9100e+02,2.8571e+01,-8.9242e+04,-8.9249e+04,-2.4951e+00,-8.9249e+04,3.7497e-01,7.1003e+00,8.2901e+04,2.0969e+02,-1.0627e-01,-7.1947e-01,3.2652e+00
2.0000e+03,1.2600e+02,3.9200e+02,2.8733e+01,-8.9120e+04,-8.9127e+04,-2.5149e+00,-8.9127e+04,3.7550e-01,7.1201e+00,8.1775e+04,2.1037e+02,-1.4175e+00,-1.6503e+00,2.8402e+00
2.0000e+03,1.2700e+02,3.9400e+02,2.8829e+01,-8.8843e+04,-8.8850e+04,-2.5347e+00,-8.8850e+04,3.7602e-01,7.1399e+00,8.1653e+04,2.1170e+02,-8.2139e-01,-6.5892e-01,2.9564e+00
2.0000e+03,1.2800e+02,3.9600e+02,2.8924e+01,-8.7800e+04,-8.7807e+04,-2.5545e+00,-8.7807e+04,3.7654e-01,7.1597e+00,8.1376e+04,2.1303e+02,3.6827e-01,-1.0584e+00,3.0247e+00
2.0000e+03,1.2900e+02,4.0500e+02,2.8571e+01,-8.5525e+04,-8.5533e+04,-2.5743e+00,-8.5533e+04,3.7706e-01,7.1795e+00,8.0333e+04,2.1901e+02,-3.0409e-01,-6.1231e-01,3.0744e+00
2.0000e+03,1.3000e+02,4.1100e+02,2.8416e+01,-8.4973e+04,-8.4980e+04,-2.5941e+00,-8.4980e+04,3.7758e-01,7.1993e+00,7.8059e+04,2.2298e+02,-7.7078e-01,-5.3877e-01,3.2149e+00
2.0000e+03,1.3100e+02,4.2300e+02,2.7907e+01,-8.4944e+04,-8.4951e+04,-2.6139e+00,-8.4951e+04,3.7810e-01,7.2191e+00,7.7506e+04,2.3082e+02,2.4542e-01,-6.6802e-01,3.1776e+00
2.0000e+03,1.3200e+02,4.2700e+02,2.7883e+01,-8.4928e+04,-8.4935e+04,-2.6337e+00,-8.4935e+04,3.7862e-01,7.2389e+00,7.7477e+04,2.3348e+02,-8.8356e-01,-1.6454e+00,2.9651e+00
2.0000e+03,1.3300e+02,4.2900e+02,2.7975e+01,-8.4684e+04,-8.4691e+04,-2.6536e+00,-8.4691e+04,3.7913e-01,7.2587e+00,7.7461e+04,2.3482e+02,-1.1170e+00,-7.5578e-01,2.8755e+00
2.0000e+03,1.3400e+02,4.4400e+02,2.7328e+01,-8.2082e+04,-8.2089e+04,-2.6734e+00,-8.2089e+04,3.7965e-01,7.2785e+00,7.7217e+04,2.4479e+02,-9.4687e-01,-1.4972e+00,2.9607e+00
2.0000e+03,1.3500e+02,4.4800e+02,2.7309e+01,-8.1651e+04,-8.1658e+04,-2.6932e+00,-8.1658e+04,3.8017e-01,7.2983e+00,7.4615e+04,2.4744e+02,-1.2700e+00,-1.4785e+00,2.7672e+00
2.0000e+03,1.3600e+02,4.5000e+02,2.7400e+01,-8.1572e+04,-8.1580e+04,-2.7130e+00,-8.1580e+04,3.8068e-01,7.3181e+00,7.4184e+04,2.4873e+02,-1.3961e+00,-9.6803e-01,2.8100e+00
2.0000e+03,1.3700e+02,4.5200e+02,2.7490e+01,-8.0606e+04,-8.0614e+04,-2.7328e+00,-8.0614e+04,3.8120e-01,7.3379e+00,7.4106e+04,2.5005e+02,-5.7262e-01,-1.5483e+00,3.0208e+00
2.0000e+03,1.3800e+02,4.5300e+02,2.7634e+01,-8.0006e+04,-8.0013e+04,-2.7526e+00,-8.0013e+04,3.8171e-01,7.3577e+00,7.3139e+04,2.5070e+02,-8.9420e-01,-1.9696e+00,2.9267e+00
2.0000e+03,1.3900e+02,4.5400e+02,2.7778e+01,-7.9850e+04,-7.9857e+04,-2.7724e+00,-7.9857e+04,3.8222e-01,7.3775e+00,7.2539e+04,2.5134e+02,4.4562e-01,-1.0260e+00,3.2830e+00
2.0000e+03,1.4000e+02,4.5800e+02,2.7756e+01,-7.6271e+04,-7.6278e+04,-2.7922e+00,-7.6278e+04,3.8274e-01,7.3973e+00,7.2383e+04,2.5398e+02,-1.7521e-01,-6.8488e-01,3.0789e+00
2.0000e+03,1.4100e+02,4.6000e+02,2.7843e+01,-7.3488e+04,-7.3495e+04,-2.8120e+00,-7.3495e+04,3.8325e-01,7.4171e+00,6.8804e+04,2.5529e+02,-1.4576e+00,-1.1330e+00,2.8926e+00
2.0000e+03,1.4200e+02,4.6400e+02,2.7821e+01,-7.1931e+04,-7.1938e+04,-2.8318e+00,-7.1938e+04,3.8376e-01,7.4369e+00,6.6021e+04,2.5791e+02,-9.9590e-02,-1.4348e+00,2.8969e+00
2.0000e+03,1.4300e+02,4.7100e+02,2.7639e+01,-7.0990e+04,-7.0997e+04,-2.8516e+00,-7.0997e+04,3.8427e-01,7.4567e+00,6.4464e+04,2.6253e+02,-1.0103e+00,-6.7197e-01,2.9624e+00
2.0000e+03,1.4400e+02,4.8100e+02,2.7307e+01,-7.0776e+04,-7.0783e+04,-2.8714e+00,-7.0783e+04,3.8478e-01,7.4766e+00,6.3878e+04,2.6913e+02,-1.1949e+00,-8.6318e-01,3.0564e+00
2.0000e+03,1.4500e+02,4.8700e+02,2.7188e+01,-7.0005e+04,-7.0012e+04,-2.8912e+00,-7.0012e+04,3.8529e-01,7.4964e+00,6.3664e+04,2.7307e+02,-3.7778e-01,-1.5449e+00,2.8389e+00
2.0000e+03,1.4600e+02,4.9300e+02,2.7072e+01,-6.9110e+04,-6.9117e+04,-2.9110e+00,-6.9117e+04,3.8580e-01,7.5162e+00,6.2893e+04,2.7694e+02,3.3769e-01,-1.8861e+00,3.1702e+00
2.0000e+03,1.4700e+02,4.9500e+02,2.7156e+01,-6.7395e+04,-6.7402e+04,-2.9308e+00,-6.7402e+04,3.8631e-01,7.5360e+00,6.1998e+04,2.7824e+02,-1.3401e+00,-1.1322e+00,2.9088e+00
2.0000e+03,1.4800e+02,4.9900e+02,2.7140e+01,-6.7373e+04,-6.7381e+04,-2.9506e+00,-6.7381e+04,3.8681e-01,7.5558e+00,6.0283e+04,2.8081e+02,-1.1459e+00,-1.0938e+00,2.8177e+00
2.0000e+03,1.4900e+02,5.0400e+02,2.7076e+01,-6.7247e+04,-6.7254e+04,-2.9704e+00,-6.7254e+04,3.8732e-01,7.5756e+00,6.0261e+04,2.8400e+02,9.4161e-02,-1.6965e+00,2.9324e+00
2.0000e+03,1.5000e+02,5.0700e+02,2.7110e+01,-6.7186e+04,-6.7194e+04,-2.9902e+00,-6.7194e+04,3.8782e-01,7.5954e+00,6.0135e+04,2.8596e+02,-6.7977e-01,-1.9832e+00,2.9431e+00
2.0000e+03,1.5100e+02,5.3000e+02,2.6207e+01,-6.7046e+04,-6.7053e+04,-3.0100e+00,-6.7053e+04,3.8833e-01,7.6152e+00,6.0075e+04,3.0072e+02,2.5187e-01,-1.2844e+00,3.0020e+00
2.0000e+03,1.5200e+02,5.3300e+02,2.6244e+01,-6.5737e+04,-6.5744e+04,-3.0298e+00,-6.5744e+04,3.8883e-01,7.6350e+00,5.9934e+04,3.0264e+02,7.7460e-02,-1.3663e+00,3.1362e+00
2.0000e+03,1.5300e+02,5.4700e+02,2.5796e+01,-6.5615e+04,-6.5622e+04,-3.0496e+00,-6.5622e+04,3.8934e-01,7.6548e+00,5.8625e+04,3.1160e+02,-8.5643e-01,-1.4274e+00,2.9500e+00
2.0000e+03,1.5400e+02,5.6800e+02,2.5081e+01,-6.5550e+04,-6.5557e+04,-3.0694e+00,-6.5557e+04,3.8984e-01,7.6746e+00,5.8503e+04,3.2489e+02,-3.5241e-01,-1.3579e+00,2.8575e+00
2.0000e+03,1.5500e+02,5.6900e+02,2.5202e+01,-6.5309e+04,-6.5316e+04,-3.0892e+00,-6.5316e+04,3.9034e-01,7.6944e+00,5.8438e+04,3.2552e+02,-1.0508e+00,-1.4652e+00,2.8727e+00
2.0000e+03,1.5600e+02,5.7100e+02,2.5282e+01,-6.4341e+04,-6.4349e+04,-3.1090e+00,-6.4349e+04,3.9085e-01,7.7142e+00,5.8197e+04,3.2681e+02,-1.4969e-01,-1.5467e+00,3.0688e+00
2.0000e+03,1.5700e+02,5.7200e+02,2.5402e+01,-6.3636e+04,-6.3644e+04,-3.1288e+00,-6.3644e+04,3.9135e-01,7.7340e+00,5.7229e+04,3.2746e+02,-1.1932e+00,-1.2135e+00,2.9032e+00
2.0000e+03,1.5800e+02,5.7400e+02,2.5481e+01,-6.3358e+04,-6.3366e+04,-3.1486e+00,-6.3366e+04,3.9185e-01,7.7538e+00,5.6524e+04,3.2877e+02,-1.2035e+00,-1.2280e+00,2.8735e+00
2.0000e+03,1.5900e+02,6.1800e+02,2.3952e+01,-6.2723e+04,-6.2731e+04,-3.1684e+00,-6.2731e+04,3.9235e-01,7.7736e+00,5.6246e+04,3.5759e+02,-8.0552e-02,-7.1369e-01,3.1138e+00
2.0000e+03,1.6000e+02,6.3700e+02,2.3435e+01,-6.2262e+04,-6.2270e+04,-3.1882e+00,-6.2270e+04,3.9285e-01,7.7934e+00,5.5611e+04,3.7012e+02,1.4766e-02,-7.5927e-01,3.2246e+00
2.0000e+03,1.6100e+02,6.3800e+02,2.3547e+01,-6.1520e+04,-6.1528e+04,-3.2080e+00,-6.1528e+04,3.9335e-01,7.8132e+00,5.5151e+04,3.7078e+02,-1.0140e+00,-9.7476e-01,2.8504e+00
2.0000e+03,1.6200e+02,6.4200e+02,2.3555e+01,-6.1300e+04,-6.1308e+04,-3.2278e+00,-6.1308e+04,3.9385e-01,7.8330e+00,5.4408e+04,3.7343e+02,-3.3431e-01,-1.8474e+00,3.0078e+00
2.0000e+03,1.6300e+02,6.4800e+02,2.3496e+01,-6.1263e+04,-6.1271e+04,-3.2476e+00,-6.1271e+04,3.9434e-01,7.8528e+00,5.4188e+04,3.7730e+02,-1.2149e-01,-1.5141e+00,2.9009e+00
2.0000e+03,1.6400e+02,6.5100e+02,2.3538e+01,-6.0798e+04,-6.0806e+04,-3.2674e+00,-6.0806e+04,3.9484e-01,7.8726e+00,5.4151e+04,3.7924e+02,1.1791e-01,-1.3497e+00,2.9679e+00
2.0000e+03,1.6500e+02,6.5800e+02,2.3446e+01,-6.0779e+04,-6.0787e+04,-3.2872e+00,-6.0787e+04,3.9534e-01,7.8924e+00,5.3686e+04,3.8376e+02,-1.1386e+00,-7.3815e-01,3.1025e+00
2.0000e+03,1.6600e+02,6.6200e+02,2.3455e+01,-5.8195e+04,-5.8203e+04,-3.3070e+00,-5.8203e+04,3.9583e-01,7.9122e+00,5.3667e+04,3.8634e+02,-1.3397e+00,-8.1631e-01,2.8855e+00
2.0000e+03,1.6700e+02,6.6600e+02,2.3464e+01,-5.7344e+04,-5.7352e+04,-3.3268e+00,-5.7352e+04,3.9633e-01,7.9320e+00,5.1084e+04,3.8892e+02,-1.2612e+00,-5.2295e-01,3.1746e+00
2.0000e+03,1.6800e+02,6.6800e+02,2.3538e+01,-5.5055e+04,-5.5063e+04,-3.3466e+00,-5.5063e+04,3.9682e-01,7.9518e+00,5.0232e+04,3.9021e+02,-1.3784e+00,-5.0814e-01,3.1787e+00
2.0000e+03,1.6900e+02,6.7400e+02,2.3481e+01,-5.4768e+04,-5.4776e+04,-3.3664e+00,-5.4776e+04,3.9731e-01,7.9716e+00,5.2651e+04,3.9399e+02,-1.3443e+00,-7.7178e-01,3.0668e+00
2.0000e+03,1.7000e+02,6.7700e+02,2.3521e+01,-5.4448e+04,-5.4456e+04,-3.3862e+00,-5.4456e+04,3.9781e-01,7.9914e+00,5.2364e+04,3.9591e+02,-4.9565e-02,-1.6443e+00,2.9260e+00
2.0000e+03,1.7100e+02,6.8200e+02,2.3497e+01,-5.2440e+04,-5.2448e+04,-3.4061e+00,-5.2448e+04,3.9830e-01,8.0112e+00,5.2044e+04,3.9904e+02,-3.1540e-01,-7.7990e-01,3.0249e+00
2.0000e+03,1.7200e+02,6.8700e+02,2.3474e+01,-5.1758e+04,-5.1766e+04,-3.4259e+00,-5.1766e+04,3.9879e-01,8.0310e+00,5.0036e+04,4.0224e+02,2.8727e-01,-8.5331e-01,3.1446e+00
2.0000e+03,1.7300e+02,6.9600e+02,2.3324e+01,-5.0993e+04,-5.1001e+04,-3.4457e+00,-5.1001e+04,3.9928e-01,8.0508e+00,4.9354e+04,4.0795e+02,-1.3542e+00,-7.2599e-01,2.9293e+00
2.0000e+03,1.7400e+02,6.9800e+02,2.3396e+01,-5.0948e+04,-5.0956e+04,-3.4655e+00,-5.0956e+04,3.9977e-01,8.0706e+00,4.8589e+04,4.0923e+02,4.5885e-02,-1.4160e+00,3.1070e+00
2.0000e+03,1.7500e+02,7.0200e+02,2.3404e+01,-5.0703e+04,-5.0711e+04,-3.4853e+00,-5.0711e+04,4.0026e-01,8.0904e+00,4.8544e+04,4.1182e+02,-9.2950e-01,-7.5017e-01,2.9562e+00
2.0000e+03,1.7600e+02,7.0400e+02,2.3475e+01,-4.9261e+04,-4.9269e+04,-3.5051e+00,-4.9269e+04,4.0075e-01,8.1102e+00,4.8299e+04,4.1310e+02,-8.9716e-01,-6.6543e-01,3.0185e+00
2.0000e+03,1.7700e+02,7.0500e+02,2.3576e+01,-4.8934e+04,-4.8942e+04,-3.5249e+00,-4.8942e+04,4.0124e-01,8.1300e+00,4.6857e+04,4.1375e+02,2.4573e-01,-1.8306e+00,2.9907e+00
2.0000e+03,1.7800e+02,7.0800e+02,2.3615e+01,-4.8870e+04,-4.8878e+04,-3.5447e+00,-4.8878e+04,4.0173e-01,8.1498e+00,4.6530e+04,4.1567e+02,-7.0747e-01,-1.9786e+00,2.8429e+00
2.0000e+03,1.7900e+02,7.1300e+02,2.3591e+01,-4.8657e+04,-4.8665e+04,-3.5645e+00,-4.8665e+04,4.0222e-01,8.1696e+00,4.6466e+04,4.1892e+02,4.0328e-01,-1.1672e+00,3.0694e+00
2.0000e+03,1.8000e+02,7.1600e+02,2.3629e+01,-4.7902e+04,-4.7910e+04,-3.5843e+00,-4.7910e+04,4.0271e-01,8.1894e+00,4.6253e+04,4.2082e+02,-5.2565e-01,-1.4602e+00,2.8558e+00
2.0000e+03,1.8100e+02,7.2300e+02,2.3545e+01,-4.7577e+04,-4.7586e+04,-3.6041e+00,-4.7586e+04,4.0319e-01,8.2092e+00,4.5498e+04,4.2525e+02,9.1283e-02,-1.2334e+00,2.9903e+00
2.0000e+03,1.8200e+02,7.3200e+02,2.3402e+01,-4.7036e+04,-4.7044e+04,-3.6239e+00,-4.7044e+04,4.0368e-01,8.2291e+00,4.5173e+04,4.3093e+02,-1.1811e+00,-7.6969e-01,2.9219e+00
2.0000e+03,1.8300e+02,7.3600e+02,2.3410e+01,-4.6764e+04,-4.6772e+04,-3.6437e+00,-4.6772e+04,4.0416e-01,8.2489e+00,4.4632e+04,4.3350e+02,-1.9240e-01,-1.6923e+00,2.8988e+00
2.0000e+03,1.8400e+02,7.3900e+02,2.3447e+01,-4.6707e+04,-4.6715e+04,-3.6635e+00,-4.6715e+04,4.0465e-01,8.2687e+00,4.4360e+04,4.3543e+02,-1.2366e+00,-6.2860e-01,3.1283e+00
2.0000e+03,1.8500e+02,7.4000e+02,2.3544e+01,-4.5363e+04,-4.5371e+04,-3.6833e+00,-4.5371e+04,4.0513e-01,8.2885e+00,4.4303e+04,4.3608e+02,-4.3061e-01,-1.7855e+00,2.9643e+00
2.0000e+03,1.8600e+02,7.4500e+02,2.3522e+01,-4.5354e+04,-4.5363e+04,-3.7031e+00,-4.5363e+04,4.0550e-01,8.3034e+00,4.2959e+04,4.3930e+02,2.2773e-01,-1.4739e+00,3.1379e+00
2.0000e+03,1.8700e+02,7.6000e+02,2.3210e+01,-4.4713e+04,-4.4721e+04,-3.7229e+00,-4.4721e+04,4.0610e-01,8.3281e+00,4.2950e+04,4.4892e+02,-6.6224e-01,-9.1126e-01,2.9284e+00
2.0000e+03,1.8800e+02,7.8500e+02,2.2635e+01,-4.3349e+04,-4.3358e+04,-3.7427e+00,-4.3358e+04,4.0658e-01,8.3479e+00,4.2309e+04,4.6496e+02,-7.2111e-01,-6.7649e-01,3.0620e+00
2.0000e+03,1.8900e+02,7.9200e+02,2.2565e+01,-4.3230e+04,-4.3238e+04,-3.7625e+00,-4.3238e+04,4.0706e-01,8.3677e+00,4.0945e+04,4.6955e+02,-9.8892e-01,-1.1398e+00,2.8656e+00
2.0000e+03,1.9000e+02,8.2500e+02,2.1829e+01,-4.3017e+04,-4.3025e+04,-3.7823e+00,-4.3025e+04,4.0755e-01,8.3875e+00,4.0826e+04,4.9111e+02,4.2927e-01,-1.1660e+00,3.0845e+00
2.0000e+03,1.9100e+02,8.3000e+02,2.1818e+01,-4.2837e+04,-4.2846e+04,-3.8021e+00,-4.2846e+04,4.0803e-01,8.4073e+00,4.0613e+04,4.9437e+02,-5.2117e-01,-7.9521e-01,2.9966e+00
2.0000e+03,1.9200e+02,8.8300e+02,2.0686e+01,-4.2543e+04,-4.2551e+04,-3.8219e+00,-4.2551e+04,4.0851e-01,8.4271e+00,4.0433e+04,5.2879e+02,1.8417e-01,-8.2285e-01,3.1866e+00
2.0000e+03,1.9300e+02,8.9500e+02,2.0529e+01,-4.1660e+04,-4.1668e+04,-3.8417e+00,-4.1668e+04,4.0899e-01,8.4469e+00,4.0139e+04,5.3660e+02,-1.0451e+00,-1.0886e+00,2.8818e+00
2.0000e+03,1.9400e+02,8.9800e+02,2.0570e+01,-4.1338e+04,-4.1346e+04,-3.8615e+00,-4.1346e+04,4.0947e-01,8.4667e+00,3.9256e+04,5.3855e+02,-5.6319e-01,-7.5612e-01,3.0274e+00
2.0000e+03,1.9500e+02,9.0200e+02,2.0588e+01,-4.1333e+04,-4.1342e+04,-3.8813e+00,-4.1342e+04,4.0759e-01,8.3891e+00,3.8934e+04,5.4117e+02,-7.8301e-01,-1.1262e+00,2.9845e+00
2.0000e+03,1.9600e+02,9.0900e+02,2.0542e+01,-4.0524e+04,-4.0533e+04,-3.9011e+00,-4.0533e+04,4.1042e-01,8.5063e+00,3.8929e+04,5.4576e+02,-7.2041e-01,-1.5499e+00,2.8917e+00
2.0000e+03,1.9700e+02,9.2200e+02,2.0370e+01,-3.9738e+04,-3.9747e+04,-3.9209e+00,-3.9747e+04,4.1090e-01,8.5261e+00,3.8120e+04,5.5406e+02,-6.3127e-01,-1.5699e+00,2.8623e+00
2.0000e+03,1.9800e+02,9.2700e+02,2.0368e+01,-3.9592e+04,-3.9601e+04,-3.9407e+00,-3.9601e+04,4.1138e-01,8.5459e+00,3.7334e+04,5.5728e+02,-6.1063e-01,-8.2228e-01,2.9738e+00
2.0000e+03,1.9900e+02,9.4200e+02,2.0161e+01,-3.8189e+04,-3.8198e+04,-3.9605e+00,-3.8198e+04,4.1185e-01,8.5657e+00,3.7188e+04,5.6690e+02,-5.9117e-01,-1.7607e+00,2.8800e+00
2.0000e+03,2.0000e+02,9.6600e+02,1.9783e+01,-3.7751e+04,-3.7759e+04,-3.9803e+00,-3.7759e+04,4.1233e-01,8.5855e+00,3.5785e+04,5.8263e+02,-4.0327e-01,-1.4621e+00,2.8868e+00
2.0000e+03,2.0100e+02,9.7200e+02,1.9765e+01,-3.7553e+04,-3.7562e+04,-4.0001e+00,-3.7562e+04,4.1280e-01,8.6053e+00,3.5347e+04,5.8651e+02,-1.1061e-01,-1.2040e+00,2.9666e+00
2.0000e+03,2.0200e+02,9.9500e+02,1.9426e+01,-3.6482e+04,-3.6491e+04,-4.0199e+00,-3.6491e+04,4.1328e-01,8.6251e+00,3.5149e+04,6.0126e+02,-2.2193e-02,-1.9475e+00,2.9498e+00
2.0000e+03,2.0300e+02,9.9900e+02,1.9447e+01,-3.5682e+04,-3.5691e+04,-4.0397e+00,-3.5691e+04,4.1375e-01,8.6449e+00,3.4078e+04,6.0384e+02,1.9637e-01,-9.3577e-01,3.1848e+00
2.0000e+03,2.0400e+02,1.0030e+03,1.9468e+01,-3.5538e+04,-3.5547e+04,-4.0595e+00,-3.5547e+04,4.1423e-01,8.6647e+00,3.3278e+04,6.0643e+02,-4.7027e-01,-1.8710e+00,2.8811e+00
2.0000e+03,2.0500e+02,1.0140e+03,1.9361e+01,-3.5498e+04,-3.5506e+04,-4.0793e+00,-3.5506e+04,4.1470e-01,8.6845e+00,3.3134e+04,6.1357e+02,-3.3290e-01,-1.7054e+00,2.8903e+00
2.0000e+03,2.0600e+02,1.0270e+03,1.9220e+01,-3.5345e+04,-3.5354e+04,-4.0991e+00,-3.5354e+04,4.1517e-01,8.7043e+00,3.3094e+04,6.2197e+02,-8.2922e-01,-1.2969e+00,2.8859e+00
2.0000e+03,2.0700e+02,1.0280e+03,1.9295e+01,-3.4460e+04,-3.4469e+04,-4.1189e+00,-3.4469e+04,4.1564e-01,8.7241e+00,3.3835e+04,6.2263e+02,-2.0016e-01,-1.6173e+00,2.9190e+00
2.0000e+03,2.0800e+02,1.0400e+03,1.9174e+01,-3.4056e+04,-3.4065e+04,-4.1387e+00,-3.4065e+04,4.1612e-01,8.7439e+00,3.2950e+04,6.3039e+02,-1.4867e-01,-9.0995e-01,3.1285e+00
2.0000e+03,2.0900e+02,1.0570e+03,1.8970e+01,-3.3859e+04,-3.3868e+04,-4.1586e+00,-3.3868e+04,4.1659e-01,8.7637e+00,3.2546e+04,6.4143e+02,-3.8786e-02,-1.6654e+00,3.0440e+00
2.0000e+03,2.1000e+02,1.0960e+03,1.8412e+01,-3.3744e+04,-3.3753e+04,-4.1784e+00,-3.3753e+04,4.1706e-01,8.7835e+00,3.2349e+04,6.6660e+02,3.2384e-01,-1.0640e+00,3.1878e+00
2.0000e+03,2.1100e+02,1.0970e+03,1.8483e+01,-3.3663e+04,-3.3672e+04,-4.1982e+00,-3.3672e+04,4.1753e-01,8.8033e+00,3.2234e+04,6.6724e+02,2.9993e-01,-1.1665e+00,3.0717e+00
2.0000e+03,2.1200e+02,1.1020e+03,1.8490e+01,-3.3030e+04,-3.3039e+04,-4.2180e+00,-3.3039e+04,4.1800e-01,8.8231e+00,3.2153e+04,6.7044e+02,-1.3801e-01,-8.0100e-01,3.1162e+00
2.0000e+03,2.1300e+02,1.1040e+03,1.8544e+01,-3.2733e+04,-3.2742e+04,-4.2378e+00,-3.2742e+04,4.1847e-01,8.8429e+00,3.1520e+04,6.7174e+02,-4.2798e-01,-1.1844e+00,3.0231e+00
2.0000e+03,2.1400e+02,1.1190e+03,1.8392e+01,-3.1628e+04,-3.1637e+04,-4.2576e+00,-3.1637e+04,4.1893e-01,8.8627e+00,3.1224e+04,6.8128e+02,-1.4445e-01,-8.7786e-01,3.1309e+00
2.0000e+03,2.1500e+02,1.1280e+03,1.8336e+01,-3.0852e+04,-3.0861e+04,-4.2774e+00,-3.0861e+04,4.1940e-01,8.8825e+00,3.0118e+04,6.8697e+02,-7.4325e-01,-1.1931e+00,2.9505e+00
2.0000e+03,2.1600e+02,1.1330e+03,1.8343e+01,-3.0823e+04,-3.0832e+04,-4.2972e+00,-3.0832e+04,4.1987e-01,8.9023e+00,2.9342e+04,6.9013e+02,-4.0608e-01,-1.8921e+00,2.9038e+00
2.0000e+03,2.1700e+02,1.1420e+03,1.8289e+01,-3.0703e+04,-3.0712e+04,-4.3170e+00,-3.0712e+04,4.2034e-01,8.9221e+00,2.9313e+04,6.9591e+02,-5.1692e-01,-9.8429e-01,2.9436e+00
2.0000e+03,2.1800e+02,1.1530e+03,1.8204e+01,-3.0524e+04,-3.0533e+04,-4.3368e+00,-3.0533e+04,4.2080e-01,8.9419e+00,2.9193e+04,7.0301e+02,-4.7682e-01,-1.6681e+00,2.9275e+00
2.0000e+03,2.1900e+02,1.1570e+03,1.8227e+01,-2.9706e+04,-2.9715e+04,-4.3566e+00,-2.9715e+04,4.2127e-01,8.9617e+00,2.9014e+04,7.0559e+02,-3.8704e-01,-1.1909e+00,3.0248e+00
2.0000e+03,2.2000e+02,1.1610e+03,1.8249e+01,-2.9183e+04,-2.9192e+04,-4.3764e+00,-2.9192e+04,4.2173e-01,8.9816e+00,2.8196e+04,7.0816e+02,-1.5549e-01,-1.7617e+00,2.9368e+00
2.0000e+03,2.2100e+02,1.1810e+03,1.8034e+01,-2.8378e+04,-2.8387e+04,-4.3962e+00,-2.8387e+04,4.2220e-01,9.0014e+00,2.7673e+04,7.2109e+02,-1.8458e-01,-1.4962e+00,2.9369e+00
2.0000e+03,2.2200e+02,1.1870e+03,1.8027e+01,-2.8090e+04,-2.8099e+04,-4.4160e+00,-2.8099e+04,4.2266e-01,9.0212e+00,2.6868e+04,7.2499e+02,-6.1482e-01,-1.1856e+00,2.8999e+00
2.0000e+03,2.2300e+02,1.1900e+03,1.8065e+01,-2.7987e+04,-2.7996e+04,-4.4358e+00,-2.7996e+04,4.2312e-01,9.0410e+00,2.6580e+04,7.2697e+02,-1.6083e-02,-1.1737e+00,3.0981e+00
2.0000e+03,2.2400e+02,1.1910e+03,1.8131e+01,-2.6449e+04,-2.6458e+04,-4.4556e+00,-2.6458e+04,4.2359e-01,9.0608e+00,2.6477e+04,7.2763e+02,-1.0869e+00,-7.2975e-01,2.9771e+00
2.0000e+03,2.2500e+02,1.1960e+03,1.8138e+01,-2.5624e+04,-2.5633e+04,-4.4754e+00,-2.5633e+04,4.2405e-01,9.0806e+00,2.4939e+04,7.3093e+02,-1.9202e-01,-1.9745e+00,2.9708e+00
2.0000e+03,2.2600e+02,1.1990e+03,1.8175e+01,-2.5320e+04,-2.5329e+04,-4.4952e+00,-2.5329e+04,4.2451e-01,9.1004e+00,2.4114e+04,7.3288e+02,2.3491e-01,-9.5549e-01,3.1479e+00
2.0000e+03,2.2700e+02,1.2220e+03,1.7925e+01,-2.4641e+04,-2.4650e+04,-4.5150e+00,-2.4650e+04,4.2497e-01,9.1202e+00,2.3810e+04,7.4771e+02,3.7087e-01,-1.9401e+00,3.0481e+00
2.0000e+03,2.2800e+02,1.2250e+03,1.7961e+01,-2.4523e+04,-2.4532e+04,-4.5348e+00,-2.4532e+04,4.2544e-01,9.1400e+00,2.3131e+04,7.4966e+02,-3.0142e-01,-9.7289e-01,3.0741e+00
2.0000e+03,2.2900e+02,1.2320e+03,1.7941e+01,-2.4265e+04,-2.4274e+04,-4.5546e+00,-2.4274e+04,4.2590e-01,9.1598e+00,2.3013e+04,7.5415e+02,-7.4309e-01,-9.1542e-01,3.0316e+00
2.0000e+03,2.3000e+02,1.2330e+03,1.8005e+01,-2.3792e+04,-2.3801e+04,-4.5744e+00,-2.3801e+04,4.2636e-01,9.1796e+00,2.2755e+04,7.5480e+02,-3.6923e-01,-1.0039e+00,2.9699e+00
2.0000e+03,2.3100e+02,1.2390e+03,1.7998e+01,-2.3462e+04,-2.3471e+04,-4.5942e+00,-2.3471e+04,4.2682e-01,9.1994e+00,2.2282e+04,7.5864e+02,-6.3951e-01,-9.1361e-01,3.0486e+00
2.0000e+03,2.3200e+02,1.2400e+03,1.8062e+01,-2.3350e+04,-2.3359e+04,-4.6140e+00,-2.3359e+04,4.2728e-01,9.2192e+00,2.1952e+04,7.5929e+02,-2.7228e-01,-1.6725e+00,2.9226e+00
2.0000e+03,2.3300e+02,1.2550e+03,1.7931e+01,-2.3213e+04,-2.3223e+04,-4.6338e+00,-2.3223e+04,4.2773e-01,9.2390e+00,2.1840e+04,7.6882e+02,2.9401e-02,-1.8908e+00,2.9802e+00
2.0000e+03,2.3400e+02,1.2560e+03,1.7994e+01,-2.3173e+04,-2.3182e+04,-4.6536e+00,-2.3182e+04,4.2819e-01,9.2588e+00,2.1703e+04,7.6947e+02,-1.2085e+00,-8.6756e-01,2.9322e+00
2.0000e+03,2.3500e+02,1.2770e+03,1.7784e+01,-2.2778e+04,-2.2787e+04,-4.6734e+00,-2.2787e+04,4.2865e-01,9.2786e+00,2.1663e+04,7.8291e+02,2.6045e-01,-1.0045e+00,3.1290e+00
2.0000e+03,2.3600e+02,1.2860e+03,1.7740e+01,-2.2566e+04,-2.2576e+04,-4.6932e+00,-2.2576e+04,4.2911e-01,9.2984e+00,2.1268e+04,7.8866e+02,-4.2589e-01,-1.5578e+00,2.9165e+00
2.0000e+03,2.3700e+02,1.3250e+03,1.7309e+01,-2.1800e+04,-2.1809e+04,-4.7130e+00,-2.1809e+04,4.2956e-01,9.3182e+00,2.1056e+04,8.1374e+02,3.2569e-01,-1.2441e+00,3.1512e+00
2.0000e+03,2.3800e+02,1.3360e+03,1.7244e+01,-2.1640e+04,-2.1650e+04,-4.7328e+00,-2.1650e+04,4.3002e-01,9.3380e+00,2.0290e+04,8.2080e+02,8.8993e-02,-1.0403e+00,3.0627e+00
2.0000e+03,2.3900e+02,1.3380e+03,1.7291e+01,-2.1534e+04,-2.1543e+04,-4.7526e+00,-2.1543e+04,4.3048e-01,9.3578e+00,2.0130e+04,8.2210e+02,-1.7194e-01,-1.9160e+00,2.9554e+00
2.0000e+03,2.4000e+02,1.3560e+03,1.7141e+01,-2.1431e+04,-2.1440e+04,-4.7724e+00,-2.1440e+04,4.3093e-01,9.3776e+00,2.0024e+04,8.3376e+02,-2.2885e-01,-1.6125e+00,2.9388e+00
2.0000e+03,2.4100e+02,1.3610e+03,1.7151e+01,-2.1386e+04,-2.1395e+04,-4.7922e+00,-2.1395e+04,4.3139e-01,9.3974e+00,1.9921e+04,8.3700e+02,-5.9192e-01,-1.3061e+00,2.9421e+00
2.0000e+03,2.4200e+02,1.3740e+03,1.7065e+01,-2.1377e+04,-2.1386e+04,-4.8120e+00,-2.1386e+04,4.3177e-01,9.4140e+00,1.9876e+04,8.4552e+02,-3.2704e-01,-1.0143e+00,2.9747e+00
2.0000e+03,2.4300e+02,1.3750e+03,1.7123e+01,-2.1204e+04,-2.1213e+04,-4.8318e+00,-2.1213e+04,4.3229e-01,9.4370e+00,1.9867e+04,8.4618e+02,-2.6688e-02,-1.9785e+00,2.9948e+00
2.0000e+03,2.4400e+02,1.3950e+03,1.6955e+01,-2.1161e+04,-2.1171e+04,-4.8516e+00,-2.1171e+04,4.3275e-01,9.4568e+00,1.9694e+04,8.5921e+02,-1.1465e-01,-1.7455e+00,2.9984e+00
2.0000e+03,2.4500e+02,1.3970e+03,1.7001e+01,-2.1102e+04,-2.1111e+04,-4.8714e+00,-2.1111e+04,4.3320e-01,9.4766e+00,1.9651e+04,8.6051e+02,-1.2783e+00,-8.3324e-01,2.9827e+00
2.0000e+03,2.4600e+02,1.4280e+03,1.6712e+01,-2.1094e+04,-2.1103e+04,-4.8912e+00,-2.1103e+04,4.3349e-01,9.4895e+00,1.9592e+04,8.8088e+02,-2.1473e-01,-1.5570e+00,2.9879e+00
2.0000e+03,2.4700e+02,1.4290e+03,1.6768e+01,-2.1011e+04,-2.1021e+04,-4.9111e+00,-2.1021e+04,4.3410e-01,9.5162e+00,1.9584e+04,8.8156e+02,-2.2747e-01,-8.8742e-01,3.0979e+00
2.0000e+03,2.4800e+02,1.4330e+03,1.6790e+01,-2.1004e+04,-2.1013e+04,-4.9309e+00,-2.1013e+04,4.3433e-01,9.5263e+00,1.9501e+04,8.8421e+02,-3.3368e-01,-1.2702e+00,3.0065e+00
2.0000e+03,2.4900e+02,1.4390e+03,1.6790e+01,-2.0824e+04,-2.0834e+04,-4.9507e+00,-2.0834e+04,4.3501e-01,9.5558e+00,1.9494e+04,8.8815e+02,3.0482e-02,-1.8096e+00,2.9839e+00
2.0000e+03,2.5000e+02,1.4430e+03,1.6812e+01,-2.0747e+04,-2.0757e+04,-4.9705e+00,-2.0757e+04,4.3546e-01,9.5756e+00,1.9315e+04,8.9080e+02,3.8205e-01,-1.3318e+00,3.1497e+00
2.0000e+03,2.5100e+02,1.4610e+03,1.6678e+01,-2.0480e+04,-2.0490e+04,-4.9903e+00,-2.0490e+04,4.3591e-01,9.5954e+00,1.9237e+04,9.0272e+02,-1.0798e-01,-1.8220e+00,2.9746e+00
2.0000e+03,2.5200e+02,1.4680e+03,1.6667e+01,-2.0285e+04,-2.0295e+04,-5.0101e+00,-2.0295e+04,4.3636e-01,9.6152e+00,1.8971e+04,9.0734e+02,-1.3941e-01,-9.0702e-01,3.0561e+00
2.0000e+03,2.5300e+02,1.4860e+03,1.6536e+01,-2.0082e+04,-2.0092e+04,-5.0299e+00,-2.0092e+04,4.3681e-01,9.6350e+00,1.8775e+04,9.1918e+02,-1.2893e+00,-7.8887e-01,2.9495e+00
2.0000e+03,2.5400e+02,1.4900e+03,1.6558e+01,-2.0062e+04,-2.0071e+04,-5.0497e+00,-2.0071e+04,4.3725e-01,9.6548e+00,1.8572e+04,9.2183e+02,-1.4773e-01,-1.2564e+00,2.9748e+00
2.0000e+03,2.5500e+02,1.5000e+03,1.6516e+01,-1.9912e+04,-1.9922e+04,-5.0695e+00,-1.9922e+04,4.3770e-01,9.6746e+00,1.8552e+04,9.2845e+02,-7.2364e-01,-1.1290e+00,2.9534e+00
2.0000e+03,2.5600e+02,1.5050e+03,1.6527e+01,-1.9539e+04,-1.9548e+04,-5.0893e+00,-1.9548e+04,4.3815e-01,9.6944e+00,1.8402e+04,9.3183e+02,-4.1059e-01,-1.4169e+00,2.9531e+00
2.0000e+03,2.5700e+02,1.5130e+03,1.6507e+01,-1.9369e+04,-1.9378e+04,-5.1091e+00,-1.9378e+04,4.3860e-01,9.7142e+00,1.8029e+04,9.3718e+02,-3.7579e-01,-1.3815e+00,2.9239e+00
2.0000e+03,2.5800e+02,1.5200e+03,1.6497e+01,-1.9273e+04,-1.9283e+04,-5.1289e+00,-1.9283e+04,4.3904e-01,9.7341e+00,1.7859e+04,9.4182e+02,-5.9929e-02,-1.5967e+00,2.9752e+00
2.0000e+03,2.5900e+02,1.5250e+03,1.6508e+01,-1.8644e+04,-1.8653e+04,-5.1487e+00,-1.8653e+04,4.3949e-01,9.7539e+00,1.7763e+04,9.4516e+02,-1.2207e+00,-8.5716e-01,2.9634e+00
2.0000e+03,2.6000e+02,1.5270e+03,1.6550e+01,-1.8377e+04,-1.8387e+04,-5.1685e+00,-1.8387e+04,4.3994e-01,9.7737e+00,1.7134e+04,9.4651e+02,-1.1942e+00,-7.1829e-01,3.0572e+00
2.0000e+03,2.6100e+02,1.5360e+03,1.6520e+01,-1.8322e+04,-1.8332e+04,-5.1883e+00,-1.8332e+04,4.4038e-01,9.7935e+00,1.6867e+04,9.5249e+02,-3.8608e-01,-9.7846e-01,2.9801e+00
2.0000e+03,2.6200e+02,1.5500e+03,1.6438e+01,-1.8288e+04,-1.8298e+04,-5.2081e+00,-1.8298e+04,4.4083e-01,9.8133e+00,1.6812e+04,9.6173e+02,-1.0189e-01,-1.5990e+00,2.9741e+00
2.0000e+03,2.6300e+02,1.5540e+03,1.6459e+01,-1.7480e+04,-1.7490e+04,-5.2279e+00,-1.7490e+04,4.4127e-01,9.8331e+00,1.6779e+04,9.6437e+02,-2.4238e-01,-8.8090e-01,3.0560e+00
2.0000e+03,2.6400e+02,1.5560e+03,1.6501e+01,-1.7147e+04,-1.7157e+04,-5.2477e+00,-1.7157e+04,4.4172e-01,9.8529e+00,1.5970e+04,9.6569e+02,-2.8055e-01,-9.2758e-01,3.0794e+00
2.0000e+03,2.6500e+02,1.5600e+03,1.6522e+01,-1.6964e+04,-1.6974e+04,-5.2675e+00,-1.6974e+04,4.4216e-01,9.8727e+00,1.5637e+04,9.6833e+02,-1.0954e+00,-6.9554e-01,3.0095e+00
2.0000e+03,2.6600e+02,1.5670e+03,1.6512e+01,-1.6512e+04,-1.6522e+04,-5.2873e+00,-1.6522e+04,4.4260e-01,9.8925e+00,1.5454e+04,9.7292e+02,4.1201e-01,-1.1773e+00,3.1359e+00
2.0000e+03,2.6700e+02,1.5900e+03,1.6341e+01,-1.6221e+04,-1.6231e+04,-5.3071e+00,-1.6231e+04,4.4305e-01,9.9123e+00,1.5002e+04,9.8818e+02,-1.2440e+00,-7.9645e-01,2.9536e+00
2.0000e+03,2.6800e+02,1.6080e+03,1.6224e+01,-1.6171e+04,-1.6181e+04,-5.3269e+00,-1.6181e+04,4.4349e-01,9.9321e+00,1.4711e+04,1.0002e+03,-3.3932e-02,-9.2706e-01,3.1098e+00
2.0000e+03,2.6900e+02,1.6140e+03,1.6226e+01,-1.6166e+04,-1.6176e+04,-5.3467e+00,-1.6176e+04,4.4212e-01,9.8709e+00,1.4661e+04,1.0042e+03,4.5420e-01,-1.2411e+00,3.1519e+00
2.0000e+03,2.7000e+02,1.6170e+03,1.6257e+01,-1.5634e+04,-1.5644e+04,-5.3665e+00,-1.5644e+04,4.4437e-01,9.9717e+00,1.4656e+04,1.0062e+03,-2.7675e-01,-1.1231e+00,3.0340e+00
2.0000e+03,2.7100e+02,1.6210e+03,1.6278e+01,-1.5378e+04,-1.5388e+04,-5.3863e+00,-1.5388e+04,4.4481e-01,9.9915e+00,1.4125e+04,1.0089e+03,4.8499e-01,-1.5520e+00,3.1398e+00
2.0000e+03,2.7200e+02,1.6290e+03,1.6260e+01,-1.5228e+04,-1.5238e+04,-5.4061e+00,-1.5238e+04,4.4525e-01,1.0011e+01,1.3944e+04,1.0142e+03,-1.6583e-01,-1.4748e+00,2.9665e+00
2.0000e+03,2.7300e+02,1.6320e+03,1.6290e+01,-1.5130e+04,-1.5140e+04,-5.4259e+00,-1.5140e+04,4.4569e-01,1.0031e+01,1.3794e+04,1.0162e+03,-6.7789e-02,-1.5941e+00,3.0014e+00
2.0000e+03,2.7400e+02,1.6360e+03,1.6311e+01,-1.4994e+04,-1.5004e+04,-5.4457e+00,-1.5004e+04,4.4613e-01,1.0051e+01,1.3696e+04,1.0189e+03,-1.0893e-01,-1.4398e+00,3.0191e+00
2.0000e+03,2.7500e+02,1.6390e+03,1.6341e+01,-1.4872e+04,-1.4882e+04,-5.4655e+00,-1.4882e+04,4.4657e-01,1.0071e+01,1.3560e+04,1.0209e+03,-2.3325e-01,-1.3925e+00,2.9559e+00
2.0000e+03,2.7600e+02,1.6420e+03,1.6371e+01,-1.4849e+04,-1.4859e+04,-5.4853e+00,-1.4859e+04,4.4701e-01,1.0090e+01,1.3439e+04,1.0229e+03,4.3900e-01,-1.4472e+00,3.1393e+00
2.0000e+03,2.7700e+02,1.6440e+03,1.6411e+01,-1.4504e+04,-1.4514e+04,-5.5051e+00,-1.4514e+04,4.4745e-01,1.0110e+01,1.3416e+04,1.0243e+03,3.8198e-01,-1.8114e+00,3.1104e+00
2.0000e+03,2.7800e+02,1.6450e+03,1.6460e+01,-1.4490e+04,-1.4500e+04,-5.5249e+00,-1.4500e+04,4.4789e-01,1.0130e+01,1.3071e+04,1.0249e+03,-2.0710e-01,-1.0488e+00,2.9982e+00
2.0000e+03,2.7900e+02,1.6510e+03,1.6461e+01,-1.4216e+04,-1.4226e+04,-5.5447e+00,-1.4226e+04,4.4832e-01,1.0150e+01,1.3056e+04,1.0290e+03,1.5537e-01,-1.5734e+00,3.0667e+00
2.0000e+03,2.8000e+02,1.6570e+03,1.6462e+01,-1.3822e+04,-1.3832e+04,-5.5645e+00,-1.3832e+04,4.4876e-01,1.0170e+01,1.2783e+04,1.0330e+03,-1.8609e-01,-1.0511e+00,3.0675e+00
2.0000e+03,2.8100e+02,1.6800e+03,1.6301e+01,-1.3603e+04,-1.3613e+04,-5.5843e+00,-1.3613e+04,4.4920e-01,1.0190e+01,1.2388e+04,1.0487e+03,-2.4997e-01,-1.3843e+00,2.9617e+00
2.0000e+03,2.8200e+02,1.6940e+03,1.6227e+01,-1.3599e+04,-1.3609e+04,-5.6041e+00,-1.3609e+04,4.4617e-01,1.0053e+01,1.2169e+04,1.0582e+03,-8.1907e-01,-1.0308e+00,2.9600e+00
2.0000e+03,2.8300e+02,1.6980e+03,1.6247e+01,-1.3455e+04,-1.3465e+04,-5.6239e+00,-1.3465e+04,4.5007e-01,1.0229e+01,1.2165e+04,1.0609e+03,1.3683e-01,-1.5507e+00,3.0247e+00
2.0000e+03,2.8400e+02,1.7050e+03,1.6239e+01,-1.3185e+04,-1.3195e+04,-5.6437e+00,-1.3195e+04,4.5051e-01,1.0249e+01,1.2021e+04,1.0656e+03,1.5273e-01,-1.3535e+00,3.0898e+00
2.0000e+03,2.8500e+02,1.7260e+03,1.6104e+01,-1.3152e+04,-1.3163e+04,-5.6636e+00,-1.3163e+04,4.5094e-01,1.0269e+01,1.1751e+04,1.0797e+03,-1.3904e+00,-6.1579e-01,3.0538e+00
2.0000e+03,2.8600e+02,1.7270e+03,1.6151e+01,-1.3097e+04,-1.3107e+04,-5.6834e+00,-1.3107e+04,4.5138e-01,1.0289e+01,1.1719e+04,1.0804e+03,3.9601e-01,-1.8869e+00,3.1052e+00
2.0000e+03,2.8700e+02,1.7490e+03,1.6009e+01,-1.3047e+04,-1.3057e+04,-5.7032e+00,-1.3057e+04,4.5181e-01,1.0308e+01,1.1663e+04,1.0952e+03,3.0277e-01,-1.8515e+00,3.0867e+00
2.0000e+03,2.8800e+02,1.7570e+03,1.5993e+01,-1.2915e+04,-1.2925e+04,-5.7230e+00,-1.2925e+04,4.5224e-01,1.0328e+01,1.1613e+04,1.1005e+03,-6.0652e-01,-1.1698e+00,2.9608e+00
2.0000e+03,2.8900e+02,1.7590e+03,1.6031e+01,-1.2880e+04,-1.2890e+04,-5.7428e+00,-1.2890e+04,4.5268e-01,1.0348e+01,1.1481e+04,1.1018e+03,3.8204e-01,-1.2680e+00,3.1292e+00
2.0000e+03,2.9000e+02,1.7600e+03,1.6077e+01,-1.2699e+04,-1.2709e+04,-5.7626e+00,-1.2709e+04,4.5311e-01,1.0368e+01,1.1446e+04,1.1025e+03,3.0474e-01,-1.5225e+00,3.0699e+00
2.0000e+03,2.9100e+02,1.7690e+03,1.6053e+01,-1.2656e+04,-1.2666e+04,-5.7824e+00,-1.2666e+04,4.5354e-01,1.0388e+01,1.1265e+04,1.1086e+03,1.5576e-01,-1.1218e+00,3.0741e+00
2.0000e+03,2.9200e+02,1.7720e+03,1.6081e+01,-1.2424e+04,-1.2434e+04,-5.8022e+00,-1.2434e+04,4.5397e-01,1.0407e+01,1.1222e+04,1.1106e+03,4.5065e-01,-1.7004e+00,3.1163e+00
2.0000e+03,2.9300e+02,1.7900e+03,1.5978e+01,-1.2375e+04,-1.2385e+04,-5.8220e+00,-1.2385e+04,4.5441e-01,1.0427e+01,1.0990e+04,1.1226e+03,3.3241e-01,-1.3216e+00,3.0941e+00
2.0000e+03,2.9400e+02,1.8010e+03,1.5937e+01,-1.2348e+04,-1.2359e+04,-5.8418e+00,-1.2359e+04,4.5484e-01,1.0447e+01,1.0941e+04,1.1299e+03,-3.5991e-01,-1.2324e+00,2.9891e+00
2.0000e+03,2.9500e+02,1.8260e+03,1.5778e+01,-1.2045e+04,-1.2056e+04,-5.8616e+00,-1.2056e+04,4.5527e-01,1.0467e+01,1.0915e+04,1.1467e+03,-1.1894e-01,-1.4343e+00,3.0070e+00
2.0000e+03,2.9600e+02,1.8350e+03,1.5756e+01,-1.1796e+04,-1.1806e+04,-5.8814e+00,-1.1806e+04,4.5570e-01,1.0487e+01,1.0612e+04,1.1528e+03,4.5274e-01,-1.3945e+00,3.1247e+00
2.0000e+03,2.9700e+02,1.8440e+03,1.5734e+01,-1.1667e+04,-1.1678e+04,-5.9012e+00,-1.1678e+04,4.5613e-01,1.0506e+01,1.0362e+04,1.1588e+03,-1.3776e+00,-7.4239e-01,2.9806e+00
2.0000e+03,2.9800e+02,1.8530e+03,1.5712e+01,-1.1480e+04,-1.1491e+04,-5.9210e+00,-1.1491e+04,4.5656e-01,1.0526e+01,1.0234e+04,1.1648e+03,-6.1791e-01,-1.1117e+00,2.9682e+00
2.0000e+03,2.9900e+02,1.8640e+03,1.5674e+01,-1.1434e+04,-1.1445e+04,-5.9408e+00,-1.1445e+04,4.5699e-01,1.0546e+01,1.0046e+04,1.1722e+03,-3.4870e-01,-1.0252e+00,3.0412e+00
2.0000e+03,3.0000e+02,1.8650e+03,1.5718e+01,-1.1285e+04,-1.1296e+04,-5.9606e+00,-1.1296e+04,4.5742e-01,1.0566e+01,1.0000e+04,1.1729e+03,4.5077e-01,-1.7160e+00,3.1025e+00
2.0000e+03,3.0100e+02,1.8680e+03,1.5746e+01,-1.1217e+04,-1.1228e+04,-5.9804e+00,-1.1228e+04,4.5784e-01,1.0586e+01,9.8515e+03,1.1749e+03,3.2490e-01,-1.8000e+00,3.0670e+00
2.0000e+03,3.0200e+02,1.8690e+03,1.5789e+01,-1.1141e+04,-1.1151e+04,-6.0002e+00,-1.1151e+04,4.5827e-01,1.0605e+01,9.7838e+03,1.1756e+03,4.3150e-02,-1.2514e+00,3.0281e+00
2.0000e+03,3.0300e+02,1.8790e+03,1.5759e+01,-1.0933e+04,-1.0944e+04,-6.0200e+00,-1.0944e+04,4.5870e-01,1.0625e+01,9.7071e+03,1.1822e+03,3.4774e-01,-1.3387e+00,3.1217e+00
2.0000e+03,3.0400e+02,1.8800e+03,1.5803e+01,-1.0850e+04,-1.0861e+04,-6.0398e+00,-1.0861e+04,4.5913e-01,1.0645e+01,9.4994e+03,1.1829e+03,7.7016e-02,-1.3867e+00,3.0633e+00
2.0000e+03,3.0500e+02,1.8840e+03,1.5822e+01,-1.0668e+04,-1.0678e+04,-6.0596e+00,-1.0678e+04,4.5955e-01,1.0665e+01,9.4169e+03,1.1856e+03,5.7088e-02,-1.5440e+00,3.0351e+00
2.0000e+03,3.0600e+02,1.8860e+03,1.5857e+01,-1.0567e+04,-1.0578e+04,-6.0794e+00,-1.0578e+04,4.5998e-01,1.0685e+01,9.2341e+03,1.1869e+03,-9.8710e-01,-7.4233e-01,3.0464e+00
2.0000e+03,3.0700e+02,1.8870e+03,1.5901e+01,-1.0397e+04,-1.0408e+04,-6.0992e+00,-1.0408e+04,4.6041e-01,1.0704e+01,9.1339e+03,1.1876e+03,-5.6497e-01,-1.1356e+00,2.9428e+00
2.0000e+03,3.0800e+02,1.8890e+03,1.5936e+01,-1.0394e+04,-1.0404e+04,-6.1190e+00,-1.0404e+04,4.5650e-01,1.0523e+01,8.9638e+03,1.1889e+03,-4.6895e-01,-9.3115e-01,3.0449e+00
2.0000e+03,3.0900e+02,1.8900e+03,1.5979e+01,-1.0327e+04,-1.0337e+04,-6.1388e+00,-1.0337e+04,4.6126e-01,1.0744e+01,8.9600e+03,1.1896e+03,-1.3683e-01,-1.0159e+00,3.0314e+00
2.0000e+03,3.1000e+02,1.8930e+03,1.6006e+01,-1.0234e+04,-1.0244e+04,-6.1586e+00,-1.0244e+04,4.6168e-01,1.0764e+01,8.8931e+03,1.1916e+03,-9.4785e-01,-9.2764e-01,2.9469e+00
2.0000e+03,3.1100e+02,1.9000e+03,1.6000e+01,-1.0233e+04,-1.0244e+04,-6.1784e+00,-1.0243e+04,4.3786e-01,9.6817e+00,8.7999e+03,1.1963e+03,3.3826e-01,-1.6611e+00,3.0813e+00
2.0000e+03,3.1200e+02,1.9110e+03,1.5961e+01,-9.8591e+03,-9.8699e+03,-6.1982e+00,-9.8699e+03,4.6253e-01,1.0803e+01,8.7988e+03,1.2036e+03,4.1113e-01,-1.6119e+00,3.1095e+00
2.0000e+03,3.1300e+02,1.9130e+03,1.5996e+01,-9.8546e+03,-9.8655e+03,-6.2180e+00,-9.8654e+03,4.6019e-01,1.0694e+01,8.4255e+03,1.2050e+03,-5.9216e-01,-8.6485e-01,3.0417e+00
2.0000e+03,3.1400e+02,1.9150e+03,1.6031e+01,-9.8397e+03,-9.8506e+03,-6.2378e+00,-9.8506e+03,4.6338e-01,1.0843e+01,8.4210e+03,1.2063e+03,2.3944e-01,-1.5365e+00,3.0724e+00
2.0000e+03,3.1500e+02,1.9180e+03,1.6057e+01,-9.8377e+03,-9.8484e+03,-6.2576e+00,-9.8483e+03,4.4939e-01,1.0198e+01,8.4061e+03,1.2083e+03,2.7002e-01,-1.4697e+00,3.0954e+00
2.0000e+03,3.1600e+02,1.9260e+03,1.6043e+01,-9.7803e+03,-9.7912e+03,-6.2774e+00,-9.7912e+03,4.6422e-01,1.0883e+01,8.4038e+03,1.2135e+03,-1.2438e+00,-7.9684e-01,2.9747e+00
2.0000e+03,3.1700e+02,1.9340e+03,1.6028e+01,-9.7211e+03,-9.7320e+03,-6.2972e+00,-9.7320e+03,4.6465e-01,1.0902e+01,8.3467e+03,1.2187e+03,2.5207e-01,-1.4285e+00,3.0713e+00
2.0000e+03,3.1800e+02,1.9380e+03,1.6046e+01,-9.4863e+03,-9.4972e+03,-6.3170e+00,-9.4972e+03,4.6507e-01,1.0922e+01,8.2875e+03,1.2213e+03,-1.3510e+00,-7.0318e-01,3.0399e+00
2.0000e+03,3.1900e+02,1.9570e+03,1.5944e+01,-9.4525e+03,-9.4635e+03,-6.3368e+00,-9.4635e+03,4.6549e-01,1.0942e+01,8.0527e+03,1.2336e+03,2.2800e-01,-1.4969e+00,3.0804e+00
2.0000e+03,3.2000e+02,2.0060e+03,1.5613e+01,-9.4191e+03,-9.4300e+03,-6.3566e+00,-9.4300e+03,4.6591e-01,1.0962e+01,8.0189e+03,1.2657e+03,-3.7690e-01,-1.1410e+00,3.0025e+00
2.0000e+03,3.2100e+02,2.0070e+03,1.5654e+01,-9.2621e+03,-9.2731e+03,-6.3764e+00,-9.2731e+03,4.6633e-01,1.0982e+01,7.9855e+03,1.2663e+03,2.0307e-01,-1.5080e+00,3.0556e+00
2.0000e+03,3.2200e+02,2.0610e+03,1.5301e+01,-8.9698e+03,-8.9808e+03,-6.3962e+00,-8.9808e+03,4.6675e-01,1.1001e+01,7.8285e+03,1.3011e+03,-3.6012e-02,-1.0639e+00,3.0478e+00
2.0000e+03,3.2300e+02,2.0750e+03,1.5247e+01,-8.9363e+03,-8.9473e+03,-6.4161e+00,-8.9473e+03,4.6717e-01,1.1021e+01,7.5362e+03,1.3101e+03,-2.9294e-01,-9.1464e-01,3.0493e+00
2.0000e+03,3.2400e+02,2.0770e+03,1.5280e+01,-8.8734e+03,-8.8845e+03,-6.4359e+00,-8.8845e+03,4.6759e-01,1.1041e+01,7.5027e+03,1.3114e+03,-9.0396e-01,-7.6639e-01,3.0385e+00
2.0000e+03,3.2500e+02,2.1240e+03,1.4995e+01,-8.8134e+03,-8.8244e+03,-6.4557e+00,-8.8244e+03,4.6801e-01,1.1061e+01,7.4398e+03,1.3423e+03,-1.3993e+00,-6.7940e-01,3.0521e+00
2.0000e+03,3.2600e+02,2.1690e+03,1.4736e+01,-8.7758e+03,-8.7868e+03,-6.4755e+00,-8.7868e+03,4.6843e-01,1.1081e+01,7.3798e+03,1.3719e+03,-5.5807e-02,-9.7959e-01,3.0817e+00
2.0000e+03,3.2700e+02,2.2180e+03,1.4462e+01,-8.1872e+03,-8.1983e+03,-6.4953e+00,-8.1983e+03,4.6885e-01,1.1100e+01,7.3422e+03,1.4043e+03,-4.4666e-01,-1.0963e+00,2.9614e+00
2.0000e+03,3.2800e+02,2.2280e+03,1.4442e+01,-8.0077e+03,-8.0189e+03,-6.5151e+00,-8.0189e+03,4.6927e-01,1.1120e+01,6.7536e+03,1.4109e+03,-1.1604e+00,-8.0723e-01,2.9754e+00
2.0000e+03,3.2900e+02,2.2620e+03,1.4273e+01,-7.9121e+03,-7.9233e+03,-6.5349e+00,-7.9233e+03,4.6968e-01,1.1140e+01,6.5741e+03,1.4334e+03,2.7110e-01,-1.2672e+00,3.1016e+00
2.0000e+03,3.3000e+02,2.2640e+03,1.4304e+01,-7.6891e+03,-7.7003e+03,-6.5547e+00,-7.7003e+03,4.7010e-01,1.1160e+01,6.4785e+03,1.4347e+03,-1.0302e+00,-8.5159e-01,2.9886e+00
2.0000e+03,3.3100e+02,2.2790e+03,1.4255e+01,-7.6353e+03,-7.6465e+03,-6.5745e+00,-7.6465e+03,4.7052e-01,1.1180e+01,6.2555e+03,1.4445e+03,1.0450e-01,-1.4159e+00,3.0388e+00
2.0000e+03,3.3200e+02,2.3040e+03,1.4146e+01,-7.5375e+03,-7.5487e+03,-6.5943e+00,-7.5487e+03,4.7093e-01,1.1199e+01,6.2017e+03,1.4607e+03,1.6766e-01,-1.3308e+00,3.0776e+00
2.0000e+03,3.3300e+02,2.3310e+03,1.4028e+01,-7.4715e+03,-7.4827e+03,-6.6141e+00,-7.4827e+03,4.7135e-01,1.1219e+01,6.1039e+03,1.4781e+03,-3.1299e-02,-1.1599e+00,3.0664e+00
2.0000e+03,3.3400e+02,2.3510e+03,1.3953e+01,-7.4022e+03,-7.4134e+03,-6.6339e+00,-7.4134e+03,4.7177e-01,1.1239e+01,6.0379e+03,1.4912e+03,-1.0457e+00,-8.4047e-01,2.9938e+00
2.0000e+03,3.3500e+02,2.3880e+03,1.3782e+01,-7.3611e+03,-7.3723e+03,-6.6537e+00,-7.3723e+03,4.7218e-01,1.1259e+01,5.9685e+03,1.5154e+03,6.0994e-02,-1.0903e+00,3.0829e+00
2.0000e+03,3.3600e+02,2.3920e+03,1.3800e+01,-7.3198e+03,-7.3311e+03,-6.6735e+00,-7.3311e+03,4.7260e-01,1.1279e+01,5.9275e+03,1.5180e+03,-4.4363e-01,-1.0944e+00,2.9999e+00
2.0000e+03,3.3700e+02,2.4020e+03,1.3785e+01,-7.2393e+03,-7.2506e+03,-6.6933e+00,-7.2506e+03,4.7301e-01,1.1298e+01,5.8862e+03,1.5247e+03,-8.1336e-02,-1.2107e+00,3.0156e+00
2.0000e+03,3.3800e+02,2.4440e+03,1.3593e+01,-7.2130e+03,-7.2243e+03,-6.7131e+00,-7.2243e+03,4.7343e-01,1.1318e+01,5.8057e+03,1.5527e+03,-9.5991e-01,-8.2395e-01,2.9783e+00
2.0000e+03,3.3900e+02,2.4620e+03,1.3535e+01,-7.1660e+03,-7.1773e+03,-6.7329e+00,-7.1773e+03,4.7384e-01,1.1338e+01,5.7793e+03,1.5647e+03,-1.1673e-01,-1.0162e+00,3.0700e+00
2.0000e+03,3.4000e+02,2.4960e+03,1.3394e+01,-7.1165e+03,-7.1279e+03,-6.7527e+00,-7.1279e+03,4.7425e-01,1.1358e+01,5.7324e+03,1.5871e+03,-1.2812e+00,-7.4157e-01,2.9883e+00
2.0000e+03,3.4100e+02,2.8480e+03,1.1801e+01,-7.0932e+03,-7.1045e+03,-6.7725e+00,-7.1045e+03,4.7467e-01,1.1378e+01,5.6829e+03,1.8220e+03,-5.0437e-01,-1.0859e+00,2.9954e+00
2.0000e+03,3.4200e+02,2.8880e+03,1.1675e+01,-7.0717e+03,-7.0831e+03,-6.7923e+00,-7.0831e+03,4.7508e-01,1.1397e+01,5.6595e+03,1.8482e+03,-9.9386e-01,-7.3937e-01,3.0213e+00
2.0000e+03,3.4300e+02,2.8980e+03,1.1669e+01,-7.0575e+03,-7.0689e+03,-6.8121e+00,-7.0689e+03,4.7549e-01,1.1417e+01,5.6381e+03,1.8546e+03,-5.9852e-01,-1.0130e+00,2.9593e+00
2.0000e+03,3.4400e+02,3.0390e+03,1.1169e+01,-7.0561e+03,-7.0673e+03,-6.8319e+00,-7.0672e+03,4.5740e-01,1.0565e+01,5.6239e+03,1.9463e+03,5.7616e-02,-1.1222e+00,3.0662e+00
2.0000e+03,3.4500e+02,3.0460e+03,1.1176e+01,-7.0074e+03,-7.0188e+03,-6.8517e+00,-7.0188e+03,4.7632e-01,1.1457e+01,5.6221e+03,1.9509e+03,1.5232e-01,-1.4388e+00,3.0566e+00
2.0000e+03,3.4600e+02,3.1500e+03,1.0844e+01,-6.9771e+03,-6.9886e+03,-6.8715e+00,-6.9886e+03,4.7673e-01,1.1477e+01,5.5738e+03,2.0188e+03,-3.1912e-01,-9.9269e-01,3.0437e+00
2.0000e+03,3.4700e+02,3.1800e+03,1.0774e+01,-6.8769e+03,-6.8884e+03,-6.8913e+00,-6.8884e+03,4.7714e-01,1.1496e+01,5.5435e+03,2.0387e+03,8.2454e-02,-1.1214e+00,3.0822e+00
2.0000e+03,3.4800e+02,3.2050e+03,1.0722e+01,-6.8651e+03,-6.8766e+03,-6.9111e+00,-6.8766e+03,4.7754e-01,1.1516e+01,5.4433e+03,2.0554e+03,5.9498e-02,-1.1326e+00,3.0645e+00
2.0000e+03,3.4900e+02,3.2150e+03,1.0720e+01,-6.7988e+03,-6.8103e+03,-6.9309e+00,-6.8103e+03,4.7796e-01,1.1536e+01,5.4315e+03,2.0620e+03,1.8881e-01,-1.2956e+00,3.0773e+00
2.0000e+03,3.5000e+02,3.2230e+03,1.0724e+01,-6.7375e+03,-6.7491e+03,-6.9507e+00,-6.7491e+03,4.7837e-01,1.1556e+01,5.3652e+03,2.0673e+03,-4.2865e-01,-1.0144e+00,3.0265e+00
2.0000e+03,3.5100e+02,3.2960e+03,1.0520e+01,-6.6291e+03,-6.6407e+03,-6.9705e+00,-6.6407e+03,4.7878e-01,1.1576e+01,5.3039e+03,2.1152e+03,-2.3285e-01,-9.6093e-01,3.0484e+00
2.0000e+03,3.5200e+02,3.2970e+03,1.0547e+01,-6.4668e+03,-6.4784e+03,-6.9903e+00,-6.4784e+03,4.7919e-01,1.1595e+01,5.1955e+03,2.1159e+03,-2.7662e-01,-1.1278e+00,3.0205e+00
2.0000e+03,3.5300e+02,3.3000e+03,1.0567e+01,-6.4101e+03,-6.4217e+03,-7.0101e+00,-6.4217e+03,4.7960e-01,1.1615e+01,5.0332e+03,2.1178e+03,-5.7024e-01,-8.8399e-01,3.0326e+00
2.0000e+03,3.5400e+02,3.3080e+03,1.0572e+01,-6.3823e+03,-6.3939e+03,-7.0299e+00,-6.3939e+03,4.8001e-01,1.1635e+01,4.9765e+03,2.1230e+03,-1.1272e-01,-1.2368e+00,3.0327e+00
2.0000e+03,3.5500e+02,3.3260e+03,1.0545e+01,-6.3406e+03,-6.3522e+03,-7.0497e+00,-6.3522e+03,4.8041e-01,1.1655e+01,4.9487e+03,2.1346e+03,-1.1365e+00,-7.0387e-01,3.0311e+00
2.0000e+03,3.5600e+02,3.3380e+03,1.0537e+01,-6.3174e+03,-6.3291e+03,-7.0695e+00,-6.3291e+03,4.8082e-01,1.1675e+01,4.9069e+03,2.1422e+03,-6.6108e-01,-9.9341e-01,2.9567e+00
2.0000e+03,3.5700e+02,3.3390e+03,1.0564e+01,-6.3059e+03,-6.3176e+03,-7.0893e+00,-6.3176e+03,4.8122e-01,1.1694e+01,4.8838e+03,2.1429e+03,-3.2643e-01,-9.3624e-01,3.0313e+00
2.0000e+03,3.5800e+02,3.3410e+03,1.0587e+01,-6.2831e+03,-6.2948e+03,-7.1091e+00,-6.2948e+03,4.8164e-01,1.1714e+01,4.8723e+03,2.1442e+03,-1.2005e-01,-9.9683e-01,3.0604e+00
2.0000e+03,3.5900e+02,3.3450e+03,1.0604e+01,-6.2133e+03,-6.2250e+03,-7.1289e+00,-6.2250e+03,4.8204e-01,1.1734e+01,4.8494e+03,2.1467e+03,-4.7930e-01,-1.1483e+00,2.9615e+00
2.0000e+03,3.6000e+02,3.3460e+03,1.0630e+01,-6.1290e+03,-6.1407e+03,-7.1487e+00,-6.1407e+03,4.8245e-01,1.1754e+01,4.7797e+03,2.1474e+03,-4.4627e-01,-9.7784e-01,3.0322e+00
2.0000e+03,3.6100e+02,3.3520e+03,1.0641e+01,-5.6293e+03,-5.6411e+03,-7.1686e+00,-5.6411e+03,4.8286e-01,1.1774e+01,4.6954e+03,2.1512e+03,-5.4358e-01,-8.8957e-01,3.0318e+00
2.0000e+03,3.6200e+02,3.3620e+03,1.0639e+01,-5.5248e+03,-5.5366e+03,-7.1884e+00,-5.5366e+03,4.8326e-01,1.1794e+01,4.1957e+03,2.1577e+03,-7.3485e-01,-8.9583e-01,2.9753e+00
2.0000e+03,3.6300e+02,3.3640e+03,1.0662e+01,-5.2963e+03,-5.3081e+03,-7.2082e+00,-5.3081e+03,4.8367e-01,1.1813e+01,4.0912e+03,2.1590e+03,9.0131e-02,-1.2611e+00,3.0567e+00
2.0000e+03,3.6400e+02,3.3860e+03,1.0623e+01,-5.2001e+03,-5.2120e+03,-7.2280e+00,-5.2120e+03,4.8407e-01,1.1833e+01,3.8627e+03,2.1733e+03,-3.4917e-01,-1.1298e+00,2.9970e+00
2.0000e+03,3.6500e+02,3.4070e+03,1.0587e+01,-5.1607e+03,-5.1725e+03,-7.2478e+00,-5.1725e+03,4.8448e-01,1.1853e+01,3.7665e+03,2.1870e+03,-1.0625e-01,-1.0977e+00,3.0552e+00
2.0000e+03,3.6600e+02,3.4600e+03,1.0456e+01,-5.1505e+03,-5.1623e+03,-7.2676e+00,-5.1623e+03,4.8487e-01,1.1872e+01,3.7271e+03,2.2217e+03,-1.0471e+00,-7.4666e-01,3.0094e+00
2.0000e+03,3.6700e+02,3.4730e+03,1.0446e+01,-5.0699e+03,-5.0818e+03,-7.2874e+00,-5.0818e+03,4.8529e-01,1.1893e+01,3.7168e+03,2.2300e+03,5.3698e-02,-1.2397e+00,3.0477e+00
2.0000e+03,3.6800e+02,3.4780e+03,1.0459e+01,-4.9896e+03,-5.0015e+03,-7.3072e+00,-5.0015e+03,4.8569e-01,1.1912e+01,3.6363e+03,2.2331e+03,-7.5445e-01,-9.1619e-01,2.9668e+00
2.0000e+03,3.6900e+02,3.5050e+03,1.0408e+01,-4.9553e+03,-4.9672e+03,-7.3270e+00,-4.9672e+03,4.8609e-01,1.1932e+01,3.5560e+03,2.2501e+03,-4.9629e-01,-9.3151e-01,3.0010e+00
2.0000e+03,3.7000e+02,3.5260e+03,1.0375e+01,-4.9416e+03,-4.9536e+03,-7.3468e+00,-4.9536e+03,4.8650e-01,1.1952e+01,3.5217e+03,2.2634e+03,-7.1456e-01,-8.6206e-01,2.9984e+00
2.0000e+03,3.7100e+02,3.5340e+03,1.0379e+01,-4.9322e+03,-4.9442e+03,-7.3666e+00,-4.9442e+03,4.8687e-01,1.1970e+01,3.5080e+03,2.2684e+03,-1.9601e-01,-1.0182e+00,3.0528e+00
2.0000e+03,3.7200e+02,3.5460e+03,1.0373e+01,-4.9195e+03,-4.9315e+03,-7.3864e+00,-4.9315e+03,4.8730e-01,1.1991e+01,3.4986e+03,2.2761e+03,-7.4462e-01,-8.7300e-01,3.0130e+00
2.0000e+03,3.7300e+02,3.5870e+03,1.0283e+01,-4.8802e+03,-4.8922e+03,-7.4062e+00,-4.8922e+03,4.8771e-01,1.2011e+01,3.4859e+03,2.3021e+03,-4.8065e-01,-1.0580e+00,3.0022e+00
2.0000e+03,3.7400e+02,3.6190e+03,1.0221e+01,-4.8067e+03,-4.8187e+03,-7.4260e+00,-4.8187e+03,4.8811e-01,1.2031e+01,3.4466e+03,2.3225e+03,-3.1777e-01,-1.1637e+00,3.0011e+00
2.0000e+03,3.7500e+02,3.6380e+03,1.0195e+01,-4.7373e+03,-4.7494e+03,-7.4458e+00,-4.7494e+03,4.8851e-01,1.2051e+01,3.3731e+03,2.3346e+03,-5.8326e-01,-8.8310e-01,3.0111e+00
2.0000e+03,3.7600e+02,3.6430e+03,1.0209e+01,-4.7211e+03,-4.7332e+03,-7.4656e+00,-4.7332e+03,4.8891e-01,1.2071e+01,3.3037e+03,2.3377e+03,-8.0158e-01,-8.4439e-01,2.9930e+00
2.0000e+03,3.7700e+02,3.6590e+03,1.0191e+01,-4.6377e+03,-4.6498e+03,-7.4854e+00,-4.6498e+03,4.8931e-01,1.2091e+01,3.2875e+03,2.3478e+03,-7.0330e-01,-9.9693e-01,2.9635e+00
2.0000e+03,3.7800e+02,3.7090e+03,1.0082e+01,-4.6319e+03,-4.6440e+03,-7.5052e+00,-4.6440e+03,4.8884e-01,1.2067e+01,3.2041e+03,2.3789e+03,-1.5918e-01,-1.0584e+00,3.0500e+00
2.0000e+03,3.7900e+02,3.7260e+03,1.0064e+01,-4.6179e+03,-4.6301e+03,-7.5250e+00,-4.6301e+03,4.9011e-01,1.2130e+01,3.1983e+03,2.3896e+03,-7.7279e-01,-8.4364e-01,3.0119e+00
2.0000e+03,3.8000e+02,3.7270e+03,1.0087e+01,-4.5947e+03,-4.6069e+03,-7.5448e+00,-4.6069e+03,4.9051e-01,1.2150e+01,3.1843e+03,2.3903e+03,-5.2252e-01,-9.4295e-01,2.9937e+00
2.0000e+03,3.8100e+02,3.7530e+03,1.0045e+01,-4.4726e+03,-4.4848e+03,-7.5646e+00,-4.4848e+03,4.9091e-01,1.2170e+01,3.1611e+03,2.4068e+03,-5.5496e-01,-9.4287e-01,2.9883e+00
2.0000e+03,3.8200e+02,3.7560e+03,1.0063e+01,-4.3751e+03,-4.3873e+03,-7.5844e+00,-4.3873e+03,4.9131e-01,1.2190e+01,3.0390e+03,2.4087e+03,-9.1405e-01,-8.9467e-01,2.9696e+00
2.0000e+03,3.8300e+02,3.7590e+03,1.0081e+01,-4.3565e+03,-4.3688e+03,-7.6042e+00,-4.3688e+03,4.9171e-01,1.2209e+01,2.9415e+03,2.4107e+03,-1.3003e+00,-7.0301e-01,3.0330e+00
2.0000e+03,3.8400e+02,3.7740e+03,1.0068e+01,-4.2944e+03,-4.3066e+03,-7.6240e+00,-4.3066e+03,4.9211e-01,1.2229e+01,2.9229e+03,2.4202e+03,-1.2897e+00,-6.8435e-01,3.0227e+00
2.0000e+03,3.8500e+02,3.7970e+03,1.0034e+01,-4.1235e+03,-4.1358e+03,-7.6438e+00,-4.1358e+03,4.9251e-01,1.2249e+01,2.8608e+03,2.4349e+03,-9.7200e-02,-1.0626e+00,3.0529e+00
2.0000e+03,3.8600e+02,3.7980e+03,1.0057e+01,-4.0649e+03,-4.0771e+03,-7.6636e+00,-4.0771e+03,4.9290e-01,1.2269e+01,2.6899e+03,2.4355e+03,-9.7279e-01,-7.8737e-01,3.0003e+00
2.0000e+03,3.8700e+02,3.8010e+03,1.0075e+01,-4.0572e+03,-4.0695e+03,-7.6834e+00,-4.0695e+03,4.9313e-01,1.2280e+01,2.6313e+03,2.4374e+03,-4.3593e-01,-9.2646e-01,3.0277e+00
2.0000e+03,3.8800e+02,3.8510e+03,9.9718e+00,-3.9631e+03,-3.9754e+03,-7.7032e+00,-3.9754e+03,4.9370e-01,1.2308e+01,2.6236e+03,2.4692e+03,-3.2153e-01,-1.0707e+00,2.9932e+00
2.0000e+03,3.8900e+02,3.8530e+03,9.9923e+00,-3.8869e+03,-3.8993e+03,-7.7230e+00,-3.8993e+03,4.9410e-01,1.2328e+01,2.5295e+03,2.4705e+03,-1.0915e+00,-7.9482e-01,3.0018e+00
2.0000e+03,3.9000e+02,3.8610e+03,9.9974e+00,-3.8241e+03,-3.8364e+03,-7.7428e+00,-3.8364e+03,4.9449e-01,1.2348e+01,2.4533e+03,2.4756e+03,-4.8089e-01,-1.0888e+00,2.9845e+00
2.0000e+03,3.9100e+02,3.9100e+03,9.8990e+00,-3.7952e+03,-3.8075e+03,-7.7626e+00,-3.8075e+03,4.9489e-01,1.2368e+01,2.3905e+03,2.5067e+03,-1.0218e+00,-8.2842e-01,2.9898e+00
2.0000e+03,3.9200e+02,3.9120e+03,9.9192e+00,-3.7188e+03,-3.7312e+03,-7.7824e+00,-3.7312e+03,4.9528e-01,1.2388e+01,2.3616e+03,2.5079e+03,-1.0662e-01,-1.1582e+00,3.0407e+00
2.0000e+03,3.9300e+02,3.9370e+03,9.8821e+00,-3.7129e+03,-3.7253e+03,-7.8022e+00,-3.7253e+03,4.9491e-01,1.2369e+01,2.2852e+03,2.5239e+03,-8.2206e-01,-8.3480e-01,2.9951e+00
2.0000e+03,3.9400e+02,3.9400e+03,9.8997e+00,-3.7073e+03,-3.7198e+03,-7.8220e+00,-3.7198e+03,4.9508e-01,1.2377e+01,2.2793e+03,2.5258e+03,-1.2838e+00,-7.1138e-01,3.0277e+00
2.0000e+03,3.9500e+02,3.9460e+03,9.9099e+00,-3.6408e+03,-3.6533e+03,-7.8418e+00,-3.6533e+03,4.9647e-01,1.2447e+01,2.6005e+03,2.5296e+03,-1.4273e+00,-6.6123e-01,3.0443e+00
2.0000e+03,3.9600e+02,3.9470e+03,9.9324e+00,-3.6175e+03,-3.6299e+03,-7.8616e+00,-3.6299e+03,4.9687e-01,1.2467e+01,2.5340e+03,2.5303e+03,-3.8014e-01,-1.1170e+00,2.9806e+00
2.0000e+03,3.9700e+02,3.9500e+03,9.9500e+00,-3.5388e+03,-3.5513e+03,-7.8814e+00,-3.5513e+03,4.9726e-01,1.2487e+01,2.5107e+03,2.5322e+03,-9.9119e-01,-8.1113e-01,2.9896e+00
2.0000e+03,3.9800e+02,3.9660e+03,9.9353e+00,-3.3625e+03,-3.3750e+03,-7.9012e+00,-3.3750e+03,4.9765e-01,1.2506e+01,2.4320e+03,2.5421e+03,-7.0104e-02,-1.1751e+00,3.0387e+00
2.0000e+03,3.9900e+02,3.9690e+03,9.9527e+00,-3.3475e+03,-3.3600e+03,-7.9211e+00,-3.3600e+03,4.9805e-01,1.2526e+01,2.2557e+03,2.5440e+03,-8.3892e-01,-8.3392e-01,2.9945e+00
2.0000e+03,4.0000e+02,3.9820e+03,9.9454e+00,-3.3458e+03,-3.3582e+03,-7.9409e+00,-3.3580e+03,4.8293e-01,1.1777e+01,2.2407e+03,2.5522e+03,-5.1888e-02,-1.1493e+00,3.0428e+00
2.0000e+03,4.0100e+02,3.9830e+03,9.9678e+00,-3.2891e+03,-3.3016e+03,-7.9607e+00,-3.3016e+03,4.9884e-01,1.2566e+01,2.2387e+03,2.5528e+03,-1.8239e-01,-1.1509e+00,3.0265e+00
2.0000e+03,4.0200e+02,3.9890e+03,9.9777e+00,-3.2614e+03,-3.2740e+03,-7.9805e+00,-3.2740e+03,4.9923e-01,1.2586e+01,2.1823e+03,2.5567e+03,-6.6173e-01,-8.9286e-01,3.0065e+00
2.0000e+03,4.0300e+02,3.9930e+03,9.9926e+00,-3.2610e+03,-3.2731e+03,-8.0003e+00,-3.2728e+03,4.7760e-01,1.1519e+01,2.1546e+03,2.5592e+03,-9.8534e-01,-7.8895e-01,3.0140e+00
2.0000e+03,4.0400e+02,4.0740e+03,9.8206e+00,-3.2440e+03,-3.2566e+03,-8.0201e+00,-3.2566e+03,5.0001e-01,1.2625e+01,2.1534e+03,2.6107e+03,-1.4019e-01,-1.1578e+00,3.0317e+00
2.0000e+03,4.0500e+02,4.0770e+03,9.8377e+00,-3.2439e+03,-3.2559e+03,-8.0399e+00,-3.2555e+03,4.7808e-01,1.1542e+01,2.1372e+03,2.6126e+03,-8.9532e-02,-1.1352e+00,3.0356e+00
2.0000e+03,4.0600e+02,4.1020e+03,9.8025e+00,-3.2277e+03,-3.2403e+03,-8.0597e+00,-3.2403e+03,5.0080e-01,1.2665e+01,2.1361e+03,2.6284e+03,-2.7120e-01,-1.0689e+00,3.0043e+00
2.0000e+03,4.0700e+02,4.1390e+03,9.7398e+00,-3.1836e+03,-3.1963e+03,-8.0795e+00,-3.1963e+03,5.0119e-01,1.2685e+01,2.1209e+03,2.6517e+03,-4.0545e-01,-1.0639e+00,3.0057e+00
2.0000e+03,4.0800e+02,4.1450e+03,9.7497e+00,-3.1460e+03,-3.1587e+03,-8.0993e+00,-3.1587e+03,5.0158e-01,1.2704e+01,2.0768e+03,2.6555e+03,-8.1519e-01,-8.4282e-01,3.0079e+00
2.0000e+03,4.0900e+02,4.1600e+03,9.7387e+00,-3.1291e+03,-3.1418e+03,-8.1191e+00,-3.1418e+03,5.0197e-01,1.2724e+01,2.0392e+03,2.6651e+03,-4.5230e-01,-1.0925e+00,2.9789e+00
2.0000e+03,4.1000e+02,4.1670e+03,9.7463e+00,-3.1171e+03,-3.1298e+03,-8.1389e+00,-3.1298e+03,5.0236e-01,1.2744e+01,2.1124e+03,2.6696e+03,-2.6500e-01,-1.1283e+00,3.0100e+00
2.0000e+03,4.1100e+02,4.1700e+03,9.7630e+00,-3.1068e+03,-3.1196e+03,-8.1587e+00,-3.1196e+03,5.0274e-01,1.2763e+01,2.1004e+03,2.6715e+03,-4.8719e-01,-9.3600e-01,3.0110e+00
2.0000e+03,4.1200e+02,4.1840e+03,9.7544e+00,-3.0994e+03,-3.1121e+03,-8.1785e+00,-3.1121e+03,5.0294e-01,1.2774e+01,2.0901e+03,2.6805e+03,-1.1692e-01,-1.1666e+00,3.0308e+00
2.0000e+03,4.1300e+02,4.1950e+03,9.7527e+00,-3.0927e+03,-3.1055e+03,-8.1983e+00,-3.1055e+03,5.0313e-01,1.2783e+01,2.0826e+03,2.6875e+03,-1.2004e+00,-7.1288e-01,3.0222e+00
2.0000e+03,4.1400e+02,4.2120e+03,9.7372e+00,-3.0517e+03,-3.0645e+03,-8.2181e+00,-3.0645e+03,5.0392e-01,1.2823e+01,2.0760e+03,2.6983e+03,-6.0598e-01,-9.3637e-01,3.0101e+00
2.0000e+03,4.1500e+02,4.2220e+03,9.7378e+00,-3.0326e+03,-3.0454e+03,-8.2379e+00,-3.0454e+03,5.0431e-01,1.2843e+01,2.0350e+03,2.7046e+03,-1.0818e+00,-7.8468e-01,2.9972e+00
2.0000e+03,4.1600e+02,4.2320e+03,9.7384e+00,-3.0183e+03,-3.0312e+03,-8.2577e+00,-3.0312e+03,5.0470e-01,1.2863e+01,2.0159e+03,2.7109e+03,-5.1115e-01,-9.3118e-01,3.0210e+00
2.0000e+03,4.1700e+02,4.2520e+03,9.7164e+00,-2.9969e+03,-3.0097e+03,-8.2775e+00,-3.0097e+03,5.0508e-01,1.2883e+01,2.0016e+03,2.7229e+03,-9.8789e-02,-1.1318e+00,3.0391e+00
2.0000e+03,4.1800e+02,4.2560e+03,9.7306e+00,-2.9366e+03,-2.9495e+03,-8.2973e+00,-2.9495e+03,5.0547e-01,1.2902e+01,1.9801e+03,2.7253e+03,-4.9283e-01,-9.8386e-01,2.9898e+00
2.0000e+03,4.1900e+02,4.2650e+03,9.7335e+00,-2.9262e+03,-2.9391e+03,-8.3171e+00,-2.9391e+03,5.0585e-01,1.2922e+01,1.9199e+03,2.7307e+03,-1.4953e-01,-1.1347e+00,3.0240e+00
2.0000e+03,4.2000e+02,4.2670e+03,9.7521e+00,-2.9140e+03,-2.9269e+03,-8.3369e+00,-2.9269e+03,5.0625e-01,1.2942e+01,1.9095e+03,2.7320e+03,-1.1913e+00,-7.1729e-01,3.0177e+00
2.0000e+03,4.2100e+02,4.2690e+03,9.7708e+00,-2.9063e+03,-2.9192e+03,-8.3567e+00,-2.9192e+03,5.0648e-01,1.2954e+01,1.8973e+03,2.7332e+03,-6.0373e-01,-9.1864e-01,2.9973e+00
2.0000e+03,4.2200e+02,4.2740e+03,9.7826e+00,-2.8859e+03,-2.8989e+03,-8.3765e+00,-2.8989e+03,5.0702e-01,1.2982e+01,1.8896e+03,2.7362e+03,-5.1889e-01,-1.0109e+00,2.9802e+00
2.0000e+03,4.2300e+02,4.2950e+03,9.7583e+00,-2.8249e+03,-2.8379e+03,-8.3963e+00,-2.8379e+03,5.0741e-01,1.3001e+01,1.8692e+03,2.7491e+03,-1.6614e-01,-1.1507e+00,3.0234e+00
2.0000e+03,4.2400e+02,4.3950e+03,9.5613e+00,-2.8233e+03,-2.8361e+03,-8.4161e+00,-2.8360e+03,4.9194e-01,1.2221e+01,1.8082e+03,2.8097e+03,-1.1512e+00,-7.5527e-01,3.0091e+00
2.0000e+03,4.2500e+02,4.4240e+03,9.5217e+00,-2.8210e+03,-2.8340e+03,-8.4359e+00,-2.8339e+03,4.9369e-01,1.2308e+01,1.8063e+03,2.8276e+03,-3.3051e-01,-1.0678e+00,3.0167e+00
2.0000e+03,4.2600e+02,4.4410e+03,9.5079e+00,-2.8178e+03,-2.8308e+03,-8.4557e+00,-2.8308e+03,5.0134e-01,1.2692e+01,1.8041e+03,2.8382e+03,-1.3360e-01,-1.0975e+00,3.0390e+00
2.0000e+03,4.2700e+02,4.4680e+03,9.4732e+00,-2.7432e+03,-2.7563e+03,-8.4755e+00,-2.7563e+03,5.0895e-01,1.3081e+01,1.8010e+03,2.8550e+03,-6.3739e-01,-9.5147e-01,3.0007e+00
2.0000e+03,4.2800e+02,4.5850e+03,9.2557e+00,-2.7361e+03,-2.7492e+03,-8.4953e+00,-2.7492e+03,5.0907e-01,1.3087e+01,1.7265e+03,2.9289e+03,-9.6225e-01,-8.3207e-01,2.9878e+00
2.0000e+03,4.2900e+02,4.6080e+03,9.2314e+00,-2.7127e+03,-2.7258e+03,-8.5151e+00,-2.7258e+03,5.0972e-01,1.3120e+01,1.7194e+03,2.9434e+03,-2.0848e-01,-1.0476e+00,3.0286e+00
2.0000e+03,4.3000e+02,4.6460e+03,9.1780e+00,-2.7081e+03,-2.7212e+03,-8.5349e+00,-2.7212e+03,5.0801e-01,1.3032e+01,1.6960e+03,2.9671e+03,-3.9374e-01,-1.0480e+00,2.9915e+00
2.0000e+03,4.3100e+02,4.6970e+03,9.1005e+00,-2.6910e+03,-2.7042e+03,-8.5547e+00,-2.7042e+03,5.1049e-01,1.3160e+01,1.6913e+03,2.9990e+03,-1.3925e-01,-1.1269e+00,3.0330e+00
2.0000e+03,4.3200e+02,4.7170e+03,9.0833e+00,-2.6517e+03,-2.6649e+03,-8.5745e+00,-2.6649e+03,5.1087e-01,1.3180e+01,1.6743e+03,3.0112e+03,-7.5030e-01,-9.3915e-01,2.9735e+00
2.0000e+03,4.3300e+02,4.7470e+03,9.0473e+00,-2.6115e+03,-2.6247e+03,-8.5943e+00,-2.6247e+03,5.1126e-01,1.3200e+01,1.6350e+03,3.0296e+03,-6.0513e-01,-9.7596e-01,2.9995e+00
2.0000e+03,4.3400e+02,4.7480e+03,9.0663e+00,-2.6109e+03,-2.6237e+03,-8.6141e+00,-2.6234e+03,4.9076e-01,1.2162e+01,1.5948e+03,3.0302e+03,-3.8961e-01,-1.1071e+00,2.9868e+00
2.0000e+03,4.3500e+02,4.7560e+03,9.0720e+00,-2.6036e+03,-2.6168e+03,-8.6339e+00,-2.6168e+03,5.1168e-01,1.3221e+01,1.5934e+03,3.0351e+03,-7.0662e-01,-9.3948e-01,2.9781e+00
2.0000e+03,4.3600e+02,4.7590e+03,9.0871e+00,-2.5869e+03,-2.6002e+03,-8.6537e+00,-2.6002e+03,5.1241e-01,1.3259e+01,1.5869e+03,3.0370e+03,-3.1621e-01,-1.0393e+00,3.0247e+00
2.0000e+03,4.3700e+02,4.8310e+03,8.9736e+00,-2.5676e+03,-2.5809e+03,-8.6736e+00,-2.5809e+03,5.1279e-01,1.3279e+01,1.5702e+03,3.0813e+03,-6.6483e-01,-8.9909e-01,2.9977e+00
2.0000e+03,4.3800e+02,4.9280e+03,8.8188e+00,-2.5582e+03,-2.5715e+03,-8.6934e+00,-2.5715e+03,5.1314e-01,1.3297e+01,1.5509e+03,3.1413e+03,-4.0683e-01,-1.0680e+00,2.9996e+00
2.0000e+03,4.3900e+02,4.9450e+03,8.8088e+00,-2.5397e+03,-2.5530e+03,-8.7132e+00,-2.5530e+03,5.1355e-01,1.3318e+01,1.5415e+03,3.1519e+03,-2.2196e-01,-1.0575e+00,3.0215e+00
2.0000e+03,4.4000e+02,5.0230e+03,8.6931e+00,-2.5275e+03,-2.5408e+03,-8.7330e+00,-2.5408e+03,5.1393e-01,1.3338e+01,1.5229e+03,3.2001e+03,-9.2259e-01,-8.4787e-01,2.9889e+00
2.0000e+03,4.4100e+02,5.0390e+03,8.6854e+00,-2.5039e+03,-2.5173e+03,-8.7528e+00,-2.5173e+03,5.1432e-01,1.3358e+01,1.5108e+03,3.2101e+03,-6.5438e-01,-9.4858e-01,3.0000e+00
2.0000e+03,4.4200e+02,5.0590e+03,8.6710e+00,-2.5014e+03,-2.5147e+03,-8.7726e+00,-2.5147e+03,5.0473e-01,1.2865e+01,1.4872e+03,3.2228e+03,-8.9175e-01,-8.6090e-01,2.9898e+00
2.0000e+03,4.4300e+02,5.1400e+03,8.5549e+00,-2.5011e+03,-2.5139e+03,-8.7924e+00,-2.5135e+03,4.9020e-01,1.2135e+01,1.4846e+03,3.2747e+03,-2.2224e-01,-1.0658e+00,3.0301e+00
2.0000e+03,4.4400e+02,5.2690e+03,8.3662e+00,-2.4862e+03,-2.4997e+03,-8.8122e+00,-2.4997e+03,5.1546e-01,1.3417e+01,1.4834e+03,3.3587e+03,-7.0394e-01,-8.8199e-01,3.0024e+00
2.0000e+03,4.4500e+02,5.3500e+03,8.2593e+00,-2.4561e+03,-2.4695e+03,-8.8320e+00,-2.4695e+03,5.1584e-01,1.3437e+01,1.4695e+03,3.4108e+03,-9.3155e-01,-8.2343e-01,2.9970e+00
2.0000e+03,4.4600e+02,5.3940e+03,8.2109e+00,-2.4313e+03,-2.4447e+03,-8.8518e+00,-2.4447e+03,5.1622e-01,1.3457e+01,1.4393e+03,3.4388e+03,-6.2271e-01,-9.8103e-01,2.9945e+00
2.0000e+03,4.4700e+02,5.4240e+03,8.1841e+00,-2.4278e+03,-2.4412e+03,-8.8716e+00,-2.4412e+03,5.1153e-01,1.3214e+01,1.4145e+03,3.4581e+03,-6.9563e-01,-9.6889e-01,2.9836e+00
2.0000e+03,4.4800e+02,5.4420e+03,8.1755e+00,-2.4086e+03,-2.4221e+03,-8.8914e+00,-2.4221e+03,5.1698e-01,1.3497e+01,1.4110e+03,3.4697e+03,-4.1781e-01,-1.0600e+00,2.9995e+00
2.0000e+03,4.4900e+02,5.4430e+03,8.1922e+00,-2.4015e+03,-2.4151e+03,-8.9112e+00,-2.4151e+03,5.1709e-01,1.3502e+01,1.3919e+03,3.4704e+03,-3.6596e-01,-1.0393e+00,2.9979e+00
2.0000e+03,4.5000e+02,5.5220e+03,8.0940e+00,-2.4009e+03,-2.4140e+03,-8.9310e+00,-2.4137e+03,4.9706e-01,1.2476e+01,1.3848e+03,3.5224e+03,-3.3737e-01,-9.9132e-01,3.0216e+00
2.0000e+03,4.5100e+02,5.6110e+03,7.9845e+00,-2.3674e+03,-2.3809e+03,-8.9508e+00,-2.3809e+03,5.1812e-01,1.3556e+01,1.3835e+03,3.5807e+03,-6.6162e-01,-9.6910e-01,2.9875e+00
2.0000e+03,4.5200e+02,5.6880e+03,7.8947e+00,-2.3346e+03,-2.3482e+03,-8.9706e+00,-2.3482e+03,5.1849e-01,1.3576e+01,1.3506e+03,3.6309e+03,-2.4158e-01,-1.1451e+00,3.0083e+00
2.0000e+03,4.5300e+02,5.6950e+03,7.9025e+00,-2.3295e+03,-2.3431e+03,-8.9904e+00,-2.3431e+03,5.1749e-01,1.3523e+01,1.3179e+03,3.6354e+03,-7.3735e-01,-9.0360e-01,2.9827e+00
2.0000e+03,4.5400e+02,5.7120e+03,7.8966e+00,-2.3197e+03,-2.3333e+03,-9.0102e+00,-2.3333e+03,5.1923e-01,1.3614e+01,1.3128e+03,3.6463e+03,-3.6817e-01,-1.0259e+00,3.0014e+00
2.0000e+03,4.5500e+02,5.7200e+03,7.9029e+00,-2.3075e+03,-2.3212e+03,-9.0300e+00,-2.3212e+03,5.1962e-01,1.3635e+01,1.3030e+03,3.6515e+03,-7.2592e-01,-8.8132e-01,3.0003e+00
2.0000e+03,4.5600e+02,5.7220e+03,7.9175e+00,-2.2969e+03,-2.3106e+03,-9.0498e+00,-2.3106e+03,5.1999e-01,1.3654e+01,1.2908e+03,3.6528e+03,-3.9984e-01,-1.0369e+00,2.9951e+00
2.0000e+03,4.5700e+02,5.7640e+03,7.8775e+00,-2.2803e+03,-2.2940e+03,-9.0696e+00,-2.2940e+03,5.2038e-01,1.3675e+01,1.2802e+03,3.6800e+03,-5.5211e-01,-9.2900e-01,3.0153e+00
2.0000e+03,4.5800e+02,5.7900e+03,7.8596e+00,-2.2772e+03,-2.2909e+03,-9.0894e+00,-2.2908e+03,5.1412e-01,1.3348e+01,1.2636e+03,3.6968e+03,-4.1588e-01,-1.0699e+00,2.9875e+00
2.0000e+03,4.5900e+02,5.7930e+03,7.8727e+00,-2.2705e+03,-2.2842e+03,-9.1092e+00,-2.2842e+03,5.2075e-01,1.3694e+01,1.2604e+03,3.6987e+03,-4.0525e-01,-1.0035e+00,3.0141e+00
2.0000e+03,4.6000e+02,5.7940e+03,7.8884e+00,-2.2636e+03,-2.2773e+03,-9.1290e+00,-2.2773e+03,5.2121e-01,1.3719e+01,1.2538e+03,3.6993e+03,-4.3681e-01,-9.5761e-01,3.0131e+00
2.0000e+03,4.6100e+02,5.7980e+03,7.9001e+00,-2.2582e+03,-2.2719e+03,-9.1488e+00,-2.2719e+03,5.2083e-01,1.3698e+01,1.2469e+03,3.7017e+03,-7.6004e-01,-8.8405e-01,2.9936e+00
2.0000e+03,4.6200e+02,5.8160e+03,7.8929e+00,-2.2518e+03,-2.2656e+03,-9.1686e+00,-2.2656e+03,5.2176e-01,1.3748e+01,1.2414e+03,3.7129e+03,-6.0702e-01,-9.8654e-01,2.9927e+00
2.0000e+03,4.6300e+02,5.8460e+03,7.8697e+00,-2.2468e+03,-2.2606e+03,-9.1884e+00,-2.2606e+03,5.2110e-01,1.3713e+01,1.2351e+03,3.7315e+03,-2.0791e-01,-1.1485e+00,3.0128e+00
2.0000e+03,4.6400e+02,5.8680e+03,7.8574e+00,-2.2348e+03,-2.2486e+03,-9.2082e+00,-2.2486e+03,5.2301e-01,1.3813e+01,1.2301e+03,3.7453e+03,-2.4081e-01,-1.0740e+00,3.0163e+00
2.0000e+03,4.6500e+02,5.8710e+03,7.8703e+00,-2.2102e+03,-2.2241e+03,-9.2280e+00,-2.2241e+03,5.2339e-01,1.3833e+01,1.2181e+03,3.7472e+03,-7.1179e-01,-9.3635e-01,2.9926e+00
2.0000e+03,4.6600e+02,5.8860e+03,7.8673e+00,-2.2065e+03,-2.2203e+03,-9.2478e+00,-2.2203e+03,5.1957e-01,1.3632e+01,1.1935e+03,3.7567e+03,-6.0861e-01,-9.2304e-01,3.0062e+00
2.0000e+03,4.6700e+02,5.9700e+03,7.7741e+00,-2.1899e+03,-2.2038e+03,-9.2676e+00,-2.2038e+03,5.2414e-01,1.3873e+01,1.1897e+03,3.8109e+03,-7.2011e-01,-9.1968e-01,2.9846e+00
2.0000e+03,4.6800e+02,6.0610e+03,7.6747e+00,-2.1623e+03,-2.1762e+03,-9.2874e+00,-2.1762e+03,5.2451e-01,1.3893e+01,1.1732e+03,3.8698e+03,-5.7145e-01,-9.6994e-01,2.9847e+00
2.0000e+03,4.6900e+02,6.0830e+03,7.6635e+00,-2.1422e+03,-2.1562e+03,-9.3072e+00,-2.1562e+03,5.2488e-01,1.3912e+01,1.1456e+03,3.8842e+03,-3.0046e-01,-1.0387e+00,3.0186e+00
2.0000e+03,4.7000e+02,6.1050e+03,7.6523e+00,-2.1393e+03,-2.1532e+03,-9.3270e+00,-2.1531e+03,5.1799e-01,1.3550e+01,1.1255e+03,3.8988e+03,-2.0093e-01,-1.0938e+00,3.0205e+00
2.0000e+03,4.7100e+02,6.1200e+03,7.6499e+00,-2.1136e+03,-2.1276e+03,-9.3468e+00,-2.1276e+03,5.2563e-01,1.3952e+01,1.1225e+03,3.9087e+03,-4.8919e-01,-1.0206e+00,2.9866e+00
2.0000e+03,4.7200e+02,6.1400e+03,7.6414e+00,-2.1034e+03,-2.1173e+03,-9.3666e+00,-2.1173e+03,5.2599e-01,1.3971e+01,1.0969e+03,3.9217e+03,-6.7935e-01,-9.2071e-01,2.9876e+00
2.0000e+03,4.7300e+02,6.1510e+03,7.6439e+00,-2.0988e+03,-2.1128e+03,-9.3864e+00,-2.1128e+03,5.2414e-01,1.3873e+01,1.0866e+03,3.9288e+03,-1.9693e-01,-1.1054e+00,3.0264e+00
2.0000e+03,4.7400e+02,6.1620e+03,7.6465e+00,-2.0712e+03,-2.0852e+03,-9.4062e+00,-2.0852e+03,5.2675e-01,1.4011e+01,1.0821e+03,3.9356e+03,-6.4702e-01,-9.8376e-01,2.9822e+00
2.0000e+03,4.7500e+02,6.1920e+03,7.6258e+00,-2.0651e+03,-2.0792e+03,-9.4261e+00,-2.0792e+03,5.2650e-01,1.3998e+01,1.0545e+03,3.9546e+03,-7.7419e-01,-9.0283e-01,2.9911e+00
2.0000e+03,4.7600e+02,6.1990e+03,7.6332e+00,-2.0629e+03,-2.0768e+03,-9.4459e+00,-2.0767e+03,5.1652e-01,1.3472e+01,1.0484e+03,3.9591e+03,-6.0649e-01,-9.7552e-01,2.9809e+00
2.0000e+03,4.7700e+02,6.2820e+03,7.5490e+00,-2.0514e+03,-2.0655e+03,-9.4657e+00,-2.0655e+03,5.2786e-01,1.4071e+01,1.0460e+03,4.0119e+03,-2.6360e-01,-1.1127e+00,3.0043e+00
2.0000e+03,4.7800e+02,6.3500e+03,7.4844e+00,-2.0302e+03,-2.0443e+03,-9.4855e+00,-2.0443e+03,5.2823e-01,1.4091e+01,1.0347e+03,4.0545e+03,-5.7857e-01,-9.2790e-01,3.0092e+00
2.0000e+03,4.7900e+02,6.3760e+03,7.4697e+00,-2.0239e+03,-2.0380e+03,-9.5053e+00,-2.0380e+03,5.2810e-01,1.4083e+01,1.0135e+03,4.0708e+03,-3.9537e-01,-1.0857e+00,2.9895e+00
2.0000e+03,4.8000e+02,6.3800e+03,7.4806e+00,-2.0156e+03,-2.0298e+03,-9.5251e+00,-2.0298e+03,5.2889e-01,1.4125e+01,1.0072e+03,4.0733e+03,-3.2328e-01,-1.0973e+00,2.9998e+00
2.0000e+03,4.8100e+02,6.3820e+03,7.4938e+00,-2.0059e+03,-2.0200e+03,-9.5449e+00,-2.0200e+03,5.2932e-01,1.4149e+01,9.9890e+02,4.0745e+03,-2.7753e-01,-1.0464e+00,3.0160e+00
2.0000e+03,4.8200e+02,6.3850e+03,7.5058e+00,-2.0031e+03,-2.0172e+03,-9.5647e+00,-2.0172e+03,5.2160e-01,1.3739e+01,9.8917e+02,4.0763e+03,-2.5032e-01,-1.0734e+00,3.0150e+00
2.0000e+03,4.8300e+02,6.3860e+03,7.5202e+00,-1.9931e+03,-2.0072e+03,-9.5845e+00,-2.0072e+03,5.3007e-01,1.4189e+01,9.8629e+02,4.0769e+03,-2.8505e-01,-1.0654e+00,3.0176e+00
2.0000e+03,4.8400e+02,6.3910e+03,7.5299e+00,-1.9768e+03,-1.9910e+03,-9.6043e+00,-1.9910e+03,5.3046e-01,1.4209e+01,9.7634e+02,4.0799e+03,-6.4157e-01,-9.5670e-01,2.9827e+00
2.0000e+03,4.8500e+02,6.5180e+03,7.3995e+00,-1.9759e+03,-1.9898e+03,-9.6241e+00,-1.9895e+03,5.1147e-01,1.3210e+01,9.6004e+02,4.1578e+03,-7.3095e-01,-9.0594e-01,2.9874e+00
2.0000e+03,4.8600e+02,6.5290e+03,7.4023e+00,-1.9718e+03,-1.9861e+03,-9.6439e+00,-1.9860e+03,5.2653e-01,1.4000e+01,9.5857e+02,4.1645e+03,-8.4777e-01,-8.6658e-01,2.9934e+00
2.0000e+03,4.8700e+02,6.5440e+03,7.4007e+00,-1.9641e+03,-1.9784e+03,-9.6637e+00,-1.9784e+03,5.3141e-01,1.4261e+01,9.5506e+02,4.1738e+03,-7.9996e-01,-8.9155e-01,2.9887e+00
2.0000e+03,4.8800e+02,6.5750e+03,7.3811e+00,-1.9553e+03,-1.9696e+03,-9.6835e+00,-1.9696e+03,5.3188e-01,1.4286e+01,9.4740e+02,4.1930e+03,-7.4427e-01,-9.0748e-01,2.9849e+00
2.0000e+03,4.8900e+02,6.6010e+03,7.3673e+00,-1.9493e+03,-1.9636e+03,-9.7033e+00,-1.9636e+03,5.3161e-01,1.4271e+01,9.3855e+02,4.2092e+03,-4.6196e-01,-9.6525e-01,3.0111e+00
2.0000e+03,4.9000e+02,6.6430e+03,7.3360e+00,-1.9279e+03,-1.9422e+03,-9.7231e+00,-1.9422e+03,5.3267e-01,1.4328e+01,9.3262e+02,4.2355e+03,-3.2962e-01,-1.0091e+00,3.0194e+00
2.0000e+03,4.9100e+02,6.6540e+03,7.3389e+00,-1.9267e+03,-1.9408e+03,-9.7429e+00,-1.9406e+03,5.1562e-01,1.3426e+01,9.1120e+02,4.2422e+03,-2.6783e-01,-1.0927e+00,3.0091e+00
2.0000e+03,4.9200e+02,6.6660e+03,7.3407e+00,-1.8983e+03,-1.9127e+03,-9.7627e+00,-1.9127e+03,5.3341e-01,1.4368e+01,9.0951e+02,4.2493e+03,-7.1546e-01,-9.3600e-01,2.9804e+00
2.0000e+03,4.9300e+02,6.6680e+03,7.3534e+00,-1.8607e+03,-1.8751e+03,-9.7825e+00,-1.8751e+03,5.3377e-01,1.4388e+01,8.8157e+02,4.2505e+03,-4.9432e-01,-9.6420e-01,3.0023e+00
2.0000e+03,4.9400e+02,6.6760e+03,7.3595e+00,-1.8439e+03,-1.8583e+03,-9.8023e+00,-1.8583e+03,5.3414e-01,1.4407e+01,8.4396e+02,4.2553e+03,-3.7460e-01,-1.0771e+00,3.0010e+00
2.0000e+03,4.9500e+02,6.6930e+03,7.3558e+00,-1.8040e+03,-1.8184e+03,-9.8221e+00,-1.8184e+03,5.3451e-01,1.4427e+01,8.2718e+02,4.2656e+03,-5.6758e-01,-9.8276e-01,3.0013e+00
2.0000e+03,4.9600e+02,6.7460e+03,7.3131e+00,-1.7959e+03,-1.8103e+03,-9.8419e+00,-1.8103e+03,5.3477e-01,1.4442e+01,7.8729e+02,4.2975e+03,-4.3818e-01,-1.0263e+00,3.0086e+00
2.0000e+03,4.9700e+02,6.7530e+03,7.3203e+00,-1.7885e+03,-1.8029e+03,-9.8617e+00,-1.8029e+03,5.3505e-01,1.4457e+01,7.7917e+02,4.3016e+03,-6.3644e-01,-9.6318e-01,2.9931e+00
2.0000e+03,4.9800e+02,6.7660e+03,7.3210e+00,-1.7859e+03,-1.8003e+03,-9.8815e+00,-1.8002e+03,5.2674e-01,1.4011e+01,8.0407e+02,4.3093e+03,-7.5362e-01,-9.2369e-01,2.9831e+00
2.0000e+03,4.9900e+02,6.7680e+03,7.3335e+00,-1.7723e+03,-1.7869e+03,-9.9013e+00,-1.7869e+03,5.3597e-01,1.4506e+01,8.0132e+02,4.3105e+03,-7.2922e-01,-9.2429e-01,2.9832e+00
