nlive,niter,nc,eff,logl,logwt,logvol,logz,logzerr,h,delta_logz,time_elapsed,logfeh_mean,logdust,logNpix,tau,dmod
2.0000e+03,1.0000e+00,1.0000e+00,1.9960e-01,-2.9961e+05,-2.9961e+05,-1.9980e-03,-2.9961e+05,1.1750e-01,6.9098e+00,inf,1.2020e+03,-1.4848e+00,-1.1037e+00,4.9902e+00,8.0794e+00,2.0302e+01
2.0000e+03,2.0000e+00,1.0000e+00,3.9841e-01,-2.9958e+05,-2.9959e+05,-3.9960e-03,-2.9959e+05,1.1751e-01,6.9117e+00,2.3822e+05,1.2045e+03,-6.8079e-01,-1.9943e+00,4.8161e+00,6.0920e+00,2.0065e+01
2.0000e+03,3.0000e+00,1.0000e+00,5.9642e-01,-2.9941e+05,-2.9942e+05,-5.9940e-03,-2.9942e+05,1.1753e-01,6.9138e+00,2.3819e+05,1.2069e+03,3.4996e-01,-1.4709e+00,4.8847e+00,5.5178e+00,2.0064e+01
2.0000e+03,4.0000e+00,1.0000e+00,7.9365e-01,-2.9640e+05,-2.9640e+05,-7.9920e-03,-2.9640e+05,1.1755e-01,6.9158e+00,2.3803e+05,1.2089e+03,-3.3458e-02,-1.9345e+00,4.2620e+00,8.6118e+00,2.0316e+01
2.0000e+03,5.0000e+00,1.0000e+00,9.9010e-01,-2.9623e+05,-2.9624e+05,-9.9900e-03,-2.9624e+05,1.1757e-01,6.9177e+00,2.3501e+05,1.2110e+03,-4.4655e-01,-1.3703e+00,4.5261e+00,6.4473e+00,2.0227e+01
2.0000e+03,6.0000e+00,1.0000e+00,1.1858e+00,-2.9612e+05,-2.9612e+05,-1.1988e-02,-2.9612e+05,1.1758e-01,6.9197e+00,2.3485e+05,1.2130e+03,-1.4813e+00,-1.0994e+00,4.9090e+00,5.6133e+00,2.0848e+01
2.0000e+03,7.0000e+00,1.0000e+00,1.3807e+00,-2.9509e+05,-2.9510e+05,-1.3986e-02,-2.9510e+05,1.1760e-01,6.9217e+00,2.3473e+05,1.2156e+03,-1.1025e+00,-1.5560e+00,4.6991e+00,6.7472e+00,2.0815e+01
2.0000e+03,8.0000e+00,1.0000e+00,1.5748e+00,-2.9469e+05,-2.9470e+05,-1.5984e-02,-2.9470e+05,1.1762e-01,6.9237e+00,2.3370e+05,1.2181e+03,-6.5678e-01,-1.0678e+00,4.4705e+00,4.5072e+00,2.0292e+01
2.0000e+03,9.0000e+00,1.0000e+00,1.7682e+00,-2.9424e+05,-2.9424e+05,-1.7982e-02,-2.9424e+05,1.1763e-01,6.9257e+00,2.3331e+05,1.2201e+03,3.3117e-01,-1.8223e+00,4.9284e+00,6.5784e+00,2.1420e+01
2.0000e+03,1.0000e+01,1.0000e+00,1.9608e+00,-2.9337e+05,-2.9337e+05,-1.9980e-02,-2.9337e+05,1.1765e-01,6.9277e+00,2.3285e+05,1.2228e+03,-1.3923e+00,-1.5484e+00,4.9280e+00,1.3270e+00,2.1194e+01
2.0000e+03,1.1000e+01,1.0000e+00,2.1526e+00,-2.9238e+05,-2.9238e+05,-2.1978e-02,-2.9238e+05,1.1767e-01,6.9297e+00,2.3198e+05,1.2252e+03,-1.1096e+00,-1.9426e+00,4.6590e+00,8.3236e+00,2.1590e+01
2.0000e+03,1.2000e+01,1.0000e+00,2.3438e+00,-2.9202e+05,-2.9203e+05,-2.3976e-02,-2.9203e+05,1.1768e-01,6.9317e+00,2.3099e+05,1.2277e+03,-2.8802e-01,-1.0352e+00,4.8704e+00,9.3073e+00,2.1847e+01
2.0000e+03,1.3000e+01,1.0000e+00,2.5341e+00,-2.9162e+05,-2.9162e+05,-2.5974e-02,-2.9162e+05,1.1770e-01,6.9337e+00,2.3064e+05,1.2297e+03,-1.4214e+00,-1.5682e+00,4.4171e+00,4.2811e+00,2.0884e+01
2.0000e+03,1.4000e+01,1.0000e+00,2.7237e+00,-2.9095e+05,-2.9096e+05,-2.7972e-02,-2.9096e+05,1.1772e-01,6.9357e+00,2.3023e+05,1.2322e+03,-7.1996e-01,-1.7329e+00,4.2087e+00,9.0064e+00,2.1016e+01
2.0000e+03,1.5000e+01,1.0000e+00,2.9126e+00,-2.9010e+05,-2.9011e+05,-2.9970e-02,-2.9011e+05,1.1774e-01,6.9377e+00,2.2956e+05,1.2346e+03,-8.3999e-01,-1.3933e+00,4.2886e+00,6.3169e+00,2.1179e+01
2.0000e+03,1.6000e+01,1.0000e+00,3.1008e+00,-2.9005e+05,-2.9005e+05,-3.1968e-02,-2.9005e+05,1.1775e-01,6.9397e+00,2.2871e+05,1.2373e+03,-3.6058e-01,-1.1107e+00,4.6726e+00,1.6086e+00,2.1190e+01
2.0000e+03,1.7000e+01,1.0000e+00,3.2882e+00,-2.8970e+05,-2.8971e+05,-3.3966e-02,-2.8971e+05,1.1777e-01,6.9417e+00,2.2866e+05,1.2398e+03,-4.1446e-02,-1.5750e+00,3.9025e+00,5.9213e+00,2.1371e+01
2.0000e+03,1.8000e+01,2.0000e+00,3.4682e+00,-2.8966e+05,-2.8966e+05,-3.5964e-02,-2.8966e+05,1.1779e-01,6.9437e+00,2.2832e+05,1.2448e+03,-1.4547e+00,-1.7872e+00,3.9050e+00,6.7649e+00,2.0384e+01
2.0000e+03,1.9000e+01,1.0000e+00,3.6538e+00,-2.8939e+05,-2.8940e+05,-3.7962e-02,-2.8940e+05,1.1780e-01,6.9457e+00,2.2827e+05,1.2474e+03,-4.6073e-01,-1.7922e+00,4.5004e+00,2.3191e+00,2.1387e+01
2.0000e+03,2.0000e+01,1.0000e+00,3.8388e+00,-2.8930e+05,-2.8931e+05,-3.9960e-02,-2.8931e+05,1.1782e-01,6.9477e+00,2.2800e+05,1.2498e+03,-1.4813e+00,-1.3388e+00,4.1046e+00,9.2735e+00,2.1094e+01
2.0000e+03,2.1000e+01,1.0000e+00,4.0230e+00,-2.8927e+05,-2.8928e+05,-4.1958e-02,-2.8928e+05,1.1784e-01,6.9497e+00,2.2792e+05,1.2525e+03,3.4524e-01,-1.8299e+00,3.8735e+00,8.7110e+00,2.1293e+01
2.0000e+03,2.2000e+01,1.0000e+00,4.2065e+00,-2.8904e+05,-2.8904e+05,-4.3956e-02,-2.8904e+05,1.1785e-01,6.9517e+00,2.2789e+05,1.2551e+03,1.3306e-01,-1.7707e+00,3.6605e+00,5.7985e+00,2.0794e+01
2.0000e+03,2.3000e+01,1.0000e+00,4.3893e+00,-2.8902e+05,-2.8903e+05,-4.5954e-02,-2.8903e+05,1.1787e-01,6.9536e+00,2.2765e+05,1.2575e+03,-4.1442e-01,-1.5051e+00,4.2051e+00,3.1488e+00,2.1140e+01
2.0000e+03,2.4000e+01,1.0000e+00,4.5714e+00,-2.8899e+05,-2.8899e+05,-4.7952e-02,-2.8899e+05,1.1789e-01,6.9557e+00,2.2764e+05,1.2601e+03,-4.7656e-01,-1.1564e+00,4.9742e+00,6.3445e+00,2.2855e+01
2.0000e+03,2.5000e+01,1.0000e+00,4.7529e+00,-2.8893e+05,-2.8894e+05,-4.9950e-02,-2.8894e+05,1.1790e-01,6.9577e+00,2.2760e+05,1.2625e+03,1.3137e-01,-1.0264e+00,4.6825e+00,1.0799e+00,2.1185e+01
2.0000e+03,2.6000e+01,1.0000e+00,4.9336e+00,-2.8862e+05,-2.8863e+05,-5.1948e-02,-2.8863e+05,1.1792e-01,6.9597e+00,2.2755e+05,1.2645e+03,1.9213e-01,-1.8167e+00,4.6519e+00,1.1262e+00,2.1268e+01
2.0000e+03,2.7000e+01,1.0000e+00,5.1136e+00,-2.8844e+05,-2.8845e+05,-5.3946e-02,-2.8845e+05,1.1794e-01,6.9617e+00,2.2723e+05,1.2670e+03,-1.2364e+00,-1.0728e+00,4.3112e+00,3.9880e+00,2.1406e+01
2.0000e+03,2.8000e+01,1.0000e+00,5.2930e+00,-2.8839e+05,-2.8839e+05,-5.5944e-02,-2.8839e+05,1.1796e-01,6.9637e+00,2.2706e+05,1.2690e+03,3.7691e-01,-1.0614e+00,3.9802e+00,9.1163e+00,2.2372e+01
2.0000e+03,2.9000e+01,1.0000e+00,5.4717e+00,-2.8808e+05,-2.8809e+05,-5.7942e-02,-2.8809e+05,1.1797e-01,6.9657e+00,2.2700e+05,1.2714e+03,6.1261e-02,-1.1785e+00,4.8136e+00,6.1386e+00,2.2901e+01
2.0000e+03,3.0000e+01,1.0000e+00,5.6497e+00,-2.8789e+05,-2.8790e+05,-5.9940e-02,-2.8790e+05,1.1799e-01,6.9677e+00,2.2670e+05,1.2740e+03,-9.0272e-01,-1.1384e+00,4.6232e+00,7.7090e+00,2.2612e+01
2.0000e+03,3.1000e+01,1.0000e+00,5.8271e+00,-2.8788e+05,-2.8788e+05,-6.1938e-02,-2.8788e+05,1.1801e-01,6.9697e+00,2.2651e+05,1.2765e+03,-7.6696e-01,-1.9342e+00,4.1512e+00,5.1726e+00,2.1768e+01
2.0000e+03,3.2000e+01,1.0000e+00,6.0038e+00,-2.8777e+05,-2.8777e+05,-6.3936e-02,-2.8777e+05,1.1802e-01,6.9717e+00,2.2649e+05,1.2790e+03,-1.4565e+00,-1.5517e+00,4.5725e+00,7.7812e+00,2.2492e+01
2.0000e+03,3.3000e+01,1.0000e+00,6.1798e+00,-2.8753e+05,-2.8754e+05,-6.5934e-02,-2.8754e+05,1.1804e-01,6.9737e+00,2.2638e+05,1.2814e+03,-8.5361e-01,-1.4095e+00,4.4156e+00,2.9419e+00,2.1731e+01
2.0000e+03,3.4000e+01,1.0000e+00,6.3551e+00,-2.8739e+05,-2.8740e+05,-6.7932e-02,-2.8740e+05,1.1806e-01,6.9757e+00,2.2615e+05,1.2835e+03,-1.4832e+00,-1.5285e+00,4.4097e+00,9.2395e+00,2.2314e+01
2.0000e+03,3.5000e+01,1.0000e+00,6.5299e+00,-2.8736e+05,-2.8737e+05,-6.9930e-02,-2.8737e+05,1.1807e-01,6.9777e+00,2.2601e+05,1.2856e+03,1.2071e-01,-1.0359e+00,4.8309e+00,5.9525e+00,2.3115e+01
2.0000e+03,3.6000e+01,1.0000e+00,6.7039e+00,-2.8701e+05,-2.8702e+05,-7.1928e-02,-2.8702e+05,1.1809e-01,6.9797e+00,2.2597e+05,1.2883e+03,-1.5434e-01,-1.9125e+00,4.5479e+00,7.8464e+00,2.3173e+01
2.0000e+03,3.7000e+01,1.0000e+00,6.8773e+00,-2.8692e+05,-2.8693e+05,-7.3926e-02,-2.8693e+05,1.1811e-01,6.9817e+00,2.2563e+05,1.2908e+03,-2.1971e-01,-1.2849e+00,3.9537e+00,9.7129e+00,2.2460e+01
2.0000e+03,3.8000e+01,1.0000e+00,7.0501e+00,-2.8684e+05,-2.8684e+05,-7.5924e-02,-2.8684e+05,1.1812e-01,6.9837e+00,2.2554e+05,1.2933e+03,2.5966e-01,-1.0030e+00,4.1349e+00,7.2794e+00,2.2872e+01
2.0000e+03,3.9000e+01,1.0000e+00,7.2222e+00,-2.8682e+05,-2.8683e+05,-7.7922e-02,-2.8683e+05,1.1814e-01,6.9857e+00,2.2545e+05,1.2960e+03,1.6864e-01,-1.8829e+00,3.0924e+00,8.7433e+00,2.0387e+01
2.0000e+03,4.0000e+01,1.0000e+00,7.3937e+00,-2.8665e+05,-2.8665e+05,-7.9920e-02,-2.8665e+05,1.1816e-01,6.9877e+00,2.2544e+05,1.2984e+03,-1.1895e+00,-1.6390e+00,4.8203e+00,1.3886e+00,2.2728e+01
2.0000e+03,4.1000e+01,1.0000e+00,7.5646e+00,-2.8656e+05,-2.8657e+05,-8.1918e-02,-2.8657e+05,1.1818e-01,6.9897e+00,2.2526e+05,1.3009e+03,-4.2935e-01,-1.3900e+00,4.4057e+00,4.1586e+00,2.2614e+01
2.0000e+03,4.2000e+01,1.0000e+00,7.7348e+00,-2.8623e+05,-2.8624e+05,-8.3916e-02,-2.8624e+05,1.1819e-01,6.9917e+00,2.2518e+05,1.3030e+03,4.6092e-01,-1.8556e+00,4.6129e+00,7.4846e+00,2.3485e+01
2.0000e+03,4.3000e+01,1.0000e+00,7.9044e+00,-2.8622e+05,-2.8623e+05,-8.5914e-02,-2.8623e+05,1.1761e-01,6.9229e+00,2.2484e+05,1.3054e+03,-9.5707e-01,-1.9656e+00,3.5083e+00,5.2500e+00,2.0420e+01
2.0000e+03,4.4000e+01,1.0000e+00,8.0734e+00,-2.8618e+05,-2.8619e+05,-8.7912e-02,-2.8619e+05,1.1823e-01,6.9957e+00,2.2484e+05,1.3077e+03,-9.1318e-01,-1.9436e+00,4.7382e+00,6.5229e+00,2.3456e+01
2.0000e+03,4.5000e+01,2.0000e+00,8.2267e+00,-2.8609e+05,-2.8610e+05,-8.9910e-02,-2.8610e+05,1.1824e-01,6.9977e+00,2.2480e+05,1.3130e+03,-4.6683e-02,-1.0999e+00,4.1167e+00,6.0316e+00,2.2911e+01
2.0000e+03,4.6000e+01,1.0000e+00,8.3942e+00,-2.8606e+05,-2.8607e+05,-9.1908e-02,-2.8607e+05,1.1826e-01,6.9997e+00,2.2470e+05,1.3155e+03,-7.5315e-01,-1.9876e+00,4.6876e+00,8.7454e+00,2.3517e+01
2.0000e+03,4.7000e+01,1.0000e+00,8.5610e+00,-2.8584e+05,-2.8585e+05,-9.3906e-02,-2.8585e+05,1.1828e-01,7.0017e+00,2.2468e+05,1.3182e+03,-1.3077e+00,-1.1807e+00,3.5184e+00,7.8579e+00,2.0771e+01
2.0000e+03,4.8000e+01,1.0000e+00,8.7273e+00,-2.8574e+05,-2.8575e+05,-9.5904e-02,-2.8575e+05,1.1829e-01,7.0037e+00,2.2445e+05,1.3207e+03,-4.9521e-02,-1.0262e+00,3.1419e+00,4.5035e+00,2.0221e+01
2.0000e+03,4.9000e+01,1.0000e+00,8.8929e+00,-2.8563e+05,-2.8563e+05,-9.7902e-02,-2.8563e+05,1.1831e-01,7.0057e+00,2.2435e+05,1.3233e+03,-5.7422e-01,-1.1528e+00,3.7121e+00,3.7418e+00,2.1380e+01
2.0000e+03,5.0000e+01,1.0000e+00,9.0580e+00,-2.8508e+05,-2.8509e+05,-9.9900e-02,-2.8509e+05,1.1833e-01,7.0077e+00,2.2424e+05,1.3259e+03,6.4833e-02,-1.6509e+00,3.9987e+00,6.4404e-01,2.0782e+01
2.0000e+03,5.1000e+01,1.0000e+00,9.2224e+00,-2.8506e+05,-2.8506e+05,-1.0190e-01,-2.8506e+05,1.1834e-01,7.0096e+00,2.2370e+05,1.3283e+03,-1.3037e+00,-1.5618e+00,4.7899e+00,5.1179e-01,2.3108e+01
2.0000e+03,5.2000e+01,2.0000e+00,9.3694e+00,-2.8502e+05,-2.8503e+05,-1.0390e-01,-2.8503e+05,1.1836e-01,7.0117e+00,2.2367e+05,1.3335e+03,-8.8230e-01,-1.6323e+00,4.0532e+00,1.8864e+00,2.1377e+01
2.0000e+03,5.3000e+01,1.0000e+00,9.5324e+00,-2.8501e+05,-2.8501e+05,-1.0589e-01,-2.8501e+05,1.1838e-01,7.0136e+00,2.2364e+05,1.3360e+03,-6.4757e-01,-1.4780e+00,4.7870e+00,5.1967e+00,2.3752e+01
2.0000e+03,5.4000e+01,1.0000e+00,9.6948e+00,-2.8480e+05,-2.8480e+05,-1.0789e-01,-2.8480e+05,1.1839e-01,7.0157e+00,2.2362e+05,1.3381e+03,-1.1658e+00,-1.7641e+00,4.8033e+00,5.8640e+00,2.3909e+01
2.0000e+03,5.5000e+01,1.0000e+00,9.8566e+00,-2.8472e+05,-2.8473e+05,-1.0989e-01,-2.8473e+05,1.1841e-01,7.0176e+00,2.2341e+05,1.3402e+03,-9.7671e-01,-1.1066e+00,4.2898e+00,2.6903e+00,2.2069e+01
2.0000e+03,5.6000e+01,1.0000e+00,1.0018e+01,-2.8462e+05,-2.8463e+05,-1.1189e-01,-2.8463e+05,1.1843e-01,7.0196e+00,2.2333e+05,1.3427e+03,-9.1350e-01,-1.4699e+00,4.4653e+00,8.7010e+00,2.3565e+01
2.0000e+03,5.7000e+01,1.0000e+00,1.0179e+01,-2.8454e+05,-2.8454e+05,-1.1389e-01,-2.8454e+05,1.1845e-01,7.0216e+00,2.2324e+05,1.3452e+03,1.1143e-01,-1.5157e+00,4.5067e+00,1.6070e+00,2.2197e+01
2.0000e+03,5.8000e+01,2.0000e+00,1.0320e+01,-2.8447e+05,-2.8448e+05,-1.1588e-01,-2.8448e+05,1.1846e-01,7.0236e+00,2.2315e+05,1.3499e+03,2.7979e-01,-1.8315e+00,4.5343e+00,7.0575e+00,2.4221e+01
2.0000e+03,5.9000e+01,1.0000e+00,1.0480e+01,-2.8445e+05,-2.8446e+05,-1.1788e-01,-2.8446e+05,1.1848e-01,7.0256e+00,2.2309e+05,1.3524e+03,9.5820e-03,-1.2089e+00,4.1492e+00,9.4830e+00,2.4002e+01
2.0000e+03,6.0000e+01,1.0000e+00,1.0638e+01,-2.8423e+05,-2.8423e+05,-1.1988e-01,-2.8423e+05,1.1850e-01,7.0276e+00,2.2307e+05,1.3550e+03,-1.0695e+00,-1.9816e+00,4.4519e+00,1.2009e+00,2.2521e+01
2.0000e+03,6.1000e+01,1.0000e+00,1.0796e+01,-2.8415e+05,-2.8416e+05,-1.2188e-01,-2.8416e+05,1.1851e-01,7.0296e+00,2.2284e+05,1.3575e+03,-2.3475e-01,-1.1712e+00,3.8524e+00,3.4213e+00,2.1677e+01
2.0000e+03,6.2000e+01,1.0000e+00,1.0954e+01,-2.8399e+05,-2.8400e+05,-1.2388e-01,-2.8400e+05,1.1853e-01,7.0316e+00,2.2277e+05,1.3601e+03,-1.1972e+00,-1.6648e+00,3.6302e+00,8.2609e-01,2.0550e+01
2.0000e+03,6.3000e+01,2.0000e+00,1.1092e+01,-2.8398e+05,-2.8398e+05,-1.2587e-01,-2.8398e+05,1.1855e-01,7.0336e+00,2.2261e+05,1.3653e+03,-6.1534e-01,-1.6193e+00,4.3304e+00,7.1484e+00,2.3550e+01
2.0000e+03,6.4000e+01,1.0000e+00,1.1248e+01,-2.8392e+05,-2.8393e+05,-1.2787e-01,-2.8393e+05,1.1856e-01,7.0356e+00,2.2259e+05,1.3678e+03,-1.1080e+00,-1.9613e+00,3.4634e+00,5.6898e+00,2.1082e+01
2.0000e+03,6.5000e+01,1.0000e+00,1.1404e+01,-2.8392e+05,-2.8392e+05,-1.2987e-01,-2.8392e+05,1.1844e-01,7.0209e+00,2.2254e+05,1.3705e+03,-6.6446e-01,-1.8700e+00,3.6040e+00,5.9203e+00,2.2547e+01
2.0000e+03,6.6000e+01,2.0000e+00,1.1538e+01,-2.8381e+05,-2.8382e+05,-1.3187e-01,-2.8382e+05,1.1860e-01,7.0396e+00,2.2253e+05,1.3755e+03,-1.4824e+00,-1.3803e+00,4.6495e+00,2.2047e+00,2.3222e+01
2.0000e+03,6.7000e+01,1.0000e+00,1.1693e+01,-2.8378e+05,-2.8379e+05,-1.3387e-01,-2.8379e+05,1.1861e-01,7.0416e+00,2.2242e+05,1.3780e+03,-1.1735e+00,-1.6265e+00,4.4798e+00,5.0453e+00,2.3286e+01
2.0000e+03,6.8000e+01,1.0000e+00,1.1847e+01,-2.8372e+05,-2.8373e+05,-1.3586e-01,-2.8373e+05,1.1863e-01,7.0436e+00,2.2240e+05,1.3805e+03,1.9205e-01,-1.5267e+00,4.6102e+00,2.3374e+00,2.3042e+01
2.0000e+03,6.9000e+01,1.0000e+00,1.2000e+01,-2.8368e+05,-2.8369e+05,-1.3786e-01,-2.8369e+05,1.1865e-01,7.0456e+00,2.2234e+05,1.3831e+03,-6.2742e-01,-1.7975e+00,2.7756e+00,7.4473e+00,2.0960e+01
2.0000e+03,7.0000e+01,1.0000e+00,1.2153e+01,-2.8349e+05,-2.8350e+05,-1.3986e-01,-2.8350e+05,1.1866e-01,7.0476e+00,2.2229e+05,1.3858e+03,-5.2529e-01,-1.7333e+00,3.4200e+00,7.5601e+00,2.2706e+01
2.0000e+03,7.1000e+01,2.0000e+00,1.2284e+01,-2.8346e+05,-2.8347e+05,-1.4186e-01,-2.8347e+05,1.1868e-01,7.0496e+00,2.2211e+05,1.3907e+03,-4.7199e-01,-1.1311e+00,3.8814e+00,9.0456e+00,2.2776e+01
2.0000e+03,7.2000e+01,1.0000e+00,1.2435e+01,-2.8339e+05,-2.8339e+05,-1.4386e-01,-2.8339e+05,1.1870e-01,7.0516e+00,2.2208e+05,1.3932e+03,-1.2887e+00,-1.4227e+00,3.6172e+00,9.6644e+00,2.1967e+01
2.0000e+03,7.3000e+01,1.0000e+00,1.2586e+01,-2.8336e+05,-2.8337e+05,-1.4585e-01,-2.8337e+05,1.1871e-01,7.0536e+00,2.2200e+05,1.3953e+03,-1.1131e+00,-1.2600e+00,4.8269e+00,5.2074e+00,2.4300e+01
2.0000e+03,7.4000e+01,2.0000e+00,1.2715e+01,-2.8329e+05,-2.8330e+05,-1.4785e-01,-2.8330e+05,1.1873e-01,7.0556e+00,2.2198e+05,1.4003e+03,2.3192e-01,-1.2879e+00,3.6551e+00,3.9095e+00,2.1793e+01
2.0000e+03,7.5000e+01,1.0000e+00,1.2864e+01,-2.8317e+05,-2.8318e+05,-1.4985e-01,-2.8318e+05,1.1875e-01,7.0576e+00,2.2191e+05,1.4024e+03,-3.8134e-01,-1.6711e+00,4.3304e+00,2.5271e+00,2.2880e+01
2.0000e+03,7.6000e+01,2.0000e+00,1.2991e+01,-2.8284e+05,-2.8285e+05,-1.5185e-01,-2.8285e+05,1.1876e-01,7.0596e+00,2.2179e+05,1.4070e+03,-2.0449e-01,-1.2281e+00,4.3833e+00,8.3219e+00,2.4283e+01
2.0000e+03,7.7000e+01,1.0000e+00,1.3140e+01,-2.8284e+05,-2.8285e+05,-1.5385e-01,-2.8285e+05,1.1575e-01,6.7059e+00,2.2146e+05,1.4091e+03,-7.9686e-01,-1.5571e+00,3.3180e+00,6.2139e+00,2.1771e+01
2.0000e+03,7.8000e+01,1.0000e+00,1.3288e+01,-2.8274e+05,-2.8274e+05,-1.5584e-01,-2.8274e+05,1.1880e-01,7.0636e+00,2.2145e+05,1.4115e+03,-1.1100e+00,-1.1795e+00,3.0811e+00,3.9956e+00,2.0411e+01
2.0000e+03,7.9000e+01,1.0000e+00,1.3435e+01,-2.8267e+05,-2.8268e+05,-1.5784e-01,-2.8268e+05,1.1882e-01,7.0656e+00,2.2135e+05,1.4142e+03,-8.5878e-01,-1.4077e+00,3.4402e+00,5.1730e+00,2.1448e+01
2.0000e+03,8.0000e+01,1.0000e+00,1.3582e+01,-2.8258e+05,-2.8259e+05,-1.5984e-01,-2.8259e+05,1.1883e-01,7.0676e+00,2.2128e+05,1.4163e+03,4.4811e-01,-1.2458e+00,4.6667e+00,4.7326e-01,2.2858e+01
2.0000e+03,8.1000e+01,1.0000e+00,1.3729e+01,-2.8246e+05,-2.8246e+05,-1.6184e-01,-2.8246e+05,1.1885e-01,7.0696e+00,2.2119e+05,1.4189e+03,3.0468e-01,-1.0793e+00,2.8618e+00,5.6999e+00,2.0286e+01
2.0000e+03,8.2000e+01,2.0000e+00,1.3851e+01,-2.8244e+05,-2.8245e+05,-1.6384e-01,-2.8245e+05,1.1887e-01,7.0716e+00,2.2107e+05,1.4237e+03,1.4946e-02,-1.0117e+00,4.2056e+00,3.5054e+00,2.3354e+01
2.0000e+03,8.3000e+01,1.0000e+00,1.3997e+01,-2.8240e+05,-2.8241e+05,-1.6583e-01,-2.8241e+05,1.1888e-01,7.0736e+00,2.2105e+05,1.4262e+03,-7.7999e-01,-1.8391e+00,3.9055e+00,8.3692e+00,2.3189e+01
2.0000e+03,8.4000e+01,1.0000e+00,1.4141e+01,-2.8236e+05,-2.8237e+05,-1.6783e-01,-2.8237e+05,1.1890e-01,7.0756e+00,2.2102e+05,1.4289e+03,-2.5445e-01,-1.5063e+00,4.3622e+00,7.1498e+00,2.4439e+01
2.0000e+03,8.5000e+01,2.0000e+00,1.4262e+01,-2.8226e+05,-2.8227e+05,-1.6983e-01,-2.8227e+05,1.1892e-01,7.0776e+00,2.2097e+05,1.4340e+03,-7.5201e-02,-1.9661e+00,4.3121e+00,7.1396e+00,2.4934e+01
2.0000e+03,8.6000e+01,1.0000e+00,1.4405e+01,-2.8219e+05,-2.8220e+05,-1.7183e-01,-2.8220e+05,1.1893e-01,7.0796e+00,2.2088e+05,1.4367e+03,-9.0615e-01,-1.6281e+00,4.3108e+00,9.0213e+00,2.4273e+01
2.0000e+03,8.7000e+01,1.0000e+00,1.4548e+01,-2.8210e+05,-2.8211e+05,-1.7383e-01,-2.8211e+05,1.1895e-01,7.0816e+00,2.2081e+05,1.4393e+03,4.9176e-01,-1.3368e+00,4.2716e+00,2.7871e+00,2.2919e+01
2.0000e+03,8.8000e+01,1.0000e+00,1.4691e+01,-2.8198e+05,-2.8198e+05,-1.7582e-01,-2.8198e+05,1.1897e-01,7.0836e+00,2.2072e+05,1.4418e+03,-4.7347e-01,-1.3947e+00,4.1905e+00,2.0872e+00,2.2877e+01
2.0000e+03,8.9000e+01,1.0000e+00,1.4833e+01,-2.8196e+05,-2.8197e+05,-1.7782e-01,-2.8197e+05,1.1898e-01,7.0850e+00,2.2059e+05,1.4439e+03,1.6757e-01,-1.1862e+00,2.3878e+00,7.5424e+00,2.0191e+01
2.0000e+03,9.0000e+01,1.0000e+00,1.4975e+01,-2.8194e+05,-2.8195e+05,-1.7982e-01,-2.8195e+05,1.1900e-01,7.0876e+00,2.2058e+05,1.4461e+03,9.7693e-02,-1.8572e+00,4.2227e+00,8.8073e+00,2.4999e+01
2.0000e+03,9.1000e+01,1.0000e+00,1.5116e+01,-2.8192e+05,-2.8193e+05,-1.8182e-01,-2.8193e+05,1.1902e-01,7.0896e+00,2.2056e+05,1.4486e+03,2.9380e-02,-1.6407e+00,1.3520e+00,7.3227e+00,2.8810e+01
2.0000e+03,9.2000e+01,1.0000e+00,1.5257e+01,-2.8190e+05,-2.8191e+05,-1.8382e-01,-2.8191e+05,1.1903e-01,7.0916e+00,2.2054e+05,1.4512e+03,-1.3945e+00,-1.9573e+00,3.1157e+00,6.0735e+00,2.0823e+01
2.0000e+03,9.3000e+01,2.0000e+00,1.5372e+01,-2.8190e+05,-2.8190e+05,-1.8581e-01,-2.8190e+05,1.1875e-01,7.0573e+00,2.2052e+05,1.4562e+03,-1.4476e+00,-1.4994e+00,3.1125e+00,2.3104e+00,2.0017e+01
2.0000e+03,9.4000e+01,1.0000e+00,1.5512e+01,-2.8187e+05,-2.8187e+05,-1.8781e-01,-2.8187e+05,1.1907e-01,7.0956e+00,2.2051e+05,1.4583e+03,-2.6772e-01,-1.7807e+00,4.4901e+00,6.5139e+00,2.4730e+01
2.0000e+03,9.5000e+01,2.0000e+00,1.5625e+01,-2.8183e+05,-2.8184e+05,-1.8981e-01,-2.8184e+05,1.1908e-01,7.0976e+00,2.2048e+05,1.4629e+03,-1.3957e+00,-1.9073e+00,4.5480e+00,1.7647e+00,2.3629e+01
2.0000e+03,9.6000e+01,2.0000e+00,1.5738e+01,-2.8177e+05,-2.8178e+05,-1.9181e-01,-2.8178e+05,1.1910e-01,7.0996e+00,2.2044e+05,1.4681e+03,-4.2236e-01,-1.4924e+00,3.5723e+00,5.4924e+00,2.3183e+01
2.0000e+03,9.7000e+01,1.0000e+00,1.5876e+01,-2.8167e+05,-2.8167e+05,-1.9381e-01,-2.8167e+05,1.1912e-01,7.1016e+00,2.2039e+05,1.4706e+03,-5.4445e-01,-1.6933e+00,1.2264e+00,9.3747e+00,2.9040e+01
2.0000e+03,9.8000e+01,3.0000e+00,1.5961e+01,-2.8143e+05,-2.8144e+05,-1.9580e-01,-2.8144e+05,1.1913e-01,7.1036e+00,2.2028e+05,1.4781e+03,-2.7702e-01,-1.5589e+00,3.1088e+00,7.8202e+00,2.2514e+01
2.0000e+03,9.9000e+01,1.0000e+00,1.6098e+01,-2.8139e+05,-2.8139e+05,-1.9780e-01,-2.8139e+05,1.1915e-01,7.1056e+00,2.2004e+05,1.4808e+03,-8.4359e-02,-1.6726e+00,2.7012e+00,7.0772e+00,2.1591e+01
2.0000e+03,1.0000e+02,1.0000e+00,1.6234e+01,-2.8134e+05,-2.8135e+05,-1.9980e-01,-2.8135e+05,1.1917e-01,7.1076e+00,2.2000e+05,1.4833e+03,-3.3578e-01,-1.9323e+00,1.0238e+00,4.7333e+00,2.7902e+01
2.0000e+03,1.0100e+02,2.0000e+00,1.6343e+01,-2.8127e+05,-2.8128e+05,-2.0180e-01,-2.8128e+05,1.1918e-01,7.1095e+00,2.1995e+05,1.4886e+03,-1.3866e+00,-1.8967e+00,2.9413e+00,6.7791e+00,2.0909e+01
2.0000e+03,1.0200e+02,1.0000e+00,1.6478e+01,-2.8125e+05,-2.8126e+05,-2.0380e-01,-2.8126e+05,1.1920e-01,7.1116e+00,2.1989e+05,1.4911e+03,-3.8048e-01,-1.1622e+00,1.2245e+00,8.9597e+00,2.8958e+01
2.0000e+03,1.0300e+02,1.0000e+00,1.6613e+01,-2.8120e+05,-2.8121e+05,-2.0579e-01,-2.8121e+05,1.1922e-01,7.1135e+00,2.1986e+05,1.4936e+03,-1.3542e+00,-1.3492e+00,4.0227e+00,9.3278e+00,2.3764e+01
2.0000e+03,1.0400e+02,4.0000e+00,1.6667e+01,-2.8102e+05,-2.8102e+05,-2.0779e-01,-2.8102e+05,1.1923e-01,7.1155e+00,2.1982e+05,1.5033e+03,3.6158e-02,-1.6971e+00,1.0607e+00,4.6873e+00,2.7033e+01
2.0000e+03,1.0500e+02,1.0000e+00,1.6800e+01,-2.8084e+05,-2.8085e+05,-2.0979e-01,-2.8085e+05,1.1925e-01,7.1175e+00,2.1963e+05,1.5054e+03,2.8627e-02,-1.1483e+00,4.3599e+00,5.5162e+00,2.5447e+01
2.0000e+03,1.0600e+02,1.0000e+00,1.6933e+01,-2.8065e+05,-2.8066e+05,-2.1179e-01,-2.8066e+05,1.1927e-01,7.1195e+00,2.1945e+05,1.5079e+03,4.8016e-01,-1.9193e+00,3.2940e+00,8.6785e+00,2.2464e+01
2.0000e+03,1.0700e+02,1.0000e+00,1.7065e+01,-2.8063e+05,-2.8064e+05,-2.1379e-01,-2.8064e+05,1.1928e-01,7.1215e+00,2.1926e+05,1.5105e+03,8.2284e-02,-1.7812e+00,3.9848e+00,4.5957e+00,2.4083e+01
2.0000e+03,1.0800e+02,1.0000e+00,1.7197e+01,-2.8063e+05,-2.8064e+05,-2.1578e-01,-2.8064e+05,1.1319e-01,6.4127e+00,2.1925e+05,1.5129e+03,-1.2003e+00,-1.2539e+00,4.3240e+00,6.3739e+00,2.4383e+01
2.0000e+03,1.0900e+02,1.0000e+00,1.7329e+01,-2.8063e+05,-2.8064e+05,-2.1778e-01,-2.8064e+05,1.0735e-01,5.7682e+00,2.1925e+05,1.5149e+03,-1.3659e+00,-1.0563e+00,4.1720e+00,8.6763e+00,2.3940e+01
2.0000e+03,1.1000e+02,1.0000e+00,1.7460e+01,-2.8056e+05,-2.8057e+05,-2.1978e-01,-2.8057e+05,1.1933e-01,7.1275e+00,2.1925e+05,1.5176e+03,-1.1534e+00,-1.4200e+00,3.9095e+00,7.3310e+00,2.4040e+01
2.0000e+03,1.1100e+02,1.0000e+00,1.7591e+01,-2.8052e+05,-2.8053e+05,-2.2178e-01,-2.8053e+05,1.1935e-01,7.1295e+00,2.1918e+05,1.5200e+03,-1.2822e+00,-1.5376e+00,4.5454e+00,4.7033e+00,2.4662e+01
2.0000e+03,1.1200e+02,2.0000e+00,1.7694e+01,-2.8050e+05,-2.8050e+05,-2.2378e-01,-2.8050e+05,1.1937e-01,7.1315e+00,2.1914e+05,1.5246e+03,-1.0412e-01,-1.7417e+00,4.6632e+00,5.3703e+00,2.5580e+01
2.0000e+03,1.1300e+02,1.0000e+00,1.7823e+01,-2.8039e+05,-2.8040e+05,-2.2577e-01,-2.8040e+05,1.1939e-01,7.1335e+00,2.1911e+05,1.5270e+03,1.0955e-01,-1.7056e+00,4.1225e+00,2.3254e+00,2.2898e+01
2.0000e+03,1.1400e+02,2.0000e+00,1.7925e+01,-2.8029e+05,-2.8029e+05,-2.2777e-01,-2.8029e+05,1.1940e-01,7.1355e+00,2.1901e+05,1.5321e+03,9.5859e-02,-1.6964e+00,2.5940e+00,4.5480e+00,2.0205e+01
2.0000e+03,1.1500e+02,1.0000e+00,1.8053e+01,-2.8028e+05,-2.8028e+05,-2.2977e-01,-2.8028e+05,1.1941e-01,7.1366e+00,2.1890e+05,1.5345e+03,-1.3113e+00,-1.7697e+00,4.5964e+00,6.9878e+00,2.5046e+01
2.0000e+03,1.1600e+02,1.0000e+00,1.8182e+01,-2.8011e+05,-2.8011e+05,-2.3177e-01,-2.8011e+05,1.1944e-01,7.1395e+00,2.1889e+05,1.5369e+03,1.7681e-01,-1.0918e+00,3.3785e+00,7.7577e+00,2.3441e+01
2.0000e+03,1.1700e+02,1.0000e+00,1.8310e+01,-2.8009e+05,-2.8010e+05,-2.3377e-01,-2.8010e+05,1.1945e-01,7.1414e+00,2.1872e+05,1.5390e+03,-7.2300e-01,-1.6432e+00,3.0644e+00,8.3424e+00,2.3016e+01
2.0000e+03,1.1800e+02,1.0000e+00,1.8438e+01,-2.8009e+05,-2.8009e+05,-2.3576e-01,-2.8009e+05,1.1942e-01,7.1377e+00,2.1871e+05,1.5414e+03,-6.7104e-02,-1.4991e+00,4.0403e+00,8.3428e+00,2.5599e+01
2.0000e+03,1.1900e+02,1.0000e+00,1.8565e+01,-2.8006e+05,-2.8007e+05,-2.3776e-01,-2.8007e+05,1.1949e-01,7.1455e+00,2.1870e+05,1.5438e+03,-3.7761e-01,-1.4969e+00,1.0551e+00,7.7510e+00,2.8826e+01
2.0000e+03,1.2000e+02,2.0000e+00,1.8663e+01,-2.8005e+05,-2.8006e+05,-2.3976e-01,-2.8006e+05,1.1950e-01,7.1474e+00,2.1868e+05,1.5489e+03,6.4956e-02,-1.2384e+00,4.6576e+00,6.6204e+00,2.5684e+01
2.0000e+03,1.2100e+02,1.0000e+00,1.8789e+01,-2.8000e+05,-2.8000e+05,-2.4176e-01,-2.8000e+05,1.1952e-01,7.1495e+00,2.1867e+05,1.5514e+03,-7.8437e-01,-1.4990e+00,3.7339e+00,7.1558e+00,2.3703e+01
2.0000e+03,1.2200e+02,1.0000e+00,1.8915e+01,-2.7988e+05,-2.7988e+05,-2.4376e-01,-2.7988e+05,1.1954e-01,7.1515e+00,2.1861e+05,1.5538e+03,-1.0173e+00,-1.0705e+00,3.9123e+00,3.7451e+00,2.3397e+01
2.0000e+03,1.2300e+02,1.0000e+00,1.9040e+01,-2.7976e+05,-2.7976e+05,-2.4575e-01,-2.7976e+05,1.1955e-01,7.1535e+00,2.1849e+05,1.5559e+03,1.0125e-01,-1.0411e+00,2.5435e+00,7.3519e+00,2.1285e+01
2.0000e+03,1.2400e+02,1.0000e+00,1.9165e+01,-2.7971e+05,-2.7972e+05,-2.4775e-01,-2.7972e+05,1.1957e-01,7.1555e+00,2.1837e+05,1.5583e+03,-4.9252e-01,-1.0680e+00,3.2965e+00,9.8985e+00,2.4298e+01
2.0000e+03,1.2500e+02,1.0000e+00,1.9290e+01,-2.7965e+05,-2.7966e+05,-2.4975e-01,-2.7966e+05,1.1959e-01,7.1575e+00,2.1832e+05,1.5609e+03,-1.4379e+00,-1.6368e+00,3.9229e+00,4.8081e+00,2.3444e+01
2.0000e+03,1.2600e+02,3.0000e+00,1.9355e+01,-2.7963e+05,-2.7964e+05,-2.5175e-01,-2.7964e+05,1.1960e-01,7.1595e+00,2.1826e+05,1.5685e+03,-1.3961e+00,-1.4840e+00,2.6200e+00,9.9965e+00,2.1086e+01
2.0000e+03,1.2700e+02,2.0000e+00,1.9449e+01,-2.7956e+05,-2.7957e+05,-2.5375e-01,-2.7957e+05,1.1962e-01,7.1615e+00,2.1824e+05,1.5729e+03,-7.3227e-01,-1.6221e+00,2.7039e+00,7.0983e+00,2.2442e+01
2.0000e+03,1.2800e+02,1.0000e+00,1.9572e+01,-2.7956e+05,-2.7957e+05,-2.5574e-01,-2.7956e+05,1.1276e-01,6.3633e+00,2.1817e+05,1.5756e+03,-7.6070e-01,-1.3957e+00,1.4124e+00,8.0435e+00,2.9456e+01
2.0000e+03,1.2900e+02,1.0000e+00,1.9695e+01,-2.7955e+05,-2.7956e+05,-2.5774e-01,-2.7956e+05,1.1948e-01,7.1445e+00,2.1817e+05,1.5780e+03,-2.7154e-01,-1.5627e+00,3.3724e+00,9.5193e+00,2.5531e+01
2.0000e+03,1.3000e+02,1.0000e+00,1.9817e+01,-2.7952e+05,-2.7953e+05,-2.5974e-01,-2.7953e+05,1.1967e-01,7.1675e+00,2.1817e+05,1.5805e+03,-1.8225e-01,-1.8167e+00,4.1896e+00,6.1624e+00,2.5557e+01
2.0000e+03,1.3100e+02,1.0000e+00,1.9939e+01,-2.7950e+05,-2.7950e+05,-2.6174e-01,-2.7950e+05,1.1969e-01,7.1695e+00,2.1813e+05,1.5828e+03,-1.1687e+00,-1.4552e+00,4.5375e+00,7.1469e+00,2.5564e+01
2.0000e+03,1.3200e+02,1.0000e+00,2.0061e+01,-2.7948e+05,-2.7949e+05,-2.6374e-01,-2.7949e+05,1.1970e-01,7.1714e+00,2.1811e+05,1.5849e+03,-1.3698e+00,-1.5812e+00,3.2238e+00,3.9159e+00,2.1800e+01
2.0000e+03,1.3300e+02,1.0000e+00,2.0182e+01,-2.7948e+05,-2.7948e+05,-2.6573e-01,-2.7948e+05,1.1948e-01,7.1445e+00,2.1810e+05,1.5873e+03,-7.5220e-01,-1.5838e+00,4.5103e+00,7.6316e+00,2.5481e+01
2.0000e+03,1.3400e+02,1.0000e+00,2.0303e+01,-2.7947e+05,-2.7948e+05,-2.6773e-01,-2.7948e+05,1.1692e-01,6.8417e+00,2.1809e+05,1.5896e+03,-2.2404e-01,-1.3441e+00,4.0773e+00,1.0225e-01,2.3007e+01
2.0000e+03,1.3500e+02,1.0000e+00,2.0424e+01,-2.7946e+05,-2.7947e+05,-2.6973e-01,-2.7947e+05,1.1972e-01,7.1739e+00,2.1809e+05,1.5920e+03,7.1381e-02,-1.1384e+00,2.7175e+00,6.8859e+00,2.2648e+01
2.0000e+03,1.3600e+02,1.0000e+00,2.0544e+01,-2.7946e+05,-2.7947e+05,-2.7173e-01,-2.7947e+05,1.1477e-01,6.5929e+00,2.1808e+05,1.5945e+03,-5.6926e-01,-1.8433e+00,4.6663e+00,7.2444e+00,2.5595e+01
2.0000e+03,1.3700e+02,1.0000e+00,2.0664e+01,-2.7944e+05,-2.7945e+05,-2.7373e-01,-2.7945e+05,1.1979e-01,7.1815e+00,2.1808e+05,1.5971e+03,-3.2868e-01,-1.1304e+00,4.3289e+00,7.8078e+00,2.5484e+01
2.0000e+03,1.3800e+02,1.0000e+00,2.0783e+01,-2.7935e+05,-2.7936e+05,-2.7572e-01,-2.7936e+05,1.1980e-01,7.1835e+00,2.1805e+05,1.5995e+03,-1.4175e+00,-1.8251e+00,2.6804e+00,3.4720e+00,2.0448e+01
2.0000e+03,1.3900e+02,1.0000e+00,2.0902e+01,-2.7935e+05,-2.7935e+05,-2.7772e-01,-2.7935e+05,1.1686e-01,6.8347e+00,2.1796e+05,1.6020e+03,4.4400e-01,-1.1172e+00,3.5217e+00,9.2978e+00,2.3981e+01
2.0000e+03,1.4000e+02,1.0000e+00,2.1021e+01,-2.7934e+05,-2.7935e+05,-2.7972e-01,-2.7935e+05,1.1981e-01,7.1846e+00,2.1796e+05,1.6047e+03,-2.0223e-01,-1.8859e+00,3.8214e+00,3.6613e+00,2.4229e+01
2.0000e+03,1.4100e+02,1.0000e+00,2.1139e+01,-2.7931e+05,-2.7931e+05,-2.8172e-01,-2.7931e+05,1.1985e-01,7.1895e+00,2.1795e+05,1.6071e+03,-1.0893e+00,-1.1168e+00,3.7833e+00,7.1379e+00,2.3698e+01
2.0000e+03,1.4200e+02,1.0000e+00,2.1257e+01,-2.7927e+05,-2.7927e+05,-2.8372e-01,-2.7927e+05,1.1987e-01,7.1915e+00,2.1792e+05,1.6095e+03,3.8874e-01,-1.6767e+00,1.3898e+00,9.4791e+00,2.8570e+01
2.0000e+03,1.4300e+02,2.0000e+00,2.1343e+01,-2.7921e+05,-2.7921e+05,-2.8571e-01,-2.7921e+05,1.1989e-01,7.1935e+00,2.1788e+05,1.6146e+03,6.4574e-02,-1.2045e+00,4.4103e+00,5.4845e+00,2.5906e+01
2.0000e+03,1.4400e+02,2.0000e+00,2.1429e+01,-2.7907e+05,-2.7907e+05,-2.8771e-01,-2.7907e+05,1.1990e-01,7.1955e+00,2.1782e+05,1.6197e+03,-3.8566e-01,-1.5447e+00,4.7784e+00,7.4959e+00,2.5928e+01
2.0000e+03,1.4500e+02,1.0000e+00,2.1545e+01,-2.7900e+05,-2.7900e+05,-2.8971e-01,-2.7900e+05,1.1992e-01,7.1975e+00,2.1768e+05,1.6222e+03,3.9898e-01,-1.2478e+00,3.5611e+00,2.1629e+00,2.1679e+01
2.0000e+03,1.4600e+02,2.0000e+00,2.1630e+01,-2.7894e+05,-2.7895e+05,-2.9171e-01,-2.7895e+05,1.1994e-01,7.1995e+00,2.1761e+05,1.6272e+03,2.5362e-01,-1.2618e+00,2.4933e+00,8.3040e+00,2.0902e+01
2.0000e+03,1.4700e+02,1.0000e+00,2.1746e+01,-2.7890e+05,-2.7890e+05,-2.9371e-01,-2.7890e+05,1.1995e-01,7.2015e+00,2.1756e+05,1.6296e+03,2.3451e-01,-1.0023e+00,3.5743e+00,7.2810e+00,2.5128e+01
2.0000e+03,1.4800e+02,2.0000e+00,2.1829e+01,-2.7888e+05,-2.7888e+05,-2.9570e-01,-2.7888e+05,1.1997e-01,7.2035e+00,2.1751e+05,1.6347e+03,-6.9182e-01,-1.7827e+00,4.0943e+00,8.4922e+00,2.5297e+01
2.0000e+03,1.4900e+02,1.0000e+00,2.1944e+01,-2.7886e+05,-2.7887e+05,-2.9770e-01,-2.7887e+05,1.1999e-01,7.2054e+00,2.1749e+05,1.6371e+03,3.8924e-01,-1.4206e+00,1.7470e+00,6.0052e+00,2.9338e+01
2.0000e+03,1.5000e+02,2.0000e+00,2.2026e+01,-2.7882e+05,-2.7883e+05,-2.9970e-01,-2.7883e+05,1.2000e-01,7.2075e+00,2.1748e+05,1.6420e+03,-6.7982e-01,-1.5231e+00,3.0324e+00,6.3208e+00,2.3881e+01
2.0000e+03,1.5100e+02,1.0000e+00,2.2141e+01,-2.7881e+05,-2.7882e+05,-3.0170e-01,-2.7882e+05,1.2000e-01,7.2076e+00,2.1744e+05,1.6440e+03,1.5362e-01,-1.6240e+00,3.4367e+00,6.2382e+00,2.4415e+01
2.0000e+03,1.5200e+02,1.0000e+00,2.2255e+01,-2.7869e+05,-2.7869e+05,-3.0370e-01,-2.7869e+05,1.2004e-01,7.2114e+00,2.1743e+05,1.6464e+03,-1.4720e+00,-1.3910e+00,4.9543e+00,2.3187e+00,2.5872e+01
2.0000e+03,1.5300e+02,1.0000e+00,2.2368e+01,-2.7869e+05,-2.7869e+05,-3.0569e-01,-2.7869e+05,1.1062e-01,6.1245e+00,2.1730e+05,1.6490e+03,-7.4617e-03,-1.7827e+00,1.4668e+00,7.0731e+00,2.8439e+01
2.0000e+03,1.5400e+02,1.0000e+00,2.2482e+01,-2.7864e+05,-2.7865e+05,-3.0769e-01,-2.7865e+05,1.2007e-01,7.2154e+00,2.1730e+05,1.6514e+03,4.5613e-01,-1.5273e+00,3.2646e+00,1.5522e+00,2.0997e+01
2.0000e+03,1.5500e+02,2.0000e+00,2.2562e+01,-2.7859e+05,-2.7860e+05,-3.0969e-01,-2.7860e+05,1.2009e-01,7.2174e+00,2.1726e+05,1.6563e+03,-5.3756e-01,-1.9651e+00,1.4436e+00,8.9642e+00,2.8921e+01
2.0000e+03,1.5600e+02,1.0000e+00,2.2674e+01,-2.7847e+05,-2.7848e+05,-3.1169e-01,-2.7848e+05,1.2010e-01,7.2194e+00,2.1720e+05,1.6583e+03,-1.1251e+00,-1.7851e+00,4.0434e+00,9.4544e+00,2.5016e+01
2.0000e+03,1.5700e+02,2.0000e+00,2.2754e+01,-2.7847e+05,-2.7847e+05,-3.1369e-01,-2.7847e+05,1.1979e-01,7.1818e+00,2.1709e+05,1.6631e+03,3.6827e-01,-1.5292e+00,3.0494e+00,2.7035e+00,2.0989e+01
2.0000e+03,1.5800e+02,1.0000e+00,2.2865e+01,-2.7846e+05,-2.7847e+05,-3.1568e-01,-2.7847e+05,1.2003e-01,7.2107e+00,2.2401e+05,1.6656e+03,-2.4813e-01,-1.8997e+00,3.4121e+00,4.0415e+00,2.3353e+01
2.0000e+03,1.5900e+02,1.0000e+00,2.2977e+01,-2.7844e+05,-2.7845e+05,-3.1768e-01,-2.7845e+05,1.2015e-01,7.2254e+00,2.2400e+05,1.6680e+03,2.6790e-01,-1.2586e+00,3.0628e+00,1.4390e+00,2.0399e+01
2.0000e+03,1.6000e+02,1.0000e+00,2.3088e+01,-2.7842e+05,-2.7843e+05,-3.1968e-01,-2.7843e+05,1.2017e-01,7.2274e+00,2.2398e+05,1.6700e+03,-1.9144e-01,-1.3952e+00,2.5800e+00,3.8086e+00,2.0631e+01
2.0000e+03,1.6100e+02,5.0000e+00,2.3066e+01,-2.7837e+05,-2.7838e+05,-3.2168e-01,-2.7838e+05,1.2019e-01,7.2294e+00,2.2396e+05,1.6823e+03,3.8641e-01,-1.1818e+00,3.2224e+00,9.4141e+00,2.3974e+01
2.0000e+03,1.6200e+02,1.0000e+00,2.3176e+01,-2.7836e+05,-2.7837e+05,-3.2368e-01,-2.7837e+05,1.2020e-01,7.2314e+00,2.2392e+05,1.6850e+03,-1.3477e+00,-1.4784e+00,4.9363e+00,4.3000e+00,2.6358e+01
2.0000e+03,1.6300e+02,3.0000e+00,2.3219e+01,-2.7836e+05,-2.7836e+05,-3.2567e-01,-2.7836e+05,1.1749e-01,6.9089e+00,2.2390e+05,1.6919e+03,-1.8529e-01,-1.3696e+00,4.3289e+00,8.7743e+00,2.6068e+01
2.0000e+03,1.6400e+02,2.0000e+00,2.3295e+01,-2.7834e+05,-2.7835e+05,-3.2767e-01,-2.7835e+05,1.2023e-01,7.2354e+00,2.2390e+05,1.6965e+03,-7.1786e-02,-1.2419e+00,3.3119e+00,9.8114e+00,2.5636e+01
2.0000e+03,1.6500e+02,2.0000e+00,2.3371e+01,-2.7830e+05,-2.7831e+05,-3.2967e-01,-2.7831e+05,1.2025e-01,7.2374e+00,2.2388e+05,1.7015e+03,4.8257e-01,-1.0953e+00,2.7457e+00,4.0204e+00,2.0454e+01
2.0000e+03,1.6600e+02,1.0000e+00,2.3479e+01,-2.7817e+05,-2.7818e+05,-3.3167e-01,-2.7818e+05,1.2027e-01,7.2394e+00,2.2384e+05,1.7039e+03,-1.1333e+00,-1.2930e+00,3.3385e+00,4.6973e+00,2.3338e+01
2.0000e+03,1.6700e+02,1.0000e+00,2.3588e+01,-2.7817e+05,-2.7817e+05,-3.3367e-01,-2.7817e+05,1.2026e-01,7.2387e+00,2.2372e+05,1.7060e+03,-1.2161e+00,-1.5341e+00,3.2829e+00,2.0686e+00,2.1863e+01
2.0000e+03,1.6800e+02,4.0000e+00,2.3596e+01,-2.7809e+05,-2.7810e+05,-3.3566e-01,-2.7810e+05,1.2030e-01,7.2434e+00,2.2371e+05,1.7159e+03,-6.4086e-01,-1.8821e+00,4.1065e+00,1.2468e+00,2.3783e+01
2.0000e+03,1.6900e+02,1.0000e+00,2.3703e+01,-2.7808e+05,-2.7808e+05,-3.3766e-01,-2.7808e+05,1.2032e-01,7.2454e+00,2.2363e+05,1.7183e+03,-7.0012e-02,-1.2759e+00,1.0747e+00,2.9295e+00,2.5805e+01
2.0000e+03,1.7000e+02,1.0000e+00,2.3810e+01,-2.7803e+05,-2.7804e+05,-3.3966e-01,-2.7804e+05,1.2033e-01,7.2474e+00,2.2362e+05,1.7204e+03,-1.5464e-01,-1.6947e+00,2.9895e+00,3.3660e+00,2.2181e+01
2.0000e+03,1.7100e+02,1.0000e+00,2.3916e+01,-2.7800e+05,-2.7801e+05,-3.4166e-01,-2.7801e+05,1.2035e-01,7.2494e+00,2.2357e+05,1.7228e+03,-4.5539e-01,-1.9017e+00,3.8545e+00,8.8520e+00,2.5671e+01
2.0000e+03,1.7200e+02,1.0000e+00,2.4022e+01,-2.7799e+05,-2.7800e+05,-3.4366e-01,-2.7800e+05,1.2036e-01,7.2506e+00,2.2354e+05,1.7252e+03,-8.0736e-01,-1.8182e+00,2.6763e+00,2.8596e+00,2.0492e+01
2.0000e+03,1.7300e+02,1.0000e+00,2.4128e+01,-2.7799e+05,-2.7800e+05,-3.4565e-01,-2.7800e+05,1.1217e-01,6.2970e+00,2.2353e+05,1.7279e+03,-3.0110e-02,-1.6344e+00,4.2064e+00,7.8491e+00,2.7014e+01
2.0000e+03,1.7400e+02,2.0000e+00,2.4200e+01,-2.7798e+05,-2.7799e+05,-3.4765e-01,-2.7799e+05,1.1998e-01,7.2044e+00,2.2353e+05,1.7329e+03,-8.1676e-01,-1.1887e+00,4.4908e+00,6.6933e+00,2.5888e+01
2.0000e+03,1.7500e+02,4.0000e+00,2.4205e+01,-2.7795e+05,-2.7796e+05,-3.4965e-01,-2.7796e+05,1.2042e-01,7.2574e+00,2.2353e+05,1.7417e+03,3.2494e-01,-1.4465e+00,4.0724e+00,5.3404e-01,2.3278e+01
2.0000e+03,1.7600e+02,1.0000e+00,2.4309e+01,-2.7789e+05,-2.7790e+05,-3.5165e-01,-2.7790e+05,1.2043e-01,7.2594e+00,2.2349e+05,1.7441e+03,-3.5468e-01,-1.8793e+00,4.9999e+00,9.9741e+00,2.6947e+01
2.0000e+03,1.7700e+02,1.0000e+00,2.4414e+01,-2.7775e+05,-2.7776e+05,-3.5365e-01,-2.7776e+05,1.2045e-01,7.2614e+00,2.2344e+05,1.7465e+03,-1.0203e+00,-1.8725e+00,4.5824e+00,9.1098e+00,2.6289e+01
2.0000e+03,1.7800e+02,3.0000e+00,2.4451e+01,-2.7775e+05,-2.7775e+05,-3.5564e-01,-2.7775e+05,1.1386e-01,6.4882e+00,2.2329e+05,1.7535e+03,-6.8106e-01,-1.7210e+00,4.2770e+00,6.3220e+00,2.5868e+01
2.0000e+03,1.7900e+02,1.0000e+00,2.4554e+01,-2.7774e+05,-2.7774e+05,-3.5764e-01,-2.7774e+05,1.2048e-01,7.2652e+00,2.2329e+05,1.7561e+03,-9.8667e-01,-1.3003e+00,4.6063e+00,9.8386e+00,2.6409e+01
2.0000e+03,1.8000e+02,3.0000e+00,2.4590e+01,-2.7772e+05,-2.7772e+05,-3.5964e-01,-2.7772e+05,1.2050e-01,7.2674e+00,2.2328e+05,1.7632e+03,-4.0056e-01,-1.8765e+00,2.3859e+00,3.9148e+00,2.0620e+01
2.0000e+03,1.8100e+02,1.0000e+00,2.4693e+01,-2.7766e+05,-2.7767e+05,-3.6164e-01,-2.7767e+05,1.2052e-01,7.2694e+00,2.2326e+05,1.7656e+03,-1.9250e-01,-1.3934e+00,3.8315e+00,3.2106e+00,2.4459e+01
2.0000e+03,1.8200e+02,1.0000e+00,2.4796e+01,-2.7763e+05,-2.7764e+05,-3.6364e-01,-2.7764e+05,1.2053e-01,7.2714e+00,2.2320e+05,1.7680e+03,-8.5446e-01,-1.6614e+00,2.3292e+00,9.7903e+00,2.2032e+01
2.0000e+03,1.8300e+02,1.0000e+00,2.4898e+01,-2.7761e+05,-2.7762e+05,-3.6563e-01,-2.7762e+05,1.2055e-01,7.2734e+00,2.2318e+05,1.7705e+03,-4.1835e-01,-1.7952e+00,1.9152e+00,6.5680e+00,2.0196e+01
2.0000e+03,1.8400e+02,1.0000e+00,2.5000e+01,-2.7759e+05,-2.7759e+05,-3.6763e-01,-2.7759e+05,1.2057e-01,7.2754e+00,2.2316e+05,1.7725e+03,-1.3720e+00,-1.4941e+00,4.7337e+00,1.5747e+00,2.5695e+01
2.0000e+03,1.8500e+02,1.0000e+00,2.5102e+01,-2.7753e+05,-2.7754e+05,-3.6963e-01,-2.7754e+05,1.2058e-01,7.2774e+00,2.2313e+05,1.7746e+03,-8.2156e-01,-1.7029e+00,3.8719e+00,9.9783e+00,2.5519e+01
2.0000e+03,1.8600e+02,3.0000e+00,2.5135e+01,-2.7749e+05,-2.7750e+05,-3.7163e-01,-2.7750e+05,1.2060e-01,7.2794e+00,2.2308e+05,1.7821e+03,-1.3136e+00,-1.6313e+00,3.9387e+00,4.2875e-01,2.3695e+01
2.0000e+03,1.8700e+02,1.0000e+00,2.5236e+01,-2.7747e+05,-2.7748e+05,-3.7363e-01,-2.7748e+05,1.2062e-01,7.2814e+00,2.2303e+05,1.7847e+03,-3.7051e-01,-1.7055e+00,3.5360e+00,6.4680e+00,2.5525e+01
2.0000e+03,1.8800e+02,1.0000e+00,2.5337e+01,-2.7747e+05,-2.7747e+05,-3.7562e-01,-2.7747e+05,1.1877e-01,7.0603e+00,2.2301e+05,1.7872e+03,2.2996e-01,-1.2897e+00,1.6825e+00,8.5653e+00,2.0199e+01
2.0000e+03,1.8900e+02,2.0000e+00,2.5403e+01,-2.7744e+05,-2.7745e+05,-3.7762e-01,-2.7745e+05,1.2065e-01,7.2854e+00,2.2301e+05,1.7923e+03,-1.5284e-02,-1.3557e+00,3.6891e+00,8.4609e+00,2.6692e+01
2.0000e+03,1.9000e+02,1.0000e+00,2.5503e+01,-2.7742e+05,-2.7743e+05,-3.7962e-01,-2.7743e+05,1.2067e-01,7.2874e+00,2.2299e+05,1.7947e+03,3.4735e-01,-1.5408e+00,3.5184e+00,1.3059e+00,2.2307e+01
2.0000e+03,1.9100e+02,1.0000e+00,2.5603e+01,-2.7742e+05,-2.7743e+05,-3.8162e-01,-2.7743e+05,1.1859e-01,7.0388e+00,2.2297e+05,1.7972e+03,2.4357e-01,-1.8233e+00,2.4825e+00,7.6199e+00,2.3062e+01
2.0000e+03,1.9200e+02,2.0000e+00,2.5668e+01,-2.7739e+05,-2.7740e+05,-3.8362e-01,-2.7740e+05,1.2070e-01,7.2914e+00,2.2296e+05,1.8023e+03,-2.1663e-01,-1.8377e+00,2.0302e+00,3.4918e+00,2.0061e+01
2.0000e+03,1.9300e+02,1.0000e+00,2.5768e+01,-2.7734e+05,-2.7735e+05,-3.8561e-01,-2.7735e+05,1.2072e-01,7.2934e+00,2.2294e+05,1.8048e+03,3.7053e-01,-1.1896e+00,1.7534e+00,5.9145e+00,2.9035e+01
2.0000e+03,1.9400e+02,1.0000e+00,2.5867e+01,-2.7725e+05,-2.7725e+05,-3.8761e-01,-2.7725e+05,1.2073e-01,7.2954e+00,2.2288e+05,1.8074e+03,3.4336e-01,-1.4181e+00,3.8844e+00,6.2100e+00,2.7592e+01
2.0000e+03,1.9500e+02,1.0000e+00,2.5965e+01,-2.7724e+05,-2.7725e+05,-3.8961e-01,-2.7725e+05,1.1502e-01,6.6219e+00,2.2279e+05,1.8099e+03,-1.1168e+00,-1.3617e+00,4.3299e+00,4.7513e+00,2.5804e+01
2.0000e+03,1.9600e+02,1.0000e+00,2.6064e+01,-2.7722e+05,-2.7723e+05,-3.9161e-01,-2.7723e+05,1.2076e-01,7.2994e+00,2.2279e+05,1.8124e+03,-5.6486e-01,-1.6613e+00,4.6813e+00,9.3822e+00,2.6713e+01
2.0000e+03,1.9700e+02,1.0000e+00,2.6162e+01,-2.7722e+05,-2.7722e+05,-3.9361e-01,-2.7722e+05,1.1931e-01,7.1244e+00,2.2276e+05,1.8148e+03,-1.0224e+00,-1.1698e+00,3.9791e+00,5.9061e+00,2.4929e+01
2.0000e+03,1.9800e+02,1.0000e+00,2.6260e+01,-2.7716e+05,-2.7717e+05,-3.9560e-01,-2.7717e+05,1.2080e-01,7.3034e+00,2.2276e+05,1.8169e+03,-3.1318e-01,-1.6339e+00,2.2924e+00,8.7271e+00,2.2156e+01
2.0000e+03,1.9900e+02,1.0000e+00,2.6358e+01,-2.7716e+05,-2.7716e+05,-3.9760e-01,-2.7716e+05,1.2060e-01,7.2792e+00,2.2271e+05,1.8190e+03,-1.3081e+00,-1.2517e+00,3.0985e+00,2.9785e+00,2.2282e+01
2.0000e+03,2.0000e+02,1.0000e+00,2.6455e+01,-2.7712e+05,-2.7712e+05,-3.9960e-01,-2.7712e+05,1.2083e-01,7.3074e+00,2.2270e+05,1.8216e+03,-1.3994e+00,-1.8784e+00,3.0252e+00,6.0145e+00,2.2741e+01
2.0000e+03,2.0100e+02,2.0000e+00,2.6517e+01,-2.7707e+05,-2.7707e+05,-4.0160e-01,-2.7707e+05,1.2085e-01,7.3094e+00,2.2266e+05,1.8260e+03,-1.9415e-01,-1.5189e+00,3.2537e+00,8.2917e+00,2.5883e+01
2.0000e+03,2.0200e+02,2.0000e+00,2.6579e+01,-2.7702e+05,-2.7703e+05,-4.0360e-01,-2.7703e+05,1.2086e-01,7.3113e+00,2.2261e+05,1.8310e+03,-6.6729e-01,-1.3721e+00,4.6295e+00,7.8729e-01,2.5504e+01
2.0000e+03,2.0300e+02,1.0000e+00,2.6675e+01,-2.7701e+05,-2.7701e+05,-4.0559e-01,-2.7701e+05,1.2088e-01,7.3134e+00,2.2257e+05,1.8330e+03,4.8191e-01,-1.9940e+00,2.3410e+00,7.9137e+00,2.0985e+01
2.0000e+03,2.0400e+02,1.0000e+00,2.6772e+01,-2.7700e+05,-2.7701e+05,-4.0759e-01,-2.7701e+05,1.1896e-01,7.0828e+00,2.2255e+05,1.8352e+03,-1.1561e+00,-1.5207e+00,2.8011e+00,3.7144e+00,2.2174e+01
2.0000e+03,2.0500e+02,1.0000e+00,2.6868e+01,-2.7699e+05,-2.7700e+05,-4.0959e-01,-2.7700e+05,1.2091e-01,7.3170e+00,2.2255e+05,1.8376e+03,-4.2517e-01,-1.0797e+00,3.8410e+00,5.4087e+00,2.6433e+01
2.0000e+03,2.0600e+02,1.0000e+00,2.6963e+01,-2.7692e+05,-2.7693e+05,-4.1159e-01,-2.7693e+05,1.2093e-01,7.3193e+00,2.2253e+05,1.8401e+03,-1.3159e+00,-1.1122e+00,1.0658e+00,8.6529e+00,2.8988e+01
2.0000e+03,2.0700e+02,2.0000e+00,2.7023e+01,-2.7676e+05,-2.7677e+05,-4.1359e-01,-2.7677e+05,1.2095e-01,7.3213e+00,2.2247e+05,1.8452e+03,-1.9724e-01,-1.6028e+00,4.1549e+00,3.2367e+00,2.5681e+01
2.0000e+03,2.0800e+02,1.0000e+00,2.7119e+01,-2.7671e+05,-2.7672e+05,-4.1558e-01,-2.7672e+05,1.2096e-01,7.3233e+00,2.2230e+05,1.8472e+03,-1.2742e+00,-1.5620e+00,1.2843e+00,8.1808e+00,2.8661e+01
2.0000e+03,2.0900e+02,1.0000e+00,2.7214e+01,-2.7671e+05,-2.7672e+05,-4.1758e-01,-2.7672e+05,1.1987e-01,7.1913e+00,2.2226e+05,1.8496e+03,-3.1963e-01,-1.4393e+00,2.1384e+00,7.3245e+00,2.1285e+01
2.0000e+03,2.1000e+02,1.0000e+00,2.7308e+01,-2.7667e+05,-2.7668e+05,-4.1958e-01,-2.7668e+05,1.2100e-01,7.3273e+00,2.2225e+05,1.8516e+03,-1.0212e+00,-1.0984e+00,2.3141e+00,8.7530e+00,2.2365e+01
2.0000e+03,2.1100e+02,2.0000e+00,2.7367e+01,-2.7666e+05,-2.7667e+05,-4.2158e-01,-2.7667e+05,1.2101e-01,7.3291e+00,2.2221e+05,1.8567e+03,-1.1182e-01,-1.4112e+00,3.8692e+00,8.7521e+00,2.8053e+01
2.0000e+03,2.1200e+02,1.0000e+00,2.7461e+01,-2.7665e+05,-2.7666e+05,-4.2358e-01,-2.7666e+05,1.1874e-01,7.0566e+00,2.2220e+05,1.8591e+03,-3.4001e-01,-1.2729e+00,2.9851e+00,5.9508e+00,2.4418e+01
2.0000e+03,2.1300e+02,1.0000e+00,2.7555e+01,-2.7662e+05,-2.7663e+05,-4.2557e-01,-2.7663e+05,1.2105e-01,7.3333e+00,2.2220e+05,1.8615e+03,-6.9933e-01,-1.9604e+00,1.4195e+00,6.0870e+00,2.0748e+01
2.0000e+03,2.1400e+02,1.0000e+00,2.7649e+01,-2.7661e+05,-2.7662e+05,-4.2757e-01,-2.7662e+05,1.2096e-01,7.3224e+00,2.2217e+05,1.8642e+03,-1.4442e+00,-1.4267e+00,4.2226e+00,4.2631e+00,2.5253e+01
2.0000e+03,2.1500e+02,1.0000e+00,2.7742e+01,-2.7660e+05,-2.7661e+05,-4.2957e-01,-2.7661e+05,1.2108e-01,7.3372e+00,2.2216e+05,1.8666e+03,4.4821e-01,-1.4743e+00,4.4324e+00,8.2064e+00,2.8386e+01
2.0000e+03,2.1600e+02,1.0000e+00,2.7835e+01,-2.7660e+05,-2.7661e+05,-4.3157e-01,-2.7661e+05,1.1497e-01,6.6155e+00,2.2215e+05,1.8690e+03,3.5990e-01,-1.9427e+00,4.2732e+00,1.7298e+00,2.4397e+01
2.0000e+03,2.1700e+02,1.0000e+00,2.7928e+01,-2.7660e+05,-2.7661e+05,-4.3357e-01,-2.7661e+05,1.1405e-01,6.5099e+00,2.2214e+05,1.8714e+03,-1.2447e+00,-1.3319e+00,4.5256e+00,6.5907e+00,2.6522e+01
2.0000e+03,2.1800e+02,2.0000e+00,2.7985e+01,-2.7656e+05,-2.7657e+05,-4.3556e-01,-2.7657e+05,1.2113e-01,7.3433e+00,2.2214e+05,1.8760e+03,9.1492e-02,-1.7484e+00,3.1219e+00,6.5741e-01,2.1373e+01
2.0000e+03,2.1900e+02,1.0000e+00,2.8077e+01,-2.7656e+05,-2.7657e+05,-4.3756e-01,-2.7657e+05,1.1479e-01,6.5944e+00,2.2211e+05,1.8785e+03,-6.5427e-01,-1.0665e+00,4.9759e+00,5.5236e+00,2.7302e+01
2.0000e+03,2.2000e+02,1.0000e+00,2.8169e+01,-2.7653e+05,-2.7654e+05,-4.3956e-01,-2.7654e+05,1.2116e-01,7.3473e+00,2.2211e+05,1.8806e+03,-6.2290e-01,-1.2030e+00,3.7027e+00,5.4957e+00,2.5642e+01
2.0000e+03,2.2100e+02,2.0000e+00,2.8225e+01,-2.7637e+05,-2.7638e+05,-4.4156e-01,-2.7638e+05,1.2118e-01,7.3493e+00,2.2208e+05,1.8856e+03,-8.6001e-01,-1.8657e+00,2.6891e+00,9.6092e+00,2.3785e+01
2.0000e+03,2.2200e+02,1.0000e+00,2.8316e+01,-2.7633e+05,-2.7634e+05,-4.4356e-01,-2.7634e+05,1.2119e-01,7.3513e+00,2.2192e+05,1.8881e+03,-2.2316e-02,-1.7035e+00,2.4091e+00,5.5755e+00,2.2377e+01
2.0000e+03,2.2300e+02,1.0000e+00,2.8408e+01,-2.7631e+05,-2.7632e+05,-4.4555e-01,-2.7632e+05,1.2121e-01,7.3533e+00,2.2187e+05,1.8905e+03,1.1536e-01,-1.0304e+00,3.3341e+00,6.5166e+00,2.6113e+01
2.0000e+03,2.2400e+02,2.0000e+00,2.8463e+01,-2.7624e+05,-2.7625e+05,-4.4755e-01,-2.7625e+05,1.2123e-01,7.3553e+00,2.2186e+05,1.8955e+03,-7.5224e-01,-1.5985e+00,4.7004e+00,2.5241e+00,2.6640e+01
2.0000e+03,2.2500e+02,3.0000e+00,2.8481e+01,-2.7622e+05,-2.7622e+05,-4.4955e-01,-2.7622e+05,1.2124e-01,7.3573e+00,2.2178e+05,1.9018e+03,1.5684e-01,-1.0950e+00,3.9258e+00,2.7564e+00,2.4720e+01
2.0000e+03,2.2600e+02,1.0000e+00,2.8571e+01,-2.7615e+05,-2.7615e+05,-4.5155e-01,-2.7615e+05,1.2126e-01,7.3593e+00,2.2176e+05,1.9039e+03,-1.4417e+00,-1.1193e+00,4.6467e+00,9.9579e-01,2.5993e+01
2.0000e+03,2.2700e+02,2.0000e+00,2.8625e+01,-2.7614e+05,-2.7615e+05,-4.5355e-01,-2.7615e+05,1.2122e-01,7.3539e+00,2.2169e+05,1.9089e+03,-1.0962e-01,-1.1153e+00,4.0056e+00,2.7045e+00,2.5076e+01
2.0000e+03,2.2800e+02,1.0000e+00,2.8715e+01,-2.7614e+05,-2.7614e+05,-4.5554e-01,-2.7614e+05,1.2024e-01,7.2356e+00,2.2168e+05,1.9113e+03,-2.1824e-01,-1.8738e+00,1.6859e+00,7.3972e+00,2.1270e+01
2.0000e+03,2.2900e+02,1.0000e+00,2.8805e+01,-2.7613e+05,-2.7614e+05,-4.5754e-01,-2.7614e+05,1.1374e-01,6.4744e+00,2.2168e+05,1.9133e+03,1.9797e-01,-1.0887e+00,4.5996e+00,8.6856e+00,2.8378e+01
2.0000e+03,2.3000e+02,1.0000e+00,2.8894e+01,-2.7607e+05,-2.7608e+05,-4.5954e-01,-2.7608e+05,1.2133e-01,7.3673e+00,2.2168e+05,1.9154e+03,-3.4456e-01,-1.4243e+00,4.0884e+00,4.1571e+00,2.6669e+01
2.0000e+03,2.3100e+02,2.0000e+00,2.8947e+01,-2.7605e+05,-2.7606e+05,-4.6154e-01,-2.7606e+05,1.2134e-01,7.3693e+00,2.2162e+05,1.9204e+03,-9.8787e-01,-1.7985e+00,4.3896e+00,8.8198e+00,2.7230e+01
2.0000e+03,2.3200e+02,2.0000e+00,2.9000e+01,-2.7604e+05,-2.7605e+05,-4.6354e-01,-2.7605e+05,1.2136e-01,7.3713e+00,2.2160e+05,1.9251e+03,-6.0939e-01,-1.0264e+00,4.1911e+00,2.9128e+00,2.5558e+01
2.0000e+03,2.3300e+02,2.0000e+00,2.9052e+01,-2.7601e+05,-2.7602e+05,-4.6553e-01,-2.7602e+05,1.2137e-01,7.3733e+00,2.2158e+05,1.9301e+03,-6.2621e-01,-1.3879e+00,4.6728e+00,6.2948e+00,2.7060e+01
2.0000e+03,2.3400e+02,1.0000e+00,2.9141e+01,-2.7597e+05,-2.7598e+05,-4.6753e-01,-2.7598e+05,1.2139e-01,7.3753e+00,2.2155e+05,1.9326e+03,-7.7023e-01,-1.3846e+00,1.3015e+00,3.7514e+00,2.9331e+01
2.0000e+03,2.3500e+02,1.0000e+00,2.9229e+01,-2.7595e+05,-2.7596e+05,-4.6953e-01,-2.7596e+05,1.2141e-01,7.3773e+00,2.2151e+05,1.9352e+03,2.7967e-01,-1.5491e+00,3.7888e+00,3.9639e+00,2.6226e+01
2.0000e+03,2.3600e+02,2.0000e+00,2.9280e+01,-2.7587e+05,-2.7587e+05,-4.7153e-01,-2.7587e+05,1.2142e-01,7.3793e+00,2.2149e+05,1.9400e+03,-5.9896e-01,-1.1597e+00,4.2901e+00,9.3088e+00,2.7021e+01
2.0000e+03,2.3700e+02,5.0000e+00,2.9223e+01,-2.7586e+05,-2.7587e+05,-4.7353e-01,-2.7587e+05,1.2064e-01,7.2841e+00,2.2141e+05,1.9523e+03,-2.6335e-01,-1.3526e+00,2.5672e+00,9.8012e+00,2.4443e+01
2.0000e+03,2.3800e+02,2.0000e+00,2.9274e+01,-2.7582e+05,-2.7582e+05,-4.7552e-01,-2.7582e+05,1.2146e-01,7.3833e+00,2.2141e+05,1.9574e+03,-9.3273e-01,-1.4633e+00,4.0930e+00,8.8154e+00,2.6374e+01
2.0000e+03,2.3900e+02,1.0000e+00,2.9361e+01,-2.7580e+05,-2.7581e+05,-4.7752e-01,-2.7581e+05,1.2147e-01,7.3853e+00,2.2136e+05,1.9600e+03,7.1437e-02,-1.8550e+00,1.3500e+00,2.6419e+00,2.6401e+01
2.0000e+03,2.4000e+02,2.0000e+00,2.9412e+01,-2.7577e+05,-2.7577e+05,-4.7952e-01,-2.7577e+05,1.2149e-01,7.3873e+00,2.2135e+05,1.9652e+03,-1.2831e+00,-1.2433e+00,1.3083e+00,3.9021e+00,2.9038e+01
2.0000e+03,2.4100e+02,1.0000e+00,2.9498e+01,-2.7576e+05,-2.7577e+05,-4.8152e-01,-2.7577e+05,1.2097e-01,7.3243e+00,2.2131e+05,1.9677e+03,-1.2516e+00,-1.3913e+00,3.7733e+00,8.7008e-01,2.4041e+01
2.0000e+03,2.4200e+02,2.0000e+00,2.9548e+01,-2.7574e+05,-2.7575e+05,-4.8352e-01,-2.7575e+05,1.2152e-01,7.3913e+00,2.2130e+05,1.9728e+03,-6.9438e-01,-1.0687e+00,3.6927e+00,4.2504e+00,2.5687e+01
2.0000e+03,2.4300e+02,2.0000e+00,2.9598e+01,-2.7571e+05,-2.7572e+05,-4.8551e-01,-2.7572e+05,1.2154e-01,7.3933e+00,2.2129e+05,1.9775e+03,-8.9325e-01,-1.0854e+00,2.7638e+00,6.8912e+00,2.3908e+01
2.0000e+03,2.4400e+02,5.0000e+00,2.9540e+01,-2.7569e+05,-2.7569e+05,-4.8751e-01,-2.7569e+05,1.2156e-01,7.3953e+00,2.2126e+05,1.9902e+03,-3.9643e-01,-1.9075e+00,3.9617e+00,5.6865e+00,2.7459e+01
2.0000e+03,2.4500e+02,3.0000e+00,2.9554e+01,-2.7568e+05,-2.7569e+05,-4.8951e-01,-2.7569e+05,1.2122e-01,7.3542e+00,2.2123e+05,1.9978e+03,3.8012e-01,-1.1197e+00,2.8326e+00,2.7137e-01,2.0687e+01
2.0000e+03,2.4600e+02,1.0000e+00,2.9639e+01,-2.7568e+05,-2.7569e+05,-4.9151e-01,-2.7569e+05,1.1239e-01,6.3217e+00,2.2122e+05,2.0003e+03,-7.4309e-01,-1.4577e+00,3.0632e+00,4.1966e+00,2.3889e+01
2.0000e+03,2.4700e+02,1.0000e+00,2.9723e+01,-2.7566e+05,-2.7567e+05,-4.9351e-01,-2.7567e+05,1.2160e-01,7.4012e+00,2.2122e+05,2.0029e+03,-9.3545e-01,-1.3422e+00,4.1083e+00,9.4604e+00,2.6681e+01
2.0000e+03,2.4800e+02,3.0000e+00,2.9736e+01,-2.7565e+05,-2.7566e+05,-4.9550e-01,-2.7566e+05,1.2161e-01,7.4024e+00,2.2121e+05,2.0104e+03,4.5716e-01,-1.3935e+00,3.3562e+00,4.5154e+00,2.4368e+01
2.0000e+03,2.4900e+02,1.0000e+00,2.9820e+01,-2.7564e+05,-2.7565e+05,-4.9750e-01,-2.7565e+05,1.2164e-01,7.4052e+00,2.2120e+05,2.0125e+03,-5.3389e-01,-1.8747e+00,4.8578e+00,2.6856e-01,2.6766e+01
2.0000e+03,2.5000e+02,1.0000e+00,2.9904e+01,-2.7562e+05,-2.7563e+05,-4.9950e-01,-2.7563e+05,1.2165e-01,7.4073e+00,2.2118e+05,2.0152e+03,-1.0954e+00,-1.2736e+00,3.2853e+00,5.8809e+00,2.4567e+01
2.0000e+03,2.5100e+02,1.0000e+00,2.9988e+01,-2.7561e+05,-2.7561e+05,-5.0150e-01,-2.7561e+05,1.2167e-01,7.4093e+00,2.2117e+05,2.0178e+03,-5.7159e-01,-1.6380e+00,4.0756e+00,6.5155e+00,2.7032e+01
2.0000e+03,2.5200e+02,2.0000e+00,3.0036e+01,-2.7559e+05,-2.7560e+05,-5.0350e-01,-2.7560e+05,1.2169e-01,7.4112e+00,2.2115e+05,2.0228e+03,2.5884e-02,-1.4661e+00,3.5653e+00,5.4900e+00,2.7121e+01
2.0000e+03,2.5300e+02,1.0000e+00,3.0119e+01,-2.7556e+05,-2.7556e+05,-5.0549e-01,-2.7556e+05,1.2170e-01,7.4132e+00,2.2114e+05,2.0255e+03,-2.0340e-02,-1.2617e+00,1.4231e+00,2.2272e+00,2.8244e+01
2.0000e+03,2.5400e+02,1.0000e+00,3.0202e+01,-2.7552e+05,-2.7552e+05,-5.0749e-01,-2.7552e+05,1.2172e-01,7.4152e+00,2.2110e+05,2.0280e+03,3.2425e-01,-1.2095e+00,4.9683e+00,9.5921e+00,2.7920e+01
2.0000e+03,2.5500e+02,3.0000e+00,3.0213e+01,-2.7547e+05,-2.7548e+05,-5.0949e-01,-2.7548e+05,1.2174e-01,7.4173e+00,2.2106e+05,2.0357e+03,2.4350e-01,-1.9141e+00,3.1826e+00,9.1639e+00,2.6127e+01
2.0000e+03,2.5600e+02,2.0000e+00,3.0260e+01,-2.7543e+05,-2.7543e+05,-5.1149e-01,-2.7543e+05,1.2175e-01,7.4192e+00,2.2102e+05,2.0406e+03,-7.3057e-01,-1.8631e+00,4.8161e+00,2.8474e+00,2.7285e+01
2.0000e+03,2.5700e+02,1.0000e+00,3.0342e+01,-2.7538e+05,-2.7539e+05,-5.1349e-01,-2.7539e+05,1.2177e-01,7.4212e+00,2.2097e+05,2.0432e+03,-2.4090e-01,-1.8400e+00,3.4867e+00,8.9615e+00,2.7311e+01
2.0000e+03,2.5800e+02,3.0000e+00,3.0353e+01,-2.7534e+05,-2.7534e+05,-5.1548e-01,-2.7534e+05,1.2179e-01,7.4232e+00,2.2092e+05,2.0502e+03,-5.8922e-01,-1.8443e+00,4.9838e+00,8.9079e+00,2.8037e+01
2.0000e+03,2.5900e+02,1.0000e+00,3.0435e+01,-2.7533e+05,-2.7534e+05,-5.1748e-01,-2.7534e+05,1.2178e-01,7.4230e+00,2.2088e+05,2.0527e+03,-1.1047e+00,-1.8343e+00,3.0040e+00,9.9030e+00,2.3940e+01
2.0000e+03,2.6000e+02,4.0000e+00,3.0409e+01,-2.7531e+05,-2.7532e+05,-5.1948e-01,-2.7532e+05,1.2182e-01,7.4272e+00,2.2087e+05,2.0623e+03,-6.0069e-01,-1.1536e+00,1.4414e+00,5.7436e-01,2.8966e+01
2.0000e+03,2.6100e+02,1.0000e+00,3.0491e+01,-2.7530e+05,-2.7531e+05,-5.2148e-01,-2.7531e+05,1.2183e-01,7.4290e+00,2.2085e+05,2.0646e+03,-7.7076e-01,-1.2441e+00,3.6981e+00,2.3860e+00,2.4406e+01
2.0000e+03,2.6200e+02,1.0000e+00,3.0572e+01,-2.7530e+05,-2.7530e+05,-5.2348e-01,-2.7530e+05,1.1812e-01,6.9836e+00,2.2084e+05,2.0671e+03,1.7564e-01,-1.2829e+00,1.9565e+00,5.8658e+00,2.9091e+01
2.0000e+03,2.6300e+02,1.0000e+00,3.0653e+01,-2.7529e+05,-2.7529e+05,-5.2547e-01,-2.7529e+05,1.2186e-01,7.4330e+00,2.2084e+05,2.0699e+03,-1.4479e+00,-1.8821e+00,4.3175e+00,1.4709e+00,2.5695e+01
2.0000e+03,2.6400e+02,1.0000e+00,3.0733e+01,-2.7527e+05,-2.7528e+05,-5.2747e-01,-2.7528e+05,1.2188e-01,7.4351e+00,2.2083e+05,2.0723e+03,-4.4231e-01,-1.4807e+00,1.9559e+00,7.3225e+00,2.9961e+01
2.0000e+03,2.6500e+02,2.0000e+00,3.0778e+01,-2.7527e+05,-2.7527e+05,-5.2947e-01,-2.7527e+05,1.2173e-01,7.4167e+00,2.2082e+05,2.0774e+03,-1.3974e-03,-1.0673e+00,1.3536e+00,8.3600e+00,2.7314e+01
2.0000e+03,2.6600e+02,3.0000e+00,3.0787e+01,-2.7521e+05,-2.7522e+05,-5.3147e-01,-2.7522e+05,1.2192e-01,7.4392e+00,2.2081e+05,2.0843e+03,-2.2559e-01,-1.8340e+00,4.4965e+00,1.0461e+00,2.5901e+01
2.0000e+03,2.6700e+02,1.0000e+00,3.0867e+01,-2.7519e+05,-2.7520e+05,-5.3347e-01,-2.7520e+05,1.2193e-01,7.4412e+00,2.2075e+05,2.0868e+03,5.4227e-02,-1.4279e+00,2.2162e+00,7.1516e+00,2.9600e+01
2.0000e+03,2.6800e+02,3.0000e+00,3.0876e+01,-2.7517e+05,-2.7518e+05,-5.3546e-01,-2.7518e+05,1.2195e-01,7.4432e+00,2.2074e+05,2.0939e+03,-5.6828e-01,-1.5586e+00,4.5893e+00,3.2668e+00,2.7091e+01
2.0000e+03,2.6900e+02,1.0000e+00,3.0955e+01,-2.7514e+05,-2.7515e+05,-5.3746e-01,-2.7515e+05,1.2197e-01,7.4452e+00,2.2072e+05,2.0960e+03,-9.4677e-02,-1.4456e+00,1.4134e+00,5.6848e+00,2.7202e+01
2.0000e+03,2.7000e+02,1.0000e+00,3.1034e+01,-2.7511e+05,-2.7512e+05,-5.3946e-01,-2.7512e+05,1.2198e-01,7.4472e+00,2.2335e+05,2.0987e+03,-2.2159e-01,-1.0142e+00,3.8713e+00,4.8507e+00,2.7250e+01
2.0000e+03,2.7100e+02,1.0000e+00,3.1114e+01,-2.7506e+05,-2.7507e+05,-5.4146e-01,-2.7507e+05,1.2200e-01,7.4492e+00,2.2333e+05,2.1012e+03,1.7142e-02,-1.5588e+00,4.5542e+00,5.3402e+00,2.8850e+01
2.0000e+03,2.7200e+02,3.0000e+00,3.1121e+01,-2.7506e+05,-2.7507e+05,-5.4346e-01,-2.7507e+05,1.2031e-01,7.2446e+00,2.2327e+05,2.1088e+03,-1.6226e-01,-1.1311e+00,2.5033e+00,2.8830e+00,2.1014e+01
2.0000e+03,2.7300e+02,1.0000e+00,3.1200e+01,-2.7503e+05,-2.7504e+05,-5.4545e-01,-2.7504e+05,1.2203e-01,7.4532e+00,2.2327e+05,2.1112e+03,-9.6090e-01,-1.9161e+00,1.7830e+00,9.4804e+00,2.9697e+01
2.0000e+03,2.7400e+02,1.0000e+00,3.1279e+01,-2.7502e+05,-2.7503e+05,-5.4745e-01,-2.7503e+05,1.2205e-01,7.4550e+00,2.2324e+05,2.1139e+03,-1.0302e+00,-1.9508e+00,3.7102e+00,3.4583e+00,2.5186e+01
2.0000e+03,2.7500e+02,1.0000e+00,3.1357e+01,-2.7500e+05,-2.7501e+05,-5.4945e-01,-2.7501e+05,1.2206e-01,7.4572e+00,2.2323e+05,2.1164e+03,-5.5445e-01,-1.4779e+00,1.6088e+00,6.5769e+00,2.1304e+01
2.0000e+03,2.7600e+02,1.0000e+00,3.1435e+01,-2.7495e+05,-2.7496e+05,-5.5145e-01,-2.7496e+05,1.2208e-01,7.4592e+00,2.2321e+05,2.1189e+03,-2.4842e-01,-1.7145e+00,1.9548e+00,4.2780e+00,2.0859e+01
2.0000e+03,2.7700e+02,4.0000e+00,3.1406e+01,-2.7493e+05,-2.7494e+05,-5.5345e-01,-2.7494e+05,1.2210e-01,7.4612e+00,2.2316e+05,2.1277e+03,-1.4203e+00,-1.1602e+00,1.0906e+00,7.2610e+00,2.7724e+01
2.0000e+03,2.7800e+02,2.0000e+00,3.1448e+01,-2.7486e+05,-2.7487e+05,-5.5544e-01,-2.7487e+05,1.2211e-01,7.4632e+00,2.2314e+05,2.1323e+03,-1.3346e+00,-1.8642e+00,4.6508e+00,8.7321e+00,2.7837e+01
2.0000e+03,2.7900e+02,1.0000e+00,3.1525e+01,-2.7484e+05,-2.7485e+05,-5.5744e-01,-2.7485e+05,1.2213e-01,7.4652e+00,2.2307e+05,2.1350e+03,-1.4265e+00,-1.0649e+00,4.9686e+00,5.5463e+00,2.8169e+01
