logfeh_mean,logdust,logNpix,tau,logl
2.6514e-01,-1.0491e+00,3.0914e+00,4.7504e+00,-3.2292e+04
-4.1024e-01,-8.3476e-01,2.9932e+00,2.7737e+00,-8.1083e+03
1.1010e-01,-1.9194e+00,3.0537e+00,2.7831e+00,-2.4691e+04
-7.7430e-02,-1.1638e+00,3.0761e+00,6.2271e-01,-9.3111e+03
3.2369e-01,-1.4743e+00,2.9805e+00,4.6482e+00,-3.4276e+04
-5.5454e-02,-1.2691e+00,2.9683e+00,3.6102e+00,-3.4169e+04
3.5116e-01,-1.3381e+00,3.0067e+00,4.6637e+00,-2.5297e+04
-8.7571e-02,-1.5040e+00,2.9875e+00,1.5199e+00,-1.6494e+04
-1.7932e-01,-1.0161e+00,3.0036e+00,3.6332e+00,-3.1376e+04
2.2796e-02,-1.0917e+00,3.1234e+00,1.4066e+00,-3.4351e+04
5.8249e-04,-1.5638e+00,3.0407e+00,1.0044e+00,-3.0246e+03
-1.8087e-01,-8.7586e-01,2.9832e+00,3.7686e+00,-1.4018e+04
3.0507e-01,-1.4930e+00,3.0515e+00,4.2207e+00,-2.7843e+04
8.5033e-02,-1.0867e+00,3.0771e+00,3.7950e+00,-2.4996e+04
8.0338e-02,-1.8392e+00,3.0695e+00,3.8073e-01,-3.4478e+03
6.9367e-02,-1.6652e+00,3.0057e+00,2.2028e+00,-2.0598e+04
4.7261e-01,-1.7260e+00,3.1150e+00,2.9944e+00,-3.3224e+04
-5.4882e-02,-8.4576e-01,3.0197e+00,4.4995e+00,-9.0646e+03
-3.0331e-02,-1.2352e+00,3.0712e+00,6.3310e-01,-9.5443e+03
-1.3632e-01,-1.1943e+00,3.0645e+00,5.8684e-01,-9.6089e+03
-3.2754e-01,-9.4125e-01,3.0792e+00,4.6052e-01,-2.5228e+04
4.2257e-01,-1.0156e+00,3.1412e+00,4.5129e+00,-3.1188e+04
3.2577e-01,-1.1974e+00,3.1398e+00,3.5525e+00,-2.7584e+04
-2.2555e-01,-8.8765e-01,3.0899e+00,8.9362e-01,-2.9889e+04
-3.3127e-01,-7.2840e-01,2.9596e+00,4.2353e+00,-2.7628e+04
-5.1407e-02,-1.3945e+00,3.0151e+00,2.7086e+00,-1.8391e+04
-3.6532e-01,-7.6924e-01,3.0813e+00,2.6645e+00,-2.3839e+04
-2.2219e-01,-1.2047e+00,2.9621e+00,7.4262e-01,-3.0110e+04
1.9616e-01,-1.8940e+00,3.0788e+00,1.7714e+00,-1.7437e+04
-4.0373e-01,-9.3490e-01,2.9572e+00,2.6616e+00,-1.6949e+04
8.1962e-02,-1.8020e+00,3.0772e+00,1.4252e+00,-5.7729e+03
-1.6511e-01,-9.8874e-01,2.9968e+00,3.3388e+00,-6.0201e+03
4.8426e-01,-1.8616e+00,3.1405e+00,2.8267e+00,-2.9963e+04
-2.3203e-01,-1.0329e+00,3.0483e+00,2.3335e+00,-1.6713e+04
-2.5607e-01,-8.6534e-01,3.1110e+00,6.1163e-01,-3.1928e+04
-4.0150e-02,-1.6788e+00,2.9960e+00,1.9613e+00,-1.3074e+04
-4.6799e-02,-1.2652e+00,3.0751e+00,1.3687e-01,-7.1229e+03
6.7255e-02,-1.4345e+00,3.0418e+00,2.5222e+00,-2.3297e+03
-7.5347e-02,-1.5497e+00,3.0030e+00,1.4614e+00,-1.1066e+04
1.3749e-01,-1.2809e+00,2.9934e+00,3.7490e+00,-1.9333e+04
-9.4852e-02,-1.5559e+00,3.0242e+00,5.1470e-01,-1.3719e+04
-2.2470e-02,-1.2813e+00,3.0679e+00,2.0466e+00,-6.5927e+03
-4.6334e-01,-8.9781e-01,3.0448e+00,2.0656e+00,-3.3731e+04
-2.0704e-01,-8.6163e-01,3.1184e+00,1.9484e+00,-3.5108e+04
1.5647e-01,-1.4659e+00,3.1111e+00,4.6189e-01,-2.7793e+04
7.5385e-04,-1.1541e+00,3.1023e+00,1.9858e+00,-1.7718e+04
5.6231e-02,-1.5124e+00,3.0720e+00,1.7123e-01,-6.6733e+03
4.6481e-01,-1.9512e+00,3.0011e+00,4.8210e+00,-3.5652e+04
-2.8815e-02,-1.4198e+00,3.0608e+00,7.8300e-01,-4.5251e+03
4.9827e-01,-1.5332e+00,3.0722e+00,3.7802e+00,-2.3647e+04
2.3364e-01,-1.6361e+00,3.1333e+00,1.9348e+00,-2.4949e+04
2.6149e-02,-1.1251e+00,3.1291e+00,1.4298e+00,-3.0616e+04
1.3648e-01,-1.2151e+00,3.0454e+00,3.9700e+00,-2.0785e+04
-1.3662e-01,-1.2138e+00,3.0033e+00,8.7595e-01,-1.9437e+04
4.3365e-01,-9.4315e-01,3.1222e+00,4.8149e+00,-3.2532e+04
-3.1971e-01,-9.0333e-01,3.0489e+00,1.5910e+00,-1.1099e+04
1.8514e-01,-1.3124e+00,3.0912e+00,2.4354e+00,-3.1742e+04
-4.5227e-01,-8.2284e-01,3.0131e+00,3.2393e+00,-2.3055e+04
-8.8139e-02,-1.2703e+00,2.9504e+00,3.3410e+00,-3.1160e+04
-4.1921e-01,-9.7022e-01,3.0422e+00,3.5029e-01,-2.6086e+04
2.7447e-02,-1.2395e+00,3.0816e+00,1.9845e+00,-1.1516e+04
-7.8309e-02,-1.8538e+00,2.9803e+00,1.1997e+00,-2.1654e+04
-3.4064e-01,-7.6394e-01,3.0769e+00,2.8967e+00,-2.1479e+04
4.4998e-01,-1.3107e+00,3.1225e+00,3.4438e+00,-3.3963e+04
-3.1673e-01,-8.0388e-01,3.0309e+00,2.8227e+00,-1.8368e+04
6.9950e-02,-1.0616e+00,3.0302e+00,3.2497e+00,-3.2408e+04
2.4560e-01,-1.3661e+00,2.9984e+00,4.7259e+00,-3.4251e+04
-1.3795e-02,-1.8578e+00,3.0099e+00,1.4176e+00,-9.2525e+03
3.5595e-01,-1.9496e+00,3.1194e+00,2.5986e+00,-2.0021e+04
-4.3533e-02,-1.0885e+00,3.1141e+00,1.2186e+00,-2.4199e+04
7.8942e-02,-1.6543e+00,3.0116e+00,2.6704e+00,-7.2136e+03
1.5744e-01,-1.3198e+00,3.0829e+00,3.5136e+00,-3.0177e+04
4.5139e-01,-1.3802e+00,3.0384e+00,4.5111e+00,-1.9400e+04
2.3232e-02,-1.4759e+00,3.0703e+00,2.5008e+00,-2.7093e+04
8.9698e-02,-1.2388e+00,3.1316e+00,1.5131e+00,-2.8993e+04
-2.7672e-01,-7.2491e-01,3.0692e+00,4.2169e+00,-3.3888e+04
8.7301e-02,-1.4417e+00,2.9847e+00,3.1687e+00,-2.0798e+04
-1.3433e-01,-1.3855e+00,3.0320e+00,1.4086e+00,-1.5928e+04
1.1344e-02,-1.9358e+00,2.9905e+00,1.2359e+00,-2.3415e+04
1.1491e-01,-1.4312e+00,3.0409e+00,2.1532e+00,-3.4326e+04
5.1662e-02,-1.9575e+00,2.9669e+00,2.8486e+00,-2.9086e+04
2.2193e-01,-1.2177e+00,2.9904e+00,4.4720e+00,-2.5207e+04
-3.7921e-01,-8.8414e-01,3.0005e+00,1.9922e+00,-1.7537e+04
-4.0821e-02,-1.2677e+00,3.0325e+00,1.4742e+00,-1.7564e+04
-9.4691e-02,-1.0024e+00,3.1340e+00,6.1725e-01,-3.5161e+04
3.7044e-01,-1.5215e+00,3.0179e+00,4.6352e+00,-2.4237e+04
-6.2800e-02,-1.7201e+00,3.0035e+00,1.8756e-01,-1.2508e+04
-1.7489e-01,-9.6291e-01,3.1107e+00,1.7284e+00,-2.7567e+04
-2.4925e-01,-8.4219e-01,3.0981e+00,1.5075e+00,-3.5844e+04
-4.2218e-01,-9.7921e-01,2.9788e+00,2.4878e+00,-2.3815e+04
-2.8562e-01,-1.1839e+00,2.9385e+00,1.6976e+00,-3.5430e+04
-8.0104e-02,-1.1634e+00,3.0352e+00,2.1127e+00,-6.0417e+03
-4.5638e-01,-6.9955e-01,3.0294e+00,4.2294e+00,-2.6321e+04
6.6474e-02,-1.8007e+00,3.0260e+00,2.4796e-01,-2.0137e+04
-3.0773e-02,-1.1103e+00,3.0200e+00,2.5111e+00,-3.0506e+04
1.3519e-01,-9.8788e-01,3.0657e+00,4.7333e+00,-3.2213e+04
8.2011e-02,-1.2891e+00,3.0815e+00,2.9806e+00,-1.7124e+04
-4.7165e-01,-9.2781e-01,3.0015e+00,1.0555e+00,-9.3315e+03
-1.8497e-02,-1.6760e+00,3.0044e+00,2.3937e+00,-1.5149e+04
6.4200e-02,-1.8519e+00,3.0428e+00,2.4823e+00,-1.3562e+04
-4.3862e-01,-9.0974e-01,3.0307e+00,2.3776e+00,-2.8654e+04
1.0893e-01,-1.2097e+00,3.1138e+00,2.0714e+00,-2.9067e+04
-4.2929e-02,-1.3652e+00,3.0038e+00,3.3785e-01,-3.0962e+04
-8.4368e-02,-1.0816e+00,3.0456e+00,3.0083e+00,-1.1551e+04
-3.2151e-02,-1.5152e+00,2.9891e+00,2.6198e+00,-1.4850e+04
9.5711e-02,-1.5148e+00,3.0323e+00,2.6369e+00,-3.9116e+03
1.1531e-01,-1.1970e+00,3.0385e+00,2.9937e+00,-2.6531e+04
2.9356e-01,-1.2513e+00,3.0387e+00,3.7649e+00,-3.1023e+04
1.5941e-01,-1.3704e+00,3.1223e+00,2.5289e+00,-2.2078e+04
3.4678e-01,-1.3261e+00,3.0213e+00,4.9717e+00,-2.9887e+04
-4.3736e-02,-1.9652e+00,3.0335e+00,1.7117e+00,-3.2671e+04
-4.7716e-01,-6.4343e-01,2.9353e+00,4.9560e+00,-3.0802e+04
3.5799e-01,-1.9820e+00,3.0813e+00,3.1875e+00,-6.8335e+03
1.7795e-01,-1.8413e+00,3.0388e+00,2.6797e+00,-4.4404e+03
1.7128e-01,-1.6888e+00,3.0536e+00,2.9757e+00,-5.6642e+03
1.9329e-01,-1.4968e+00,3.0878e+00,2.4468e+00,-1.2916e+04
1.5670e-01,-1.5563e+00,3.1325e+00,1.0005e-01,-2.3540e+04
-6.5523e-02,-1.2651e+00,3.0654e+00,1.3167e+00,-5.8840e+03
2.0112e-01,-1.8882e+00,3.1222e+00,1.7528e+00,-1.8947e+04
4.2796e-01,-1.6414e+00,3.0101e+00,4.1440e+00,-3.2719e+04
4.8724e-01,-1.5345e+00,3.1479e+00,3.5380e+00,-3.0226e+04
1.3217e-01,-1.5257e+00,3.1083e+00,1.8040e-01,-1.7253e+04
-2.8488e-01,-9.5425e-01,3.0540e+00,2.9420e-01,-9.3013e+03
1.8698e-01,-1.4487e+00,3.0712e+00,2.9334e+00,-4.7173e+03
-1.4261e-01,-7.4739e-01,3.0097e+00,4.8184e+00,-1.2689e+04
5.8149e-02,-1.4456e+00,3.0596e+00,5.0763e-01,-1.7146e+04
-3.2045e-01,-9.2677e-01,3.0051e+00,1.2970e+00,-2.7961e+04
-6.4378e-02,-1.8032e+00,2.9812e+00,2.3965e+00,-3.3425e+04
-1.3145e-02,-1.9886e+00,2.9578e+00,2.4688e+00,-3.3949e+04
-7.8360e-02,-1.3616e+00,3.0255e+00,2.2070e+00,-8.2956e+03
1.9127e-01,-1.5608e+00,3.0363e+00,3.0276e+00,-7.5687e+03
-1.5387e-01,-1.5464e+00,3.0163e+00,6.7251e-01,-3.0531e+04
1.9686e-01,-1.0396e+00,3.0816e+00,4.1609e+00,-1.4593e+04
2.0013e-02,-1.7097e+00,3.0421e+00,5.6224e-01,-2.5549e+03
2.5551e-01,-8.8264e-01,3.1151e+00,4.6018e+00,-2.7255e+04
2.1060e-01,-1.6217e+00,3.1520e+00,9.1512e-01,-3.2208e+04
-1.3302e-02,-1.0583e+00,3.0426e+00,3.7446e+00,-2.1365e+04
8.4595e-02,-1.8040e+00,3.0176e+00,2.6253e+00,-6.1792e+03
4.9876e-02,-1.5932e+00,3.1086e+00,1.4820e+00,-3.0602e+04
-2.5140e-01,-1.0097e+00,2.9748e+00,2.5223e+00,-1.8165e+04
-3.9719e-01,-1.0326e+00,3.0282e+00,1.4007e-01,-2.9085e+04
-2.4113e-01,-1.0665e+00,3.0678e+00,1.8012e+00,-2.8410e+04
4.5726e-01,-1.9255e+00,3.1488e+00,2.8356e+00,-2.7281e+04
4.9503e-01,-1.3769e+00,3.0490e+00,4.7697e+00,-1.9194e+04
-3.8475e-01,-9.7016e-01,3.0444e+00,5.2934e-01,-1.7870e+04
4.5328e-01,-1.5809e+00,3.0877e+00,3.3183e+00,-3.1445e+04
8.8720e-02,-1.9437e+00,2.9750e+00,2.6026e+00,-2.9777e+04
3.3120e-01,-1.6392e+00,3.0049e+00,4.1326e+00,-2.3064e+04
1.7733e-01,-1.7355e+00,3.1234e+00,1.5432e+00,-1.9331e+04
2.1246e-01,-1.3424e+00,3.0854e+00,3.3231e+00,-1.0192e+04
-9.7168e-02,-1.3512e+00,2.9649e+00,1.8451e+00,-3.5675e+04
-2.6631e-01,-7.3464e-01,3.0238e+00,4.5503e+00,-1.4702e+04
2.5074e-01,-9.9612e-01,3.1071e+00,3.9563e+00,-2.4059e+04
-6.9461e-02,-9.3136e-01,3.0636e+00,2.7582e+00,-2.7934e+04
-3.8419e-02,-1.3180e+00,2.9917e+00,2.7080e+00,-1.0270e+04
1.2655e-01,-1.4436e+00,3.0756e+00,2.7585e+00,-6.9277e+03
-3.5652e-02,-1.8768e+00,3.0147e+00,1.7811e+00,-1.5646e+04
-1.4342e-01,-1.1216e+00,3.0469e+00,1.2230e+00,-6.5210e+03
-4.0185e-01,-9.7688e-01,3.0332e+00,1.7247e+00,-2.3976e+04
-4.0262e-01,-7.4300e-01,3.0175e+00,3.3387e+00,-1.0577e+04
4.2778e-02,-1.3818e+00,2.9916e+00,3.3717e+00,-1.6931e+04
1.3905e-01,-8.7907e-01,3.1045e+00,4.4859e+00,-2.5087e+04
6.7254e-02,-1.3887e+00,3.0380e+00,1.9877e+00,-2.8293e+04
7.0896e-02,-1.4657e+00,3.0777e+00,2.1445e+00,-6.5988e+03
1.1228e-01,-1.3235e+00,3.1087e+00,8.7184e-01,-2.9903e+04
2.0463e-01,-1.2387e+00,3.0655e+00,3.7497e+00,-9.3384e+03
4.0520e-01,-1.0561e+00,3.0989e+00,4.8646e+00,-2.2383e+04
-1.9354e-01,-8.7427e-01,2.9541e+00,4.9998e+00,-3.5088e+04
-2.6703e-01,-8.4113e-01,3.1147e+00,3.2838e-01,-3.5338e+04
2.0375e-01,-1.6774e+00,3.0202e+00,3.1816e+00,-9.6686e+03
-1.3104e-01,-9.5272e-01,3.0712e+00,2.5643e+00,-1.2637e+04
1.1732e-01,-9.5846e-01,3.0619e+00,4.0234e+00,-1.4028e+04
-2.9183e-02,-1.4359e+00,3.0251e+00,1.7059e+00,-5.0979e+03
-3.1714e-01,-8.5928e-01,3.0232e+00,3.2430e+00,-1.1345e+04
-4.0717e-01,-9.8246e-01,2.9919e+00,1.1725e+00,-9.4864e+03
4.7549e-01,-1.4124e+00,3.1328e+00,3.3067e+00,-3.1336e+04
-1.6927e-01,-1.4250e+00,2.9964e+00,7.4324e-01,-1.5774e+04
-1.4301e-01,-7.7130e-01,3.1004e+00,3.6038e+00,-2.8717e+04
3.1118e-01,-9.0694e-01,3.1075e+00,4.7307e+00,-2.7579e+04
2.9783e-01,-1.0203e+00,3.1076e+00,4.7632e+00,-3.4028e+04
-2.5331e-02,-1.6829e+00,3.0701e+00,1.5561e+00,-3.2581e+04
-2.3991e-01,-1.0159e+00,3.0452e+00,9.4987e-01,-6.5907e+03
-4.6808e-02,-1.0626e+00,2.9745e+00,3.8928e+00,-1.7568e+04
2.6132e-01,-1.6836e+00,3.1427e+00,1.7923e+00,-2.9142e+04
-3.4190e-01,-9.8360e-01,2.9352e+00,3.2086e+00,-2.9118e+04
1.5874e-01,-1.0229e+00,3.1001e+00,4.1939e+00,-3.3634e+04
-2.4529e-01,-8.4048e-01,2.9554e+00,3.6439e+00,-3.4721e+04
-4.8196e-01,-8.7982e-01,3.0480e+00,8.6165e-01,-1.8393e+04
-1.5297e-02,-1.7622e+00,3.0487e+00,1.9782e+00,-2.6460e+04
-1.3161e-01,-1.3150e+00,3.0680e+00,1.4057e+00,-3.2596e+04
1.0696e-02,-1.2957e+00,3.1011e+00,1.4295e+00,-1.5461e+04
-1.3394e-01,-1.2646e+00,2.9963e+00,7.2486e-01,-1.8006e+04
9.7193e-02,-1.2983e+00,2.9992e+00,3.1031e+00,-2.8691e+04
-1.9180e-01,-1.3500e+00,2.9612e+00,1.9057e+00,-2.5930e+04
2.6799e-01,-1.3979e+00,3.0625e+00,3.5500e+00,-6.5048e+03
1.3952e-01,-1.2662e+00,3.0517e+00,3.2466e+00,-4.0601e+03
-2.2111e-01,-1.0897e+00,3.0119e+00,1.0713e+00,-1.0532e+04
3.9799e-01,-1.8010e+00,3.0355e+00,3.6600e+00,-2.0658e+04
-4.0440e-01,-8.8465e-01,3.0133e+00,7.8123e-01,-1.7158e+04
3.8788e-01,-1.5748e+00,3.1293e+00,3.2518e+00,-2.0482e+04
-2.4058e-01,-7.5198e-01,3.0297e+00,4.5893e+00,-2.0285e+04
5.6157e-02,-1.6599e+00,3.0785e+00,2.6244e-01,-6.3638e+03
1.6072e-01,-1.0895e+00,2.9794e+00,4.5746e+00,-3.0019e+04
1.0423e-01,-1.4091e+00,3.1130e+00,4.3125e-01,-1.9162e+04
1.9278e-01,-1.3671e+00,3.0122e+00,4.0147e+00,-1.5860e+04
8.8514e-02,-1.4524e+00,3.0878e+00,2.7641e+00,-2.7785e+04
2.8939e-03,-1.3006e+00,2.9977e+00,2.9591e+00,-9.6647e+03
3.1878e-02,-1.9875e+00,3.0068e+00,2.4537e+00,-1.5086e+04
-2.0476e-01,-1.1770e+00,3.0323e+00,1.6172e+00,-1.1064e+04
1.5197e-02,-1.4378e+00,3.0946e+00,7.2762e-01,-1.5121e+04
-3.2069e-01,-8.0674e-01,2.9819e+00,3.5755e+00,-1.0619e+04
-1.0733e-01,-1.9918e+00,2.9976e+00,4.6015e-01,-3.3216e+04
3.0928e-01,-1.9288e+00,3.0280e+00,3.0829e+00,-2.9630e+04
-2.7743e-01,-1.2226e+00,2.9450e+00,2.2275e+00,-3.4283e+04
-2.1246e-01,-9.3777e-01,2.9911e+00,3.9852e+00,-2.9527e+04
1.0052e-01,-1.3857e+00,3.1001e+00,2.8203e+00,-2.9840e+04
-4.5314e-01,-7.7480e-01,2.9612e+00,3.1570e+00,-2.6732e+04
-4.0887e-03,-1.2419e+00,3.0297e+00,2.1548e+00,-2.0211e+04
-3.5230e-02,-9.4885e-01,3.0073e+00,4.6499e+00,-2.6630e+04
7.9934e-02,-1.3663e+00,2.9928e+00,3.7195e+00,-2.0329e+04
-2.7504e-01,-8.5824e-01,3.0981e+00,8.7696e-01,-2.8636e+04
-2.0587e-02,-1.3186e+00,3.0981e+00,6.5177e-01,-1.7728e+04
-4.2735e-01,-9.4061e-01,2.9326e+00,2.2843e+00,-3.5449e+04
9.4450e-02,-1.2446e+00,3.0728e+00,3.1062e+00,-8.3255e+03
-4.3734e-01,-7.1390e-01,2.9451e+00,4.1398e+00,-2.8815e+04
-5.3619e-02,-1.1314e+00,3.1029e+00,1.1302e+00,-1.8085e+04
9.3239e-02,-1.2167e+00,3.1163e+00,2.2963e+00,-2.1211e+04
-3.3033e-01,-1.1156e+00,2.9982e+00,1.5016e+00,-1.9719e+04
-2.1901e-01,-1.2051e+00,2.9401e+00,2.5736e+00,-3.0396e+04
-7.8716e-02,-1.7953e+00,2.9810e+00,2.1666e+00,-2.9857e+04
3.2133e-01,-1.3593e+00,3.0549e+00,4.2160e+00,-1.3975e+04
1.9565e-01,-1.1918e+00,3.0318e+00,4.5445e+00,-2.7331e+04
6.4524e-02,-1.8110e+00,3.0817e+00,8.3363e-01,-9.2301e+03
-9.0914e-02,-1.3114e+00,3.0137e+00,2.6507e-01,-1.1928e+04
-1.2959e-01,-7.4807e-01,3.1079e+00,3.7332e+00,-3.1531e+04
2.6976e-01,-1.1508e+00,3.0703e+00,3.8402e+00,-1.6487e+04
-2.1189e-01,-1.1598e+00,3.0436e+00,4.2880e-01,-1.1327e+04
-4.2869e-01,-9.7035e-01,2.9722e+00,8.7405e-01,-1.7158e+04
-2.0861e-01,-7.3644e-01,2.9668e+00,4.7579e+00,-2.8508e+04
2.7136e-01,-1.4848e+00,3.0314e+00,3.4318e+00,-1.9759e+04
2.5397e-01,-1.8328e+00,3.0900e+00,3.0638e+00,-1.6496e+04
6.2414e-02,-1.1980e+00,3.1405e+00,1.3046e+00,-3.2944e+04
1.5623e-01,-1.1202e+00,3.1130e+00,3.5204e+00,-2.7891e+04
-2.6774e-01,-1.2236e+00,2.9426e+00,2.4375e+00,-3.4993e+04
-1.2216e-01,-8.0758e-01,3.0448e+00,4.2130e+00,-1.1771e+04
-1.4357e-01,-1.1304e+00,2.9706e+00,3.1529e+00,-1.7226e+04
-2.3414e-02,-1.2843e+00,3.0650e+00,3.1612e-01,-8.2318e+03
3.8394e-02,-9.5381e-01,3.0460e+00,3.8002e+00,-1.1124e+04
4.3572e-01,-1.6252e+00,3.0882e+00,3.9328e+00,-1.5766e+04
2.5329e-01,-1.1028e+00,2.9912e+00,4.9137e+00,-3.0301e+04
4.6257e-02,-1.5610e+00,3.1118e+00,6.4546e-01,-2.8351e+04
2.4008e-01,-1.5575e+00,3.1474e+00,2.1130e+00,-2.9802e+04
-4.9035e-01,-9.0246e-01,2.9549e+00,2.5372e+00,-2.0616e+04
-4.5579e-02,-1.7761e+00,3.0394e+00,1.4105e+00,-2.0719e+04
1.5570e-01,-1.4548e+00,3.0473e+00,2.8149e+00,-6.8779e+03
2.3164e-01,-1.8154e+00,3.0191e+00,3.9514e+00,-3.5929e+04
2.1732e-01,-1.3186e+00,3.0788e+00,3.7349e+00,-2.2633e+04
-3.0962e-03,-1.4252e+00,3.0373e+00,1.7262e-01,-1.1125e+04
-9.4920e-03,-1.5504e+00,3.0621e+00,2.0692e+00,-2.0662e+04
1.6452e-01,-1.7628e+00,3.0876e+00,2.8851e+00,-3.1303e+04
-4.9852e-02,-1.0413e+00,3.0551e+00,3.1883e+00,-8.5507e+03
5.1877e-02,-1.1040e+00,3.0807e+00,2.5859e+00,-2.0087e+04
-1.5407e-01,-9.3278e-01,3.0142e+00,3.5421e+00,-4.6928e+03
1.1389e-01,-1.5648e+00,3.1131e+00,1.1527e+00,-1.5656e+04
9.5027e-02,-1.2863e+00,3.0122e+00,3.0448e+00,-2.0917e+04
1.0342e-01,-1.3659e+00,3.1014e+00,2.7855e+00,-2.6274e+04
3.2824e-01,-1.5085e+00,3.1037e+00,3.2273e+00,-1.2798e+04
-3.4113e-01,-8.0548e-01,3.0686e+00,2.8664e+00,-2.0397e+04
2.0798e-01,-1.6106e+00,3.1022e+00,2.6920e+00,-1.3529e+04
7.7981e-02,-1.4241e+00,3.0522e+00,2.0840e+00,-1.3164e+04
-3.2104e-01,-8.5266e-01,2.9980e+00,2.9704e+00,-9.3050e+03
4.0476e-02,-1.3648e+00,3.1035e+00,4.9843e-01,-1.4490e+04
1.1343e-01,-1.2882e+00,2.9926e+00,3.2894e+00,-3.1216e+04
-4.3352e-01,-9.3480e-01,3.0034e+00,4.5121e-01,-7.3376e+03
-1.1339e-01,-1.2744e+00,2.9570e+00,2.4943e+00,-2.9480e+04
2.2496e-01,-9.0016e-01,3.0728e+00,4.8715e+00,-1.9161e+04
-2.8848e-01,-7.1633e-01,2.9950e+00,4.5870e+00,-1.0402e+04
-3.4002e-01,-1.1734e+00,2.9860e+00,3.6285e-01,-2.8457e+04
-9.4435e-02,-1.7199e+00,2.9763e+00,1.4224e+00,-2.3856e+04
-4.4325e-01,-8.0209e-01,2.9911e+00,2.6251e+00,-1.9310e+04
2.1442e-01,-1.1583e+00,3.0438e+00,4.0276e+00,-9.9895e+03
-1.9445e-01,-9.5597e-01,3.0486e+00,1.4818e-01,-3.4940e+04
3.5258e-01,-1.7289e+00,2.9892e+00,4.3681e+00,-3.1350e+04
-1.0131e-01,-1.0087e+00,3.0432e+00,3.1600e+00,-7.2156e+03
4.0122e-02,-1.1995e+00,3.1303e+00,1.6818e+00,-2.8208e+04
2.3416e-01,-1.5968e+00,3.1211e+00,1.7883e+00,-2.9172e+04
-8.2733e-02,-1.0907e+00,3.1076e+00,1.5286e+00,-2.2590e+04
-4.4312e-01,-9.6170e-01,2.9880e+00,2.1507e+00,-1.7651e+04
4.6885e-01,-1.4518e+00,3.0468e+00,4.4238e+00,-1.6847e+04
1.8429e-01,-1.9989e+00,2.9909e+00,3.0766e+00,-2.3054e+04
8.7627e-02,-1.6636e+00,3.0767e+00,2.4016e+00,-1.6634e+04
-4.0433e-02,-1.3682e+00,2.9877e+00,3.0677e+00,-2.0308e+04
-4.8913e-01,-9.3108e-01,2.9849e+00,1.9091e+00,-1.5426e+04
1.9942e-01,-9.6419e-01,3.0560e+00,4.7134e+00,-1.3771e+04
-4.4684e-02,-1.1961e+00,3.1188e+00,2.3977e-01,-2.9491e+04
1.0400e-01,-9.3927e-01,3.1224e+00,3.3080e+00,-3.1497e+04
6.4520e-02,-1.1190e+00,3.0113e+00,3.3687e+00,-2.2127e+04
2.7436e-01,-1.5241e+00,3.0597e+00,2.8935e+00,-2.9516e+04
-7.7980e-03,-1.6557e+00,3.0903e+00,5.0346e-01,-3.4981e+04
2.9409e-01,-1.2513e+00,3.1029e+00,4.0626e+00,-3.0366e+04
-3.8326e-03,-1.1962e+00,3.0535e+00,3.1453e+00,-1.8900e+04
2.5249e-01,-1.7842e+00,3.1533e+00,2.4787e-01,-3.2414e+04
-1.9519e-02,-1.0341e+00,3.0541e+00,3.8298e+00,-3.1142e+04
1.8520e-02,-1.9784e+00,3.0699e+00,1.4347e+00,-2.6699e+04
1.4752e-01,-1.5512e+00,3.1399e+00,3.4561e-01,-2.7724e+04
2.5544e-01,-1.3930e+00,3.0340e+00,4.2484e+00,-2.1947e+04
1.9199e-01,-1.8189e+00,3.1445e+00,6.4557e-01,-2.8801e+04
2.3532e-01,-1.2570e+00,3.1088e+00,2.7405e+00,-3.2713e+04
4.1130e-01,-1.4944e+00,3.1118e+00,3.2301e+00,-2.3193e+04
4.1411e-01,-1.7931e+00,3.0893e+00,3.2490e+00,-1.3262e+04
-1.9707e-01,-1.1819e+00,3.0659e+00,1.2083e+00,-2.9778e+04
1.5605e-02,-1.8738e+00,3.0012e+00,7.7840e-01,-1.8677e+04
-4.5602e-01,-7.3842e-01,2.9755e+00,3.2826e+00,-2.6474e+04
-4.6984e-01,-7.1042e-01,2.9548e+00,4.5663e+00,-1.3297e+04
-1.7103e-01,-1.1443e+00,3.0065e+00,1.0602e+00,-1.7377e+04
8.7367e-02,-8.8059e-01,3.0221e+00,4.6558e+00,-2.1341e+04
-8.5872e-03,-1.2411e+00,3.1297e+00,1.3497e+00,-3.6010e+04
-2.1105e-02,-1.5196e+00,3.0510e+00,2.0000e+00,-1.2157e+04
1.0161e-01,-1.1232e+00,3.0630e+00,4.0406e+00,-3.2062e+04
1.5447e-02,-1.4188e+00,3.0659e+00,1.8770e+00,-4.9854e+03
-1.1748e-01,-1.1301e+00,3.0197e+00,2.8546e+00,-6.6699e+03
-1.1741e-01,-9.1404e-01,3.0288e+00,3.1419e+00,-1.6999e+04
2.0617e-01,-1.0516e+00,3.1341e+00,3.5501e+00,-2.8591e+04
2.2733e-01,-1.7253e+00,3.0613e+00,3.3014e+00,-1.1904e+04
-2.5559e-02,-8.7158e-01,3.0782e+00,4.2172e+00,-2.9280e+04
-2.0840e-01,-1.1746e+00,3.0629e+00,1.7460e-01,-2.8096e+04
-7.6575e-02,-1.4193e+00,3.0443e+00,2.1743e+00,-2.6226e+04
2.1928e-01,-1.5093e+00,3.1106e+00,2.9933e+00,-2.3477e+04
-1.5718e-01,-1.3893e+00,2.9597e+00,5.4414e-01,-3.1610e+04
-4.2568e-01,-7.1259e-01,2.9824e+00,4.3408e+00,-8.0679e+03
1.9843e-01,-1.1391e+00,3.1313e+00,3.4943e+00,-3.4740e+04
3.8784e-01,-1.1588e+00,3.1164e+00,4.0133e+00,-2.1074e+04
4.4632e-01,-1.3264e+00,3.1290e+00,3.4185e+00,-3.0470e+04
2.5465e-01,-1.9362e+00,3.1589e+00,6.0472e-01,-3.3411e+04
-8.7714e-02,-1.7687e+00,2.9784e+00,1.4582e+00,-2.2601e+04
-1.3727e-01,-9.9536e-01,3.0374e+00,3.1205e+00,-6.8518e+03
-2.0093e-01,-1.3172e+00,3.0362e+00,7.6680e-01,-3.2295e+04
1.8936e-01,-1.8042e+00,3.0124e+00,2.7654e+00,-2.4019e+04
3.4284e-01,-1.7218e+00,3.0265e+00,3.5594e+00,-2.2748e+04
3.1458e-01,-1.9262e+00,3.1218e+00,2.9362e+00,-2.2594e+04
4.9033e-02,-1.4246e+00,3.0521e+00,2.0235e+00,-5.4947e+03
-1.3220e-02,-1.3190e+00,3.0310e+00,3.1117e+00,-2.5489e+04
5.6462e-02,-1.6060e+00,3.0322e+00,1.1360e+00,-2.0078e+04
2.1735e-01,-1.5211e+00,3.1484e+00,3.8704e-01,-3.4112e+04
4.4366e-02,-1.8908e+00,3.0376e+00,1.1730e+00,-3.0757e+03
6.9376e-02,-1.7214e+00,3.0195e+00,2.4611e+00,-5.0685e+03
-8.9953e-02,-1.0446e+00,2.9914e+00,3.0925e+00,-1.6587e+04
-2.1507e-01,-9.7381e-01,2.9702e+00,3.7442e+00,-2.1107e+04
3.7976e-01,-1.8336e+00,3.0149e+00,3.6838e+00,-3.1760e+04
-1.3902e-01,-8.6357e-01,2.9479e+00,4.8044e+00,-2.2137e+04
-1.4007e-02,-1.8358e+00,2.9810e+00,8.3182e-01,-2.8251e+04
-3.8143e-01,-7.6100e-01,3.0547e+00,3.4587e+00,-2.3485e+04
2.9286e-01,-1.7371e+00,3.0993e+00,2.3182e+00,-2.8749e+04
-4.4749e-02,-1.9763e+00,2.9952e+00,6.7758e-01,-1.6100e+04
-6.4319e-02,-1.5114e+00,3.0060e+00,1.4174e+00,-8.4836e+03
3.0268e-02,-1.2689e+00,3.0991e+00,9.6387e-01,-1.5155e+04
3.5382e-02,-1.5068e+00,3.0771e+00,2.6744e-01,-5.8983e+03
7.7539e-02,-1.2870e+00,3.0832e+00,3.1717e+00,-3.1169e+04
-1.2823e-01,-1.9426e+00,2.9677e+00,2.0314e-01,-3.5266e+04
4.8646e-01,-1.3589e+00,3.0641e+00,4.7768e+00,-2.1355e+04
3.8661e-02,-1.9456e+00,3.0049e+00,1.5386e+00,-1.5276e+04
-6.1108e-02,-1.3220e+00,3.0249e+00,1.8965e+00,-3.3851e+03
4.1982e-01,-1.5012e+00,3.1383e+00,3.5337e+00,-2.9210e+04
2.9977e-02,-1.0855e+00,3.0755e+00,3.5947e+00,-3.1512e+04
-2.0237e-01,-1.0239e+00,2.9923e+00,1.9997e+00,-3.3099e+04
7.8230e-02,-1.6028e+00,3.0390e+00,2.5243e+00,-1.7637e+03
1.0244e-02,-1.5342e+00,2.9967e+00,1.7043e+00,-3.0112e+04
-4.4609e-02,-9.5963e-01,3.0950e+00,3.3138e+00,-2.7614e+04
2.7541e-01,-1.9383e+00,3.1328e+00,1.1862e+00,-3.0034e+04
-3.1758e-01,-1.0929e+00,2.9801e+00,2.2611e+00,-2.0899e+04
-4.1217e-01,-8.8314e-01,2.9651e+00,2.3676e+00,-2.4724e+04
-4.1724e-03,-1.9228e+00,3.0566e+00,1.6539e+00,-2.6806e+04
2.3185e-01,-8.9498e-01,3.0641e+00,4.8976e+00,-2.1550e+04
-2.0196e-01,-9.4893e-01,2.9587e+00,3.2598e+00,-2.7554e+04
4.8799e-01,-1.4423e+00,3.0218e+00,4.6235e+00,-2.7166e+04
3.5872e-01,-1.5190e+00,2.9919e+00,4.4347e+00,-3.2744e+04
-2.1360e-02,-9.4163e-01,3.0573e+00,3.2338e+00,-1.7791e+04
1.5011e-02,-1.4478e+00,3.0815e+00,1.8099e+00,-1.3513e+04
2.0779e-01,-1.5016e+00,2.9783e+00,4.1928e+00,-3.1186e+04
1.8828e-01,-1.1714e+00,3.0825e+00,3.9608e+00,-2.4973e+04
-2.1233e-01,-1.1421e+00,3.0300e+00,2.1699e+00,-1.6992e+04
-3.9553e-02,-1.2758e+00,3.0764e+00,1.1171e+00,-7.7893e+03
1.2829e-01,-1.5768e+00,3.0328e+00,3.4124e+00,-2.3537e+04
2.5173e-01,-1.7931e+00,3.0032e+00,4.0464e+00,-2.8693e+04
-5.4361e-02,-1.1233e+00,3.0911e+00,2.7654e+00,-3.4753e+04
2.7701e-01,-1.2416e+00,3.0783e+00,3.7331e+00,-9.8883e+03
9.4795e-02,-1.9498e+00,3.0334e+00,2.2594e+00,-2.5233e+03
2.1902e-01,-1.2196e+00,3.0513e+00,3.7794e+00,-8.2703e+03
-9.8261e-02,-1.2373e+00,3.0005e+00,6.9976e-01,-3.1019e+04
-9.9636e-03,-1.8004e+00,3.0318e+00,2.1650e+00,-2.1997e+04
-6.0097e-02,-8.7287e-01,3.0704e+00,4.0743e+00,-2.5988e+04
-9.2594e-02,-1.7038e+00,3.0261e+00,2.0065e-01,-2.5807e+04
-5.7088e-03,-1.6992e+00,2.9724e+00,2.9290e+00,-3.0055e+04
-3.7407e-01,-9.2136e-01,3.0387e+00,1.9949e+00,-1.1069e+04
-5.2961e-02,-1.3994e+00,3.0395e+00,9.0599e-01,-2.4235e+03
-3.1966e-02,-1.7807e+00,3.0397e+00,1.5399e+00,-1.8013e+04
-4.4474e-01,-9.1241e-01,3.0161e+00,1.9904e+00,-1.0899e+04
-2.5684e-01,-6.4454e-01,3.0357e+00,4.7373e+00,-2.7012e+04
-8.8948e-02,-1.4238e+00,2.9497e+00,2.5482e+00,-2.9804e+04
3.0930e-01,-1.0400e+00,3.1234e+00,4.1900e+00,-2.4312e+04
-8.5281e-02,-1.8302e+00,3.0178e+00,1.4081e+00,-2.9091e+04
-9.1364e-03,-9.6892e-01,3.1244e+00,2.5890e+00,-3.0883e+04
2.4727e-01,-1.6223e+00,3.1130e+00,3.0078e+00,-2.5830e+04
-7.3715e-02,-1.2581e+00,3.0629e+00,6.0965e-01,-5.7216e+03
-3.9811e-01,-1.0974e+00,2.9839e+00,1.1347e+00,-2.6893e+04
4.0838e-01,-1.4028e+00,3.0579e+00,3.8978e+00,-2.0939e+04
-1.1537e-01,-1.3435e+00,3.0393e+00,1.0890e+00,-7.4699e+03
-1.3913e-01,-1.4313e+00,2.9525e+00,2.2481e+00,-3.1088e+04
2.7570e-01,-1.5943e+00,3.1070e+00,2.2473e+00,-3.3534e+04
2.9237e-01,-1.8082e+00,2.9800e+00,4.3348e+00,-3.5935e+04
1.8209e-02,-8.8957e-01,3.0964e+00,3.6457e+00,-1.9674e+04
-8.7972e-02,-1.5399e+00,2.9940e+00,1.1130e+00,-1.4062e+04
-3.9826e-01,-7.8230e-01,2.9958e+00,4.0324e+00,-1.8723e+04
-4.3243e-01,-6.4996e-01,3.0348e+00,3.7058e+00,-3.0815e+04
5.1378e-02,-1.1330e+00,2.9841e+00,4.0101e+00,-1.7056e+04
-4.6611e-01,-7.9371e-01,2.9314e+00,4.1858e+00,-2.8231e+04
2.4909e-01,-1.7349e+00,3.1021e+00,3.1683e+00,-3.0941e+04
-1.4498e-01,-1.1732e+00,3.0000e+00,7.1904e-01,-2.6869e+04
1.0992e-01,-1.9861e+00,3.0980e+00,1.6746e+00,-1.8549e+04
1.3955e-01,-1.5077e+00,3.1383e+00,9.2259e-01,-2.7636e+04
1.6090e-01,-1.4713e+00,3.0830e+00,3.0115e+00,-1.5313e+04
-1.4347e-01,-7.1236e-01,3.0928e+00,4.4394e+00,-3.2263e+04
1.7460e-01,-1.8241e+00,3.0866e+00,2.3449e+00,-6.9499e+03
-3.1448e-02,-1.9065e+00,2.9731e+00,1.0219e-01,-3.0118e+04
-4.2910e-01,-8.6745e-01,3.0036e+00,2.1706e+00,-8.3459e+03
-2.4908e-01,-8.1349e-01,3.0113e+00,3.0661e+00,-3.5232e+04
3.5657e-01,-1.1389e+00,3.1171e+00,4.2549e+00,-2.4779e+04
-9.2858e-02,-1.0770e+00,3.0435e+00,3.0365e+00,-1.2439e+04
7.7988e-03,-1.5450e+00,3.0028e+00,1.9310e-01,-3.2463e+04
7.5334e-02,-9.7706e-01,3.0793e+00,3.3900e+00,-2.1264e+04
-6.4506e-02,-1.4788e+00,3.0428e+00,1.0571e+00,-7.8795e+03
4.8287e-01,-1.8972e+00,3.1091e+00,3.3702e+00,-1.4443e+04
3.8632e-01,-1.8837e+00,3.0146e+00,4.1937e+00,-2.0978e+04
-3.9467e-01,-8.0713e-01,3.0911e+00,1.7019e+00,-2.5764e+04
-1.1207e-01,-1.0151e+00,3.0254e+00,2.6978e+00,-1.1644e+04
-2.4602e-01,-1.1696e+00,3.0109e+00,1.6071e+00,-1.1646e+04
-4.1370e-01,-8.1840e-01,2.9667e+00,3.4137e+00,-1.0940e+04
3.9005e-02,-9.9448e-01,3.0441e+00,3.9520e+00,-8.0630e+03
2.4726e-01,-1.8426e+00,3.1511e+00,1.4542e+00,-3.0008e+04
3.9262e-01,-1.6638e+00,3.1281e+00,2.8858e+00,-2.3028e+04
-1.0352e-01,-9.5579e-01,3.1088e+00,2.1497e+00,-2.6679e+04
4.5194e-01,-1.8072e+00,3.1292e+00,2.7142e+00,-3.5912e+04
2.8825e-01,-1.2293e+00,3.0981e+00,3.8463e+00,-1.6629e+04
-1.1266e-01,-9.8783e-01,3.0127e+00,3.7350e+00,-1.3481e+04
-2.9988e-01,-1.1179e+00,2.9743e+00,8.9820e-01,-1.7790e+04
-1.3434e-01,-1.4223e+00,3.0503e+00,2.1946e-01,-3.0361e+04
2.2026e-01,-1.8536e+00,3.0574e+00,3.1927e+00,-1.0620e+04
-1.5859e-01,-1.6276e+00,3.0017e+00,4.4075e-01,-3.2813e+04
3.3246e-02,-1.4257e+00,3.0800e+00,2.5126e+00,-2.7060e+04
3.6948e-02,-1.4763e+00,3.0561e+00,1.3883e+00,-6.3595e+03
3.1685e-01,-1.8134e+00,3.1039e+00,2.7345e+00,-1.3635e+04
1.5287e-01,-1.6273e+00,3.0264e+00,3.0882e+00,-5.7693e+03
7.8270e-02,-1.3724e+00,3.1119e+00,1.5341e+00,-1.7635e+04
4.7903e-02,-1.3165e+00,3.1349e+00,3.3878e-01,-3.1607e+04
4.7124e-01,-1.9040e+00,3.0662e+00,3.3608e+00,-2.7841e+04
-3.3885e-01,-7.0015e-01,3.0009e+00,4.7003e+00,-9.2925e+03
4.3096e-01,-1.3702e+00,3.0317e+00,4.6345e+00,-1.9283e+04
-3.0910e-01,-8.6751e-01,3.1062e+00,1.4694e+00,-3.1089e+04
3.2342e-01,-1.8338e+00,3.0698e+00,3.5518e+00,-1.1979e+04
1.7051e-01,-1.5762e+00,3.0440e+00,2.5955e+00,-1.4166e+04
-2.3258e-01,-9.8522e-01,3.0485e+00,1.7709e+00,-7.8305e+03
-1.3387e-01,-1.1754e+00,3.0557e+00,4.6704e-01,-5.0014e+03
-9.6915e-02,-1.6573e+00,3.0017e+00,1.0921e+00,-1.5805e+04
5.9417e-02,-1.2132e+00,3.1138e+00,2.6045e+00,-2.5693e+04
4.0086e-01,-1.5059e+00,2.9853e+00,4.8312e+00,-3.5984e+04
-2.0481e-02,-1.0615e+00,3.1098e+00,1.0628e+00,-3.3210e+04
-5.2597e-02,-1.4523e+00,3.0564e+00,1.5648e+00,-1.2403e+04
4.0327e-01,-1.8064e+00,3.0880e+00,3.0780e+00,-2.0567e+04
-3.0954e-01,-1.0210e+00,2.9804e+00,2.7581e+00,-1.7814e+04
-3.0880e-01,-9.5418e-01,2.9801e+00,3.1071e+00,-1.3652e+04
2.9754e-01,-1.4377e+00,3.1200e+00,3.3303e+00,-2.3278e+04
2.1849e-01,-1.3342e+00,3.1090e+00,3.2267e+00,-1.9522e+04
4.3618e-02,-9.1403e-01,3.0326e+00,4.0580e+00,-1.7082e+04
1.8236e-01,-8.3541e-01,3.1108e+00,4.9740e+00,-3.0039e+04
2.2337e-01,-9.0292e-01,3.1128e+00,4.4329e+00,-2.4342e+04
4.6218e-01,-1.7340e+00,3.0762e+00,4.2735e+00,-2.8072e+04
-2.4617e-01,-1.0299e+00,3.0536e+00,1.0930e+00,-7.8463e+03
1.2705e-01,-1.2883e+00,3.0087e+00,3.1087e+00,-3.2134e+04
2.1895e-01,-1.8704e+00,3.1162e+00,1.0309e+00,-2.0218e+04
-4.3548e-01,-6.7297e-01,3.0295e+00,3.6307e+00,-2.1818e+04
-1.9859e-02,-1.0415e+00,3.1061e+00,2.0437e+00,-2.6505e+04
2.4873e-01,-1.9757e+00,3.1208e+00,2.7364e+00,-3.2554e+04
1.1057e-01,-1.7052e+00,3.0686e+00,2.4522e+00,-8.5034e+03
2.6255e-01,-1.8138e+00,3.1535e+00,1.6362e+00,-3.2384e+04
-2.0749e-01,-6.5328e-01,3.0843e+00,4.6038e+00,-3.1416e+04
-4.7914e-01,-9.8557e-01,2.9982e+00,9.2224e-01,-2.3057e+04
-1.9907e-02,-1.2878e+00,2.9564e+00,3.5216e+00,-2.7938e+04
4.3422e-02,-1.6903e+00,2.9733e+00,2.8061e+00,-2.4390e+04
9.8956e-02,-1.6435e+00,3.0389e+00,9.5279e-01,-3.2607e+04
-2.1323e-01,-1.0265e+00,3.0155e+00,1.4490e+00,-2.1853e+04
-2.8374e-01,-9.7270e-01,3.0101e+00,1.0813e+00,-2.2032e+04
-4.6228e-01,-8.8224e-01,2.9902e+00,8.5925e-01,-1.8311e+04
2.1296e-01,-1.6267e+00,3.1225e+00,2.2550e+00,-1.8815e+04
1.0157e-01,-1.6548e+00,3.0005e+00,3.1650e+00,-1.3710e+04
-1.1096e-01,-1.0633e+00,3.1002e+00,1.7535e+00,-2.1625e+04
3.2821e-01,-1.3021e+00,3.1095e+00,3.4365e+00,-1.7409e+04
2.0539e-01,-1.5828e+00,3.0275e+00,3.4190e+00,-7.1674e+03
1.0190e-01,-9.6305e-01,3.0119e+00,4.3614e+00,-2.1061e+04
4.6781e-02,-1.5189e+00,2.9888e+00,2.9939e+00,-1.5609e+04
-4.4607e-02,-1.3955e+00,3.0251e+00,1.4096e+00,-7.0159e+03
3.3028e-01,-1.7658e+00,3.1524e+00,2.1159e+00,-3.4766e+04
-6.9759e-02,-9.9474e-01,3.0309e+00,2.6627e+00,-3.2065e+04
-4.6431e-02,-9.1763e-01,3.0260e+00,3.3930e+00,-2.7936e+04
1.1181e-02,-1.2863e+00,3.0560e+00,5.9467e-01,-2.3329e+04
2.9214e-01,-1.8689e+00,3.1587e+00,1.3346e+00,-3.5515e+04
-1.1033e-01,-1.8387e+00,3.0001e+00,1.1179e+00,-3.0180e+04
9.0973e-02,-1.0388e+00,2.9793e+00,4.4829e+00,-2.4803e+04
3.3938e-03,-8.3269e-01,3.0163e+00,4.3794e+00,-2.8896e+04
1.3471e-01,-1.7995e+00,3.1017e+00,2.4219e+00,-3.0550e+04
3.6350e-01,-1.3962e+00,3.0480e+00,4.4458e+00,-1.8262e+04
4.0986e-01,-1.6191e+00,3.0689e+00,3.5407e+00,-1.6069e+04
8.5353e-02,-1.9096e+00,2.9792e+00,2.4817e+00,-2.9145e+04
2.6710e-01,-1.8645e+00,3.1532e+00,2.8494e-01,-3.2152e+04
6.4757e-02,-1.4660e+00,2.9713e+00,3.8086e+00,-3.5262e+04
5.9738e-03,-9.8255e-01,3.0387e+00,4.4457e+00,-3.4891e+04
2.4637e-01,-1.4789e+00,3.0472e+00,3.4576e+00,-5.9160e+03
-7.3965e-02,-1.4173e+00,3.0406e+00,9.8982e-01,-4.9631e+03
-8.8853e-02,-1.8936e+00,2.9704e+00,9.9235e-01,-2.7476e+04
-2.6204e-01,-8.7812e-01,2.9829e+00,3.6142e+00,-7.5618e+03
2.7240e-01,-1.8665e+00,3.0109e+00,3.9699e+00,-2.3991e+04
-1.9373e-01,-9.1641e-01,2.9701e+00,3.5734e+00,-1.6404e+04
3.0452e-01,-1.7070e+00,3.1200e+00,3.2109e+00,-3.1262e+04
2.5549e-03,-9.9702e-01,3.0783e+00,2.9921e+00,-1.4893e+04
-3.3924e-01,-9.0754e-01,3.0215e+00,2.6573e+00,-7.2924e+03
3.0412e-01,-1.9414e+00,3.0935e+00,2.7729e+00,-8.0421e+03
-1.5738e-02,-1.9024e+00,3.0256e+00,1.0404e+00,-8.0686e+03
-4.8870e-01,-8.9073e-01,3.0117e+00,1.3155e+00,-7.4451e+03
-2.5974e-01,-1.0259e+00,3.0188e+00,2.1780e+00,-4.1017e+03
1.7538e-02,-8.4134e-01,3.1183e+00,3.7080e+00,-2.9507e+04
4.7587e-01,-1.9863e+00,3.0350e+00,3.7954e+00,-2.4312e+04
1.6902e-01,-1.3816e+00,2.9869e+00,3.8843e+00,-2.1927e+04
-2.9221e-02,-1.4486e+00,3.0510e+00,1.3062e+00,-3.2025e+03
4.1854e-02,-1.3576e+00,3.0140e+00,3.4734e+00,-2.4791e+04
1.2129e-01,-1.9710e+00,3.0523e+00,2.8542e-01,-1.2609e+04
-2.0433e-01,-1.0945e+00,3.0508e+00,2.3609e+00,-2.6472e+04
-4.5427e-01,-1.0626e+00,2.9652e+00,1.1546e+00,-3.1223e+04
3.7641e-01,-1.6137e+00,3.1482e+00,2.9478e+00,-2.7687e+04
5.5487e-02,-1.8444e+00,3.0028e+00,1.2672e+00,-2.9707e+04
4.8994e-01,-1.1311e+00,3.1068e+00,4.6089e+00,-2.2065e+04
-1.4736e-02,-1.1715e+00,3.1139e+00,7.8085e-01,-1.9916e+04
1.8339e-01,-1.1111e+00,3.1226e+00,3.4132e+00,-2.4933e+04
-2.0533e-02,-1.9579e+00,2.9625e+00,2.4142e+00,-2.9889e+04
-3.9164e-01,-8.6715e-01,3.0069e+00,4.6782e-01,-3.2495e+04
9.9876e-02,-1.7966e+00,3.0371e+00,1.9668e+00,-7.6756e+03
2.2628e-01,-1.9988e+00,3.1035e+00,5.2304e-01,-2.2655e+04
1.8354e-01,-1.4844e+00,3.0867e+00,2.0893e+00,-2.6158e+04
-4.3622e-01,-7.9303e-01,2.9295e+00,4.3259e+00,-2.6808e+04
3.6546e-01,-1.1248e+00,3.0269e+00,4.7731e+00,-2.9760e+04
-1.0473e-01,-1.9450e+00,2.9819e+00,7.3844e-01,-2.8388e+04
1.3981e-01,-1.9227e+00,3.0709e+00,1.6936e+00,-5.4864e+03
-3.0594e-01,-8.3967e-01,2.9381e+00,3.6459e+00,-3.4218e+04
-2.7477e-01,-9.6153e-01,3.0771e+00,1.2925e+00,-1.7191e+04
-1.6814e-01,-1.0808e+00,3.0638e+00,2.0223e+00,-1.2104e+04
1.9838e-01,-1.9041e+00,2.9656e+00,3.7107e+00,-3.3344e+04
-6.8798e-02,-1.5932e+00,3.0028e+00,2.3377e+00,-2.4746e+04
-1.7552e-01,-1.1219e+00,3.0109e+00,2.1846e+00,-4.2565e+03
-9.3730e-02,-9.8065e-01,3.0778e+00,2.7180e+00,-1.2926e+04
6.0548e-02,-1.4630e+00,3.1144e+00,1.8330e+00,-2.7744e+04
6.0132e-02,-1.7061e+00,3.1085e+00,2.2332e-01,-2.6414e+04
1.6581e-01,-1.0707e+00,3.0735e+00,3.5011e+00,-1.8805e+04
2.0742e-01,-1.9517e+00,2.9830e+00,3.1712e+00,-3.3514e+04
-3.5623e-01,-1.1190e+00,2.9877e+00,7.3073e-01,-2.0312e+04
1.8943e-01,-1.2775e+00,3.0767e+00,3.5140e+00,-1.1519e+04
2.9007e-02,-1.2759e+00,3.0609e+00,1.9259e+00,-1.4158e+04
-2.7343e-01,-9.7905e-01,3.0467e+00,1.2918e+00,-7.7133e+03
9.7527e-02,-1.4643e+00,3.0662e+00,2.6458e-01,-3.0027e+04
-3.4392e-01,-1.1610e+00,2.9528e+00,1.5423e+00,-2.8030e+04
2.6350e-01,-1.8675e+00,3.1425e+00,1.7983e+00,-2.7248e+04
-4.6792e-01,-7.7233e-01,2.9793e+00,3.3874e+00,-7.7150e+03
-1.1373e-01,-1.8238e+00,3.0046e+00,5.6512e-01,-3.0456e+04
2.3585e-01,-1.4614e+00,3.1111e+00,2.9585e+00,-1.6422e+04
1.3149e-01,-1.6022e+00,3.0859e+00,1.0435e+00,-1.6733e+04
2.8464e-02,-1.7730e+00,3.0358e+00,2.3909e+00,-1.6192e+04
1.0595e-01,-1.4043e+00,3.1314e+00,6.3199e-01,-2.5039e+04
-2.4680e-01,-9.9798e-01,3.0041e+00,2.7325e+00,-4.8456e+03
3.4661e-03,-7.7499e-01,3.0947e+00,4.3632e+00,-2.4486e+04
4.0850e-01,-1.9007e+00,3.0217e+00,3.9136e+00,-1.9540e+04
1.1541e-01,-1.0988e+00,3.1345e+00,2.6729e+00,-3.0460e+04
1.8405e-01,-1.5458e+00,3.0558e+00,2.4852e+00,-1.9438e+04
-1.6793e-01,-9.4721e-01,3.0865e+00,2.5946e+00,-2.0846e+04
-1.8484e-01,-9.4781e-01,2.9855e+00,3.2920e+00,-1.1757e+04
2.0818e-01,-9.5208e-01,3.0334e+00,4.9437e+00,-1.7469e+04
2.4932e-01,-1.8299e+00,3.1099e+00,1.0479e+00,-3.4351e+04
-1.5961e-01,-1.2931e+00,2.9667e+00,4.2538e-01,-3.3524e+04
1.0650e-01,-1.8196e+00,3.0922e+00,1.5536e+00,-1.0580e+04
8.2592e-02,-1.9167e+00,3.0297e+00,1.7304e+00,-9.6228e+03
1.1853e-01,-1.7959e+00,3.0830e+00,1.7473e+00,-6.1984e+03
-6.4670e-02,-1.4151e+00,3.0079e+00,8.9414e-01,-1.2347e+04
5.9751e-02,-1.0664e+00,3.1120e+00,3.3559e+00,-3.4918e+04
4.1629e-01,-1.6642e+00,3.0315e+00,4.0204e+00,-1.8200e+04
-1.5768e-02,-1.9574e+00,3.0202e+00,1.1316e+00,-8.5605e+03
-3.9774e-03,-1.9925e+00,3.0190e+00,1.5465e+00,-9.1243e+03
-3.5112e-01,-1.1836e+00,2.9436e+00,1.1281e+00,-3.3747e+04
1.0881e-01,-1.2769e+00,3.1163e+00,1.4669e+00,-3.0742e+04
-1.8112e-01,-1.2314e+00,3.0385e+00,1.8218e+00,-1.8633e+04
-3.6153e-01,-1.0640e+00,2.9555e+00,6.5464e-01,-2.6423e+04
8.8505e-02,-1.5511e+00,3.1277e+00,1.0232e+00,-2.9781e+04
1.2548e-01,-1.6905e+00,2.9883e+00,2.7899e+00,-2.8710e+04
-1.8095e-02,-1.5973e+00,3.0347e+00,2.4824e+00,-2.7135e+04
-1.9732e-01,-1.3060e+00,3.0109e+00,1.2152e+00,-1.5704e+04
3.4165e-02,-1.3198e+00,3.0734e+00,5.8456e-01,-1.6491e+04
-9.4904e-03,-9.7670e-01,3.0750e+00,2.9256e+00,-1.9158e+04
-1.0118e-01,-1.9038e+00,2.9745e+00,8.6844e-01,-2.7496e+04
3.6930e-01,-1.3906e+00,3.0952e+00,3.1904e+00,-3.5932e+04
-1.9159e-01,-1.0489e+00,3.0449e+00,1.0503e+00,-8.4960e+03
1.3661e-01,-1.7926e+00,3.0454e+00,6.2785e-01,-3.3851e+04
-3.9761e-01,-8.0119e-01,3.0836e+00,1.5444e+00,-2.5284e+04
4.7278e-01,-1.6602e+00,3.0893e+00,3.6716e+00,-1.2445e+04
-3.7990e-01,-8.6825e-01,3.0476e+00,2.8501e+00,-3.0713e+04
3.9349e-01,-1.1461e+00,3.1018e+00,3.8825e+00,-3.2123e+04
-4.2311e-01,-7.1849e-01,2.9925e+00,3.8283e+00,-1.0561e+04
4.7243e-01,-1.8626e+00,3.0179e+00,4.1052e+00,-2.7145e+04
2.6224e-02,-1.5075e+00,3.0809e+00,4.9791e-01,-7.8279e+03
-3.8457e-02,-1.3160e+00,2.9727e+00,2.4148e+00,-3.5149e+04
-7.0516e-02,-1.4353e+00,3.0210e+00,2.1995e+00,-1.2965e+04
1.5934e-01,-1.5356e+00,3.1264e+00,6.1693e-01,-2.2594e+04
2.3106e-01,-9.7516e-01,3.0748e+00,4.0949e+00,-2.9468e+04
6.8603e-03,-1.5317e+00,3.0463e+00,2.6742e+00,-2.9840e+04
1.8541e-01,-9.0934e-01,3.0491e+00,4.8387e+00,-1.7014e+04
-1.9152e-01,-7.9948e-01,3.0635e+00,3.2615e+00,-2.1074e+04
3.1511e-01,-1.8100e+00,3.0818e+00,2.9594e+00,-9.8913e+03
2.4084e-01,-1.9730e+00,3.0930e+00,2.7295e+00,-1.0561e+04
1.3971e-01,-1.5993e+00,3.0969e+00,3.0366e-01,-1.5704e+04
2.6301e-02,-1.3488e+00,3.0827e+00,1.5654e-01,-9.3103e+03
-1.5547e-01,-1.3486e+00,2.9488e+00,2.4301e+00,-3.1212e+04
2.4642e-01,-9.9798e-01,3.0139e+00,4.8549e+00,-3.0676e+04
5.0372e-02,-9.5078e-01,3.0466e+00,4.0666e+00,-8.1626e+03
-2.9007e-01,-8.9062e-01,2.9929e+00,3.0922e+00,-5.7712e+03
-5.5734e-03,-1.3083e+00,3.0815e+00,1.8960e+00,-1.0759e+04
4.2292e-01,-1.4219e+00,3.1212e+00,3.4920e+00,-1.9400e+04
-1.1069e-01,-1.9708e+00,2.9552e+00,8.2778e-01,-3.5769e+04
-3.9994e-01,-9.2595e-01,3.0426e+00,6.8222e-01,-1.0313e+04
4.3034e-01,-1.6064e+00,3.0373e+00,4.3801e+00,-1.7700e+04
-1.8609e-01,-1.5807e+00,2.9517e+00,1.0319e+00,-3.5008e+04
-2.3289e-01,-8.3321e-01,3.0451e+00,3.0622e+00,-1.2796e+04
-4.5206e-01,-8.6478e-01,3.0361e+00,1.0638e+00,-7.7064e+03
-2.1186e-01,-7.8948e-01,3.0009e+00,4.7642e+00,-1.7207e+04
-2.7053e-01,-7.9860e-01,3.0029e+00,4.0932e+00,-8.5346e+03
3.2580e-01,-1.9616e+00,3.0910e+00,3.4311e+00,-2.1248e+04
-2.0825e-01,-1.3433e+00,2.9654e+00,1.7955e+00,-2.6706e+04
-3.5869e-02,-1.0644e+00,3.0015e+00,3.0069e+00,-2.6936e+04
2.9425e-01,-1.7993e+00,3.1032e+00,2.7597e+00,-1.0641e+04
1.6928e-01,-1.5193e+00,3.1043e+00,2.6395e+00,-1.6815e+04
3.9507e-01,-1.5033e+00,3.0454e+00,4.0632e+00,-1.3821e+04
-2.9104e-02,-1.2520e+00,3.0485e+00,1.6531e+00,-1.0926e+04
1.3197e-01,-1.6229e+00,3.0493e+00,2.4420e+00,-3.7487e+03
4.1447e-01,-1.7734e+00,3.1072e+00,3.1293e+00,-1.4948e+04
2.3505e-02,-8.7573e-01,3.0677e+00,3.8870e+00,-1.6767e+04
1.2270e-01,-9.3179e-01,3.0539e+00,4.5850e+00,-1.1965e+04
3.8718e-02,-1.1068e+00,3.0865e+00,3.0848e+00,-1.5033e+04
-2.9854e-01,-7.8188e-01,2.9506e+00,3.9539e+00,-3.4128e+04
-4.3291e-01,-1.0435e+00,2.9356e+00,2.2586e-01,-3.5869e+04
-1.3421e-01,-9.9078e-01,3.0942e+00,7.0880e-01,-2.3241e+04
8.0677e-02,-1.1582e+00,3.0282e+00,2.9254e+00,-3.5676e+04
-1.1723e-02,-1.8603e+00,2.9904e+00,9.7223e-01,-2.1447e+04
-3.2803e-01,-9.2861e-01,3.0036e+00,4.4700e-01,-2.8670e+04
-5.0058e-02,-1.0725e+00,3.1185e+00,2.0198e+00,-2.7883e+04
-5.1738e-02,-9.9102e-01,2.9775e+00,4.7652e+00,-3.4511e+04
5.3860e-02,-1.1015e+00,3.0810e+00,2.6201e+00,-2.0192e+04
2.7955e-01,-1.1108e+00,3.0852e+00,4.7073e+00,-3.5637e+04
-4.0506e-01,-9.6780e-01,3.0034e+00,5.1362e-01,-7.4264e+03
-2.0808e-01,-1.1003e+00,2.9949e+00,1.7801e+00,-1.5041e+04
4.0217e-01,-1.1462e+00,3.0672e+00,4.8188e+00,-1.6786e+04
2.9557e-01,-1.4672e+00,3.0314e+00,4.0480e+00,-1.2871e+04
-2.9124e-01,-7.7065e-01,3.0241e+00,3.2575e+00,-2.4274e+04
2.3905e-01,-1.2476e+00,2.9837e+00,4.7031e+00,-2.8957e+04
3.8010e-01,-1.5013e+00,2.9998e+00,4.4056e+00,-3.0542e+04
-2.1317e-01,-1.2400e+00,3.0414e+00,1.2688e+00,-2.6771e+04
4.9126e-01,-1.5655e+00,3.0978e+00,4.3272e+00,-3.2980e+04
-2.6914e-01,-1.2528e+00,3.0034e+00,1.1900e+00,-2.7792e+04
1.0851e-01,-1.1412e+00,3.1129e+00,3.2202e+00,-2.7768e+04
2.1415e-01,-1.9144e+00,3.1185e+00,2.1539e+00,-1.8056e+04
8.4149e-02,-1.8417e+00,3.0279e+00,7.7103e-01,-2.2791e+04
1.6226e-01,-1.6213e+00,3.0850e+00,6.2029e-01,-2.6934e+04
-2.9251e-01,-8.2121e-01,3.1088e+00,1.5248e+00,-3.4729e+04
-1.5470e-02,-1.0646e+00,3.0992e+00,2.6483e+00,-1.8303e+04
4.1202e-01,-1.8629e+00,3.0418e+00,4.1509e+00,-1.6726e+04
3.9725e-02,-1.3921e+00,3.0366e+00,2.8629e+00,-7.1353e+03
-1.8847e-01,-1.0169e+00,3.0795e+00,2.4728e+00,-2.9881e+04
5.9852e-02,-1.0654e+00,2.9629e+00,4.2369e+00,-3.3496e+04
1.6843e-01,-1.6837e+00,3.0370e+00,2.3667e+00,-2.3961e+04
2.6582e-03,-8.7180e-01,3.1069e+00,3.5972e+00,-2.4589e+04
2.5001e-01,-1.6833e+00,3.1126e+00,1.8785e+00,-2.8742e+04
2.0029e-01,-1.2418e+00,3.1491e+00,2.4661e+00,-3.3631e+04
-1.8355e-02,-9.6378e-01,3.0189e+00,4.5944e+00,-3.0628e+04
7.3997e-02,-1.9905e+00,3.0599e+00,2.4748e+00,-2.8716e+04
4.5772e-01,-1.6459e+00,3.1285e+00,3.4565e+00,-2.1090e+04
6.3131e-02,-1.8462e+00,3.1050e+00,7.8193e-01,-2.9030e+04
2.0600e-01,-1.3607e+00,3.0613e+00,3.6825e+00,-1.4476e+04
-3.4839e-01,-8.4475e-01,3.0880e+00,1.4836e+00,-2.3443e+04
-1.6538e-01,-1.1823e+00,2.9947e+00,1.3239e+00,-2.0708e+04
7.9279e-03,-9.9541e-01,2.9412e+00,4.6869e+00,-3.5304e+04
1.3983e-01,-1.7933e+00,3.0503e+00,2.2847e-01,-3.1266e+04
3.0839e-01,-1.8832e+00,3.1159e+00,2.5536e+00,-1.4892e+04
-2.2239e-01,-1.0695e+00,3.0432e+00,2.0653e+00,-1.0685e+04
-2.5369e-01,-1.0824e+00,2.9637e+00,2.0832e+00,-2.5987e+04
1.2751e-02,-7.5754e-01,3.0431e+00,4.8511e+00,-2.6006e+04
-1.3292e-01,-1.3213e+00,2.9610e+00,2.2115e+00,-2.5257e+04
6.6702e-02,-9.6677e-01,3.0586e+00,4.3907e+00,-2.1257e+04
-1.0472e-01,-1.3308e+00,3.0528e+00,8.6549e-01,-9.5205e+03
2.6557e-02,-1.7520e+00,2.9774e+00,2.0046e+00,-3.3087e+04
2.5298e-01,-1.0573e+00,3.0811e+00,4.7027e+00,-2.8218e+04
-3.5415e-01,-8.4661e-01,2.9520e+00,3.0441e+00,-3.5341e+04
-4.0544e-01,-8.8461e-01,2.9813e+00,3.1903e+00,-1.6411e+04
-1.7796e-02,-1.6363e+00,2.9844e+00,1.5527e+00,-2.6551e+04
2.1473e-01,-1.7165e+00,3.0139e+00,3.3934e+00,-1.1036e+04
-5.9265e-02,-1.6811e+00,3.0163e+00,1.7961e+00,-1.6978e+04
2.1946e-01,-1.5803e+00,3.1568e+00,7.2681e-01,-3.3689e+04
4.4222e-01,-1.8773e+00,3.0534e+00,3.7196e+00,-1.2661e+04
-1.2713e-01,-1.7805e+00,2.9557e+00,1.4923e+00,-3.3102e+04
1.0244e-01,-1.2313e+00,3.0148e+00,3.9920e+00,-1.8574e+04
-1.6234e-01,-9.7594e-01,2.9569e+00,4.0259e+00,-2.2096e+04
1.0632e-01,-1.7976e+00,3.0524e+00,1.0726e+00,-1.3869e+04
1.2657e-01,-1.2964e+00,3.1180e+00,2.7555e+00,-2.7177e+04
-2.9094e-02,-9.7885e-01,2.9960e+00,4.1193e+00,-1.0521e+04
4.9504e-02,-1.7034e+00,3.0345e+00,1.6393e-01,-1.0228e+04
-1.1837e-02,-1.9457e+00,3.0027e+00,1.6144e+00,-1.1738e+04
1.4447e-01,-1.2746e+00,3.0727e+00,3.1962e+00,-6.7825e+03
-4.8793e-01,-7.7280e-01,3.0262e+00,2.6527e+00,-8.4029e+03
-3.4054e-01,-8.7714e-01,2.9829e+00,3.1239e+00,-7.3048e+03
-4.2380e-01,-9.3556e-01,2.9645e+00,1.8176e+00,-2.2897e+04
-3.7959e-01,-7.8067e-01,2.9757e+00,3.2599e+00,-2.6985e+04
-3.1692e-02,-1.8860e+00,3.0286e+00,1.1206e+00,-1.2128e+04
-4.5178e-02,-8.7827e-01,3.0194e+00,4.9929e+00,-3.1022e+04
-8.8478e-02,-1.3652e+00,3.0657e+00,1.0645e+00,-1.7925e+04
4.1051e-02,-8.7050e-01,3.1080e+00,3.6243e+00,-2.5332e+04
-2.9039e-01,-8.7480e-01,3.0705e+00,4.2998e-01,-2.3471e+04
8.2356e-02,-1.2735e+00,3.1075e+00,2.1345e-01,-2.9098e+04
3.4325e-01,-1.4159e+00,3.0168e+00,4.5655e+00,-2.1054e+04
2.8718e-01,-1.6320e+00,3.0183e+00,3.6327e+00,-1.5810e+04
-4.0527e-01,-7.7735e-01,2.9753e+00,4.3092e+00,-2.0733e+04
-1.3582e-02,-1.2922e+00,3.0234e+00,2.0890e+00,-1.4338e+04
-4.3057e-02,-1.0125e+00,3.1276e+00,1.3195e+00,-3.4403e+04
-4.5584e-01,-8.7512e-01,3.0018e+00,2.3833e+00,-7.5182e+03
-1.3109e-01,-1.0428e+00,2.9501e+00,3.7267e+00,-2.4171e+04
-3.8623e-03,-1.2898e+00,3.0482e+00,1.0982e+00,-2.0395e+04
-3.1646e-01,-1.2201e+00,2.9747e+00,1.8122e-01,-2.8633e+04
2.8608e-02,-1.5526e+00,3.0213e+00,2.6493e+00,-7.7066e+03
-8.8261e-03,-1.5663e+00,3.0383e+00,1.1686e+00,-2.7865e+03
2.4432e-01,-1.6994e+00,3.1104e+00,2.1828e+00,-1.8372e+04
-4.5847e-01,-7.4835e-01,2.9846e+00,2.9896e+00,-2.9737e+04
-1.9210e-01,-1.2647e+00,2.9784e+00,2.4913e+00,-2.4506e+04
4.9846e-01,-1.3630e+00,3.0716e+00,4.6164e+00,-1.8790e+04
1.9335e-01,-1.6803e+00,3.1259e+00,1.8570e+00,-2.0602e+04
-1.5781e-01,-1.4835e+00,2.9914e+00,6.2769e-01,-1.7036e+04
4.6495e-02,-1.5952e+00,3.0626e+00,2.0715e+00,-6.8672e+03
1.4689e-01,-1.0621e+00,3.0720e+00,3.8837e+00,-1.0807e+04
-4.1965e-01,-8.5665e-01,3.0241e+00,1.8061e+00,-1.0484e+04
1.2127e-01,-1.4118e+00,3.0969e+00,7.2278e-01,-2.6690e+04
2.1669e-01,-9.7305e-01,3.0482e+00,4.6070e+00,-1.7115e+04
1.0478e-01,-1.7330e+00,3.0688e+00,1.5893e+00,-5.3153e+03
-2.6786e-01,-8.5351e-01,3.0137e+00,2.6917e+00,-2.7491e+04
1.9256e-01,-1.2454e+00,3.1513e+00,2.5565e+00,-3.4283e+04
-2.4934e-01,-1.1407e+00,2.9853e+00,1.8786e+00,-1.2115e+04
-3.0819e-01,-9.9896e-01,3.0135e+00,2.3747e+00,-9.0347e+03
-3.0386e-01,-1.2068e+00,2.9855e+00,1.3263e+00,-2.3113e+04
-8.6280e-02,-1.1769e+00,3.1074e+00,1.4823e+00,-3.3006e+04
3.8667e-01,-1.1622e+00,3.0425e+00,4.7957e+00,-1.9950e+04
-7.3331e-02,-1.6306e+00,3.0455e+00,7.6252e-01,-2.4473e+04
-3.7041e-01,-8.2894e-01,3.0611e+00,1.1931e+00,-2.3152e+04
-2.1690e-01,-9.1783e-01,3.0434e+00,2.1360e+00,-2.2926e+04
1.1205e-01,-1.9149e+00,3.1273e+00,4.9562e-01,-3.5656e+04
-1.5162e-01,-1.2325e+00,2.9986e+00,1.5294e+00,-1.2509e+04
-2.3853e-01,-1.1345e+00,2.9691e+00,1.3132e+00,-2.8847e+04
-2.5973e-01,-1.1008e+00,2.9296e+00,3.0030e+00,-3.3341e+04
1.9835e-01,-1.7993e+00,3.0036e+00,3.6883e+00,-2.3195e+04
3.4597e-01,-1.8817e+00,3.1064e+00,2.9318e+00,-1.1660e+04
-2.2091e-01,-7.2404e-01,3.0435e+00,4.1557e+00,-1.6668e+04
9.8096e-03,-1.4912e+00,3.1053e+00,4.0897e-01,-2.8310e+04
5.1746e-02,-1.3962e+00,2.9680e+00,3.5565e+00,-2.5523e+04
-2.6863e-01,-8.9773e-01,2.9939e+00,3.0464e+00,-7.8442e+03
1.5319e-01,-1.5169e+00,3.1157e+00,1.7528e-01,-2.1118e+04
1.0479e-01,-1.8105e+00,3.1075e+00,1.3658e+00,-2.0065e+04
4.7970e-01,-1.2885e+00,3.1170e+00,4.1969e+00,-2.2869e+04
-1.4616e-01,-9.4137e-01,2.9831e+00,4.3900e+00,-2.8137e+04
-3.1558e-01,-8.7098e-01,3.0389e+00,1.9422e+00,-1.8767e+04
4.3034e-01,-1.4362e+00,3.0522e+00,4.7981e+00,-3.0007e+04
4.1354e-01,-1.6469e+00,3.1221e+00,2.9813e+00,-2.4101e+04
-2.3001e-01,-9.4611e-01,3.0887e+00,1.9879e+00,-2.1728e+04
-1.2937e-01,-8.7716e-01,3.1186e+00,2.5168e+00,-3.2711e+04
4.6597e-01,-1.9093e+00,3.0604e+00,4.0294e+00,-1.3702e+04
-2.9791e-01,-6.9171e-01,3.0368e+00,4.1891e+00,-1.6930e+04
2.1382e-01,-1.5422e+00,3.1468e+00,3.2372e-01,-3.2854e+04
2.1413e-01,-1.0369e+00,3.1064e+00,3.7308e+00,-1.9351e+04
2.8494e-02,-1.6274e+00,3.0454e+00,1.2590e+00,-2.8023e+03
4.8613e-01,-1.2622e+00,3.0402e+00,4.7592e+00,-2.4895e+04
1.7343e-01,-1.3560e+00,3.0693e+00,3.5982e+00,-2.3023e+04
-3.4446e-01,-1.0509e+00,3.0411e+00,1.2367e+00,-2.9463e+04
8.8985e-03,-8.1720e-01,3.0534e+00,4.1452e+00,-2.6760e+04
7.4933e-02,-1.1172e+00,3.0448e+00,3.1524e+00,-1.4729e+04
-2.0107e-02,-8.0053e-01,3.0588e+00,4.5403e+00,-1.5516e+04
4.1098e-01,-1.3916e+00,3.0290e+00,4.8078e+00,-2.1739e+04
1.9488e-01,-1.6293e+00,3.0418e+00,3.2736e+00,-6.6091e+03
-8.8560e-02,-1.6935e+00,2.9970e+00,3.5667e-01,-1.4504e+04
3.4292e-01,-1.0077e+00,3.0432e+00,4.9404e+00,-3.0968e+04
3.9609e-01,-1.2734e+00,3.0192e+00,4.8982e+00,-2.4172e+04
-4.4437e-01,-8.3444e-01,3.0219e+00,1.4672e+00,-1.7316e+04
-2.5848e-01,-9.6028e-01,3.0965e+00,1.1778e+00,-2.7822e+04
1.2399e-01,-1.7011e+00,3.0939e+00,8.3824e-01,-9.4292e+03
1.1949e-01,-1.8051e+00,3.1125e+00,2.1043e+00,-3.4391e+04
2.6611e-01,-1.0539e+00,2.9975e+00,4.9758e+00,-3.3531e+04
-2.4465e-01,-1.1682e+00,3.0439e+00,1.2056e-01,-2.3560e+04
-4.9616e-01,-6.7951e-01,2.9435e+00,4.1762e+00,-3.2189e+04
-1.5889e-01,-1.0364e+00,2.9434e+00,3.4576e+00,-2.8557e+04
8.5210e-02,-1.9717e+00,3.0455e+00,4.5322e-01,-6.5619e+03
-4.7360e-02,-9.6393e-01,3.0586e+00,3.0185e+00,-1.4504e+04
-4.2138e-01,-7.4641e-01,2.9656e+00,4.1878e+00,-1.0103e+04
1.5594e-01,-1.4537e+00,3.0610e+00,2.2707e+00,-2.6857e+04
1.9868e-01,-1.9724e+00,3.1099e+00,1.6626e+00,-1.3592e+04
2.9479e-01,-1.9794e+00,3.0771e+00,3.4904e+00,-2.6107e+04
1.2921e-01,-1.3231e+00,2.9769e+00,4.0051e+00,-2.4379e+04
-2.3308e-01,-1.1951e+00,3.0416e+00,2.5682e-01,-2.3135e+04
-5.6484e-02,-1.4850e+00,3.0373e+00,2.1862e+00,-1.9851e+04
4.5611e-01,-1.8053e+00,3.0099e+00,4.5306e+00,-2.6832e+04
3.6270e-01,-1.4224e+00,3.0478e+00,3.6042e+00,-3.3810e+04
-2.4163e-01,-7.2274e-01,3.0509e+00,4.7290e+00,-3.1480e+04
-9.4910e-03,-1.2478e+00,3.1187e+00,5.7421e-01,-2.5846e+04
-5.6000e-02,-1.2067e+00,3.0627e+00,9.6551e-01,-9.2785e+03
-1.4669e-01,-1.0116e+00,2.9900e+00,3.4475e+00,-8.2671e+03
2.0056e-01,-1.9041e+00,3.0774e+00,8.1682e-01,-3.1515e+04
1.6605e-01,-1.2885e+00,3.0439e+00,3.8757e+00,-1.6891e+04
3.9628e-01,-1.7189e+00,3.0745e+00,3.1506e+00,-2.7881e+04
2.5565e-01,-1.2883e+00,3.0513e+00,4.2714e+00,-2.1080e+04
1.8856e-02,-1.3035e+00,3.0453e+00,2.2227e+00,-6.0241e+03
5.9621e-02,-1.4938e+00,2.9918e+00,3.3578e+00,-2.0058e+04
-1.2587e-01,-1.0485e+00,3.0531e+00,4.3649e-01,-2.6500e+04
-1.3018e-02,-1.8739e+00,3.0678e+00,4.0634e-01,-2.9491e+04
-4.9203e-01,-7.5818e-01,3.0763e+00,1.4587e+00,-2.4265e+04
-1.1595e-01,-1.2802e+00,3.0471e+00,1.1592e+00,-5.6477e+03
-2.6528e-01,-9.4461e-01,3.0186e+00,2.7214e+00,-3.5322e+03
8.1662e-02,-1.5056e+00,3.0953e+00,1.5631e+00,-1.0527e+04
1.1089e-01,-1.5636e+00,3.0736e+00,2.7253e+00,-1.5077e+04
3.7667e-02,-1.3153e+00,3.0366e+00,2.4450e+00,-7.6301e+03
-4.4908e-02,-1.3946e+00,3.0275e+00,7.2525e-01,-7.6957e+03
1.0589e-01,-1.2371e+00,3.1302e+00,1.5393e+00,-3.2004e+04
4.0184e-01,-1.3302e+00,3.0940e+00,3.5030e+00,-3.1210e+04
3.0922e-01,-1.8471e+00,3.0130e+00,3.3922e+00,-2.8279e+04
-2.5981e-01,-8.1084e-01,3.0566e+00,3.4875e+00,-1.8034e+04
-1.8944e-01,-9.3915e-01,2.9741e+00,3.3935e+00,-1.6124e+04
3.9145e-01,-1.1592e+00,3.0612e+00,4.3106e+00,-2.7400e+04
-8.0659e-02,-1.8493e+00,2.9935e+00,3.5025e-01,-2.0550e+04
-2.8126e-01,-8.5841e-01,3.0956e+00,2.0988e+00,-2.6445e+04
-2.1347e-02,-1.1802e+00,3.0126e+00,2.9935e+00,-4.5967e+03
-2.1082e-01,-1.3025e+00,2.9840e+00,1.7565e+00,-1.8824e+04
8.8055e-02,-1.3322e+00,3.1012e+00,1.2133e+00,-2.2381e+04
-6.1440e-02,-1.8166e+00,2.9849e+00,2.2566e+00,-2.8867e+04
-1.9950e-01,-8.9606e-01,2.9985e+00,3.9056e+00,-1.0719e+04
-1.7275e-01,-7.8651e-01,3.0152e+00,4.6196e+00,-1.1671e+04
-5.9772e-02,-1.2259e+00,2.9875e+00,3.0766e+00,-1.2453e+04
-6.7392e-02,-1.4793e+00,3.0274e+00,2.1259e+00,-1.6662e+04
9.4807e-02,-1.1931e+00,3.1055e+00,2.7003e+00,-1.6686e+04
-9.9570e-02,-1.3007e+00,3.0014e+00,2.3987e+00,-7.7826e+03
2.7577e-01,-1.6696e+00,3.0821e+00,3.2241e+00,-8.8651e+03
-4.1587e-01,-9.1824e-01,3.0262e+00,7.8097e-01,-6.3371e+03
-2.8076e-01,-1.1284e+00,3.0208e+00,2.0266e+00,-2.7136e+04
1.4564e-01,-1.3799e+00,3.0276e+00,2.9692e+00,-1.6510e+04
-1.0290e-01,-1.8031e+00,2.9721e+00,1.4982e-01,-2.7354e+04
4.1814e-01,-1.7677e+00,3.0921e+00,3.4585e+00,-1.0202e+04
4.3450e-01,-1.3087e+00,3.0138e+00,4.6796e+00,-3.2583e+04
-2.8424e-01,-1.0929e+00,3.0061e+00,2.4453e+00,-2.5389e+04
6.7809e-02,-8.5933e-01,3.0331e+00,4.7085e+00,-1.5448e+04
-1.1661e-01,-1.0284e+00,3.0982e+00,1.1687e+00,-1.9817e+04
3.4527e-02,-1.7745e+00,2.9978e+00,1.3741e+00,-2.8526e+04
1.2290e-01,-1.3048e+00,2.9944e+00,3.3621e+00,-2.5976e+04
1.2941e-01,-1.6652e+00,3.0570e+00,3.1319e+00,-2.8568e+04
2.2429e-01,-1.4418e+00,3.0116e+00,4.1308e+00,-2.0809e+04
-1.2172e-01,-8.5748e-01,2.9643e+00,4.1055e+00,-3.4893e+04
-2.8980e-01,-1.0446e+00,3.0217e+00,1.2984e+00,-5.0890e+03
-1.1865e-01,-1.4084e+00,3.0643e+00,6.9801e-01,-3.4885e+04
-1.2490e-01,-1.0551e+00,3.0560e+00,2.3011e+00,-6.4207e+03
-1.8453e-02,-1.8350e+00,3.0236e+00,1.8951e+00,-1.3852e+04
2.0083e-01,-1.4214e+00,3.0281e+00,3.5257e+00,-7.5401e+03
-1.2601e-01,-7.8069e-01,2.9811e+00,4.6203e+00,-2.5642e+04
-3.2916e-01,-7.7617e-01,3.0423e+00,3.5524e+00,-1.4800e+04
1.0347e-01,-1.3266e+00,3.1017e+00,7.9337e-01,-2.9897e+04
3.0761e-01,-1.9281e+00,3.0743e+00,3.5541e+00,-2.3002e+04
-4.8162e-01,-7.1682e-01,2.9319e+00,4.5061e+00,-2.1754e+04
4.6494e-01,-1.3299e+00,3.0631e+00,4.6731e+00,-1.8095e+04
-1.1030e-01,-1.2182e+00,2.9944e+00,1.7509e+00,-2.4519e+04
1.4588e-01,-1.6168e+00,3.1222e+00,4.2630e-01,-1.9538e+04
2.4971e-01,-1.6432e+00,3.1283e+00,2.0236e+00,-2.4672e+04
1.2988e-01,-1.5738e+00,3.0944e+00,2.7562e+00,-2.9922e+04
-8.6014e-02,-1.7475e+00,3.0258e+00,1.2491e+00,-2.7412e+04
4.1902e-01,-1.8345e+00,3.0289e+00,3.7376e+00,-2.5448e+04
1.3476e-01,-1.8425e+00,3.0201e+00,2.4523e+00,-1.1575e+04
3.8962e-01,-1.5251e+00,3.0537e+00,3.6408e+00,-2.2120e+04
1.4305e-01,-1.6631e+00,3.0764e+00,1.9423e+00,-8.4143e+03
2.0306e-01,-1.1211e+00,3.0079e+00,4.2752e+00,-2.3621e+04
3.9764e-01,-1.8754e+00,3.0441e+00,3.3113e+00,-3.1775e+04
1.2852e-01,-1.5602e+00,3.0735e+00,9.2253e-01,-2.6125e+04
1.8325e-02,-1.4367e+00,3.0423e+00,7.1722e-01,-1.3245e+04
-1.4942e-01,-1.4168e+00,2.9787e+00,2.5252e+00,-3.4392e+04
4.5359e-01,-1.5580e+00,3.1303e+00,3.3815e+00,-2.1658e+04
7.2556e-02,-1.4388e+00,3.0853e+00,1.5947e+00,-9.8811e+03
1.7319e-01,-1.6055e+00,3.0367e+00,3.2454e+00,-6.7515e+03
4.0472e-01,-1.1585e+00,3.1076e+00,3.8286e+00,-3.2235e+04
-9.5594e-02,-1.8245e+00,2.9884e+00,1.3593e+00,-2.4991e+04
-2.6250e-01,-7.3320e-01,3.0723e+00,3.3709e+00,-2.6505e+04
-1.9059e-01,-1.4845e+00,2.9752e+00,7.0901e-01,-2.5290e+04
4.0786e-01,-1.9222e+00,3.0028e+00,4.3573e+00,-2.6715e+04
2.0405e-01,-1.5861e+00,3.1107e+00,2.8770e+00,-2.7076e+04
6.9536e-02,-1.9880e+00,3.0629e+00,6.7925e-01,-2.8282e+03
1.8529e-01,-1.6801e+00,3.0997e+00,3.5625e-01,-2.4427e+04
-7.6689e-02,-1.0528e+00,3.1231e+00,2.2657e-01,-2.7788e+04
2.0694e-01,-1.9760e+00,3.0469e+00,3.2687e+00,-1.7812e+04
-3.5913e-01,-9.1772e-01,3.0526e+00,2.3346e+00,-2.4914e+04
1.7019e-02,-1.0606e+00,3.0808e+00,3.3269e+00,-1.8769e+04
-3.5584e-01,-8.9738e-01,3.0544e+00,1.3633e+00,-1.0166e+04
4.5947e-04,-1.1784e+00,3.0006e+00,3.7096e+00,-1.6543e+04
-1.6657e-01,-1.4828e+00,2.9526e+00,2.0010e+00,-3.2017e+04
-5.8051e-02,-1.4579e+00,2.9990e+00,1.3107e+00,-1.7022e+04
-3.6966e-01,-6.8450e-01,3.0824e+00,3.4588e+00,-2.7965e+04
7.9395e-02,-1.4957e+00,2.9972e+00,3.3348e+00,-1.5836e+04
3.3153e-01,-1.2426e+00,3.1411e+00,3.0772e+00,-3.4227e+04
6.7298e-02,-8.3386e-01,3.0921e+00,4.1175e+00,-2.5038e+04
9.6519e-03,-1.6477e+00,2.9964e+00,1.8463e+00,-1.9663e+04
-5.9806e-02,-1.2384e+00,3.0842e+00,2.0509e+00,-2.3126e+04
1.6265e-01,-1.3177e+00,3.1237e+00,2.0254e+00,-2.7662e+04
3.0756e-01,-8.6230e-01,3.1447e+00,4.8052e+00,-3.5669e+04
2.0984e-02,-1.9015e+00,3.0757e+00,1.4011e+00,-2.7714e+04
-1.1536e-01,-1.5095e+00,3.0306e+00,3.8187e-01,-1.9237e+04
1.4055e-01,-1.1843e+00,2.9882e+00,3.9483e+00,-2.6054e+04
-6.5712e-02,-1.0151e+00,3.0521e+00,3.5271e+00,-2.2342e+04
-3.0607e-01,-8.8797e-01,3.0399e+00,3.4748e-01,-2.8252e+04
6.3342e-02,-1.5562e+00,3.0570e+00,5.6948e-01,-1.1938e+04
3.1174e-01,-1.4996e+00,3.0821e+00,3.1822e+00,-1.2603e+04
-9.3276e-02,-7.6631e-01,3.0574e+00,4.5311e+00,-1.6232e+04
1.2177e-02,-1.8192e+00,3.0120e+00,1.7203e+00,-8.1995e+03
8.3434e-02,-1.7095e+00,3.0659e+00,2.0007e+00,-3.6806e+03
-1.8521e-01,-1.1232e+00,3.0377e+00,1.9663e+00,-5.6271e+03
-1.6085e-03,-1.0478e+00,3.1190e+00,2.7317e+00,-3.0052e+04
-1.7839e-01,-1.3107e+00,3.0283e+00,3.6526e-01,-1.4874e+04
-8.1861e-03,-1.9894e+00,2.9760e+00,2.5854e+00,-2.8361e+04
6.5996e-02,-1.4102e+00,3.0101e+00,3.6283e+00,-3.0278e+04
-1.0522e-01,-8.2110e-01,2.9945e+00,4.0425e+00,-3.2000e+04
-9.2666e-03,-1.4807e+00,3.0316e+00,5.6793e-01,-8.4216e+03
1.9013e-01,-1.6758e+00,3.0563e+00,2.0863e+00,-3.2770e+04
2.1269e-01,-1.0389e+00,3.0386e+00,4.2540e+00,-2.0895e+04
-1.4659e-01,-9.9853e-01,3.1175e+00,3.7912e-01,-2.8266e+04
6.1174e-02,-1.6319e+00,2.9852e+00,2.9074e+00,-1.6860e+04
-2.7382e-02,-1.4780e+00,3.0049e+00,9.1878e-01,-2.2483e+04
-4.1045e-01,-7.3189e-01,2.9564e+00,4.6614e+00,-1.3283e+04
-2.8879e-01,-9.6625e-01,2.9600e+00,3.4364e+00,-1.9888e+04
-1.7095e-01,-1.1043e+00,2.9477e+00,3.0039e+00,-2.6867e+04
3.7503e-01,-1.4289e+00,3.1190e+00,3.8993e+00,-3.5101e+04
5.4165e-02,-1.4685e+00,3.1180e+00,6.9227e-01,-2.5924e+04
-2.3721e-01,-1.1211e+00,3.0385e+00,1.0955e+00,-8.9974e+03
1.2769e-01,-1.8267e+00,3.0875e+00,1.8032e+00,-7.6427e+03
-1.0684e-01,-1.5014e+00,3.0580e+00,1.1717e-01,-3.5305e+04
-4.8335e-01,-7.3566e-01,3.0679e+00,2.7773e+00,-2.2273e+04
1.4999e-01,-1.6155e+00,3.1081e+00,6.2154e-01,-1.6336e+04
-2.1431e-01,-1.1250e+00,3.0606e+00,1.0876e+00,-1.8070e+04
-1.9203e-01,-1.0335e+00,3.0277e+00,1.3173e-01,-2.1415e+04
-1.4351e-02,-1.8922e+00,2.9708e+00,1.7835e+00,-2.8551e+04
3.8999e-01,-1.5426e+00,3.1076e+00,2.9942e+00,-3.0341e+04
6.8681e-02,-1.9585e+00,3.0399e+00,2.1486e+00,-4.1050e+03
2.7661e-01,-1.8590e+00,3.1333e+00,2.0656e+00,-2.3091e+04
4.8224e-01,-1.9284e+00,3.0779e+00,3.9895e+00,-1.6781e+04
3.1253e-01,-1.8937e+00,3.1430e+00,2.6165e+00,-2.9204e+04
-5.9740e-02,-1.2399e+00,3.0230e+00,4.8477e-01,-2.5478e+04
-4.2183e-01,-6.0908e-01,3.0384e+00,4.4873e+00,-2.4038e+04
1.7364e-01,-1.2170e+00,3.0490e+00,3.3359e+00,-1.4426e+04
8.9297e-02,-1.4839e+00,3.0442e+00,2.1602e+00,-1.3284e+04
1.9142e-02,-1.8433e+00,3.0093e+00,2.3428e+00,-1.0981e+04
-4.3225e-01,-7.2530e-01,3.0309e+00,3.8745e+00,-1.8356e+04
2.0348e-01,-1.2860e+00,3.0169e+00,3.6336e+00,-2.0617e+04
1.8311e-01,-1.4964e+00,3.1340e+00,1.8849e+00,-2.5831e+04
-3.0741e-01,-9.6814e-01,3.0110e+00,2.9029e+00,-1.9383e+04
4.1791e-01,-1.2183e+00,3.0567e+00,4.3620e+00,-2.3335e+04
2.5679e-01,-1.1343e+00,3.0045e+00,4.8221e+00,-2.1625e+04
-1.2136e-01,-1.2806e+00,3.0296e+00,2.4805e+00,-2.4441e+04
-2.2104e-01,-1.1294e+00,2.9958e+00,1.6398e-01,-1.4414e+04
9.1382e-02,-1.2838e+00,3.1314e+00,2.0955e+00,-2.8528e+04
9.3152e-02,-1.7986e+00,3.0416e+00,6.2613e-01,-1.7023e+04
-1.0947e-01,-1.1013e+00,3.0454e+00,2.0633e+00,-6.6494e+03
1.5384e-01,-1.6549e+00,3.1083e+00,1.9767e+00,-1.4408e+04
-8.9594e-03,-1.4792e+00,2.9990e+00,2.1975e+00,-1.3279e+04
2.5180e-01,-1.1357e+00,3.0540e+00,4.8217e+00,-3.0887e+04
-2.1217e-01,-7.1694e-01,3.0237e+00,4.3633e+00,-1.8532e+04
-7.4175e-02,-8.6351e-01,3.0374e+00,4.3055e+00,-1.3541e+04
-4.3490e-02,-1.1648e+00,3.0936e+00,7.5618e-01,-1.4442e+04
-5.9339e-02,-1.5141e+00,3.0549e+00,2.9199e-01,-1.6041e+04
3.5416e-01,-1.5011e+00,3.0601e+00,3.7133e+00,-1.0786e+04
-2.4691e-01,-1.2401e+00,2.9487e+00,4.6212e-01,-3.4905e+04
-4.7885e-01,-9.7558e-01,2.9371e+00,1.1257e+00,-3.5130e+04
4.7287e-01,-1.9983e+00,3.1415e+00,3.2370e+00,-2.7837e+04
5.4723e-03,-1.0430e+00,2.9994e+00,4.3110e+00,-2.0419e+04
3.5348e-02,-1.3539e+00,3.0478e+00,2.8586e+00,-9.8798e+03
-1.4080e-01,-1.3151e+00,2.9918e+00,2.7590e+00,-3.1796e+04
3.1226e-01,-1.4877e+00,2.9996e+00,4.0219e+00,-2.9457e+04
2.1420e-01,-1.3874e+00,3.0763e+00,3.7384e+00,-2.9194e+04
1.6687e-01,-1.3390e+00,3.0536e+00,2.7702e+00,-2.3524e+04
-3.6438e-01,-9.8364e-01,2.9904e+00,2.1619e+00,-8.1895e+03
-1.8682e-01,-8.6528e-01,2.9484e+00,4.8321e+00,-2.2246e+04
-3.6710e-01,-8.4153e-01,3.0141e+00,2.3848e+00,-1.5740e+04
-2.6784e-01,-8.5590e-01,3.1166e+00,9.9972e-01,-3.3340e+04
1.7702e-01,-1.4838e+00,3.1210e+00,1.6851e+00,-2.3749e+04
-2.8553e-01,-1.1028e+00,3.0371e+00,1.2267e+00,-1.9066e+04
-2.5624e-01,-1.1071e+00,3.0243e+00,1.8888e+00,-1.2342e+04
-2.4878e-01,-1.1029e+00,3.0109e+00,1.6746e-01,-5.9199e+03
