nlive,niter,nc,eff,logl,logwt,logvol,logz,logzerr,h,delta_logz,time_elapsed,logfeh_mean,logdust,logNpix,tau
2.0000e+03,1.0000e+00,1.0000e+00,1.9960e-01,-6.2323e+05,-6.2324e+05,-1.9980e-03,-6.2324e+05,1.1750e-01,6.9098e+00,inf,2.6677e+03,-3.5468e-01,-1.8793e+00,6.9998e+00,1.9948e+01
2.0000e+03,2.0000e+00,1.0000e+00,3.9841e-01,-6.1872e+05,-6.1873e+05,-3.9960e-03,-6.1873e+05,1.1751e-01,6.9118e+00,5.9135e+05,2.6732e+03,-9.0571e-01,-1.2820e+00,6.9890e+00,1.1083e+01
2.0000e+03,3.0000e+00,1.0000e+00,5.9642e-01,-6.1552e+05,-6.1553e+05,-5.9940e-03,-6.1553e+05,1.1753e-01,6.9137e+00,5.8684e+05,2.6790e+03,-1.1894e+00,-1.3504e+00,6.9083e+00,1.3927e+01
2.0000e+03,4.0000e+00,1.0000e+00,7.9365e-01,-6.0953e+05,-6.0953e+05,-7.9920e-03,-6.0953e+05,1.1755e-01,6.9157e+00,5.8363e+05,2.6842e+03,-1.4813e+00,-1.0994e+00,6.8862e+00,1.1182e+01
2.0000e+03,5.0000e+00,1.0000e+00,9.9010e-01,-6.0700e+05,-6.0701e+05,-9.9900e-03,-6.0701e+05,1.1757e-01,6.9177e+00,5.7764e+05,2.6900e+03,-3.9506e-01,-1.7270e+00,6.8725e+00,1.3389e+01
2.0000e+03,6.0000e+00,1.0000e+00,1.1858e+00,-6.0376e+05,-6.0377e+05,-1.1988e-02,-6.0377e+05,1.1758e-01,6.9198e+00,5.7511e+05,2.6960e+03,-1.3322e+00,-1.8043e+00,6.7376e+00,1.9398e+01
2.0000e+03,7.0000e+00,1.0000e+00,1.3807e+00,-6.0248e+05,-6.0249e+05,-1.3986e-02,-6.0249e+05,1.1760e-01,6.9218e+00,5.7187e+05,2.7005e+03,-1.0965e+00,-1.3017e+00,6.7610e+00,1.7810e+01
2.0000e+03,8.0000e+00,1.0000e+00,1.5748e+00,-6.0117e+05,-6.0117e+05,-1.5984e-02,-6.0117e+05,1.1762e-01,6.9238e+00,5.7060e+05,2.7061e+03,-1.1131e+00,-1.2600e+00,6.7836e+00,1.0366e+01
2.0000e+03,9.0000e+00,1.0000e+00,1.7682e+00,-5.9999e+05,-6.0000e+05,-1.7982e-02,-6.0000e+05,1.1763e-01,6.9257e+00,5.6928e+05,2.7119e+03,-3.2406e-01,-1.9748e+00,6.9455e+00,1.5084e+00
2.0000e+03,1.0000e+01,1.0000e+00,1.9608e+00,-5.9790e+05,-5.9790e+05,-1.9980e-02,-5.9790e+05,1.1765e-01,6.9277e+00,5.6811e+05,2.7173e+03,-1.1422e+00,-1.9232e+00,6.6839e+00,1.6733e+01
2.0000e+03,1.1000e+01,1.0000e+00,2.1526e+00,-5.9705e+05,-5.9706e+05,-2.1978e-02,-5.9706e+05,1.1767e-01,6.9297e+00,5.6601e+05,2.7227e+03,-1.3876e+00,-1.7218e+00,6.6836e+00,1.6784e+01
2.0000e+03,1.2000e+01,1.0000e+00,2.3438e+00,-5.9679e+05,-5.9680e+05,-2.3976e-02,-5.9680e+05,1.1768e-01,6.9317e+00,5.6517e+05,2.7281e+03,-3.9535e-01,-1.8143e+00,6.9049e+00,2.0091e+00
2.0000e+03,1.3000e+01,1.0000e+00,2.5341e+00,-5.9662e+05,-5.9663e+05,-2.5974e-02,-5.9663e+05,1.1770e-01,6.9338e+00,5.6491e+05,2.7337e+03,-5.1007e-01,-1.1901e+00,6.7728e+00,1.2786e+01
2.0000e+03,1.4000e+01,1.0000e+00,2.7237e+00,-5.9622e+05,-5.9623e+05,-2.7972e-02,-5.9623e+05,1.1772e-01,6.9357e+00,5.6473e+05,2.7391e+03,-8.8663e-01,-1.9434e+00,6.6842e+00,1.8090e+01
2.0000e+03,1.5000e+01,1.0000e+00,2.9126e+00,-5.9594e+05,-5.9594e+05,-2.9970e-02,-5.9594e+05,1.1774e-01,6.9377e+00,5.6434e+05,2.7445e+03,-6.2538e-01,-1.4069e+00,6.7572e+00,1.1107e+01
2.0000e+03,1.6000e+01,1.0000e+00,3.1008e+00,-5.9481e+05,-5.9482e+05,-3.1968e-02,-5.9482e+05,1.1775e-01,6.9397e+00,5.6405e+05,2.7502e+03,-1.4756e+00,-1.5430e+00,6.6588e+00,1.6936e+01
2.0000e+03,1.7000e+01,1.0000e+00,3.2882e+00,-5.9300e+05,-5.9301e+05,-3.3966e-02,-5.9301e+05,1.1777e-01,6.9417e+00,5.6293e+05,2.7548e+03,-1.4922e+00,-1.8157e+00,6.6398e+00,1.3761e+01
2.0000e+03,1.8000e+01,1.0000e+00,3.4749e+00,-5.9196e+05,-5.9197e+05,-3.5964e-02,-5.9197e+05,1.1779e-01,6.9437e+00,5.6112e+05,2.7593e+03,-1.2240e+00,-1.5972e+00,6.6565e+00,1.3496e+01
2.0000e+03,1.9000e+01,1.0000e+00,3.6609e+00,-5.9136e+05,-5.9137e+05,-3.7962e-02,-5.9137e+05,1.1780e-01,6.9457e+00,5.6007e+05,2.7646e+03,2.2825e-03,-1.1343e+00,6.7711e+00,1.7603e+01
2.0000e+03,2.0000e+01,1.0000e+00,3.8462e+00,-5.9120e+05,-5.9121e+05,-3.9960e-02,-5.9121e+05,1.1782e-01,6.9477e+00,5.5947e+05,2.7706e+03,2.8377e-01,-1.1896e+00,6.8205e+00,1.9159e+01
2.0000e+03,2.1000e+01,1.0000e+00,4.0307e+00,-5.9085e+05,-5.9086e+05,-4.1958e-02,-5.9086e+05,1.1784e-01,6.9497e+00,5.5931e+05,2.7761e+03,-1.0993e+00,-1.3429e+00,6.7160e+00,7.1997e+00
2.0000e+03,2.2000e+01,1.0000e+00,4.2146e+00,-5.9018e+05,-5.9018e+05,-4.3956e-02,-5.9018e+05,1.1785e-01,6.9517e+00,5.5897e+05,2.7809e+03,8.1048e-02,-1.0079e+00,6.7940e+00,1.5860e+01
2.0000e+03,2.3000e+01,1.0000e+00,4.3977e+00,-5.8981e+05,-5.8982e+05,-4.5954e-02,-5.8982e+05,1.1787e-01,6.9537e+00,5.5829e+05,2.7855e+03,-1.1622e+00,-1.6694e+00,6.7736e+00,2.1636e+00
2.0000e+03,2.4000e+01,1.0000e+00,4.5802e+00,-5.8921e+05,-5.8922e+05,-4.7952e-02,-5.8922e+05,1.1789e-01,6.9557e+00,5.5792e+05,2.7912e+03,2.6808e-01,-1.4329e+00,6.9724e+00,3.6569e+00
2.0000e+03,2.5000e+01,1.0000e+00,4.7619e+00,-5.8851e+05,-5.8852e+05,-4.9950e-02,-5.8852e+05,1.1790e-01,6.9577e+00,5.5732e+05,2.7965e+03,-3.0474e-01,-1.5771e+00,6.6674e+00,1.9880e+01
2.0000e+03,2.6000e+01,1.0000e+00,4.9430e+00,-5.8836e+05,-5.8837e+05,-5.1948e-02,-5.8837e+05,1.1792e-01,6.9597e+00,5.5662e+05,2.8018e+03,-7.5315e-01,-1.9876e+00,6.6095e+00,1.7478e+01
2.0000e+03,2.7000e+01,1.0000e+00,5.1233e+00,-5.8373e+05,-5.8374e+05,-5.3946e-02,-5.8374e+05,1.1794e-01,6.9617e+00,5.5647e+05,2.8069e+03,-5.6398e-01,-1.2098e+00,6.6147e+00,1.4433e+01
2.0000e+03,2.8000e+01,1.0000e+00,5.3030e+00,-5.8148e+05,-5.8149e+05,-5.5944e-02,-5.8149e+05,1.1796e-01,6.9637e+00,5.5184e+05,2.8122e+03,-6.2621e-01,-1.3879e+00,6.5910e+00,1.2552e+01
2.0000e+03,2.9000e+01,1.0000e+00,5.4820e+00,-5.8018e+05,-5.8018e+05,-5.7942e-02,-5.8018e+05,1.1797e-01,6.9657e+00,5.4959e+05,2.8167e+03,-1.1232e+00,-1.9924e+00,6.4817e+00,1.9951e+01
2.0000e+03,3.0000e+01,1.0000e+00,5.6604e+00,-5.8005e+05,-5.8006e+05,-5.9940e-02,-5.8006e+05,1.1799e-01,6.9677e+00,5.4829e+05,2.8212e+03,8.2152e-02,-1.2127e+00,6.7389e+00,8.0641e+00
2.0000e+03,3.1000e+01,1.0000e+00,5.8380e+00,-5.7953e+05,-5.7954e+05,-6.1938e-02,-5.7954e+05,1.1801e-01,6.9697e+00,5.4816e+05,2.8265e+03,-8.0398e-01,-1.8174e+00,6.5090e+00,1.4160e+01
2.0000e+03,3.2000e+01,1.0000e+00,6.0150e+00,-5.7948e+05,-5.7949e+05,-6.3936e-02,-5.7949e+05,1.1802e-01,6.9717e+00,5.4765e+05,2.8316e+03,-1.3182e+00,-1.4764e+00,6.4730e+00,1.9278e+01
2.0000e+03,3.3000e+01,1.0000e+00,6.1914e+00,-5.7886e+05,-5.7887e+05,-6.5934e-02,-5.7887e+05,1.1804e-01,6.9737e+00,5.4760e+05,2.8370e+03,1.6869e-01,-1.2686e+00,6.8072e+00,2.3819e+00
2.0000e+03,3.4000e+01,1.0000e+00,6.3670e+00,-5.7858e+05,-5.7859e+05,-6.7932e-02,-5.7859e+05,1.1806e-01,6.9757e+00,5.4697e+05,2.8426e+03,-9.4809e-01,-1.4169e+00,6.6498e+00,1.2402e+00
2.0000e+03,3.5000e+01,1.0000e+00,6.5421e+00,-5.7773e+05,-5.7774e+05,-6.9930e-02,-5.7774e+05,1.1807e-01,6.9777e+00,5.4669e+05,2.8479e+03,-2.6199e-01,-1.2205e+00,6.6567e+00,6.8982e+00
2.0000e+03,3.6000e+01,1.0000e+00,6.7164e+00,-5.7641e+05,-5.7642e+05,-7.1928e-02,-5.7642e+05,1.1809e-01,6.9797e+00,5.4584e+05,2.8533e+03,-1.2782e+00,-1.1046e+00,6.4605e+00,1.8312e+01
2.0000e+03,3.7000e+01,1.0000e+00,6.8901e+00,-5.7386e+05,-5.7387e+05,-7.3926e-02,-5.7387e+05,1.1811e-01,6.9817e+00,5.4452e+05,2.8581e+03,-1.1887e+00,-1.0040e+00,6.4485e+00,1.6095e+01
2.0000e+03,3.8000e+01,2.0000e+00,7.0501e+00,-5.7317e+05,-5.7318e+05,-7.5924e-02,-5.7318e+05,1.1812e-01,6.9837e+00,5.4197e+05,2.8691e+03,-3.1767e-01,-1.6885e+00,6.5921e+00,1.1079e+00
2.0000e+03,3.9000e+01,1.0000e+00,7.2222e+00,-5.7262e+05,-5.7263e+05,-7.7922e-02,-5.7263e+05,1.1814e-01,6.9857e+00,5.4128e+05,2.8735e+03,-7.5611e-01,-1.1723e+00,6.5057e+00,8.6033e+00
2.0000e+03,4.0000e+01,1.0000e+00,7.3937e+00,-5.7124e+05,-5.7124e+05,-7.9920e-02,-5.7124e+05,1.1816e-01,6.9877e+00,5.4073e+05,2.8790e+03,-1.3457e+00,-1.0280e+00,6.4142e+00,1.2646e+01
2.0000e+03,4.1000e+01,1.0000e+00,7.5646e+00,-5.7027e+05,-5.7028e+05,-8.1918e-02,-5.7028e+05,1.1818e-01,6.9897e+00,5.3935e+05,2.8848e+03,-9.4596e-01,-1.9895e+00,6.4389e+00,7.5406e+00
2.0000e+03,4.2000e+01,1.0000e+00,7.7348e+00,-5.6892e+05,-5.6892e+05,-8.3916e-02,-5.6892e+05,1.1819e-01,6.9917e+00,5.3839e+05,2.8894e+03,-9.6576e-01,-1.1978e+00,6.4982e+00,2.1216e+00
2.0000e+03,4.3000e+01,1.0000e+00,7.9044e+00,-5.6794e+05,-5.6795e+05,-8.5914e-02,-5.6795e+05,1.1821e-01,6.9937e+00,5.3703e+05,2.8955e+03,-1.2283e+00,-1.0873e+00,6.3596e+00,1.5695e+01
2.0000e+03,4.4000e+01,1.0000e+00,8.0734e+00,-5.6781e+05,-5.6781e+05,-8.7912e-02,-5.6781e+05,1.1823e-01,6.9957e+00,5.3606e+05,2.9009e+03,-1.3957e+00,-1.9073e+00,6.4349e+00,3.4462e+00
2.0000e+03,4.5000e+01,1.0000e+00,8.2418e+00,-5.6717e+05,-5.6718e+05,-8.9910e-02,-5.6718e+05,1.1824e-01,6.9977e+00,5.3592e+05,2.9064e+03,-7.3402e-01,-1.3419e+00,6.4061e+00,1.1496e+01
2.0000e+03,4.6000e+01,1.0000e+00,8.4095e+00,-5.6652e+05,-5.6653e+05,-9.1908e-02,-5.6653e+05,1.1826e-01,6.9996e+00,5.3529e+05,2.9114e+03,-9.1350e-01,-1.4699e+00,6.3316e+00,1.7389e+01
2.0000e+03,4.7000e+01,1.0000e+00,8.5766e+00,-5.6625e+05,-5.6626e+05,-9.3906e-02,-5.6626e+05,1.1828e-01,7.0016e+00,5.3463e+05,2.9171e+03,3.6035e-02,-1.1827e+00,6.6337e+00,4.2200e+00
2.0000e+03,4.8000e+01,1.0000e+00,8.7432e+00,-5.6514e+05,-5.6515e+05,-9.5904e-02,-5.6515e+05,1.1829e-01,7.0037e+00,5.3437e+05,2.9228e+03,-4.7514e-01,-1.8552e+00,6.3840e+00,1.4791e+01
2.0000e+03,4.9000e+01,1.0000e+00,8.9091e+00,-5.6485e+05,-5.6486e+05,-9.7902e-02,-5.6486e+05,1.1831e-01,7.0057e+00,5.3325e+05,2.9288e+03,-1.4832e+00,-1.5285e+00,6.2621e+00,1.8471e+01
2.0000e+03,5.0000e+01,1.0000e+00,9.0744e+00,-5.6480e+05,-5.6481e+05,-9.9900e-02,-5.6481e+05,1.1833e-01,7.0077e+00,5.3296e+05,2.9341e+03,4.3821e-01,-1.2507e+00,6.6637e+00,1.8594e+00
2.0000e+03,5.1000e+01,1.0000e+00,9.2391e+00,-5.6434e+05,-5.6434e+05,-1.0190e-01,-5.6434e+05,1.1834e-01,7.0096e+00,5.3292e+05,2.9399e+03,-9.3438e-01,-1.7582e+00,6.3568e+00,7.4052e+00
2.0000e+03,5.2000e+01,1.0000e+00,9.4033e+00,-5.6347e+05,-5.6347e+05,-1.0390e-01,-5.6347e+05,1.1836e-01,7.0116e+00,5.3245e+05,2.9452e+03,-8.6633e-01,-1.4319e+00,6.3456e+00,8.7799e+00
2.0000e+03,5.3000e+01,1.0000e+00,9.5668e+00,-5.6341e+05,-5.6342e+05,-1.0589e-01,-5.6342e+05,1.1838e-01,7.0136e+00,5.3158e+05,2.9506e+03,2.5905e-01,-1.5001e+00,6.5713e+00,8.3070e+00
2.0000e+03,5.4000e+01,1.0000e+00,9.7297e+00,-5.6324e+05,-5.6325e+05,-1.0789e-01,-5.6325e+05,1.1839e-01,7.0157e+00,5.3152e+05,2.9558e+03,1.9797e-01,-1.0887e+00,6.4995e+00,1.7358e+01
2.0000e+03,5.5000e+01,1.0000e+00,9.8921e+00,-5.6320e+05,-5.6320e+05,-1.0989e-01,-5.6320e+05,1.1841e-01,7.0177e+00,5.3136e+05,2.9611e+03,-4.2659e-01,-1.2268e+00,6.4017e+00,1.2784e+01
2.0000e+03,5.6000e+01,1.0000e+00,1.0054e+01,-5.6111e+05,-5.6112e+05,-1.1189e-01,-5.6112e+05,1.1843e-01,7.0197e+00,5.3131e+05,2.9665e+03,-1.0504e+00,-1.7102e+00,6.2449e+00,1.4909e+01
2.0000e+03,5.7000e+01,1.0000e+00,1.0215e+01,-5.6085e+05,-5.6085e+05,-1.1389e-01,-5.6085e+05,1.1844e-01,7.0216e+00,5.2922e+05,2.9718e+03,-1.3080e+00,-1.4883e+00,6.2181e+00,1.9872e+01
2.0000e+03,5.8000e+01,1.0000e+00,1.0376e+01,-5.6057e+05,-5.6058e+05,-1.1588e-01,-5.6058e+05,1.1846e-01,7.0236e+00,5.2896e+05,2.9770e+03,-1.7231e-01,-1.9540e+00,6.3778e+00,1.8865e+01
2.0000e+03,5.9000e+01,1.0000e+00,1.0536e+01,-5.5994e+05,-5.5995e+05,-1.1788e-01,-5.5995e+05,1.1848e-01,7.0256e+00,5.2868e+05,2.9815e+03,4.2959e-01,-1.0324e+00,6.6501e+00,3.7751e+00
2.0000e+03,6.0000e+01,1.0000e+00,1.0695e+01,-5.5979e+05,-5.5980e+05,-1.1988e-01,-5.5980e+05,1.1850e-01,7.0276e+00,5.2806e+05,2.9870e+03,-1.1598e+00,-1.2816e+00,6.3490e+00,2.6733e+00
2.0000e+03,6.1000e+01,1.0000e+00,1.0854e+01,-5.5972e+05,-5.5973e+05,-1.2188e-01,-5.5973e+05,1.1851e-01,7.0297e+00,5.2791e+05,2.9924e+03,4.4811e-01,-1.2458e+00,6.5834e+00,8.5029e-01
2.0000e+03,6.2000e+01,1.0000e+00,1.1012e+01,-5.5967e+05,-5.5968e+05,-1.2388e-01,-5.5968e+05,1.1853e-01,7.0316e+00,5.2783e+05,2.9976e+03,-3.6678e-01,-1.4860e+00,6.3444e+00,1.4435e+01
2.0000e+03,6.3000e+01,1.0000e+00,1.1170e+01,-5.5875e+05,-5.5876e+05,-1.2587e-01,-5.5876e+05,1.1855e-01,7.0336e+00,5.2778e+05,3.0028e+03,-2.6772e-01,-1.7807e+00,6.3626e+00,1.2993e+01
2.0000e+03,6.4000e+01,2.0000e+00,1.1307e+01,-5.5784e+05,-5.5784e+05,-1.2787e-01,-5.5784e+05,1.1856e-01,7.0356e+00,5.2686e+05,3.0124e+03,1.3139e-01,-1.9080e+00,6.4389e+00,4.2714e-01
2.0000e+03,6.5000e+01,1.0000e+00,1.1464e+01,-5.5753e+05,-5.5754e+05,-1.2987e-01,-5.5754e+05,1.1858e-01,7.0376e+00,5.2595e+05,3.0169e+03,-5.8438e-01,-1.0796e+00,6.3953e+00,5.1271e+00
2.0000e+03,6.6000e+01,1.0000e+00,1.1620e+01,-5.5723e+05,-5.5724e+05,-1.3187e-01,-5.5724e+05,1.1860e-01,7.0396e+00,5.2564e+05,3.0226e+03,-2.2559e-01,-1.8340e+00,6.3706e+00,2.0018e+00
2.0000e+03,6.7000e+01,3.0000e+00,1.1734e+01,-5.5612e+05,-5.5613e+05,-1.3387e-01,-5.5613e+05,1.1861e-01,7.0416e+00,5.2534e+05,3.0388e+03,3.7728e-01,-1.2550e+00,6.5537e+00,4.8208e+00
2.0000e+03,6.8000e+01,1.0000e+00,1.1888e+01,-5.5594e+05,-5.5595e+05,-1.3586e-01,-5.5595e+05,1.1863e-01,7.0436e+00,5.2423e+05,3.0446e+03,-1.4791e+00,-1.8265e+00,6.1957e+00,6.2741e+00
2.0000e+03,6.9000e+01,1.0000e+00,1.2042e+01,-5.5536e+05,-5.5537e+05,-1.3786e-01,-5.5537e+05,1.1865e-01,7.0456e+00,5.2406e+05,3.0499e+03,2.9160e-01,-1.5477e+00,6.5246e+00,3.1485e+00
2.0000e+03,7.0000e+01,2.0000e+00,1.2174e+01,-5.5477e+05,-5.5478e+05,-1.3986e-01,-5.5478e+05,1.1866e-01,7.0476e+00,5.2348e+05,3.0614e+03,2.7979e-01,-1.8315e+00,6.4178e+00,1.4085e+01
2.0000e+03,7.1000e+01,1.0000e+00,1.2326e+01,-5.5473e+05,-5.5474e+05,-1.4186e-01,-5.5474e+05,1.1868e-01,7.0496e+00,5.2288e+05,3.0669e+03,-6.4392e-01,-1.7416e+00,6.3263e+00,3.5482e+00
2.0000e+03,7.2000e+01,3.0000e+00,1.2435e+01,-5.5386e+05,-5.5386e+05,-1.4386e-01,-5.5386e+05,1.1870e-01,7.0516e+00,5.2284e+05,3.0836e+03,6.7444e-02,-1.3940e+00,6.3587e+00,1.8102e+00
2.0000e+03,7.3000e+01,2.0000e+00,1.2565e+01,-5.5373e+05,-5.5374e+05,-1.4585e-01,-5.5374e+05,1.1871e-01,7.0536e+00,5.2197e+05,3.0949e+03,-1.3329e+00,-1.4014e+00,6.2303e+00,3.7468e+00
2.0000e+03,7.4000e+01,1.0000e+00,1.2715e+01,-5.5316e+05,-5.5317e+05,-1.4785e-01,-5.5317e+05,1.1873e-01,7.0556e+00,5.2185e+05,3.1003e+03,3.6062e-02,-1.8056e+00,6.3144e+00,6.7157e-01
2.0000e+03,7.5000e+01,1.0000e+00,1.2864e+01,-5.5303e+05,-5.5303e+05,-1.4985e-01,-5.5303e+05,1.1875e-01,7.0576e+00,5.2127e+05,3.1059e+03,2.1060e-01,-1.0888e+00,6.3828e+00,1.9312e+01
2.0000e+03,7.6000e+01,1.0000e+00,1.3014e+01,-5.5213e+05,-5.5213e+05,-1.5185e-01,-5.5213e+05,1.1877e-01,7.0596e+00,5.2114e+05,3.1116e+03,-1.1075e+00,-1.7618e+00,6.1226e+00,1.7940e+01
2.0000e+03,7.7000e+01,2.0000e+00,1.3140e+01,-5.5204e+05,-5.5205e+05,-1.5385e-01,-5.5205e+05,1.1878e-01,7.0616e+00,5.2024e+05,3.1223e+03,4.9566e-01,-1.5989e+00,6.4167e+00,1.1426e+01
2.0000e+03,7.8000e+01,1.0000e+00,1.3288e+01,-5.5149e+05,-5.5150e+05,-1.5584e-01,-5.5150e+05,1.1880e-01,7.0636e+00,5.2015e+05,3.1278e+03,2.7712e-01,-1.4707e+00,6.4250e+00,9.1083e+00
2.0000e+03,7.9000e+01,1.0000e+00,1.3435e+01,-5.5117e+05,-5.5118e+05,-1.5784e-01,-5.5118e+05,1.1882e-01,7.0656e+00,5.1960e+05,3.1336e+03,3.1986e-01,-1.8767e+00,6.4739e+00,4.1807e+00
2.0000e+03,8.0000e+01,2.0000e+00,1.3559e+01,-5.5051e+05,-5.5052e+05,-1.5984e-01,-5.5052e+05,1.1883e-01,7.0676e+00,5.1929e+05,3.1446e+03,1.1143e-01,-1.5157e+00,6.3834e+00,3.1292e+00
2.0000e+03,8.1000e+01,3.0000e+00,1.3659e+01,-5.5010e+05,-5.5011e+05,-1.6184e-01,-5.5011e+05,1.1885e-01,7.0696e+00,5.1863e+05,3.1615e+03,-1.3852e+00,-1.0853e+00,6.1534e+00,3.2642e+00
2.0000e+03,8.2000e+01,1.0000e+00,1.3805e+01,-5.5010e+05,-5.5011e+05,-1.6384e-01,-5.5011e+05,1.1274e-01,6.3610e+00,5.1822e+05,3.1667e+03,-5.5399e-01,-1.7658e+00,6.1691e+00,2.0605e+00
2.0000e+03,8.3000e+01,1.0000e+00,1.3950e+01,-5.4841e+05,-5.4842e+05,-1.6583e-01,-5.4842e+05,1.1888e-01,7.0736e+00,5.1822e+05,3.1721e+03,-1.1297e-01,-1.5788e+00,6.2917e+00,1.1544e+01
2.0000e+03,8.4000e+01,1.0000e+00,1.4094e+01,-5.4818e+05,-5.4819e+05,-1.6783e-01,-5.4819e+05,1.1890e-01,7.0756e+00,5.1652e+05,3.1771e+03,-9.7047e-01,-1.8050e+00,6.1026e+00,1.0454e+01
2.0000e+03,8.5000e+01,1.0000e+00,1.4238e+01,-5.4672e+05,-5.4672e+05,-1.6983e-01,-5.4672e+05,1.1892e-01,7.0776e+00,5.1629e+05,3.1825e+03,-1.4442e+00,-1.4267e+00,6.0282e+00,8.4682e+00
2.0000e+03,8.6000e+01,1.0000e+00,1.4381e+01,-5.4646e+05,-5.4646e+05,-1.7183e-01,-5.4646e+05,1.1893e-01,7.0796e+00,5.1483e+05,3.1883e+03,4.8876e-01,-1.4329e+00,6.3078e+00,1.9143e+00
2.0000e+03,8.7000e+01,1.0000e+00,1.4524e+01,-5.4613e+05,-5.4613e+05,-1.7383e-01,-5.4613e+05,1.1895e-01,7.0816e+00,5.1457e+05,3.1938e+03,-2.5445e-01,-1.5063e+00,6.2027e+00,1.4271e+01
2.0000e+03,8.8000e+01,1.0000e+00,1.4667e+01,-5.4428e+05,-5.4428e+05,-1.7582e-01,-5.4428e+05,1.1897e-01,7.0836e+00,5.1424e+05,3.1993e+03,-1.4589e+00,-1.3824e+00,6.0228e+00,4.7600e+00
2.0000e+03,8.9000e+01,3.0000e+00,1.4760e+01,-5.4410e+05,-5.4411e+05,-1.7782e-01,-5.4411e+05,1.1898e-01,7.0856e+00,5.1239e+05,3.2161e+03,-1.4792e+00,-1.3268e+00,5.9496e+00,1.6632e+01
2.0000e+03,9.0000e+01,1.0000e+00,1.4901e+01,-5.4397e+05,-5.4398e+05,-1.7982e-01,-5.4398e+05,1.1900e-01,7.0876e+00,5.1221e+05,3.2208e+03,3.0314e-01,-1.6715e+00,6.3702e+00,4.8069e+00
2.0000e+03,9.1000e+01,1.0000e+00,1.5041e+01,-5.4380e+05,-5.4380e+05,-1.8182e-01,-5.4380e+05,1.1902e-01,7.0896e+00,5.1208e+05,3.2260e+03,2.7607e-01,-1.0501e+00,6.3638e+00,7.5037e+00
2.0000e+03,9.2000e+01,1.0000e+00,1.5182e+01,-5.4296e+05,-5.4297e+05,-1.8382e-01,-5.4297e+05,1.1903e-01,7.0916e+00,5.1191e+05,3.2305e+03,-4.1659e-01,-1.2194e+00,6.1075e+00,1.9073e+01
2.0000e+03,9.3000e+01,1.0000e+00,1.5321e+01,-5.4183e+05,-5.4184e+05,-1.8581e-01,-5.4184e+05,1.1905e-01,7.0936e+00,5.1107e+05,3.2356e+03,1.9422e-02,-1.7943e+00,6.2030e+00,1.5520e+01
2.0000e+03,9.4000e+01,1.0000e+00,1.5461e+01,-5.4129e+05,-5.4130e+05,-1.8781e-01,-5.4130e+05,1.1907e-01,7.0955e+00,5.0995e+05,3.2411e+03,-9.6441e-01,-1.9633e+00,6.0202e+00,6.7426e+00
2.0000e+03,9.5000e+01,1.0000e+00,1.5599e+01,-5.4127e+05,-5.4128e+05,-1.8981e-01,-5.4128e+05,1.1908e-01,7.0975e+00,5.0940e+05,3.2463e+03,2.5185e-01,-1.2357e+00,6.2586e+00,1.6815e+01
2.0000e+03,9.6000e+01,1.0000e+00,1.5738e+01,-5.4093e+05,-5.4094e+05,-1.9181e-01,-5.4094e+05,1.1910e-01,7.0996e+00,5.0939e+05,3.2517e+03,-1.4168e+00,-1.6892e+00,5.9114e+00,1.5931e+01
2.0000e+03,9.7000e+01,2.0000e+00,1.5850e+01,-5.4037e+05,-5.4038e+05,-1.9381e-01,-5.4038e+05,1.1912e-01,7.1016e+00,5.0905e+05,3.2633e+03,-3.8843e-01,-1.8024e+00,5.9530e+00,1.8436e+00
2.0000e+03,9.8000e+01,1.0000e+00,1.5987e+01,-5.4012e+05,-5.4012e+05,-1.9580e-01,-5.4012e+05,1.1913e-01,7.1036e+00,5.0848e+05,3.2687e+03,4.9726e-01,-1.6747e+00,6.2513e+00,1.2269e+01
2.0000e+03,9.9000e+01,1.0000e+00,1.6124e+01,-5.4005e+05,-5.4006e+05,-1.9780e-01,-5.4006e+05,1.1915e-01,7.1055e+00,5.0823e+05,3.2739e+03,2.2786e-01,-1.1012e+00,6.2518e+00,1.3092e+01
2.0000e+03,1.0000e+02,1.0000e+00,1.6260e+01,-5.3950e+05,-5.3950e+05,-1.9980e-01,-5.3950e+05,1.1917e-01,7.1075e+00,5.0816e+05,3.2793e+03,1.7552e-01,-1.7464e+00,6.2150e+00,1.2391e+01
2.0000e+03,1.0100e+02,1.0000e+00,1.6396e+01,-5.3820e+05,-5.3820e+05,-2.0180e-01,-5.3820e+05,1.1918e-01,7.1095e+00,5.0761e+05,3.2837e+03,-2.8009e-01,-1.7099e+00,6.1340e+00,7.5827e+00
2.0000e+03,1.0200e+02,1.0000e+00,1.6532e+01,-5.3774e+05,-5.3775e+05,-2.0380e-01,-5.3775e+05,1.1920e-01,7.1116e+00,5.0631e+05,3.2889e+03,-1.2677e+00,-1.8027e+00,5.8964e+00,9.1720e+00
2.0000e+03,1.0300e+02,1.0000e+00,1.6667e+01,-5.3733e+05,-5.3733e+05,-2.0579e-01,-5.3733e+05,1.1922e-01,7.1136e+00,5.0585e+05,3.2941e+03,-1.2041e+00,-1.9835e+00,5.9121e+00,7.0475e+00
2.0000e+03,1.0400e+02,1.0000e+00,1.6801e+01,-5.3720e+05,-5.3721e+05,-2.0779e-01,-5.3721e+05,1.1923e-01,7.1156e+00,5.0544e+05,3.2994e+03,-6.5386e-02,-1.1261e+00,6.0266e+00,2.0676e+00
2.0000e+03,1.0500e+02,1.0000e+00,1.6935e+01,-5.3713e+05,-5.3714e+05,-2.0979e-01,-5.3714e+05,1.1925e-01,7.1175e+00,5.0531e+05,3.3041e+03,-5.9745e-01,-1.3491e+00,6.0465e+00,5.7310e+00
2.0000e+03,1.0600e+02,1.0000e+00,1.7069e+01,-5.3629e+05,-5.3629e+05,-2.1179e-01,-5.3629e+05,1.1927e-01,7.1195e+00,5.0524e+05,3.3095e+03,-9.8869e-01,-1.8917e+00,5.8809e+00,1.5671e+01
2.0000e+03,1.0700e+02,2.0000e+00,1.7175e+01,-5.3615e+05,-5.3615e+05,-2.1379e-01,-5.3615e+05,1.1928e-01,7.1215e+00,5.0440e+05,3.3208e+03,3.4374e-02,-1.2016e+00,5.9822e+00,1.9027e+00
2.0000e+03,1.0800e+02,1.0000e+00,1.7308e+01,-5.3582e+05,-5.3583e+05,-2.1578e-01,-5.3583e+05,1.1930e-01,7.1236e+00,5.0426e+05,3.3265e+03,8.3529e-02,-1.4335e+00,6.1371e+00,1.9501e+01
2.0000e+03,1.0900e+02,1.0000e+00,1.7440e+01,-5.3533e+05,-5.3534e+05,-2.1778e-01,-5.3534e+05,1.1932e-01,7.1256e+00,5.0394e+05,3.3323e+03,-7.6560e-01,-1.7676e+00,5.9253e+00,1.4561e+01
2.0000e+03,1.1000e+02,1.0000e+00,1.7572e+01,-5.3501e+05,-5.3502e+05,-2.1978e-01,-5.3502e+05,1.1933e-01,7.1275e+00,5.0344e+05,3.3377e+03,-1.2720e+00,-1.4397e+00,5.8455e+00,8.7602e+00
2.0000e+03,1.1100e+02,1.0000e+00,1.7703e+01,-5.3463e+05,-5.3464e+05,-2.2178e-01,-5.3464e+05,1.1935e-01,7.1295e+00,5.0312e+05,3.3426e+03,-1.1414e+00,-1.2555e+00,5.8351e+00,3.2153e+00
2.0000e+03,1.1200e+02,1.0000e+00,1.7834e+01,-5.3447e+05,-5.3447e+05,-2.2378e-01,-5.3447e+05,1.1937e-01,7.1315e+00,5.0275e+05,3.3479e+03,1.9063e-01,-1.4655e+00,6.1629e+00,3.8021e+00
2.0000e+03,1.1300e+02,1.0000e+00,1.7965e+01,-5.3406e+05,-5.3407e+05,-2.2577e-01,-5.3407e+05,1.1939e-01,7.1335e+00,5.0258e+05,3.3534e+03,2.1622e-01,-1.1812e+00,6.1928e+00,3.8488e+00
2.0000e+03,1.1400e+02,1.0000e+00,1.8095e+01,-5.3363e+05,-5.3363e+05,-2.2777e-01,-5.3363e+05,1.1940e-01,7.1355e+00,5.0217e+05,3.3586e+03,-1.4954e+00,-1.4783e+00,5.7929e+00,8.8793e+00
2.0000e+03,1.1500e+02,1.0000e+00,1.8225e+01,-5.3356e+05,-5.3357e+05,-2.2977e-01,-5.3357e+05,1.1942e-01,7.1375e+00,5.0174e+05,3.3634e+03,-1.4306e+00,-1.8447e+00,5.7846e+00,7.4388e+00
2.0000e+03,1.1600e+02,1.0000e+00,1.8354e+01,-5.3338e+05,-5.3339e+05,-2.3177e-01,-5.3339e+05,1.1944e-01,7.1395e+00,5.0167e+05,3.3682e+03,-7.6876e-01,-1.1984e+00,5.9137e+00,1.4057e+01
2.0000e+03,1.1700e+02,1.0000e+00,1.8483e+01,-5.3323e+05,-5.3324e+05,-2.3377e-01,-5.3324e+05,1.1945e-01,7.1415e+00,5.0149e+05,3.3731e+03,-2.9133e-01,-1.8969e+00,6.0119e+00,1.8917e+01
2.0000e+03,1.1800e+02,1.0000e+00,1.8612e+01,-5.3311e+05,-5.3312e+05,-2.3576e-01,-5.3312e+05,1.1947e-01,7.1435e+00,5.0134e+05,3.3785e+03,-6.2501e-01,-1.0291e+00,5.8693e+00,2.7224e+00
2.0000e+03,1.1900e+02,2.0000e+00,1.8711e+01,-5.3309e+05,-5.3310e+05,-2.3776e-01,-5.3310e+05,1.1949e-01,7.1455e+00,5.0122e+05,3.3890e+03,-2.1845e-01,-1.6123e+00,6.0826e+00,4.6635e+00
2.0000e+03,1.2000e+02,1.0000e+00,1.8838e+01,-5.3295e+05,-5.3295e+05,-2.3976e-01,-5.3295e+05,1.1950e-01,7.1475e+00,5.0121e+05,3.3942e+03,-8.8230e-01,-1.6323e+00,5.8165e+00,3.6909e+00
2.0000e+03,1.2100e+02,1.0000e+00,1.8966e+01,-5.3264e+05,-5.3265e+05,-2.4176e-01,-5.3265e+05,1.1952e-01,7.1495e+00,5.0106e+05,3.3994e+03,-6.0939e-01,-1.0264e+00,5.9889e+00,5.7541e+00
2.0000e+03,1.2200e+02,1.0000e+00,1.9092e+01,-5.3247e+05,-5.3247e+05,-2.4376e-01,-5.3247e+05,1.1954e-01,7.1515e+00,5.0075e+05,3.4039e+03,-4.1442e-01,-1.5051e+00,6.0064e+00,6.2284e+00
2.0000e+03,1.2300e+02,1.0000e+00,1.9219e+01,-5.3234e+05,-5.3235e+05,-2.4575e-01,-5.3235e+05,1.1955e-01,7.1535e+00,5.0058e+05,3.4083e+03,4.8157e-01,-1.3846e+00,6.1786e+00,9.2493e+00
2.0000e+03,1.2400e+02,1.0000e+00,1.9345e+01,-5.3225e+05,-5.3226e+05,-2.4775e-01,-5.3226e+05,1.1957e-01,7.1555e+00,5.0045e+05,3.4128e+03,-1.2892e+00,-1.6106e+00,5.7732e+00,1.5818e+01
2.0000e+03,1.2500e+02,1.0000e+00,1.9470e+01,-5.3221e+05,-5.3222e+05,-2.4975e-01,-5.3222e+05,1.1959e-01,7.1575e+00,5.0037e+05,3.4180e+03,-7.4297e-01,-1.5389e+00,5.8927e+00,1.4437e+01
2.0000e+03,1.2600e+02,1.0000e+00,1.9596e+01,-5.3174e+05,-5.3174e+05,-2.5175e-01,-5.3174e+05,1.1960e-01,7.1595e+00,5.0033e+05,3.4224e+03,-2.3703e-01,-1.2055e+00,5.9286e+00,2.9850e+00
2.0000e+03,1.2700e+02,1.0000e+00,1.9720e+01,-5.3118e+05,-5.3119e+05,-2.5375e-01,-5.3119e+05,1.1962e-01,7.1615e+00,4.9985e+05,3.4276e+03,-1.1465e+00,-1.6294e+00,5.7979e+00,6.1931e+00
2.0000e+03,1.2800e+02,1.0000e+00,1.9845e+01,-5.3068e+05,-5.3069e+05,-2.5574e-01,-5.3069e+05,1.1964e-01,7.1635e+00,4.9929e+05,3.4323e+03,-1.3305e+00,-1.6670e+00,5.6421e+00,2.9345e+00
2.0000e+03,1.2900e+02,1.0000e+00,1.9969e+01,-5.3019e+05,-5.3019e+05,-2.5774e-01,-5.3019e+05,1.1965e-01,7.1655e+00,4.9879e+05,3.4376e+03,-7.6154e-01,-1.9231e+00,5.8383e+00,1.8553e+01
2.0000e+03,1.3000e+02,1.0000e+00,2.0093e+01,-5.2951e+05,-5.2951e+05,-2.5974e-01,-5.2951e+05,1.1967e-01,7.1675e+00,4.9830e+05,3.4427e+03,-6.1777e-01,-1.4728e+00,5.8991e+00,5.1019e+00
2.0000e+03,1.3100e+02,1.0000e+00,2.0216e+01,-5.2947e+05,-5.2948e+05,-2.6174e-01,-5.2948e+05,1.1969e-01,7.1695e+00,4.9762e+05,3.4480e+03,6.4929e-02,-1.6827e+00,6.0916e+00,1.0200e+01
2.0000e+03,1.3200e+02,1.0000e+00,2.0339e+01,-5.2921e+05,-5.2922e+05,-2.6374e-01,-5.2922e+05,1.1970e-01,7.1715e+00,4.9758e+05,3.4533e+03,4.0648e-01,-1.1146e+00,5.8964e+00,7.3298e-01
2.0000e+03,1.3300e+02,1.0000e+00,2.0462e+01,-5.2858e+05,-5.2859e+05,-2.6573e-01,-5.2859e+05,1.1972e-01,7.1735e+00,4.9732e+05,3.4590e+03,-1.3270e+00,-1.2470e+00,5.7114e+00,6.3786e+00
2.0000e+03,1.3400e+02,1.0000e+00,2.0584e+01,-5.2809e+05,-5.2809e+05,-2.6773e-01,-5.2809e+05,1.1974e-01,7.1755e+00,4.9669e+05,3.4645e+03,-1.2521e+00,-1.8806e+00,5.6926e+00,1.1787e+01
2.0000e+03,1.3500e+02,1.0000e+00,2.0706e+01,-5.2803e+05,-5.2804e+05,-2.6973e-01,-5.2804e+05,1.1975e-01,7.1775e+00,4.9620e+05,3.4703e+03,4.6530e-01,-1.8237e+00,5.9999e+00,3.1898e+00
2.0000e+03,1.3600e+02,1.0000e+00,2.0827e+01,-5.2792e+05,-5.2792e+05,-2.7173e-01,-5.2792e+05,1.1977e-01,7.1795e+00,4.9615e+05,3.4747e+03,1.5682e-01,-1.1086e+00,6.0715e+00,1.9230e+01
2.0000e+03,1.3700e+02,1.0000e+00,2.0948e+01,-5.2734e+05,-5.2735e+05,-2.7373e-01,-5.2735e+05,1.1979e-01,7.1815e+00,4.9603e+05,3.4796e+03,2.7846e-01,-1.9477e+00,5.9159e+00,2.9889e+00
2.0000e+03,1.3800e+02,2.0000e+00,2.1037e+01,-5.2712e+05,-5.2712e+05,-2.7572e-01,-5.2712e+05,1.1980e-01,7.1835e+00,4.9545e+05,3.4907e+03,-4.9383e-01,-1.9862e+00,5.8641e+00,1.7665e+01
2.0000e+03,1.3900e+02,1.0000e+00,2.1157e+01,-5.2645e+05,-5.2646e+05,-2.7772e-01,-5.2646e+05,1.1982e-01,7.1855e+00,4.9523e+05,3.4961e+03,-1.2450e+00,-1.8871e+00,5.6521e+00,4.8636e+00
2.0000e+03,1.4000e+02,1.0000e+00,2.1277e+01,-5.2594e+05,-5.2595e+05,-2.7972e-01,-5.2595e+05,1.1984e-01,7.1875e+00,4.9456e+05,3.5011e+03,-8.3549e-01,-1.4327e+00,5.4982e+00,1.9295e+00
2.0000e+03,1.4100e+02,1.0000e+00,2.1396e+01,-5.2572e+05,-5.2572e+05,-2.8172e-01,-5.2572e+05,1.1985e-01,7.1895e+00,4.9406e+05,3.5066e+03,4.5984e-01,-1.5557e+00,6.0384e+00,1.9396e+01
2.0000e+03,1.4200e+02,1.0000e+00,2.1515e+01,-5.2567e+05,-5.2567e+05,-2.8372e-01,-5.2567e+05,1.1987e-01,7.1914e+00,4.9383e+05,3.5111e+03,-4.3077e-01,-1.6824e+00,5.7681e+00,3.6687e+00
2.0000e+03,1.4300e+02,2.0000e+00,2.1601e+01,-5.2505e+05,-5.2506e+05,-2.8571e-01,-5.2506e+05,1.1989e-01,7.1935e+00,4.9378e+05,3.5213e+03,-8.1106e-01,-1.0586e+00,5.7666e+00,1.6044e+01
2.0000e+03,1.4400e+02,1.0000e+00,2.1719e+01,-5.2499e+05,-5.2499e+05,-2.8771e-01,-5.2499e+05,1.1990e-01,7.1955e+00,4.9317e+05,3.5267e+03,-1.3190e+00,-1.4007e+00,5.4408e+00,1.2465e+00
2.0000e+03,1.4500e+02,1.0000e+00,2.1837e+01,-5.2496e+05,-5.2497e+05,-2.8971e-01,-5.2497e+05,1.1992e-01,7.1975e+00,4.9310e+05,3.5313e+03,1.1801e-01,-1.3856e+00,6.0196e+00,1.5595e+01
2.0000e+03,1.4600e+02,3.0000e+00,2.1889e+01,-5.2389e+05,-5.2390e+05,-2.9171e-01,-5.2390e+05,1.1994e-01,7.1995e+00,4.9307e+05,3.5482e+03,-3.7300e-01,-1.3522e+00,5.8595e+00,1.6932e+01
2.0000e+03,1.4700e+02,2.0000e+00,2.1973e+01,-5.2374e+05,-5.2375e+05,-2.9371e-01,-5.2375e+05,1.1995e-01,7.2015e+00,4.9201e+05,3.5588e+03,-1.3316e+00,-1.1740e+00,5.5738e+00,4.9667e+00
2.0000e+03,1.4800e+02,2.0000e+00,2.2057e+01,-5.2317e+05,-5.2318e+05,-2.9570e-01,-5.2318e+05,1.1997e-01,7.2035e+00,4.9185e+05,3.5698e+03,-1.2935e+00,-1.5147e+00,5.3733e+00,1.9088e+00
2.0000e+03,1.4900e+02,1.0000e+00,2.2173e+01,-5.2314e+05,-5.2315e+05,-2.9770e-01,-5.2315e+05,1.1999e-01,7.2054e+00,4.9129e+05,3.5755e+03,-6.6757e-01,-1.1224e+00,5.8039e+00,1.1007e+01
2.0000e+03,1.5000e+02,1.0000e+00,2.2288e+01,-5.2286e+05,-5.2287e+05,-2.9970e-01,-5.2287e+05,1.2000e-01,7.2075e+00,4.9125e+05,3.5809e+03,-1.3602e+00,-1.1122e+00,5.5295e+00,4.3949e+00
2.0000e+03,1.5100e+02,1.0000e+00,2.2404e+01,-5.2266e+05,-5.2267e+05,-3.0170e-01,-5.2267e+05,1.2002e-01,7.2095e+00,4.9097e+05,3.5873e+03,-1.0517e+00,-1.8613e+00,5.6262e+00,1.9478e+01
2.0000e+03,1.5200e+02,1.0000e+00,2.2519e+01,-5.2184e+05,-5.2185e+05,-3.0370e-01,-5.2185e+05,1.2004e-01,7.2114e+00,4.9077e+05,3.5949e+03,-4.5960e-01,-1.9580e+00,5.7874e+00,1.9768e+01
2.0000e+03,1.5300e+02,1.0000e+00,2.2633e+01,-5.2175e+05,-5.2176e+05,-3.0569e-01,-5.2176e+05,1.2005e-01,7.2135e+00,4.8995e+05,3.6003e+03,3.4233e-02,-1.2919e+00,5.9843e+00,1.1199e+01
2.0000e+03,1.5400e+02,2.0000e+00,2.2714e+01,-5.2153e+05,-5.2154e+05,-3.0769e-01,-5.2154e+05,1.2007e-01,7.2154e+00,4.8987e+05,3.6119e+03,-1.2253e+00,-1.8580e+00,5.3188e+00,2.2460e+00
2.0000e+03,1.5500e+02,2.0000e+00,2.2794e+01,-5.2140e+05,-5.2141e+05,-3.0969e-01,-5.2141e+05,1.2009e-01,7.2174e+00,4.8965e+05,3.6231e+03,-1.3723e+00,-1.5732e+00,5.5302e+00,1.4391e+01
2.0000e+03,1.5600e+02,1.0000e+00,2.2907e+01,-5.1991e+05,-5.1991e+05,-3.1169e-01,-5.1991e+05,1.2010e-01,7.2195e+00,4.8951e+05,3.6277e+03,-1.0904e+00,-1.7712e+00,5.2667e+00,4.9048e-01
2.0000e+03,1.5700e+02,1.0000e+00,2.3021e+01,-5.1973e+05,-5.1974e+05,-3.1369e-01,-5.1974e+05,1.2012e-01,7.2214e+00,4.8802e+05,3.6324e+03,-1.3704e+00,-1.6948e+00,5.4704e+00,1.1816e+01
2.0000e+03,1.5800e+02,1.0000e+00,2.3133e+01,-5.1956e+05,-5.1956e+05,-3.1568e-01,-5.1956e+05,1.2014e-01,7.2234e+00,4.8785e+05,3.6381e+03,-1.2805e-01,-1.6092e+00,5.8382e+00,4.3381e+00
2.0000e+03,1.5900e+02,1.0000e+00,2.3246e+01,-5.1914e+05,-5.1915e+05,-3.1768e-01,-5.1915e+05,1.2015e-01,7.2255e+00,4.8767e+05,3.6437e+03,-7.8137e-01,-1.9120e+00,5.6478e+00,1.7633e+01
2.0000e+03,1.6000e+02,1.0000e+00,2.3358e+01,-5.1893e+05,-5.1893e+05,-3.1968e-01,-5.1893e+05,1.2017e-01,7.2274e+00,4.8725e+05,3.6491e+03,-6.1209e-01,-1.0752e+00,5.3572e+00,1.7223e+00
2.0000e+03,1.6100e+02,1.0000e+00,2.3469e+01,-5.1890e+05,-5.1891e+05,-3.2168e-01,-5.1891e+05,1.2018e-01,7.2294e+00,4.8704e+05,3.6549e+03,-8.4361e-02,-1.7652e+00,5.9264e+00,7.2631e+00
2.0000e+03,1.6200e+02,1.0000e+00,2.3581e+01,-5.1807e+05,-5.1808e+05,-3.2368e-01,-5.1808e+05,1.2020e-01,7.2314e+00,4.8702e+05,3.6603e+03,-4.4947e-01,-1.7139e+00,5.2932e+00,1.8970e+00
2.0000e+03,1.6300e+02,1.0000e+00,2.3692e+01,-5.1700e+05,-5.1701e+05,-3.2567e-01,-5.1701e+05,1.2022e-01,7.2334e+00,4.8618e+05,3.6657e+03,-1.0044e+00,-1.9550e+00,5.5273e+00,1.6711e+01
2.0000e+03,1.6400e+02,1.0000e+00,2.3803e+01,-5.1686e+05,-5.1687e+05,-3.2767e-01,-5.1687e+05,1.2023e-01,7.2354e+00,4.8512e+05,3.6703e+03,-8.0544e-01,-1.6165e+00,5.5831e+00,9.6669e+00
2.0000e+03,1.6500e+02,1.0000e+00,2.3913e+01,-5.1649e+05,-5.1650e+05,-3.2967e-01,-5.1650e+05,1.2025e-01,7.2374e+00,4.8497e+05,3.6750e+03,-9.2557e-01,-1.2829e+00,5.2537e+00,2.7838e+00
2.0000e+03,1.6600e+02,1.0000e+00,2.4023e+01,-5.1634e+05,-5.1634e+05,-3.3167e-01,-5.1634e+05,1.2027e-01,7.2394e+00,4.8461e+05,3.6804e+03,-3.8821e-02,-1.0109e+00,5.8987e+00,1.9593e+01
2.0000e+03,1.6700e+02,2.0000e+00,2.4098e+01,-5.1625e+05,-5.1626e+05,-3.3367e-01,-5.1626e+05,1.2028e-01,7.2414e+00,4.8445e+05,3.6918e+03,-6.4682e-01,-1.1723e+00,5.2529e+00,4.7577e-01
2.0000e+03,1.6800e+02,2.0000e+00,2.4173e+01,-5.1517e+05,-5.1518e+05,-3.3566e-01,-5.1518e+05,1.2030e-01,7.2434e+00,4.8437e+05,3.7030e+03,-4.6683e-02,-1.0999e+00,5.8958e+00,1.2023e+01
2.0000e+03,1.6900e+02,1.0000e+00,2.4282e+01,-5.1476e+05,-5.1476e+05,-3.3766e-01,-5.1476e+05,1.2032e-01,7.2454e+00,4.8329e+05,3.7079e+03,-1.0893e+00,-1.1168e+00,5.4791e+00,1.4247e+01
2.0000e+03,1.7000e+02,1.0000e+00,2.4390e+01,-5.1425e+05,-5.1426e+05,-3.3966e-01,-5.1426e+05,1.2033e-01,7.2474e+00,4.8287e+05,3.7135e+03,-1.3821e+00,-1.9209e+00,5.3212e+00,1.0515e+01
2.0000e+03,1.7100e+02,1.0000e+00,2.4499e+01,-5.1325e+05,-5.1325e+05,-3.4166e-01,-5.1325e+05,1.2035e-01,7.2494e+00,4.8236e+05,3.7187e+03,-7.1942e-01,-1.3774e+00,5.5822e+00,1.0067e+01
2.0000e+03,1.7200e+02,1.0000e+00,2.4607e+01,-5.1323e+05,-5.1324e+05,-3.4366e-01,-5.1324e+05,1.2037e-01,7.2514e+00,4.8136e+05,3.7241e+03,-5.4887e-01,-1.6556e+00,5.2044e+00,2.6115e+00
2.0000e+03,1.7300e+02,1.0000e+00,2.4714e+01,-5.1301e+05,-5.1302e+05,-3.4565e-01,-5.1302e+05,1.2038e-01,7.2534e+00,4.8135e+05,3.7295e+03,2.5966e-01,-1.0030e+00,5.9186e+00,1.4531e+01
2.0000e+03,1.7400e+02,2.0000e+00,2.4786e+01,-5.1275e+05,-5.1276e+05,-3.4765e-01,-5.1276e+05,1.2040e-01,7.2554e+00,4.8113e+05,3.7412e+03,-4.6138e-01,-1.7610e+00,5.6477e+00,1.9922e+01
2.0000e+03,1.7500e+02,1.0000e+00,2.4893e+01,-5.1163e+05,-5.1164e+05,-3.4965e-01,-5.1164e+05,1.2042e-01,7.2574e+00,4.8087e+05,3.7468e+03,1.8438e-02,-1.0785e+00,5.6984e+00,4.2383e+00
2.0000e+03,1.7600e+02,1.0000e+00,2.5000e+01,-5.1139e+05,-5.1140e+05,-3.5165e-01,-5.1140e+05,1.2043e-01,7.2594e+00,4.7975e+05,3.7522e+03,-2.3516e-01,-1.1557e+00,5.3551e+00,3.0229e+00
2.0000e+03,1.7700e+02,1.0000e+00,2.5106e+01,-5.1138e+05,-5.1138e+05,-3.5365e-01,-5.1138e+05,1.2045e-01,7.2614e+00,4.7951e+05,3.7577e+03,2.3928e-01,-1.1678e+00,5.8928e+00,1.1014e+01
2.0000e+03,1.7800e+02,2.0000e+00,2.5177e+01,-5.1132e+05,-5.1133e+05,-3.5564e-01,-5.1133e+05,1.2047e-01,7.2634e+00,4.7949e+05,3.7690e+03,-9.2670e-01,-1.5076e+00,5.4096e+00,1.0248e+01
2.0000e+03,1.7900e+02,1.0000e+00,2.5282e+01,-5.1097e+05,-5.1098e+05,-3.5764e-01,-5.1098e+05,1.2048e-01,7.2654e+00,4.7944e+05,3.7735e+03,-4.8684e-01,-1.7088e+00,5.3582e+00,6.0478e-01
2.0000e+03,1.8000e+02,1.0000e+00,2.5388e+01,-5.1096e+05,-5.1097e+05,-3.5964e-01,-5.1097e+05,1.2050e-01,7.2670e+00,4.7909e+05,3.7788e+03,-1.3644e+00,-1.8983e+00,5.0835e+00,4.1211e+00
2.0000e+03,1.8100e+02,2.0000e+00,2.5457e+01,-5.1082e+05,-5.1082e+05,-3.6164e-01,-5.1082e+05,1.2052e-01,7.2694e+00,4.7907e+05,3.7898e+03,3.1635e-01,-1.4054e+00,5.8675e+00,6.9476e+00
2.0000e+03,1.8200e+02,1.0000e+00,2.5562e+01,-5.1019e+05,-5.1020e+05,-3.6364e-01,-5.1020e+05,1.2053e-01,7.2714e+00,4.7893e+05,3.7951e+03,-1.3929e+00,-1.7868e+00,5.2124e+00,1.5347e+01
2.0000e+03,1.8300e+02,1.0000e+00,2.5666e+01,-5.1013e+05,-5.1014e+05,-3.6563e-01,-5.1014e+05,1.2055e-01,7.2734e+00,4.7830e+05,3.8004e+03,-3.4009e-01,-1.2726e+00,5.6520e+00,8.1395e+00
2.0000e+03,1.8400e+02,1.0000e+00,2.5770e+01,-5.0979e+05,-5.0980e+05,-3.6763e-01,-5.0980e+05,1.2057e-01,7.2754e+00,4.7824e+05,3.8051e+03,-1.2887e+00,-1.4227e+00,5.2716e+00,1.9325e+01
2.0000e+03,1.8500e+02,2.0000e+00,2.5838e+01,-5.0972e+05,-5.0973e+05,-3.6963e-01,-5.0973e+05,1.2058e-01,7.2774e+00,4.7791e+05,3.8165e+03,-8.0519e-01,-1.8714e+00,5.4065e+00,7.8865e+00
2.0000e+03,1.8600e+02,1.0000e+00,2.5941e+01,-5.0919e+05,-5.0920e+05,-3.7163e-01,-5.0920e+05,1.2060e-01,7.2794e+00,4.7783e+05,3.8219e+03,1.8582e-01,-1.9940e+00,5.2295e+00,2.3856e+00
2.0000e+03,1.8700e+02,1.0000e+00,2.6045e+01,-5.0911e+05,-5.0911e+05,-3.7363e-01,-5.0911e+05,1.2062e-01,7.2814e+00,4.7731e+05,3.8273e+03,4.2891e-01,-1.9830e+00,5.3829e+00,2.8948e+00
2.0000e+03,1.8800e+02,1.0000e+00,2.6147e+01,-5.0872e+05,-5.0873e+05,-3.7562e-01,-5.0873e+05,1.2063e-01,7.2834e+00,4.7722e+05,3.8319e+03,-1.3250e+00,-1.7432e+00,5.2006e+00,1.1437e+01
2.0000e+03,1.8900e+02,1.0000e+00,2.6250e+01,-5.0835e+05,-5.0835e+05,-3.7762e-01,-5.0835e+05,1.2065e-01,7.2854e+00,4.7683e+05,3.8373e+03,-2.8665e-01,-1.1778e+00,5.1398e+00,2.4467e+00
2.0000e+03,1.9000e+02,3.0000e+00,2.6279e+01,-5.0656e+05,-5.0656e+05,-3.7962e-01,-5.0656e+05,1.2067e-01,7.2874e+00,4.7646e+05,3.8537e+03,-1.3924e+00,-1.1372e+00,5.1499e+00,1.7406e+01
2.0000e+03,1.9100e+02,1.0000e+00,2.6381e+01,-5.0581e+05,-5.0582e+05,-3.8162e-01,-5.0582e+05,1.2068e-01,7.2894e+00,4.7467e+05,3.8583e+03,-8.8005e-02,-1.8502e+00,5.7303e+00,1.6637e+01
2.0000e+03,1.9200e+02,1.0000e+00,2.6483e+01,-5.0560e+05,-5.0561e+05,-3.8362e-01,-5.0561e+05,1.2070e-01,7.2914e+00,4.7392e+05,3.8630e+03,-1.3077e+00,-1.1807e+00,5.1480e+00,1.5694e+01
2.0000e+03,1.9300e+02,1.0000e+00,2.6584e+01,-5.0547e+05,-5.0548e+05,-3.8561e-01,-5.0548e+05,1.2072e-01,7.2934e+00,4.7371e+05,3.8686e+03,-8.8520e-01,-1.7016e+00,5.2963e+00,1.1943e+01
2.0000e+03,1.9400e+02,1.0000e+00,2.6685e+01,-5.0522e+05,-5.0523e+05,-3.8761e-01,-5.0523e+05,1.2073e-01,7.2954e+00,4.7358e+05,3.8740e+03,-1.0936e+00,-1.3330e+00,4.8739e+00,1.1343e+00
2.0000e+03,1.9500e+02,3.0000e+00,2.6712e+01,-5.0522e+05,-5.0523e+05,-3.8961e-01,-5.0523e+05,1.1371e-01,6.4720e+00,4.7334e+05,3.8898e+03,-4.2517e-01,-1.0797e+00,5.5512e+00,1.0771e+01
2.0000e+03,1.9600e+02,1.0000e+00,2.6813e+01,-5.0517e+05,-5.0518e+05,-3.9161e-01,-5.0518e+05,1.2076e-01,7.2994e+00,4.7333e+05,3.8944e+03,-1.1421e+00,-1.1380e+00,5.1464e+00,6.3696e+00
2.0000e+03,1.9700e+02,1.0000e+00,2.6913e+01,-5.0516e+05,-5.0517e+05,-3.9361e-01,-5.0517e+05,1.2078e-01,7.3007e+00,4.7329e+05,3.8997e+03,-8.8617e-01,-1.6913e+00,5.2010e+00,6.7483e+00
2.0000e+03,1.9800e+02,1.0000e+00,2.7012e+01,-5.0510e+05,-5.0510e+05,-3.9560e-01,-5.0510e+05,1.2080e-01,7.3034e+00,4.7328e+05,3.9042e+03,-9.5886e-01,-1.7733e+00,5.2400e+00,1.0917e+01
2.0000e+03,1.9900e+02,1.0000e+00,2.7112e+01,-5.0487e+05,-5.0488e+05,-3.9760e-01,-5.0488e+05,1.2081e-01,7.3054e+00,4.7321e+05,3.9098e+03,-1.3217e-01,-1.9388e+00,5.7027e+00,1.3485e+01
2.0000e+03,2.0000e+02,1.0000e+00,2.7211e+01,-5.0457e+05,-5.0458e+05,-3.9960e-01,-5.0458e+05,1.2083e-01,7.3073e+00,4.7299e+05,3.9151e+03,-1.9138e-02,-1.4357e+00,5.7293e+00,9.1623e+00
2.0000e+03,2.0100e+02,1.0000e+00,2.7310e+01,-5.0453e+05,-5.0454e+05,-4.0160e-01,-5.0454e+05,1.2085e-01,7.3094e+00,4.7269e+05,3.9197e+03,-1.4911e+00,-1.6852e+00,5.0523e+00,1.9878e+01
2.0000e+03,2.0200e+02,1.0000e+00,2.7408e+01,-5.0421e+05,-5.0422e+05,-4.0360e-01,-5.0422e+05,1.2086e-01,7.3113e+00,4.7264e+05,3.9243e+03,-1.1365e+00,-1.2210e+00,5.1971e+00,1.1084e+01
2.0000e+03,2.0300e+02,1.0000e+00,2.7507e+01,-5.0413e+05,-5.0414e+05,-4.0559e-01,-5.0414e+05,1.2088e-01,7.3133e+00,4.7233e+05,3.9288e+03,4.7456e-01,-1.0505e+00,5.7608e+00,1.2841e+01
2.0000e+03,2.0400e+02,1.0000e+00,2.7605e+01,-5.0390e+05,-5.0391e+05,-4.0759e-01,-5.0391e+05,1.2090e-01,7.3154e+00,4.7225e+05,3.9333e+03,-1.1395e+00,-1.0889e+00,5.2233e+00,1.8258e+01
2.0000e+03,2.0500e+02,2.0000e+00,2.7665e+01,-5.0389e+05,-5.0389e+05,-4.0959e-01,-5.0389e+05,1.2091e-01,7.3173e+00,4.7201e+05,3.9447e+03,-1.4162e+00,-1.8258e+00,4.8270e+00,3.5405e+00
2.0000e+03,2.0600e+02,2.0000e+00,2.7725e+01,-5.0386e+05,-5.0387e+05,-4.1159e-01,-5.0387e+05,1.2093e-01,7.3193e+00,4.7200e+05,3.9550e+03,-1.2481e+00,-1.2809e+00,5.0775e+00,7.7957e+00
2.0000e+03,2.0700e+02,1.0000e+00,2.7823e+01,-5.0372e+05,-5.0373e+05,-4.1359e-01,-5.0373e+05,1.2095e-01,7.3214e+00,4.7197e+05,3.9596e+03,-6.1411e-01,-1.4205e+00,5.0878e+00,3.6246e+00
2.0000e+03,2.0800e+02,2.0000e+00,2.7882e+01,-5.0369e+05,-5.0370e+05,-4.1558e-01,-5.0370e+05,1.2096e-01,7.3233e+00,4.7184e+05,3.9708e+03,-2.0829e-01,-1.5673e+00,5.6530e+00,1.4009e+01
2.0000e+03,2.0900e+02,1.0000e+00,2.7979e+01,-5.0335e+05,-5.0336e+05,-4.1758e-01,-5.0336e+05,1.2098e-01,7.3253e+00,4.7180e+05,3.9755e+03,-1.4309e+00,-1.9349e+00,4.8947e+00,5.4533e+00
2.0000e+03,2.1000e+02,1.0000e+00,2.8075e+01,-5.0321e+05,-5.0321e+05,-4.1958e-01,-5.0321e+05,1.2100e-01,7.3273e+00,4.7146e+05,3.9800e+03,-1.1818e+00,-1.5606e+00,5.1466e+00,1.8509e+01
2.0000e+03,2.1100e+02,1.0000e+00,2.8171e+01,-5.0317e+05,-5.0318e+05,-4.2158e-01,-5.0318e+05,1.2101e-01,7.3293e+00,4.7132e+05,3.9854e+03,-7.1203e-01,-1.5434e+00,5.3439e+00,9.5700e+00
2.0000e+03,2.1200e+02,2.0000e+00,2.8229e+01,-5.0291e+05,-5.0291e+05,-4.2358e-01,-5.0291e+05,1.2103e-01,7.3313e+00,4.7128e+05,3.9952e+03,-1.1750e+00,-1.4172e+00,4.8521e+00,3.1848e+00
2.0000e+03,2.1300e+02,1.0000e+00,2.8324e+01,-5.0231e+05,-5.0232e+05,-4.2557e-01,-5.0232e+05,1.2105e-01,7.3333e+00,4.7102e+05,4.0007e+03,-5.7422e-01,-1.1528e+00,5.3901e+00,7.4205e+00
2.0000e+03,2.1400e+02,2.0000e+00,2.8382e+01,-5.0227e+05,-5.0228e+05,-4.2757e-01,-5.0228e+05,1.2106e-01,7.3353e+00,4.7042e+05,4.0114e+03,-1.0321e+00,-1.3170e+00,5.1719e+00,1.1920e+01
2.0000e+03,2.1500e+02,2.0000e+00,2.8439e+01,-5.0227e+05,-5.0228e+05,-4.2957e-01,-5.0228e+05,1.1868e-01,7.0494e+00,4.7039e+05,4.0224e+03,3.4735e-01,-1.5408e+00,5.1479e+00,2.5240e+00
2.0000e+03,2.1600e+02,1.0000e+00,2.8534e+01,-5.0209e+05,-5.0209e+05,-4.3157e-01,-5.0209e+05,1.2109e-01,7.3393e+00,4.7038e+05,4.0279e+03,-2.4594e-01,-1.4517e+00,5.5880e+00,1.0624e+01
2.0000e+03,2.1700e+02,1.0000e+00,2.8628e+01,-5.0200e+05,-5.0200e+05,-4.3357e-01,-5.0200e+05,1.2111e-01,7.3413e+00,4.7020e+05,4.0332e+03,2.8755e-02,-1.9257e+00,5.1418e+00,3.3007e+00
2.0000e+03,2.1800e+02,1.0000e+00,2.8722e+01,-5.0099e+05,-5.0100e+05,-4.3556e-01,-5.0100e+05,1.2113e-01,7.3433e+00,4.7011e+05,4.0377e+03,-1.3627e+00,-1.6794e+00,4.9615e+00,1.2240e+01
2.0000e+03,2.1900e+02,1.0000e+00,2.8816e+01,-5.0043e+05,-5.0043e+05,-4.3756e-01,-5.0043e+05,1.2114e-01,7.3453e+00,4.6910e+05,4.0431e+03,2.2745e-01,-1.5945e+00,5.4825e+00,2.5575e+00
2.0000e+03,2.2000e+02,2.0000e+00,2.8871e+01,-5.0039e+05,-5.0040e+05,-4.3956e-01,-5.0040e+05,1.2116e-01,7.3473e+00,4.6854e+05,4.0545e+03,-1.1080e+00,-1.9613e+00,5.0793e+00,1.1336e+01
2.0000e+03,2.2100e+02,1.0000e+00,2.8965e+01,-4.9945e+05,-4.9946e+05,-4.4156e-01,-4.9946e+05,1.2118e-01,7.3493e+00,4.6850e+05,4.0599e+03,-1.1335e+00,-1.2026e+00,5.0618e+00,1.1158e+01
2.0000e+03,2.2200e+02,2.0000e+00,2.9020e+01,-4.9911e+05,-4.9911e+05,-4.4356e-01,-4.9911e+05,1.2119e-01,7.3513e+00,4.6756e+05,4.0710e+03,-1.3308e+00,-1.6667e+00,4.9529e+00,1.8581e+01
2.0000e+03,2.2300e+02,1.0000e+00,2.9112e+01,-4.9900e+05,-4.9901e+05,-4.4555e-01,-4.9901e+05,1.2121e-01,7.3533e+00,4.6722e+05,4.0768e+03,-5.9244e-01,-1.6060e+00,5.3582e+00,1.1120e+01
2.0000e+03,2.2400e+02,1.0000e+00,2.9205e+01,-4.9892e+05,-4.9893e+05,-4.4755e-01,-4.9893e+05,1.2123e-01,7.3553e+00,4.6712e+05,4.0822e+03,-1.2292e+00,-1.9955e+00,4.6876e+00,4.3020e-01
2.0000e+03,2.2500e+02,1.0000e+00,2.9297e+01,-4.9883e+05,-4.9884e+05,-4.4955e-01,-4.9884e+05,1.2124e-01,7.3573e+00,4.6703e+05,4.0879e+03,-6.0518e-01,-1.8936e+00,5.3263e+00,1.0095e+01
2.0000e+03,2.2600e+02,1.0000e+00,2.9389e+01,-4.9882e+05,-4.9883e+05,-4.5155e-01,-4.9883e+05,1.2123e-01,7.3559e+00,4.6694e+05,4.0933e+03,3.3307e-02,-1.7783e+00,5.5338e+00,6.1606e+00
2.0000e+03,2.2700e+02,1.0000e+00,2.9481e+01,-4.9841e+05,-4.9842e+05,-4.5355e-01,-4.9842e+05,1.2128e-01,7.3613e+00,4.6694e+05,4.0988e+03,-1.2079e+00,-1.8184e+00,5.0003e+00,1.6897e+01
2.0000e+03,2.2800e+02,2.0000e+00,2.9534e+01,-4.9815e+05,-4.9815e+05,-4.5554e-01,-4.9815e+05,1.2129e-01,7.3633e+00,4.6653e+05,4.1102e+03,-8.2369e-01,-1.5157e+00,4.7310e+00,8.1718e-01
2.0000e+03,2.2900e+02,1.0000e+00,2.9625e+01,-4.9812e+05,-4.9813e+05,-4.5754e-01,-4.9813e+05,1.2131e-01,7.3653e+00,4.6626e+05,4.1156e+03,-8.5975e-01,-1.4733e+00,5.1486e+00,1.7642e+01
