nlive,niter,nc,eff,logl,logwt,logvol,logz,logzerr,h,delta_logz,time_elapsed,logfeh_mean,logdust_med,logNpix,tau,dmod
2.0000e+03,1.0000e+00,1.0000e+00,3.3223e-01,-3.1606e+06,-3.1606e+06,-3.3278e-03,-inf,1.4594e-01,6.3999e+00,inf,5.0864e+00,-1.5664e+00,-2.9800e+00,7.6321e+00,1.2145e+01,2.5033e+01
2.0000e+03,2.0000e+00,1.0000e+00,6.6225e-01,-3.1053e+06,-3.1053e+06,-6.6556e-03,-inf,1.4597e-01,6.4030e+00,inf,1.3891e+01,2.3743e-01,-1.1480e+00,7.7695e+00,1.0990e+01,2.5032e+01
2.0000e+03,3.0000e+00,1.0000e+00,9.9010e-01,-3.0802e+06,-3.0802e+06,-9.9834e-03,-inf,1.4602e-01,6.4075e+00,inf,2.1304e+01,-2.8114e+00,-1.4192e+00,7.8560e+00,2.5665e+00,2.5597e+01
2.0000e+03,4.0000e+00,1.0000e+00,1.3158e+00,-3.0701e+06,-3.0701e+06,-1.3311e-02,-inf,1.4606e-01,6.4105e+00,inf,2.6138e+01,-2.9673e+00,1.5227e-01,7.8179e+00,1.1182e+01,2.5424e+01
2.0000e+03,5.0000e+00,1.0000e+00,1.6393e+00,-3.0439e+06,-3.0439e+06,-1.6639e-02,-inf,1.4609e-01,6.4136e+00,inf,3.2326e+01,-2.3043e+00,-1.4462e+00,7.3981e+00,1.3462e+01,2.5408e+01
2.0000e+03,6.0000e+00,1.0000e+00,1.9608e+00,-3.0075e+06,-3.0075e+06,-1.9967e-02,-inf,1.4613e-01,6.4167e+00,inf,3.9172e+01,-1.2090e+00,-4.7342e-02,7.9483e+00,1.2652e+01,2.6427e+01
2.0000e+03,7.0000e+00,1.0000e+00,2.2801e+00,-3.0010e+06,-3.0011e+06,-2.3295e-02,-inf,1.4616e-01,6.4197e+00,inf,4.4091e+01,-8.7904e-01,3.7679e-01,7.7407e+00,1.8608e+01,2.5923e+01
2.0000e+03,8.0000e+00,1.0000e+00,2.5974e+00,-2.9906e+06,-2.9906e+06,-2.6622e-02,-inf,1.4621e-01,6.4242e+00,inf,5.0297e+01,-2.3169e+00,-2.7991e+00,7.3180e+00,1.6630e+01,2.5795e+01
2.0000e+03,9.0000e+00,1.0000e+00,2.9126e+00,-2.9556e+06,-2.9556e+06,-2.9950e-02,-inf,1.4625e-01,6.4272e+00,inf,5.6993e+01,-1.1565e+00,-7.9596e-01,7.0521e+00,1.2859e+01,2.5113e+01
2.0000e+03,1.0000e+01,1.0000e+00,3.2258e+00,-2.9435e+06,-2.9435e+06,-3.3278e-02,-inf,1.4628e-01,6.4303e+00,inf,6.3272e+01,-2.4566e+00,-1.7365e+00,7.6406e+00,2.6902e+00,2.6364e+01
2.0000e+03,1.1000e+01,1.0000e+00,3.5370e+00,-2.9116e+06,-2.9117e+06,-3.6606e-02,-inf,1.4632e-01,6.4334e+00,inf,6.9506e+01,-1.6930e+00,-2.9566e+00,7.3752e+00,1.7478e+01,2.6759e+01
2.0000e+03,1.2000e+01,1.0000e+00,3.8462e+00,-2.8907e+06,-2.8907e+06,-3.9933e-02,-inf,1.4635e-01,6.4364e+00,inf,7.8704e+01,-2.6779e-01,-1.2477e-01,7.6273e+00,1.2238e+01,2.6450e+01
2.0000e+03,1.3000e+01,1.0000e+00,4.1534e+00,-2.8904e+06,-2.8904e+06,-4.3261e-02,-inf,1.4640e-01,6.4408e+00,inf,8.4315e+01,-9.9569e-01,-2.5777e+00,7.9997e+00,1.9948e+01,2.8474e+01
2.0000e+03,1.4000e+01,1.0000e+00,4.4586e+00,-2.8881e+06,-2.8881e+06,-4.6589e-02,-inf,1.4644e-01,6.4439e+00,inf,9.0468e+01,-2.9238e+00,-1.4308e+00,7.1449e+00,1.5540e+01,2.6246e+01
2.0000e+03,1.5000e+01,1.0000e+00,4.7619e+00,-2.8806e+06,-2.8806e+06,-4.9917e-02,-inf,1.4647e-01,6.4470e+00,inf,9.5575e+01,-2.3230e+00,-4.0983e-01,7.6538e+00,1.0366e+01,2.7150e+01
2.0000e+03,1.6000e+01,1.0000e+00,5.0633e+00,-2.8729e+06,-2.8729e+06,-5.3245e-02,-inf,1.4651e-01,6.4501e+00,inf,1.0119e+02,-2.8624e+00,-1.4888e+00,6.8342e+00,8.5043e+00,2.5442e+01
2.0000e+03,1.7000e+01,1.0000e+00,5.3628e+00,-2.8710e+06,-2.8711e+06,-5.6572e-02,-inf,1.4654e-01,6.4531e+00,inf,1.0579e+02,-1.6376e-01,3.7435e-01,7.6617e+00,1.1864e+01,2.6558e+01
2.0000e+03,1.8000e+01,1.0000e+00,5.6604e+00,-2.8609e+06,-2.8610e+06,-5.9900e-02,-inf,1.4658e-01,6.4562e+00,inf,1.1034e+02,-1.5244e+00,2.6258e-01,6.9411e+00,8.9590e+00,2.5146e+01
2.0000e+03,1.9000e+01,1.0000e+00,5.9561e+00,-2.8594e+06,-2.8594e+06,-6.3228e-02,-inf,1.4663e-01,6.4606e+00,inf,1.1742e+02,-1.1813e+00,-2.2727e+00,7.0008e+00,4.5606e+00,2.5693e+01
2.0000e+03,2.0000e+01,1.0000e+00,6.2500e+00,-2.8560e+06,-2.8560e+06,-6.6556e-02,-inf,1.4666e-01,6.4637e+00,inf,1.2280e+02,-2.9511e+00,-8.6858e-01,7.9085e+00,4.5597e+00,2.7936e+01
2.0000e+03,2.1000e+01,1.0000e+00,6.5421e+00,-2.8477e+06,-2.8477e+06,-6.9884e-02,-inf,1.4670e-01,6.4667e+00,inf,1.2860e+02,-1.9548e+00,1.5634e-02,7.2465e+00,1.5395e+01,2.6306e+01
2.0000e+03,2.2000e+01,1.0000e+00,6.8323e+00,-2.8338e+06,-2.8338e+06,-7.3211e-02,-inf,1.4673e-01,6.4698e+00,inf,1.3482e+02,-6.4510e-01,-2.6938e+00,7.0957e+00,1.5671e+01,2.6587e+01
2.0000e+03,2.3000e+01,1.0000e+00,7.1207e+00,-2.8326e+06,-2.8327e+06,-7.6539e-02,-inf,1.4677e-01,6.4729e+00,inf,1.4103e+02,-1.4061e+00,-2.4552e+00,7.9676e+00,1.7805e+01,2.9019e+01
2.0000e+03,2.4000e+01,1.0000e+00,7.4074e+00,-2.8200e+06,-2.8200e+06,-7.9867e-02,-inf,1.4682e-01,6.4773e+00,inf,1.4844e+02,-2.9706e+00,-1.3496e+00,6.8194e+00,1.8471e+01,2.6157e+01
2.0000e+03,2.5000e+01,1.0000e+00,7.6923e+00,-2.8098e+06,-2.8098e+06,-8.3195e-02,-inf,1.4685e-01,6.4804e+00,inf,1.5477e+02,-1.8688e+00,-9.3331e-01,6.8312e+00,5.8125e+00,2.5865e+01
2.0000e+03,2.6000e+01,1.0000e+00,7.9755e+00,-2.8024e+06,-2.8024e+06,-8.6523e-02,-inf,1.4689e-01,6.4834e+00,inf,1.6132e+02,-1.8450e+00,-8.7664e-01,6.5773e+00,1.2597e+01,2.5590e+01
2.0000e+03,2.7000e+01,1.0000e+00,8.2569e+00,-2.7820e+06,-2.7820e+06,-8.9850e-02,-inf,1.4692e-01,6.4865e+00,inf,1.6697e+02,-1.5200e+00,2.6720e-01,7.9518e+00,1.1002e+01,2.8651e+01
2.0000e+03,2.8000e+01,1.0000e+00,8.5366e+00,-2.7777e+06,-2.7777e+06,-9.3178e-02,-inf,1.4696e-01,6.4896e+00,inf,1.7384e+02,-2.8175e+00,-2.6754e+00,7.0959e+00,3.4462e+00,2.6814e+01
2.0000e+03,2.9000e+01,1.0000e+00,8.8146e+00,-2.7776e+06,-2.7776e+06,-9.6506e-02,-inf,1.4701e-01,6.4940e+00,inf,1.7966e+02,-3.8914e-02,-1.3433e+00,7.2204e+00,4.5973e+00,2.6521e+01
2.0000e+03,3.0000e+01,1.0000e+00,9.0909e+00,-2.7626e+06,-2.7626e+06,-9.9834e-02,-inf,1.4704e-01,6.4970e+00,inf,1.8609e+02,-5.5721e-01,-2.0960e+00,7.3265e+00,1.0694e+01,2.7790e+01
2.0000e+03,3.1000e+01,1.0000e+00,9.3656e+00,-2.7617e+06,-2.7618e+06,-1.0316e-01,-inf,1.4708e-01,6.5001e+00,inf,1.9227e+02,-2.6188e+00,-1.3815e+00,7.0908e+00,9.3532e+00,2.7331e+01
2.0000e+03,3.2000e+01,2.0000e+00,9.6096e+00,-2.7607e+06,-2.7607e+06,-1.0649e-01,-inf,1.4711e-01,6.5032e+00,inf,2.0486e+02,-2.7760e+00,-1.2294e+00,7.4674e+00,3.0643e+00,2.7847e+01
2.0000e+03,3.3000e+01,3.0000e+00,9.8214e+00,-2.7547e+06,-2.7547e+06,-1.0982e-01,-inf,1.4714e-01,6.5063e+00,inf,2.2944e+02,-1.3093e+00,-2.5613e+00,7.7156e+00,4.3881e-01,2.8383e+01
2.0000e+03,3.4000e+01,1.0000e+00,1.0089e+01,-2.7410e+06,-2.7410e+06,-1.1314e-01,-inf,1.4719e-01,6.5107e+00,inf,2.3582e+02,1.1464e-01,-2.4104e+00,7.0685e+00,1.4085e+01,2.7111e+01
2.0000e+03,3.5000e+01,1.0000e+00,1.0355e+01,-2.7392e+06,-2.7392e+06,-1.1647e-01,-inf,1.4723e-01,6.5137e+00,inf,2.4238e+02,-8.4351e-01,-2.2325e+00,6.9802e+00,1.2993e+01,2.7365e+01
2.0000e+03,3.6000e+01,1.0000e+00,1.0619e+01,-2.7320e+06,-2.7320e+06,-1.1980e-01,-inf,1.4726e-01,6.5168e+00,inf,2.4945e+02,1.9243e-01,-2.3317e-01,7.9367e+00,1.9180e+01,2.8960e+01
2.0000e+03,3.7000e+01,1.0000e+00,1.0882e+01,-2.7315e+06,-2.7315e+06,-1.2313e-01,-inf,1.4730e-01,6.5199e+00,inf,2.5581e+02,-2.5388e+00,2.4513e-01,6.6224e+00,7.9154e+00,2.5703e+01
2.0000e+03,3.8000e+01,1.0000e+00,1.1144e+01,-2.7313e+06,-2.7313e+06,-1.2646e-01,-inf,1.4733e-01,6.5230e+00,inf,2.6091e+02,-1.6914e+00,-1.5432e+00,7.0207e+00,1.5239e+01,2.7741e+01
2.0000e+03,3.9000e+01,1.0000e+00,1.1404e+01,-2.7309e+06,-2.7309e+06,-1.2978e-01,-inf,1.4738e-01,6.5273e+00,inf,2.6633e+02,-1.4518e+00,-1.6677e+00,6.6608e+00,1.4268e+01,2.6775e+01
2.0000e+03,4.0000e+01,1.0000e+00,1.1662e+01,-2.7271e+06,-2.7272e+06,-1.3311e-01,-inf,1.4742e-01,6.5304e+00,inf,2.7145e+02,-1.6914e+00,-1.5947e+00,7.4008e+00,4.9727e+00,2.8320e+01
2.0000e+03,4.1000e+01,1.0000e+00,1.1919e+01,-2.7231e+06,-2.7231e+06,-1.3644e-01,-inf,1.4745e-01,6.5335e+00,inf,2.7761e+02,-1.7172e+00,-2.7698e+00,6.3025e+00,1.0297e+01,2.5884e+01
2.0000e+03,4.2000e+01,2.0000e+00,1.2139e+01,-2.7212e+06,-2.7212e+06,-1.3977e-01,-inf,1.4749e-01,6.5366e+00,inf,2.9170e+02,-2.9021e+00,2.2569e-02,7.9890e+00,6.5737e+00,2.9251e+01
2.0000e+03,4.3000e+01,2.0000e+00,1.2356e+01,-2.7211e+06,-2.7211e+06,-1.4309e-01,-inf,1.4752e-01,6.5397e+00,inf,3.0425e+02,-9.1059e-01,-8.0036e-01,7.8612e+00,3.6087e+00,2.9000e+01
2.0000e+03,4.4000e+01,1.0000e+00,1.2607e+01,-2.7141e+06,-2.7141e+06,-1.4642e-01,-inf,1.4756e-01,6.5428e+00,inf,3.1057e+02,-1.4709e+00,-8.5748e-01,7.3456e+00,1.2552e+01,2.8530e+01
2.0000e+03,4.5000e+01,1.0000e+00,1.2857e+01,-2.7123e+06,-2.7123e+06,-1.4975e-01,-inf,1.4761e-01,6.5471e+00,inf,3.1509e+02,4.0920e-01,-3.6025e-01,7.3334e+00,8.5029e-01,2.6429e+01
2.0000e+03,4.6000e+01,1.0000e+00,1.3105e+01,-2.7113e+06,-2.7113e+06,-1.5308e-01,-inf,1.4764e-01,6.5502e+00,inf,3.2294e+02,-2.1017e+00,-5.5104e-01,7.2126e+00,1.9675e+01,2.8205e+01
2.0000e+03,4.7000e+01,1.0000e+00,1.3352e+01,-2.7090e+06,-2.7090e+06,-1.5641e-01,-inf,1.4768e-01,6.5533e+00,inf,3.2803e+02,-2.6133e-01,-3.3439e-01,7.3152e+00,1.3207e+01,2.7842e+01
2.0000e+03,4.8000e+01,1.0000e+00,1.3598e+01,-2.7018e+06,-2.7018e+06,-1.5973e-01,-inf,1.4771e-01,6.5564e+00,inf,3.3259e+02,-1.9608e+00,-1.6982e+00,6.6216e+00,1.8033e+01,2.7137e+01
2.0000e+03,4.9000e+01,1.0000e+00,1.3842e+01,-2.6977e+06,-2.6977e+06,-1.6306e-01,-inf,1.4774e-01,6.5595e+00,inf,3.3884e+02,-1.5428e+00,-8.0243e-01,7.2589e+00,1.4815e+00,2.7752e+01
2.0000e+03,5.0000e+01,1.0000e+00,1.4085e+01,-2.6898e+06,-2.6898e+06,-1.6639e-01,-inf,1.4779e-01,6.5638e+00,inf,3.4341e+02,-8.2028e-01,-1.2721e+00,6.7243e+00,1.4271e+01,2.7220e+01
2.0000e+03,5.1000e+01,1.0000e+00,1.4326e+01,-2.6734e+06,-2.6734e+06,-1.6972e-01,-inf,1.4783e-01,6.5669e+00,inf,3.4965e+02,-1.0171e+00,-1.0404e-01,7.7995e+00,1.9308e+01,2.9749e+01
2.0000e+03,5.2000e+01,1.0000e+00,1.4566e+01,-2.6619e+06,-2.6619e+06,-1.7305e-01,-inf,1.4786e-01,6.5700e+00,inf,3.5567e+02,-1.9190e+00,-1.7131e+00,6.1065e+00,3.6909e+00,2.5689e+01
2.0000e+03,5.3000e+01,1.0000e+00,1.4804e+01,-2.6617e+06,-2.6617e+06,-1.7637e-01,-inf,1.4790e-01,6.5731e+00,inf,3.6201e+02,-1.4621e+00,-7.9735e-01,7.4005e+00,7.2041e+00,2.9096e+01
2.0000e+03,5.4000e+01,1.0000e+00,1.5042e+01,-2.6589e+06,-2.6589e+06,-1.7970e-01,-inf,1.4793e-01,6.5762e+00,inf,3.6653e+02,-1.0152e+00,-1.3579e-01,7.5119e+00,3.9387e+00,2.8564e+01
2.0000e+03,5.5000e+01,1.0000e+00,1.5278e+01,-2.6562e+06,-2.6562e+06,-1.8303e-01,-inf,1.4798e-01,6.5805e+00,inf,3.7285e+02,-1.8043e+00,-1.6045e-01,6.9817e+00,1.3353e+01,2.7944e+01
2.0000e+03,5.6000e+01,3.0000e+00,1.5427e+01,-2.6562e+06,-2.6562e+06,-1.8636e-01,-inf,1.4802e-01,6.5836e+00,inf,3.9347e+02,-2.4756e+00,-3.8878e-01,6.6481e+00,1.2711e+01,2.7192e+01
2.0000e+03,5.7000e+01,1.0000e+00,1.5659e+01,-2.6546e+06,-2.6546e+06,-1.8968e-01,-inf,1.4805e-01,6.5867e+00,inf,4.0141e+02,-1.2676e+00,-1.6543e-01,7.6365e+00,1.2786e+01,2.9554e+01
2.0000e+03,5.8000e+01,1.0000e+00,1.5890e+01,-2.6500e+06,-2.6500e+06,-1.9301e-01,-inf,1.4809e-01,6.5898e+00,inf,4.1023e+02,-2.2939e+00,-5.5596e-01,7.6176e+00,1.7810e+01,2.9968e+01
2.0000e+03,5.9000e+01,1.0000e+00,1.6120e+01,-2.6322e+06,-2.6322e+06,-1.9634e-01,-inf,1.4812e-01,6.5928e+00,inf,4.1644e+02,-5.3397e-01,-2.2342e+00,7.3989e+00,8.8986e+00,2.9547e+01
2.0000e+03,6.0000e+01,1.0000e+00,1.6349e+01,-2.6202e+06,-2.6202e+06,-1.9967e-01,-inf,1.4817e-01,6.5972e+00,inf,4.2161e+02,-2.3293e+00,-7.6594e-01,6.6597e+00,9.4496e+00,2.7902e+01
2.0000e+03,6.1000e+01,1.0000e+00,1.6576e+01,-2.6134e+06,-2.6134e+06,-2.0300e-01,-inf,1.4820e-01,6.6003e+00,inf,4.2672e+02,-2.6154e-01,-1.7781e+00,5.9974e+00,1.1936e+00,2.5391e+01
2.0000e+03,6.2000e+01,2.0000e+00,1.6757e+01,-2.6013e+06,-2.6013e+06,-2.0632e-01,-inf,1.4824e-01,6.6033e+00,inf,4.3985e+02,-2.9089e+00,-2.5874e+00,6.6350e+00,2.8556e+00,2.7847e+01
2.0000e+03,6.3000e+01,1.0000e+00,1.6981e+01,-2.5985e+06,-2.5985e+06,-2.0965e-01,-inf,1.4827e-01,6.6064e+00,inf,4.4610e+02,-2.9024e+00,-9.9345e-01,6.4451e+00,8.4682e+00,2.7626e+01
2.0000e+03,6.4000e+01,1.0000e+00,1.7204e+01,-2.5981e+06,-2.5981e+06,-2.1298e-01,-inf,1.4831e-01,6.6095e+00,inf,4.5341e+02,-2.0404e-01,-2.5002e+00,6.4453e+00,1.7603e+01,2.7500e+01
2.0000e+03,6.5000e+01,1.0000e+00,1.7426e+01,-2.5913e+06,-2.5913e+06,-2.1631e-01,-inf,1.4834e-01,6.6126e+00,inf,4.5908e+02,-9.5019e-01,4.3733e-02,6.6578e+00,1.5593e+01,2.7742e+01
2.0000e+03,6.6000e+01,1.0000e+00,1.7647e+01,-2.5855e+06,-2.5856e+06,-2.1963e-01,-inf,1.4839e-01,6.6169e+00,inf,4.6594e+02,-2.7448e+00,-7.2206e-01,6.0455e+00,1.8649e+01,2.6882e+01
2.0000e+03,6.7000e+01,1.0000e+00,1.7867e+01,-2.5837e+06,-2.5837e+06,-2.2296e-01,-inf,1.4843e-01,6.6200e+00,inf,4.7048e+02,-2.5088e+00,-1.6000e+00,6.6168e+00,9.1623e+00,2.8468e+01
2.0000e+03,6.8000e+01,1.0000e+00,1.8085e+01,-2.5829e+06,-2.5829e+06,-2.2629e-01,-inf,1.4846e-01,6.6231e+00,inf,4.7675e+02,-1.8328e-01,-1.9694e+00,6.2450e+00,4.5732e+00,2.6449e+01
2.0000e+03,6.9000e+01,2.0000e+00,1.8254e+01,-2.5819e+06,-2.5819e+06,-2.2962e-01,-inf,1.4849e-01,6.6262e+00,inf,4.9023e+02,-2.6782e+00,-2.8117e+00,6.9024e+00,1.2636e+01,2.9348e+01
2.0000e+03,7.0000e+01,1.0000e+00,1.8470e+01,-2.5799e+06,-2.5799e+06,-2.3295e-01,-inf,1.4853e-01,6.6293e+00,inf,4.9746e+02,-1.7400e+00,-2.4370e+00,5.8110e+00,1.6722e+01,2.6594e+01
2.0000e+03,7.1000e+01,1.0000e+00,1.8684e+01,-2.5771e+06,-2.5771e+06,-2.3627e-01,-inf,1.4858e-01,6.6336e+00,inf,5.0200e+02,-1.5857e+00,-2.2395e+00,6.1887e+00,1.6969e+01,2.7648e+01
2.0000e+03,7.2000e+01,4.0000e+00,1.8750e+01,-2.5767e+06,-2.5767e+06,-2.3960e-01,-inf,1.4861e-01,6.6367e+00,inf,5.2819e+02,-6.9394e-01,-2.3586e+00,6.3793e+00,1.2286e+01,2.7778e+01
2.0000e+03,7.3000e+01,2.0000e+00,1.8912e+01,-2.5753e+06,-2.5753e+06,-2.4293e-01,-inf,1.4865e-01,6.6398e+00,inf,5.4080e+02,-1.4384e+00,-6.4534e-03,7.2894e+00,1.7544e+01,2.9827e+01
2.0000e+03,7.4000e+01,1.0000e+00,1.9121e+01,-2.5734e+06,-2.5734e+06,-2.4626e-01,-inf,1.4868e-01,6.6429e+00,inf,5.4720e+02,-2.3439e+00,-2.2479e+00,6.0868e+00,1.8903e+01,2.7508e+01
2.0000e+03,7.5000e+01,1.0000e+00,1.9330e+01,-2.5676e+06,-2.5676e+06,-2.4958e-01,-inf,1.4872e-01,6.6460e+00,inf,5.5453e+02,-7.6707e-01,-7.0441e-01,6.1546e+00,1.0452e-01,2.6503e+01
2.0000e+03,7.6000e+01,1.0000e+00,1.9537e+01,-2.5671e+06,-2.5671e+06,-2.5291e-01,-inf,1.4876e-01,6.6503e+00,inf,5.6014e+02,-7.5950e-01,-4.9732e-01,5.9074e+00,1.9423e+01,2.6230e+01
2.0000e+03,7.7000e+01,1.0000e+00,1.9744e+01,-2.5654e+06,-2.5655e+06,-2.5624e-01,-inf,1.4880e-01,6.6534e+00,inf,5.6702e+02,-4.5670e-01,1.5031e-01,6.2333e+00,1.2023e+01,2.6456e+01
2.0000e+03,7.8000e+01,1.0000e+00,1.9949e+01,-2.5639e+06,-2.5639e+06,-2.5957e-01,-inf,1.4883e-01,6.6565e+00,inf,5.7537e+02,-3.4885e-01,4.5922e-01,6.4112e+00,6.9452e+00,2.6677e+01
2.0000e+03,7.9000e+01,1.0000e+00,2.0153e+01,-2.5632e+06,-2.5632e+06,-2.6290e-01,-inf,1.4887e-01,6.6596e+00,inf,5.8172e+02,-2.8914e+00,-1.7287e+00,5.8458e+00,9.5638e+00,2.6722e+01
2.0000e+03,8.0000e+01,1.0000e+00,2.0356e+01,-2.5631e+06,-2.5632e+06,-2.6622e-01,-inf,1.4890e-01,6.6627e+00,inf,5.8797e+02,-6.7653e-01,-2.8392e+00,7.0044e+00,1.8865e+01,2.9846e+01
2.0000e+03,8.1000e+01,1.0000e+00,2.0558e+01,-2.5627e+06,-2.5627e+06,-2.6955e-01,-inf,1.4895e-01,6.6670e+00,inf,5.9455e+02,-3.5823e-01,-2.3123e-01,6.2983e+00,1.8961e+01,2.7001e+01
2.0000e+03,8.2000e+01,3.0000e+00,2.0655e+01,-2.5623e+06,-2.5623e+06,-2.7288e-01,-inf,1.4899e-01,6.6701e+00,inf,6.1766e+02,-2.8550e-02,1.8970e-01,7.1992e+00,1.7358e+01,2.9189e+01
2.0000e+03,8.3000e+01,1.0000e+00,2.0854e+01,-2.5569e+06,-2.5569e+06,-2.7621e-01,-inf,1.4902e-01,6.6732e+00,inf,6.2229e+02,2.5483e-01,-2.7995e+00,6.5464e+00,3.3760e+00,2.7199e+01
2.0000e+03,8.4000e+01,3.0000e+00,2.0948e+01,-2.5557e+06,-2.5557e+06,-2.7953e-01,-inf,1.4905e-01,6.6763e+00,inf,6.4246e+02,-2.1848e+00,-1.0057e-01,7.1315e+00,1.6305e+01,2.9806e+01
2.0000e+03,8.5000e+01,1.0000e+00,2.1144e+01,-2.5422e+06,-2.5422e+06,-2.8286e-01,-inf,1.4909e-01,6.6794e+00,inf,6.4864e+02,-1.4232e+00,-5.9115e-02,6.5802e+00,1.8611e+01,2.8510e+01
2.0000e+03,8.6000e+01,2.0000e+00,2.1287e+01,-2.5413e+06,-2.5413e+06,-2.8619e-01,-inf,1.4914e-01,6.6837e+00,inf,6.6366e+02,-2.0073e+00,-1.1215e+00,6.1859e+00,1.7619e+01,2.8187e+01
2.0000e+03,8.7000e+01,1.0000e+00,2.1481e+01,-2.5411e+06,-2.5411e+06,-2.8952e-01,-inf,1.4917e-01,6.6868e+00,inf,6.7005e+02,-2.3935e+00,-9.7017e-01,5.8190e+00,1.4635e+01,2.7020e+01
2.0000e+03,8.8000e+01,1.0000e+00,2.1675e+01,-2.5407e+06,-2.5407e+06,-2.9285e-01,-inf,1.4921e-01,6.6899e+00,inf,6.7618e+02,-7.2018e-01,-1.6098e+00,6.3098e+00,6.4050e+00,2.7840e+01
2.0000e+03,8.9000e+01,1.0000e+00,2.1867e+01,-2.5398e+06,-2.5398e+06,-2.9617e-01,-inf,1.4924e-01,6.6930e+00,inf,6.8160e+02,2.2917e-01,-2.4046e+00,5.7471e+00,1.7409e+01,2.5647e+01
2.0000e+03,9.0000e+01,1.0000e+00,2.2059e+01,-2.5384e+06,-2.5384e+06,-2.9950e-01,-inf,1.4928e-01,6.6961e+00,inf,6.8805e+02,-1.2410e+00,-1.1209e+00,6.5536e+00,1.2366e+00,2.8347e+01
2.0000e+03,9.1000e+01,1.0000e+00,2.2249e+01,-2.5374e+06,-2.5374e+06,-3.0283e-01,-inf,1.4931e-01,6.6992e+00,inf,6.9371e+02,-2.4701e+00,-1.8269e+00,5.2604e+00,1.5595e+00,2.5275e+01
2.0000e+03,9.2000e+01,2.0000e+00,2.2384e+01,-2.5317e+06,-2.5317e+06,-3.0616e-01,-inf,1.4936e-01,6.7035e+00,inf,7.0828e+02,-4.2769e-01,-1.7203e+00,6.4128e+00,1.5676e+01,2.8507e+01
2.0000e+03,9.3000e+01,2.0000e+00,2.2518e+01,-2.5255e+06,-2.5255e+06,-3.0948e-01,-inf,1.4939e-01,6.7066e+00,inf,7.2319e+02,-2.0120e+00,-6.9763e-01,6.2167e+00,1.8915e+01,2.8341e+01
2.0000e+03,9.4000e+01,1.0000e+00,2.2705e+01,-2.5220e+06,-2.5220e+06,-3.1281e-01,-inf,1.4943e-01,6.7097e+00,inf,7.2776e+02,-1.4414e+00,4.0763e-01,6.3822e+00,5.7541e+00,2.7779e+01
2.0000e+03,9.5000e+01,1.0000e+00,2.2892e+01,-2.5219e+06,-2.5219e+06,-3.1614e-01,-inf,1.4946e-01,6.7128e+00,inf,7.3285e+02,-2.0635e+00,2.6489e-01,6.6092e+00,2.9943e+00,2.8235e+01
2.0000e+03,9.6000e+01,2.0000e+00,2.3022e+01,-2.5190e+06,-2.5190e+06,-3.1947e-01,-inf,1.4950e-01,6.7159e+00,inf,7.4737e+02,-2.7314e+00,2.7875e-01,6.6866e+00,1.9455e+01,2.9116e+01
2.0000e+03,9.7000e+01,1.0000e+00,2.3206e+01,-2.5152e+06,-2.5152e+06,-3.2280e-01,-inf,1.4954e-01,6.7201e+00,inf,7.5253e+02,-1.2010e+00,4.1048e-02,5.7628e+00,1.8081e+01,2.6388e+01
2.0000e+03,9.8000e+01,1.0000e+00,2.3389e+01,-2.5139e+06,-2.5139e+06,-3.2612e-01,-inf,1.4958e-01,6.7232e+00,inf,7.5815e+02,-2.0459e+00,-2.0324e+00,6.4150e+00,1.9167e+01,2.9380e+01
2.0000e+03,9.9000e+01,2.0000e+00,2.3515e+01,-2.5133e+06,-2.5133e+06,-3.2945e-01,-inf,1.4961e-01,6.7264e+00,inf,7.7242e+02,-2.3100e-01,-2.2341e+00,5.9696e+00,9.1368e+00,2.7041e+01
2.0000e+03,1.0000e+02,4.0000e+00,2.3529e+01,-2.5125e+06,-2.5125e+06,-3.3278e-01,-inf,1.4965e-01,6.7295e+00,inf,8.0062e+02,-2.0499e+00,-2.8795e+00,5.0167e+00,1.0452e+01,2.5210e+01
2.0000e+03,1.0100e+02,1.0000e+00,2.3709e+01,-2.5122e+06,-2.5122e+06,-3.3611e-01,-inf,1.4968e-01,6.7326e+00,inf,8.0628e+02,-4.9243e-01,-1.2470e+00,6.0806e+00,1.6669e+01,2.7800e+01
2.0000e+03,1.0200e+02,1.0000e+00,2.3888e+01,-2.5098e+06,-2.5098e+06,-3.3943e-01,-inf,1.4973e-01,6.7368e+00,inf,8.1136e+02,-7.8582e-01,-9.9373e-02,5.7049e+00,6.7761e+00,2.5838e+01
2.0000e+03,1.0300e+02,1.0000e+00,2.4065e+01,-2.5015e+06,-2.5015e+06,-3.4276e-01,-inf,1.4976e-01,6.7399e+00,inf,8.1646e+02,-2.1641e+00,-9.4140e-02,5.9581e+00,1.1771e+01,2.7464e+01
2.0000e+03,1.0400e+02,1.0000e+00,2.4242e+01,-2.4988e+06,-2.4988e+06,-3.4609e-01,-inf,1.4980e-01,6.7430e+00,inf,8.2259e+02,-1.8127e+00,-1.9600e+00,5.7439e+00,1.9956e+01,2.7760e+01
2.0000e+03,1.0500e+02,1.0000e+00,2.4419e+01,-2.4943e+06,-2.4943e+06,-3.4942e-01,-inf,1.4983e-01,6.7461e+00,inf,8.2882e+02,-2.0627e+00,-2.8715e+00,6.4323e+00,6.7426e+00,2.9459e+01
2.0000e+03,1.0600e+02,2.0000e+00,2.4537e+01,-2.4938e+06,-2.4938e+06,-3.5275e-01,-inf,1.4987e-01,6.7492e+00,inf,8.4114e+02,-5.7752e-01,-2.8497e+00,6.6687e+00,7.4620e+00,2.9683e+01
2.0000e+03,1.0700e+02,1.0000e+00,2.4711e+01,-2.4934e+06,-2.4934e+06,-3.5607e-01,-inf,1.4991e-01,6.7535e+00,inf,8.4704e+02,-1.7476e+00,-1.2465e+00,5.4677e+00,1.4283e+01,2.6851e+01
2.0000e+03,1.0800e+02,1.0000e+00,2.4885e+01,-2.4918e+06,-2.4918e+06,-3.5940e-01,-inf,1.4995e-01,6.7566e+00,inf,8.5246e+02,-1.3799e+00,-3.4847e-02,5.4242e+00,7.4205e+00,2.5690e+01
2.0000e+03,1.0900e+02,1.0000e+00,2.5057e+01,-2.4826e+06,-2.4826e+06,-3.6273e-01,-inf,1.4998e-01,6.7597e+00,inf,8.5870e+02,2.8459e-01,2.8525e-01,5.9604e+00,1.8224e+01,2.6186e+01
2.0000e+03,1.1000e+02,1.0000e+00,2.5229e+01,-2.4815e+06,-2.4815e+06,-3.6606e-01,-inf,1.5002e-01,6.7628e+00,inf,8.6390e+02,-2.3140e+00,-2.8644e+00,4.9269e+00,1.1336e+01,2.5541e+01
2.0000e+03,1.1100e+02,1.0000e+00,2.5400e+01,-2.4788e+06,-2.4788e+06,-3.6938e-01,-inf,1.5005e-01,6.7659e+00,inf,8.6931e+02,-1.5378e+00,-2.5449e+00,5.2079e+00,1.1799e+01,2.6274e+01
2.0000e+03,1.1200e+02,1.0000e+00,2.5571e+01,-2.4742e+06,-2.4742e+06,-3.7271e-01,-inf,1.5010e-01,6.7702e+00,inf,8.7427e+02,-2.5653e+00,-8.6946e-01,5.5465e+00,1.6479e+00,2.7020e+01
2.0000e+03,1.1300e+02,1.0000e+00,2.5740e+01,-2.4729e+06,-2.4729e+06,-3.7604e-01,-inf,1.5013e-01,6.7733e+00,inf,8.8136e+02,-1.1719e+00,-2.6559e+00,5.7091e+00,1.7692e+01,2.7835e+01
2.0000e+03,1.1400e+02,1.0000e+00,2.5909e+01,-2.4717e+06,-2.4717e+06,-3.7937e-01,-inf,1.5017e-01,6.7764e+00,inf,8.8759e+02,-1.4215e-01,-2.1974e+00,5.3209e+00,1.1555e+01,2.5397e+01
2.0000e+03,1.1500e+02,1.0000e+00,2.6077e+01,-2.4707e+06,-2.4707e+06,-3.8270e-01,-inf,1.5020e-01,6.7795e+00,inf,8.9385e+02,-2.6635e+00,-1.3230e-01,5.0369e+00,1.5694e+01,2.5386e+01
2.0000e+03,1.1600e+02,1.0000e+00,2.6244e+01,-2.4697e+06,-2.4697e+06,-3.8602e-01,-inf,1.5024e-01,6.7826e+00,inf,8.9899e+02,-2.2813e+00,9.1138e-02,5.5666e+00,1.4247e+01,2.6849e+01
2.0000e+03,1.1700e+02,1.0000e+00,2.6411e+01,-2.4683e+06,-2.4683e+06,-3.8935e-01,-inf,1.5027e-01,6.7857e+00,inf,9.0502e+02,-7.2890e-01,-2.6007e+00,5.6428e+00,7.2586e+00,2.7115e+01
2.0000e+03,1.1800e+02,1.0000e+00,2.6577e+01,-2.4660e+06,-2.4660e+06,-3.9268e-01,-inf,1.5032e-01,6.7900e+00,inf,9.1117e+02,4.1946e-02,-1.4734e+00,6.4172e+00,2.9610e+00,2.8521e+01
2.0000e+03,1.1900e+02,1.0000e+00,2.6742e+01,-2.4525e+06,-2.4525e+06,-3.9601e-01,-inf,1.5035e-01,6.7931e+00,inf,9.1738e+02,-7.1187e-01,-8.7686e-01,5.6630e+00,6.3526e+00,2.7229e+01
2.0000e+03,1.2000e+02,2.0000e+00,2.6846e+01,-2.4520e+06,-2.4520e+06,-3.9933e-01,-inf,1.5039e-01,6.7962e+00,inf,9.3012e+02,-1.0687e+00,-2.6761e+00,5.9234e+00,1.1330e+01,2.8729e+01
2.0000e+03,1.2100e+02,1.0000e+00,2.7009e+01,-2.4497e+06,-2.4497e+06,-4.0266e-01,-inf,1.5042e-01,6.7993e+00,inf,9.3478e+02,-2.9636e+00,-6.4372e-01,6.3194e+00,1.6632e+01,2.9972e+01
2.0000e+03,1.2200e+02,1.0000e+00,2.7171e+01,-2.4469e+06,-2.4469e+06,-4.0599e-01,-inf,1.5046e-01,6.8024e+00,inf,9.4104e+02,-1.8779e+00,-9.2694e-01,4.8804e+00,1.0297e+01,2.5724e+01
2.0000e+03,1.2300e+02,1.0000e+00,2.7333e+01,-2.4469e+06,-2.4469e+06,-4.0932e-01,-inf,1.5050e-01,6.8068e+00,inf,9.4621e+02,-5.6683e-01,9.6281e-02,6.0112e+00,5.3353e+00,2.7538e+01
2.0000e+03,1.2400e+02,1.0000e+00,2.7494e+01,-2.4417e+06,-2.4417e+06,-4.1265e-01,-inf,1.5054e-01,6.8098e+00,inf,9.5181e+02,-2.3778e+00,-2.2424e+00,5.7951e+00,1.2667e+01,2.8973e+01
2.0000e+03,1.2500e+02,1.0000e+00,2.7655e+01,-2.4327e+06,-2.4328e+06,-4.1597e-01,-inf,1.5057e-01,6.8129e+00,inf,9.5796e+02,-5.7055e-01,-1.7515e+00,6.1441e+00,1.6365e+01,2.9634e+01
2.0000e+03,1.2600e+02,1.0000e+00,2.7815e+01,-2.4322e+06,-2.4323e+06,-4.1930e-01,-inf,1.5061e-01,6.8160e+00,inf,9.6359e+02,-1.1141e+00,-1.2233e+00,5.1446e+00,1.0939e+01,2.6591e+01
2.0000e+03,1.2700e+02,3.0000e+00,2.7851e+01,-2.4248e+06,-2.4248e+06,-4.2263e-01,-inf,1.5064e-01,6.8191e+00,inf,9.8746e+02,-1.4986e+00,-4.8098e-01,6.1442e+00,3.9679e+00,2.9314e+01
2.0000e+03,1.2800e+02,1.0000e+00,2.8009e+01,-2.4233e+06,-2.4233e+06,-4.2596e-01,-inf,1.5069e-01,6.8233e+00,inf,9.9387e+02,-2.5191e+00,2.8098e-01,6.0498e+00,1.9062e+01,2.9298e+01
2.0000e+03,1.2900e+02,1.0000e+00,2.8166e+01,-2.4208e+06,-2.4209e+06,-4.2928e-01,-inf,1.5072e-01,6.8265e+00,inf,9.9932e+02,-3.1509e-01,-5.2160e-01,6.3749e+00,1.1199e+01,2.9829e+01
2.0000e+03,1.3000e+02,1.0000e+00,2.8322e+01,-2.4109e+06,-2.4109e+06,-4.3261e-01,-inf,1.5076e-01,6.8296e+00,inf,1.0039e+03,-2.6972e+00,-3.6445e-01,5.9383e+00,6.3786e+00,2.9227e+01
2.0000e+03,1.3100e+02,1.0000e+00,2.8478e+01,-2.4109e+06,-2.4109e+06,-4.3594e-01,-inf,1.5079e-01,6.8327e+00,inf,1.0091e+03,-2.9194e+00,-1.2244e+00,5.4925e+00,2.8497e+00,2.8362e+01
2.0000e+03,1.3200e+02,1.0000e+00,2.8633e+01,-2.4069e+06,-2.4069e+06,-4.3927e-01,-inf,1.5082e-01,6.8358e+00,inf,1.0155e+03,-1.2943e+00,-2.0664e+00,4.8401e+00,1.5096e+01,2.6353e+01
2.0000e+03,1.3300e+02,4.0000e+00,2.8602e+01,-2.4052e+06,-2.4053e+06,-4.4260e-01,-inf,1.5087e-01,6.8400e+00,inf,1.0419e+03,-1.7695e+00,-1.4497e+00,4.6359e+00,1.2389e+01,2.5886e+01
2.0000e+03,1.3400e+02,1.0000e+00,2.8755e+01,-2.3992e+06,-2.3992e+06,-4.4592e-01,-inf,1.5091e-01,6.8431e+00,inf,1.0477e+03,-2.4119e-02,3.3021e-01,5.4638e+00,1.6156e+00,2.7050e+01
2.0000e+03,1.3500e+02,1.0000e+00,2.8908e+01,-2.3974e+06,-2.3974e+06,-4.4925e-01,-inf,1.5094e-01,6.8463e+00,inf,1.0539e+03,3.0869e-02,-5.0780e-01,5.3102e+00,7.7574e+00,2.5897e+01
2.0000e+03,1.3600e+02,1.0000e+00,2.9060e+01,-2.3970e+06,-2.3970e+06,-4.5258e-01,-inf,1.5097e-01,6.8494e+00,inf,1.0601e+03,-1.4651e+00,-2.1035e-01,5.4053e+00,1.0946e+01,2.7821e+01
2.0000e+03,1.3700e+02,2.0000e+00,2.9149e+01,-2.3955e+06,-2.3955e+06,-4.5591e-01,-inf,1.5101e-01,6.8525e+00,inf,1.0702e+03,-2.9083e+00,-1.2479e+00,4.2250e+00,4.5430e+00,2.5008e+01
2.0000e+03,1.3800e+02,4.0000e+00,2.9114e+01,-2.3900e+06,-2.3901e+06,-4.5924e-01,-inf,1.5106e-01,6.8567e+00,inf,1.1028e+03,-2.5085e+00,-2.4564e+00,5.1965e+00,1.9635e+01,2.8474e+01
2.0000e+03,1.3900e+02,1.0000e+00,2.9263e+01,-2.3898e+06,-2.3898e+06,-4.6256e-01,-inf,1.5109e-01,6.8598e+00,inf,1.1090e+03,-2.7554e+00,1.0745e-01,5.6472e+00,4.3949e+00,2.8613e+01
2.0000e+03,1.4000e+02,1.0000e+00,2.9412e+01,-2.3865e+06,-2.3865e+06,-4.6589e-01,-inf,1.5112e-01,6.8629e+00,inf,1.1135e+03,-2.8154e+00,-2.8506e+00,4.2315e+00,1.2107e+01,2.5411e+01
2.0000e+03,1.4100e+02,2.0000e+00,2.9498e+01,-2.3827e+06,-2.3827e+06,-4.6922e-01,-inf,1.5116e-01,6.8660e+00,inf,1.1264e+03,-1.5902e+00,2.5954e-01,5.3853e+00,8.4427e+00,2.7843e+01
2.0000e+03,1.4200e+02,2.0000e+00,2.9583e+01,-2.3718e+06,-2.3718e+06,-4.7255e-01,-inf,1.5119e-01,6.8692e+00,inf,1.1386e+03,3.2321e-01,-3.6745e-01,5.1221e+00,4.2467e+00,2.5839e+01
2.0000e+03,1.4300e+02,2.0000e+00,2.9668e+01,-2.3682e+06,-2.3682e+06,-4.7587e-01,-inf,1.5123e-01,6.8723e+00,inf,1.1499e+03,-2.3407e+00,2.3704e-01,5.6506e+00,1.2699e+00,2.9418e+01
2.0000e+03,1.4400e+02,2.0000e+00,2.9752e+01,-2.3682e+06,-2.3682e+06,-4.7920e-01,-inf,1.5127e-01,6.8765e+00,inf,1.1622e+03,-1.0234e+00,-1.9693e+00,5.0720e+00,1.2900e+01,2.7763e+01
2.0000e+03,1.4500e+02,1.0000e+00,2.9897e+01,-2.3678e+06,-2.3678e+06,-4.8253e-01,-inf,1.5131e-01,6.8796e+00,inf,1.1686e+03,4.8069e-01,-2.3744e+00,9.7601e-02,9.1943e+00,2.9659e+01
2.0000e+03,1.4600e+02,1.0000e+00,3.0041e+01,-2.3675e+06,-2.3675e+06,-4.8586e-01,-inf,1.5134e-01,6.8827e+00,inf,1.1756e+03,-1.4118e+00,-1.6209e+00,5.3731e+00,1.1120e+01,2.9215e+01
2.0000e+03,1.4700e+02,1.0000e+00,3.0185e+01,-2.3674e+06,-2.3674e+06,-4.8919e-01,-inf,1.5138e-01,6.8858e+00,inf,1.1810e+03,3.3634e-01,9.8855e-02,6.2343e+00,7.3298e-01,2.9813e+01
2.0000e+03,1.4800e+02,1.0000e+00,3.0328e+01,-2.3660e+06,-2.3660e+06,-4.9251e-01,-inf,1.5141e-01,6.8890e+00,inf,1.1855e+03,-2.6779e+00,1.0726e-01,1.3151e-01,1.7292e+01,2.9494e+01
2.0000e+03,1.4900e+02,3.0000e+00,3.0346e+01,-2.3631e+06,-2.3631e+06,-4.9584e-01,-inf,1.5146e-01,6.8932e+00,inf,1.2070e+03,-1.9940e+00,-1.8152e-01,4.4966e-01,5.6360e+00,2.9684e+01
2.0000e+03,1.5000e+02,2.0000e+00,3.0426e+01,-2.3627e+06,-2.3628e+06,-4.9917e-01,-inf,1.5149e-01,6.8963e+00,inf,1.2199e+03,-1.9026e+00,-1.0109e+00,2.6852e-01,1.9539e+01,2.9853e+01
2.0000e+03,1.5100e+02,1.0000e+00,3.0567e+01,-2.3623e+06,-2.3623e+06,-5.0250e-01,-inf,1.5152e-01,6.8994e+00,inf,1.2262e+03,-1.0358e+00,-1.2392e+00,1.1015e-01,1.5479e+01,2.9413e+01
2.0000e+03,1.5200e+02,1.0000e+00,3.0707e+01,-2.3602e+06,-2.3602e+06,-5.0582e-01,-inf,1.5156e-01,6.9025e+00,inf,1.2314e+03,-9.6261e-01,-2.7629e+00,4.7604e-02,9.4134e+00,2.8951e+01
2.0000e+03,1.5300e+02,1.0000e+00,3.0847e+01,-2.3600e+06,-2.3600e+06,-5.0915e-01,-inf,1.5159e-01,6.9056e+00,inf,1.2366e+03,-9.7604e-01,-2.7067e+00,4.7535e+00,3.6218e+00,2.7104e+01
2.0000e+03,1.5400e+02,1.0000e+00,3.0986e+01,-2.3599e+06,-2.3599e+06,-5.1248e-01,-inf,1.5164e-01,6.9099e+00,inf,1.2415e+03,-2.9419e+00,-1.1257e+00,3.6554e-01,3.1642e+00,2.9215e+01
2.0000e+03,1.5500e+02,2.0000e+00,3.1062e+01,-2.3597e+06,-2.3597e+06,-5.1581e-01,-inf,1.5167e-01,6.9130e+00,inf,1.2532e+03,-1.0408e+00,-6.7860e-02,4.4891e-01,1.7909e+01,2.9479e+01
2.0000e+03,1.5600e+02,1.0000e+00,3.1200e+01,-2.3570e+06,-2.3570e+06,-5.1914e-01,-inf,1.5171e-01,6.9161e+00,inf,1.2585e+03,1.1443e-01,-1.4218e+00,5.5777e+00,7.8668e+00,2.8113e+01
2.0000e+03,1.5700e+02,1.0000e+00,3.1337e+01,-2.3557e+06,-2.3557e+06,-5.2246e-01,-inf,1.5174e-01,6.9192e+00,inf,1.2633e+03,-1.7229e+00,-8.4611e-01,6.0305e-01,7.4396e+00,2.9666e+01
2.0000e+03,1.5800e+02,1.0000e+00,3.1474e+01,-2.3550e+06,-2.3550e+06,-5.2579e-01,-inf,1.5178e-01,6.9223e+00,inf,1.2698e+03,-3.1172e-01,-1.9399e+00,1.2140e-01,9.3210e+00,2.8517e+01
2.0000e+03,1.5900e+02,1.0000e+00,3.1610e+01,-2.3544e+06,-2.3544e+06,-5.2912e-01,-inf,1.5182e-01,6.9265e+00,inf,1.2760e+03,-2.8510e+00,-2.1327e+00,3.6013e-01,1.4139e+01,2.9174e+01
2.0000e+03,1.6000e+02,3.0000e+00,3.1621e+01,-2.3541e+06,-2.3541e+06,-5.3245e-01,-inf,1.5186e-01,6.9297e+00,inf,1.2929e+03,-1.3278e+00,-1.9266e+00,4.5286e-01,1.8743e+01,2.9520e+01
2.0000e+03,1.6100e+02,1.0000e+00,3.1755e+01,-2.3533e+06,-2.3533e+06,-5.3577e-01,-inf,1.5189e-01,6.9328e+00,inf,1.2998e+03,-2.1489e-01,-2.1192e+00,4.2439e+00,1.2205e+00,2.5687e+01
2.0000e+03,1.6200e+02,1.0000e+00,3.1890e+01,-2.3517e+06,-2.3518e+06,-5.3910e-01,-inf,1.5193e-01,6.9359e+00,inf,1.3061e+03,-2.4970e+00,-1.4150e+00,3.5769e-02,6.3641e+00,2.8052e+01
2.0000e+03,1.6300e+02,1.0000e+00,3.2024e+01,-2.3507e+06,-2.3507e+06,-5.4243e-01,-inf,1.5196e-01,6.9390e+00,inf,1.3122e+03,-2.6049e+00,-1.4669e+00,5.6859e-01,1.6343e+01,2.9331e+01
2.0000e+03,1.6400e+02,1.0000e+00,3.2157e+01,-2.3506e+06,-2.3506e+06,-5.4576e-01,-inf,1.5201e-01,6.9432e+00,inf,1.3169e+03,-4.9752e-01,-4.6568e-01,1.4941e-01,5.7877e+00,2.7902e+01
2.0000e+03,1.6500e+02,2.0000e+00,3.2227e+01,-2.3486e+06,-2.3486e+06,-5.4909e-01,-inf,1.5204e-01,6.9463e+00,inf,1.3270e+03,4.2323e-01,-1.3455e+00,4.5292e+00,3.0190e+00,2.5499e+01
2.0000e+03,1.6600e+02,1.0000e+00,3.2359e+01,-2.3485e+06,-2.3486e+06,-5.5241e-01,-inf,1.5207e-01,6.9495e+00,inf,1.3333e+03,-3.2359e-01,-1.7424e+00,7.0404e-01,1.4618e+01,2.9405e+01
2.0000e+03,1.6700e+02,1.0000e+00,3.2490e+01,-2.3484e+06,-2.3484e+06,-5.5574e-01,-inf,1.5211e-01,6.9526e+00,inf,1.3403e+03,-1.9599e+00,-2.7956e+00,4.9706e+00,5.5134e-01,2.9275e+01
2.0000e+03,1.6800e+02,3.0000e+00,3.2495e+01,-2.3478e+06,-2.3478e+06,-5.5907e-01,-inf,1.5214e-01,6.9557e+00,inf,1.3587e+03,-2.4617e+00,-2.7973e-01,4.7171e-01,1.6745e+00,2.8321e+01
2.0000e+03,1.6900e+02,2.0000e+00,3.2563e+01,-2.3477e+06,-2.3477e+06,-5.6240e-01,-inf,1.5218e-01,6.9588e+00,inf,1.3711e+03,1.6307e-01,-2.5152e+00,1.2350e-02,1.2295e+01,2.7709e+01
2.0000e+03,1.7000e+02,1.0000e+00,3.2692e+01,-2.3475e+06,-2.3475e+06,-5.6572e-01,-inf,1.5222e-01,6.9630e+00,inf,1.3768e+03,-2.9112e+00,-1.8666e+00,7.4318e-01,3.7661e+00,2.9147e+01
2.0000e+03,1.7100e+02,4.0000e+00,3.2634e+01,-2.3472e+06,-2.3472e+06,-5.6905e-01,-inf,1.5226e-01,6.9661e+00,inf,1.4066e+03,3.0530e-01,-1.8686e+00,7.7954e-01,1.8953e+01,2.9285e+01
2.0000e+03,1.7200e+02,1.0000e+00,3.2762e+01,-2.3471e+06,-2.3472e+06,-5.7238e-01,-inf,1.5229e-01,6.9693e+00,inf,1.4112e+03,-1.7062e+00,-8.8483e-01,8.2484e-01,1.6067e+01,2.9728e+01
2.0000e+03,1.7300e+02,1.0000e+00,3.2890e+01,-2.3446e+06,-2.3446e+06,-5.7571e-01,-inf,1.5232e-01,6.9724e+00,inf,1.4176e+03,2.1602e-02,-2.1773e+00,4.5100e+00,6.2855e-01,2.6900e+01
2.0000e+03,1.7400e+02,1.0000e+00,3.3017e+01,-2.3433e+06,-2.3433e+06,-5.7904e-01,-inf,1.5236e-01,6.9755e+00,inf,1.4245e+03,-2.8533e+00,-2.3903e+00,4.5232e+00,3.5405e+00,2.7833e+01
2.0000e+03,1.7500e+02,1.0000e+00,3.3144e+01,-2.3430e+06,-2.3430e+06,-5.8236e-01,-inf,1.5240e-01,6.9797e+00,inf,1.4307e+03,-1.4474e+00,-1.6495e-01,8.3094e-01,4.6767e+00,2.8959e+01
2.0000e+03,1.7600e+02,2.0000e+00,3.3208e+01,-2.3424e+06,-2.3424e+06,-5.8569e-01,-inf,1.5244e-01,6.9828e+00,inf,1.4433e+03,-3.7745e-01,2.6458e-01,7.0729e-01,1.6704e+01,2.8657e+01
2.0000e+03,1.7700e+02,2.0000e+00,3.3271e+01,-2.3407e+06,-2.3407e+06,-5.8902e-01,-inf,1.5247e-01,6.9859e+00,inf,1.4579e+03,-2.6596e+00,-1.9468e+00,4.8213e-01,1.1705e+01,2.8622e+01
2.0000e+03,1.7800e+02,2.0000e+00,3.3333e+01,-2.3399e+06,-2.3399e+06,-5.9235e-01,-inf,1.5251e-01,6.9891e+00,inf,1.4708e+03,-2.1123e+00,-4.9472e-02,4.9410e+00,1.9685e+01,2.8053e+01
2.0000e+03,1.7900e+02,1.0000e+00,3.3458e+01,-2.3381e+06,-2.3382e+06,-5.9567e-01,-inf,1.5254e-01,6.9922e+00,inf,1.4771e+03,-2.6084e+00,-8.7482e-01,4.5276e+00,2.3460e-01,2.8087e+01
2.0000e+03,1.8000e+02,1.0000e+00,3.3582e+01,-2.3376e+06,-2.3376e+06,-5.9900e-01,-inf,1.5259e-01,6.9964e+00,inf,1.4824e+03,2.5664e-01,-2.9626e+00,7.4466e-01,2.7684e+00,2.8137e+01
2.0000e+03,1.8100e+02,2.0000e+00,3.3643e+01,-2.3376e+06,-2.3376e+06,-6.0233e-01,-inf,1.4419e-01,6.2479e+00,inf,1.4938e+03,4.2666e-01,-2.7890e+00,5.7193e+00,3.6615e+00,2.9310e+01
2.0000e+03,1.8200e+02,3.0000e+00,3.3641e+01,-2.3364e+06,-2.3364e+06,-6.0566e-01,-inf,1.5265e-01,7.0026e+00,inf,1.5132e+03,2.3029e-02,-1.5808e+00,5.5721e+00,2.5575e+00,2.9913e+01
2.0000e+03,1.8300e+02,1.0000e+00,3.3764e+01,-2.3362e+06,-2.3362e+06,-6.0899e-01,-inf,1.5269e-01,7.0057e+00,inf,1.5190e+03,3.9108e-02,-1.8467e+00,4.2838e-01,1.5901e+01,2.8217e+01
2.0000e+03,1.8400e+02,1.0000e+00,3.3886e+01,-2.3355e+06,-2.3355e+06,-6.1231e-01,-inf,1.5272e-01,7.0089e+00,inf,1.5264e+03,-2.2919e+00,-4.5768e-01,4.5705e+00,1.1720e+01,2.7284e+01
2.0000e+03,1.8500e+02,1.0000e+00,3.4007e+01,-2.3349e+06,-2.3349e+06,-6.1564e-01,-inf,1.5277e-01,7.0131e+00,inf,1.5327e+03,-1.9985e+00,-6.9474e-01,7.2240e-01,1.6463e+01,2.9037e+01
2.0000e+03,1.8600e+02,1.0000e+00,3.4128e+01,-2.3343e+06,-2.3343e+06,-6.1897e-01,-inf,1.5280e-01,7.0162e+00,inf,1.5390e+03,-1.3157e+00,-2.8777e+00,8.8716e-01,1.7918e+01,2.9461e+01
2.0000e+03,1.8700e+02,2.0000e+00,3.4186e+01,-2.3342e+06,-2.3342e+06,-6.2230e-01,-inf,1.5284e-01,7.0193e+00,inf,1.5535e+03,-2.8016e+00,-2.6385e+00,3.8825e+00,1.3526e+01,2.5454e+01
2.0000e+03,1.8800e+02,1.0000e+00,3.4307e+01,-2.3340e+06,-2.3340e+06,-6.2562e-01,-inf,1.5287e-01,7.0224e+00,inf,1.5592e+03,-2.3175e+00,-1.2819e-01,4.1623e+00,7.9305e+00,2.5205e+01
2.0000e+03,1.8900e+02,4.0000e+00,3.4239e+01,-2.3324e+06,-2.3324e+06,-6.2895e-01,-inf,1.5290e-01,7.0255e+00,inf,1.5882e+03,-1.4156e+00,-6.0631e-01,4.8960e-01,1.4837e+01,2.8363e+01
2.0000e+03,1.9000e+02,1.0000e+00,3.4358e+01,-2.3317e+06,-2.3317e+06,-6.3228e-01,-inf,1.5294e-01,7.0287e+00,inf,1.5940e+03,-2.6642e+00,-3.8108e-01,4.1969e+00,5.8861e+00,2.6141e+01
2.0000e+03,1.9100e+02,2.0000e+00,3.4414e+01,-2.3316e+06,-2.3317e+06,-6.3561e-01,-inf,1.5297e-01,7.0319e+00,inf,1.6084e+03,1.4988e-01,-1.5414e+00,4.2868e+00,2.2355e-01,2.6503e+01
2.0000e+03,1.9200e+02,2.0000e+00,3.4470e+01,-2.3308e+06,-2.3309e+06,-6.3894e-01,-inf,1.5302e-01,7.0360e+00,inf,1.6213e+03,-1.6465e+00,-2.5175e-01,8.1075e-01,8.1185e+00,2.8712e+01
2.0000e+03,1.9300e+02,2.0000e+00,3.4526e+01,-2.3300e+06,-2.3300e+06,-6.4226e-01,-inf,1.5305e-01,7.0391e+00,inf,1.6369e+03,2.7342e-01,-1.6351e-01,1.5067e+00,1.1788e+01,2.9518e+01
2.0000e+03,1.9400e+02,1.0000e+00,3.4643e+01,-2.3298e+06,-2.3298e+06,-6.4559e-01,-inf,1.5309e-01,7.0422e+00,inf,1.6415e+03,-1.3590e-01,-1.2236e+00,1.6955e-01,8.7271e+00,2.7232e+01
2.0000e+03,1.9500e+02,2.0000e+00,3.4698e+01,-2.3298e+06,-2.3298e+06,-6.4892e-01,-inf,1.5312e-01,7.0454e+00,inf,1.6569e+03,-1.9278e+00,-3.4426e-01,4.5062e+00,8.5947e-01,2.7828e+01
2.0000e+03,1.9600e+02,1.0000e+00,3.4813e+01,-2.3297e+06,-2.3297e+06,-6.5225e-01,-inf,1.5316e-01,7.0496e+00,inf,1.6632e+03,-2.4850e+00,-2.8962e+00,4.7511e+00,2.3699e+00,2.9754e+01
2.0000e+03,1.9700e+02,1.0000e+00,3.4929e+01,-2.3294e+06,-2.3294e+06,-6.5557e-01,-inf,1.5320e-01,7.0527e+00,inf,1.6696e+03,-3.1326e-01,-2.2546e+00,5.4975e+00,1.3617e+01,2.9377e+01
2.0000e+03,1.9800e+02,5.0000e+00,3.4798e+01,-2.3284e+06,-2.3284e+06,-6.5890e-01,-inf,1.5323e-01,7.0558e+00,inf,1.7059e+03,-2.8240e+00,-2.5743e+00,4.0504e+00,1.1989e+01,2.6371e+01
2.0000e+03,1.9900e+02,4.0000e+00,3.4729e+01,-2.3276e+06,-2.3276e+06,-6.6223e-01,-inf,1.5327e-01,7.0589e+00,inf,1.7355e+03,3.0617e-01,-9.7216e-01,1.4941e+00,1.1970e+01,2.9669e+01
2.0000e+03,2.0000e+02,5.0000e+00,3.4602e+01,-2.3271e+06,-2.3271e+06,-6.6556e-01,-inf,1.5330e-01,7.0620e+00,inf,1.7696e+03,-2.4999e-01,-2.4926e+00,6.9991e-01,5.2095e+00,2.8201e+01
2.0000e+03,2.0100e+02,4.0000e+00,3.4536e+01,-2.3262e+06,-2.3262e+06,-6.6889e-01,-inf,1.5335e-01,7.0662e+00,inf,1.7944e+03,-2.9661e+00,-2.2124e+00,6.7352e-01,1.6537e+01,2.8574e+01
2.0000e+03,2.0200e+02,3.0000e+00,3.4530e+01,-2.3253e+06,-2.3254e+06,-6.7221e-01,-inf,1.5338e-01,7.0694e+00,inf,1.8122e+03,-2.7907e+00,-2.3550e+00,3.7884e-01,1.3530e+01,2.7973e+01
2.0000e+03,2.0300e+02,1.0000e+00,3.4642e+01,-2.3238e+06,-2.3238e+06,-6.7554e-01,-inf,1.5341e-01,7.0725e+00,inf,1.8186e+03,-4.7845e-01,-2.1908e+00,1.9636e-01,5.2216e+00,2.7051e+01
2.0000e+03,2.0400e+02,1.0000e+00,3.4753e+01,-2.3231e+06,-2.3231e+06,-6.7887e-01,-inf,1.5345e-01,7.0756e+00,inf,1.8245e+03,-4.8527e-01,-2.5067e+00,5.2443e+00,8.7609e+00,2.8840e+01
2.0000e+03,2.0500e+02,1.0000e+00,3.4864e+01,-2.3217e+06,-2.3217e+06,-6.8220e-01,-inf,1.5348e-01,7.0787e+00,inf,1.8317e+03,4.4529e-01,-8.4532e-01,1.2377e+00,1.6646e+01,2.9078e+01
2.0000e+03,2.0600e+02,1.0000e+00,3.4975e+01,-2.3213e+06,-2.3213e+06,-6.8552e-01,-inf,1.5353e-01,7.0829e+00,inf,1.8380e+03,-3.3309e-01,-1.5118e+00,1.1111e+00,4.4021e+00,2.8824e+01
2.0000e+03,2.0700e+02,3.0000e+00,3.4966e+01,-2.3201e+06,-2.3201e+06,-6.8885e-01,-inf,1.5356e-01,7.0860e+00,inf,1.8603e+03,-4.5653e-01,-5.2740e-01,2.5393e-01,4.8648e+00,2.6855e+01
2.0000e+03,2.0800e+02,1.0000e+00,3.5076e+01,-2.3198e+06,-2.3198e+06,-6.9218e-01,-inf,1.5359e-01,7.0892e+00,inf,1.8653e+03,-2.9857e+00,-2.5394e-01,4.4838e+00,1.3244e+01,2.7609e+01
2.0000e+03,2.0900e+02,1.0000e+00,3.5185e+01,-2.3195e+06,-2.3195e+06,-6.9551e-01,-inf,1.5363e-01,7.0923e+00,inf,1.8699e+03,-2.3344e+00,-2.9699e+00,1.0202e+00,2.3460e+00,2.8652e+01
2.0000e+03,2.1000e+02,2.0000e+00,3.5235e+01,-2.3193e+06,-2.3193e+06,-6.9884e-01,-inf,1.5366e-01,7.0954e+00,inf,1.8850e+03,-9.6538e-01,-2.6051e+00,5.1526e+00,8.4720e+00,2.9510e+01
2.0000e+03,2.1100e+02,1.0000e+00,3.5343e+01,-2.3179e+06,-2.3179e+06,-7.0216e-01,-inf,1.5371e-01,7.0996e+00,inf,1.8910e+03,-2.4507e+00,-2.8491e-01,2.6929e-01,3.1807e-01,2.6601e+01
2.0000e+03,2.1200e+02,1.0000e+00,3.5452e+01,-2.3158e+06,-2.3158e+06,-7.0549e-01,-inf,1.5374e-01,7.1027e+00,inf,1.8961e+03,2.5775e-01,-1.8135e+00,9.6066e-01,1.0374e+01,2.8496e+01
2.0000e+03,2.1300e+02,1.0000e+00,3.5559e+01,-2.3130e+06,-2.3130e+06,-7.0882e-01,-inf,1.5377e-01,7.1058e+00,inf,1.9020e+03,-2.0841e+00,-9.6110e-01,4.4392e+00,4.0868e+00,2.8285e+01
2.0000e+03,2.1400e+02,1.0000e+00,3.5667e+01,-2.3120e+06,-2.3120e+06,-7.1215e-01,-inf,1.5381e-01,7.1090e+00,inf,1.9076e+03,-5.9142e-01,-2.7984e+00,6.7688e-01,6.7330e+00,2.7953e+01
2.0000e+03,2.1500e+02,1.0000e+00,3.5774e+01,-2.3118e+06,-2.3118e+06,-7.1547e-01,-inf,1.5384e-01,7.1121e+00,inf,1.9127e+03,-7.9658e-01,-2.4398e+00,4.9734e+00,1.7913e+01,2.8655e+01
2.0000e+03,2.1600e+02,1.0000e+00,3.5880e+01,-2.3115e+06,-2.3115e+06,-7.1880e-01,-inf,1.5388e-01,7.1152e+00,inf,1.9173e+03,-8.5019e-01,-1.4694e+00,4.7448e+00,1.9034e+01,2.7766e+01
2.0000e+03,2.1700e+02,4.0000e+00,3.5809e+01,-2.3113e+06,-2.3113e+06,-7.2213e-01,-inf,1.5392e-01,7.1194e+00,inf,1.9479e+03,2.4548e-01,-1.5207e+00,4.1671e+00,2.7819e-01,2.7152e+01
2.0000e+03,2.1800e+02,4.0000e+00,3.5738e+01,-2.3110e+06,-2.3110e+06,-7.2546e-01,-inf,1.5396e-01,7.1225e+00,inf,1.9730e+03,-2.8540e+00,4.8472e-01,4.9520e+00,1.5611e+01,2.9657e+01
2.0000e+03,2.1900e+02,1.0000e+00,3.5843e+01,-2.3099e+06,-2.3099e+06,-7.2879e-01,-inf,1.5399e-01,7.1256e+00,inf,1.9776e+03,-2.4660e+00,-1.0106e+00,4.2258e+00,1.9033e+01,2.7402e+01
2.0000e+03,2.2000e+02,3.0000e+00,3.5831e+01,-2.3097e+06,-2.3097e+06,-7.3211e-01,-inf,1.5402e-01,7.1288e+00,inf,1.9961e+03,-1.2526e+00,-5.7750e-01,6.0894e-01,4.6736e+00,2.7487e+01
2.0000e+03,2.2100e+02,1.0000e+00,3.5935e+01,-2.3087e+06,-2.3087e+06,-7.3544e-01,-inf,1.5406e-01,7.1319e+00,inf,2.0027e+03,9.3829e-02,-4.0524e-01,4.1257e+00,2.7915e+00,2.5199e+01
2.0000e+03,2.2200e+02,1.0000e+00,3.6039e+01,-2.3082e+06,-2.3082e+06,-7.3877e-01,-inf,1.5410e-01,7.1361e+00,inf,2.0091e+03,-1.5892e-02,-9.0716e-01,5.5508e+00,1.0790e+01,2.9446e+01
2.0000e+03,2.2300e+02,2.0000e+00,3.6084e+01,-2.3078e+06,-2.3078e+06,-7.4210e-01,-inf,1.5414e-01,7.1392e+00,inf,2.0209e+03,-2.6812e+00,4.4495e-02,2.1896e-01,1.9376e+01,2.6637e+01
2.0000e+03,2.2400e+02,6.0000e+00,3.5897e+01,-2.3075e+06,-2.3075e+06,-7.4542e-01,-inf,1.5417e-01,7.1423e+00,inf,2.0615e+03,-1.1334e+00,-2.8484e+00,4.4915e+00,6.6604e+00,2.7515e+01
2.0000e+03,2.2500e+02,1.0000e+00,3.6000e+01,-2.3071e+06,-2.3071e+06,-7.4875e-01,-inf,1.5420e-01,7.1454e+00,inf,2.0678e+03,-2.9339e+00,1.6639e-01,4.2436e+00,1.6904e+00,2.8123e+01
2.0000e+03,2.2600e+02,2.0000e+00,3.6045e+01,-2.3068e+06,-2.3068e+06,-7.5208e-01,-inf,1.5424e-01,7.1486e+00,inf,2.0819e+03,-2.4556e+00,-2.4059e+00,4.4669e-01,1.9343e+01,2.7742e+01
2.0000e+03,2.2700e+02,1.0000e+00,3.6146e+01,-2.3067e+06,-2.3067e+06,-7.5541e-01,-inf,1.5428e-01,7.1528e+00,inf,2.0877e+03,-4.6370e-02,-1.3521e+00,4.6792e+00,3.3978e+00,2.7736e+01
2.0000e+03,2.2800e+02,1.0000e+00,3.6248e+01,-2.3066e+06,-2.3066e+06,-7.5874e-01,-inf,1.5432e-01,7.1559e+00,inf,2.0932e+03,-2.3731e-01,-1.7035e+00,8.8770e-01,8.1638e+00,2.8256e+01
2.0000e+03,2.2900e+02,5.0000e+00,3.6120e+01,-2.3045e+06,-2.3045e+06,-7.6206e-01,-inf,1.5435e-01,7.1590e+00,inf,2.1233e+03,-8.7257e-02,-2.8238e-01,4.8931e-01,6.5161e+00,2.6886e+01
2.0000e+03,2.3000e+02,6.0000e+00,3.5938e+01,-2.3020e+06,-2.3020e+06,-7.6539e-01,-inf,1.5438e-01,7.1621e+00,inf,2.1641e+03,-3.2970e-01,-1.1315e+00,5.1306e+00,1.0935e+01,2.8561e+01
2.0000e+03,2.3100e+02,3.0000e+00,3.5925e+01,-2.2997e+06,-2.2997e+06,-7.6872e-01,-inf,1.5442e-01,7.1653e+00,inf,2.1857e+03,4.1073e-01,-6.6275e-01,2.0452e+00,2.2554e+00,2.8881e+01
2.0000e+03,2.3200e+02,1.0000e+00,3.6025e+01,-2.2989e+06,-2.2989e+06,-7.7205e-01,-inf,1.5446e-01,7.1694e+00,inf,2.1923e+03,-2.0566e+00,-2.7063e+00,1.5659e+00,1.8956e+01,2.9849e+01
2.0000e+03,2.3300e+02,1.0000e+00,3.6124e+01,-2.2988e+06,-2.2988e+06,-7.7538e-01,-inf,1.5450e-01,7.1726e+00,inf,2.1969e+03,-1.2028e+00,-1.7527e-01,7.9173e-01,9.5034e+00,2.7837e+01
2.0000e+03,2.3400e+02,1.0000e+00,3.6223e+01,-2.2973e+06,-2.2973e+06,-7.7870e-01,-inf,1.5453e-01,7.1757e+00,inf,2.2026e+03,-2.0961e+00,-1.7788e+00,3.7661e+00,8.5953e-01,2.6495e+01
2.0000e+03,2.3500e+02,1.0000e+00,3.6321e+01,-2.2971e+06,-2.2971e+06,-7.8203e-01,-inf,1.5456e-01,7.1788e+00,inf,2.2088e+03,-2.8267e+00,-4.9281e-01,4.4101e+00,6.9549e+00,2.9707e+01
2.0000e+03,2.3600e+02,1.0000e+00,3.6420e+01,-2.2971e+06,-2.2971e+06,-7.8536e-01,-inf,1.5460e-01,7.1822e+00,inf,2.2153e+03,-1.6402e+00,-1.7513e+00,4.1287e+00,1.6668e+01,2.6508e+01
2.0000e+03,2.3700e+02,5.0000e+00,3.6294e+01,-2.2963e+06,-2.2963e+06,-7.8869e-01,-inf,1.5464e-01,7.1861e+00,inf,2.2522e+03,-1.3794e+00,5.2170e-03,8.3484e-01,1.7074e+01,2.7986e+01
2.0000e+03,2.3800e+02,2.0000e+00,3.6336e+01,-2.2959e+06,-2.2959e+06,-7.9201e-01,-inf,1.5467e-01,7.1892e+00,inf,2.2657e+03,2.3032e-01,-4.7916e-01,1.0074e+00,1.4410e+01,2.8077e+01
2.0000e+03,2.3900e+02,1.0000e+00,3.6433e+01,-2.2958e+06,-2.2959e+06,-7.9534e-01,-inf,1.5471e-01,7.1924e+00,inf,2.2715e+03,-1.0617e-01,-1.6839e+00,4.8734e+00,1.2438e+01,2.7207e+01
2.0000e+03,2.4000e+02,2.0000e+00,3.6474e+01,-2.2958e+06,-2.2958e+06,-7.9867e-01,-inf,1.5474e-01,7.1955e+00,inf,2.2816e+03,-2.1249e-01,-2.6829e+00,2.0528e-01,7.1457e+00,2.6414e+01
2.0000e+03,2.4100e+02,2.0000e+00,3.6515e+01,-2.2946e+06,-2.2946e+06,-8.0200e-01,-inf,1.5478e-01,7.1986e+00,inf,2.2940e+03,-4.3959e-01,-1.8970e+00,3.9690e+00,1.1035e+00,2.7913e+01
2.0000e+03,2.4200e+02,4.0000e+00,3.6446e+01,-2.2930e+06,-2.2931e+06,-8.0533e-01,-inf,1.5481e-01,7.2017e+00,inf,2.3183e+03,-2.7815e+00,-2.0923e+00,4.2574e+00,9.9086e+00,2.9662e+01
2.0000e+03,2.4300e+02,3.0000e+00,3.6432e+01,-2.2929e+06,-2.2929e+06,-8.0865e-01,-inf,1.5485e-01,7.2059e+00,inf,2.3364e+03,2.4491e-01,-1.3297e+00,4.1708e-01,5.3843e-01,2.6047e+01
2.0000e+03,2.4400e+02,1.0000e+00,3.6527e+01,-2.2923e+06,-2.2924e+06,-8.1198e-01,-inf,1.5489e-01,7.2091e+00,inf,2.3420e+03,-4.9807e-01,-6.5381e-01,5.0735e+00,7.8744e+00,2.8833e+01
2.0000e+03,2.4500e+02,1.0000e+00,3.6622e+01,-2.2923e+06,-2.2923e+06,-8.1531e-01,-inf,1.5272e-01,7.0090e+00,inf,2.3481e+03,-2.5873e+00,-3.2742e-01,4.2693e+00,1.4468e+01,2.7988e+01
2.0000e+03,2.4600e+02,7.0000e+00,3.6391e+01,-2.2914e+06,-2.2915e+06,-8.1864e-01,-inf,1.5495e-01,7.2153e+00,inf,2.3928e+03,-2.3082e+00,-2.4200e+00,4.0079e+00,1.9805e+01,2.6970e+01
2.0000e+03,2.4700e+02,1.0000e+00,3.6484e+01,-2.2907e+06,-2.2908e+06,-8.2196e-01,-inf,1.5499e-01,7.2184e+00,inf,2.3982e+03,-2.2343e+00,-1.0282e+00,3.8405e+00,1.9516e+00,2.7570e+01
2.0000e+03,2.4800e+02,2.0000e+00,3.6524e+01,-2.2906e+06,-2.2906e+06,-8.2529e-01,-inf,1.5503e-01,7.2226e+00,inf,2.4122e+03,-1.2369e+00,2.6185e-01,4.5930e+00,1.9796e+01,2.7149e+01
2.0000e+03,2.4900e+02,2.0000e+00,3.6564e+01,-2.2901e+06,-2.2902e+06,-8.2862e-01,-inf,1.5507e-01,7.2257e+00,inf,2.4273e+03,-2.5305e+00,4.3799e-01,1.2310e+00,1.6432e+01,2.8388e+01
2.0000e+03,2.5000e+02,1.0000e+00,3.6657e+01,-2.2868e+06,-2.2868e+06,-8.3195e-01,-inf,1.5510e-01,7.2289e+00,inf,2.4337e+03,-2.3961e+00,-1.4364e-01,4.3117e+00,1.0315e+01,2.7936e+01
2.0000e+03,2.5100e+02,2.0000e+00,3.6696e+01,-2.2850e+06,-2.2851e+06,-8.3528e-01,-inf,1.5513e-01,7.2320e+00,inf,2.4453e+03,-2.4371e+00,2.8675e-01,1.5875e-01,6.9608e+00,2.5579e+01
2.0000e+03,2.5200e+02,1.0000e+00,3.6788e+01,-2.2850e+06,-2.2850e+06,-8.3860e-01,-inf,1.5517e-01,7.2351e+00,inf,2.4523e+03,-1.6754e+00,-1.1020e+00,4.1264e+00,8.3347e+00,2.6944e+01
2.0000e+03,2.5300e+02,1.0000e+00,3.6880e+01,-2.2841e+06,-2.2841e+06,-8.4193e-01,-inf,1.5521e-01,7.2393e+00,inf,2.4590e+03,-7.4026e-01,-1.5531e+00,4.8883e+00,1.1752e+01,2.9245e+01
2.0000e+03,2.5400e+02,2.0000e+00,3.6919e+01,-2.2840e+06,-2.2840e+06,-8.4526e-01,-inf,1.5525e-01,7.2424e+00,inf,2.4699e+03,-1.6809e-01,3.7980e-01,7.3938e-01,1.1710e+01,2.7027e+01
2.0000e+03,2.5500e+02,2.0000e+00,3.6957e+01,-2.2837e+06,-2.2837e+06,-8.4859e-01,-inf,1.5528e-01,7.2455e+00,inf,2.4834e+03,-2.6374e-01,-3.4734e-01,3.8193e+00,7.3336e-01,2.8676e+01
2.0000e+03,2.5600e+02,1.0000e+00,3.7048e+01,-2.2835e+06,-2.2835e+06,-8.5191e-01,-inf,1.5531e-01,7.2487e+00,inf,2.4891e+03,4.6528e-01,-2.7176e+00,4.5881e+00,1.7344e+01,2.6232e+01
2.0000e+03,2.5700e+02,1.0000e+00,3.7139e+01,-2.2833e+06,-2.2833e+06,-8.5524e-01,-inf,1.5535e-01,7.2518e+00,inf,2.4941e+03,4.7863e-01,-1.1745e+00,8.2142e-01,1.1426e+00,2.6643e+01
2.0000e+03,2.5800e+02,5.0000e+00,3.7016e+01,-2.2831e+06,-2.2831e+06,-8.5857e-01,-inf,1.5539e-01,7.2560e+00,inf,2.5294e+03,-8.5978e-01,-1.4561e+00,4.2176e+00,1.5618e+01,2.6257e+01
2.0000e+03,2.5900e+02,7.0000e+00,3.6790e+01,-2.2820e+06,-2.2820e+06,-8.6190e-01,-inf,1.5542e-01,7.2591e+00,inf,2.5724e+03,-2.5399e+00,-2.0501e+00,7.1779e-01,1.1232e+00,2.7159e+01
2.0000e+03,2.6000e+02,1.0000e+00,3.6879e+01,-2.2820e+06,-2.2820e+06,-8.6523e-01,-inf,1.5546e-01,7.2622e+00,inf,2.5782e+03,-1.5393e+00,-2.4241e+00,4.4364e+00,6.7013e+00,2.9227e+01
2.0000e+03,2.6100e+02,1.0000e+00,3.6969e+01,-2.2817e+06,-2.2817e+06,-8.6855e-01,-inf,1.5549e-01,7.2653e+00,inf,2.5834e+03,-1.7336e+00,-2.6806e+00,3.6203e-01,6.9148e+00,2.6777e+01
2.0000e+03,2.6200e+02,7.0000e+00,3.6746e+01,-2.2813e+06,-2.2813e+06,-8.7188e-01,-inf,1.5552e-01,7.2685e+00,inf,2.6334e+03,-2.8739e+00,-2.7857e+00,1.8529e-01,1.0197e+01,2.6333e+01
2.0000e+03,2.6300e+02,2.0000e+00,3.6783e+01,-2.2812e+06,-2.2812e+06,-8.7521e-01,-inf,1.5557e-01,7.2727e+00,inf,2.6461e+03,-4.1517e-01,-9.4444e-01,3.7731e+00,2.2318e+00,2.6146e+01
2.0000e+03,2.6400e+02,1.0000e+00,3.6872e+01,-2.2808e+06,-2.2808e+06,-8.7854e-01,-inf,1.5560e-01,7.2758e+00,inf,2.6508e+03,-2.4589e+00,-4.8504e-01,1.0833e+00,1.9047e-01,2.7688e+01
2.0000e+03,2.6500e+02,4.0000e+00,3.6806e+01,-2.2804e+06,-2.2804e+06,-8.8186e-01,-inf,1.5564e-01,7.2789e+00,inf,2.6761e+03,-1.2421e+00,-1.4251e+00,3.7389e+00,2.1838e+00,2.6869e+01
2.0000e+03,2.6600e+02,4.0000e+00,3.6740e+01,-2.2794e+06,-2.2794e+06,-8.8519e-01,-inf,1.5567e-01,7.2820e+00,inf,2.7017e+03,4.8543e-01,3.0472e-01,1.0492e+00,1.0415e+01,2.7386e+01
2.0000e+03,2.6700e+02,4.0000e+00,3.6676e+01,-2.2787e+06,-2.2787e+06,-8.8852e-01,-inf,1.5570e-01,7.2852e+00,inf,2.7273e+03,-2.2671e+00,-1.8177e+00,4.0526e+00,5.8949e+00,2.8358e+01
2.0000e+03,2.6800e+02,2.0000e+00,3.6712e+01,-2.2785e+06,-2.2785e+06,-8.9185e-01,-inf,1.5574e-01,7.2883e+00,inf,2.7384e+03,-2.7077e+00,-3.3703e-01,4.0742e+00,1.3255e+01,2.8152e+01
2.0000e+03,2.6900e+02,4.0000e+00,3.6649e+01,-2.2779e+06,-2.2779e+06,-8.9518e-01,-inf,1.5578e-01,7.2925e+00,inf,2.7633e+03,4.0199e-01,8.9917e-02,5.0435e+00,1.8589e+01,2.6991e+01
2.0000e+03,2.7000e+02,4.0000e+00,3.6585e+01,-2.2775e+06,-2.2775e+06,-8.9850e-01,-inf,1.5581e-01,7.2956e+00,inf,2.7884e+03,-2.9106e+00,2.4355e-01,9.4346e-01,1.2821e+01,2.7527e+01
2.0000e+03,2.7100e+02,2.0000e+00,3.6622e+01,-2.2774e+06,-2.2774e+06,-9.0183e-01,-inf,1.5585e-01,7.2987e+00,inf,2.8038e+03,-7.1906e-01,-7.0937e-01,4.4186e+00,3.7960e+00,2.9905e+01
2.0000e+03,2.7200e+02,1.0000e+00,3.6707e+01,-2.2770e+06,-2.2770e+06,-9.0516e-01,-inf,1.5588e-01,7.3018e+00,inf,2.8089e+03,-2.6277e+00,-6.7159e-01,4.0182e+00,8.2432e+00,2.8640e+01
2.0000e+03,2.7300e+02,1.0000e+00,3.6792e+01,-2.2765e+06,-2.2765e+06,-9.0849e-01,-inf,1.5591e-01,7.3050e+00,inf,2.8149e+03,-1.5836e+00,-2.4888e+00,1.4527e+00,1.2041e+01,2.9220e+01
2.0000e+03,2.7400e+02,4.0000e+00,3.6729e+01,-2.2756e+06,-2.2757e+06,-9.1181e-01,-inf,1.5596e-01,7.3091e+00,inf,2.8410e+03,3.5391e-02,4.9205e-01,5.1486e+00,1.4535e+01,2.7564e+01
2.0000e+03,2.7500e+02,6.0000e+00,3.6569e+01,-2.2753e+06,-2.2753e+06,-9.1514e-01,-inf,1.5599e-01,7.3123e+00,inf,2.8766e+03,-1.0153e+00,1.5466e-02,7.2937e-01,3.4614e+00,2.6653e+01
2.0000e+03,2.7600e+02,2.0000e+00,3.6605e+01,-2.2751e+06,-2.2751e+06,-9.1847e-01,-inf,1.5603e-01,7.3154e+00,inf,2.8882e+03,-1.1490e+00,-1.1824e+00,1.9118e+00,1.4618e+01,2.9980e+01
2.0000e+03,2.7700e+02,1.0000e+00,3.6689e+01,-2.2738e+06,-2.2738e+06,-9.2180e-01,-inf,1.5606e-01,7.3185e+00,inf,2.8947e+03,-1.1241e+00,-2.3551e+00,4.6943e+00,1.5740e+01,2.9990e+01
2.0000e+03,2.7800e+02,3.0000e+00,3.6675e+01,-2.2733e+06,-2.2733e+06,-9.2513e-01,-inf,1.5609e-01,7.3216e+00,inf,2.9121e+03,-1.9559e+00,-1.7346e+00,1.6960e-01,1.5261e+01,2.6397e+01
2.0000e+03,2.7900e+02,3.0000e+00,3.6662e+01,-2.2729e+06,-2.2729e+06,-9.2845e-01,-inf,1.5614e-01,7.3258e+00,inf,2.9299e+03,-2.7909e+00,-2.4075e+00,5.5223e-01,1.8130e+01,2.7237e+01
2.0000e+03,2.8000e+02,1.0000e+00,3.6745e+01,-2.2727e+06,-2.2727e+06,-9.3178e-01,-inf,1.5617e-01,7.3289e+00,inf,2.9364e+03,-1.5647e+00,-1.3310e+00,4.0649e+00,1.2604e+01,2.6941e+01
2.0000e+03,2.8100e+02,4.0000e+00,3.6684e+01,-2.2727e+06,-2.2727e+06,-9.3511e-01,-inf,1.5620e-01,7.3321e+00,inf,2.9656e+03,-2.4643e+00,-1.3151e+00,4.0178e+00,9.8737e+00,2.8965e+01
2.0000e+03,2.8200e+02,1.0000e+00,3.6767e+01,-2.2723e+06,-2.2723e+06,-9.3844e-01,-inf,1.5624e-01,7.3352e+00,inf,2.9720e+03,-7.4966e-01,-9.3243e-02,4.8737e-01,5.7196e+00,2.6303e+01
2.0000e+03,2.8300e+02,2.0000e+00,3.6801e+01,-2.2722e+06,-2.2722e+06,-9.4176e-01,-inf,1.5627e-01,7.3383e+00,inf,2.9822e+03,-3.9414e-01,-3.1542e-01,1.2524e+00,1.4581e-01,2.7608e+01
2.0000e+03,2.8400e+02,2.0000e+00,3.6835e+01,-2.2713e+06,-2.2713e+06,-9.4509e-01,-inf,1.5631e-01,7.3425e+00,inf,2.9952e+03,-1.1686e+00,-1.5923e-01,4.1428e+00,1.8955e+01,2.5718e+01
2.0000e+03,2.8500e+02,3.0000e+00,3.6822e+01,-2.2712e+06,-2.2713e+06,-9.4842e-01,-inf,1.5635e-01,7.3456e+00,inf,3.0134e+03,-2.3090e+00,-1.3191e+00,2.2162e+00,3.0863e-01,2.9439e+01
2.0000e+03,2.8600e+02,3.0000e+00,3.6808e+01,-2.2707e+06,-2.2707e+06,-9.5175e-01,-inf,1.5638e-01,7.3488e+00,inf,3.0294e+03,-1.3110e+00,-7.9599e-01,4.7643e-01,4.0181e+00,2.6396e+01
2.0000e+03,2.8700e+02,4.0000e+00,3.6748e+01,-2.2704e+06,-2.2704e+06,-9.5508e-01,-inf,1.5641e-01,7.3519e+00,inf,3.0571e+03,1.5827e-01,2.8946e-02,1.0515e+00,1.7981e+01,2.7624e+01
2.0000e+03,2.8800e+02,2.0000e+00,3.6782e+01,-2.2697e+06,-2.2697e+06,-9.5840e-01,-inf,1.5645e-01,7.3550e+00,inf,3.0688e+03,2.9536e-01,-2.7193e-02,3.7817e+00,1.3680e+00,2.6524e+01
2.0000e+03,2.8900e+02,1.0000e+00,3.6862e+01,-2.2683e+06,-2.2683e+06,-9.6173e-01,-inf,1.5649e-01,7.3592e+00,inf,3.0753e+03,-2.6931e+00,3.0663e-02,3.2998e-01,1.9168e+01,2.6137e+01
2.0000e+03,2.9000e+02,5.0000e+00,3.6755e+01,-2.2680e+06,-2.2680e+06,-9.6506e-01,-inf,1.5653e-01,7.3623e+00,inf,3.1127e+03,2.2925e-01,-2.4725e+00,1.0479e+00,7.6996e+00,2.7710e+01
2.0000e+03,2.9100e+02,1.0000e+00,3.6835e+01,-2.2675e+06,-2.2675e+06,-9.6839e-01,-inf,1.5656e-01,7.3654e+00,inf,3.1195e+03,-2.2969e-01,2.8585e-01,1.9769e+00,6.6087e+00,2.9057e+01
2.0000e+03,2.9200e+02,2.0000e+00,3.6869e+01,-2.2674e+06,-2.2674e+06,-9.7171e-01,-inf,1.5659e-01,7.3686e+00,inf,3.1323e+03,-2.0016e+00,-8.1279e-01,3.8248e+00,3.9939e+00,2.6912e+01
2.0000e+03,2.9300e+02,2.0000e+00,3.6902e+01,-2.2667e+06,-2.2667e+06,-9.7504e-01,-inf,1.5663e-01,7.3717e+00,inf,3.1444e+03,-2.7492e+00,-6.5419e-01,2.0381e+00,1.7096e+00,2.8956e+01
2.0000e+03,2.9400e+02,8.0000e+00,3.6658e+01,-2.2655e+06,-2.2655e+06,-9.7837e-01,-inf,1.5666e-01,7.3748e+00,inf,3.1916e+03,-1.0700e+00,2.1141e-01,1.0998e+00,1.3945e+01,2.7853e+01
2.0000e+03,2.9500e+02,1.0000e+00,3.6737e+01,-2.2654e+06,-2.2654e+06,-9.8170e-01,-inf,1.5670e-01,7.3790e+00,inf,3.1963e+03,-1.2688e+00,1.6386e-02,4.7572e+00,1.8943e+01,2.9833e+01
2.0000e+03,2.9600e+02,1.0000e+00,3.6816e+01,-2.2652e+06,-2.2652e+06,-9.8503e-01,-inf,1.5674e-01,7.3821e+00,inf,3.2029e+03,-3.6657e-01,-1.4448e+00,7.9654e-01,1.7684e+01,2.7650e+01
2.0000e+03,2.9700e+02,3.0000e+00,3.6803e+01,-2.2650e+06,-2.2650e+06,-9.8835e-01,-inf,1.5677e-01,7.3852e+00,inf,3.2219e+03,-4.6166e-01,4.0826e-01,4.2839e+00,8.9515e+00,2.5111e+01
2.0000e+03,2.9800e+02,4.0000e+00,3.6745e+01,-2.2649e+06,-2.2649e+06,-9.9168e-01,-inf,1.5680e-01,7.3884e+00,inf,3.2516e+03,-7.1477e-01,-1.3162e+00,4.5074e+00,1.6566e+01,2.7942e+01
2.0000e+03,2.9900e+02,1.0000e+00,3.6823e+01,-2.2649e+06,-2.2649e+06,-9.9501e-01,-inf,1.5684e-01,7.3915e+00,inf,3.2580e+03,-3.6340e-01,-1.9577e-01,5.0162e+00,1.1011e+01,2.8588e+01
2.0000e+03,3.0000e+02,1.0000e+00,3.6900e+01,-2.2646e+06,-2.2646e+06,-9.9834e-01,-inf,1.5688e-01,7.3957e+00,inf,3.2632e+03,-7.9874e-02,-2.5903e+00,4.1848e+00,1.7474e+01,2.5194e+01
2.0000e+03,3.0100e+02,3.0000e+00,3.6887e+01,-2.2639e+06,-2.2639e+06,-1.0017e+00,-inf,1.5691e-01,7.3988e+00,inf,3.2867e+03,-1.9520e+00,-1.3185e+00,4.1702e+00,1.9184e+01,2.8803e+01
2.0000e+03,3.0200e+02,1.0000e+00,3.6965e+01,-2.2631e+06,-2.2631e+06,-1.0050e+00,-inf,1.5695e-01,7.4019e+00,inf,3.2924e+03,-1.5640e+00,-2.5256e+00,1.0165e+00,8.3383e+00,2.8087e+01
2.0000e+03,3.0300e+02,4.0000e+00,3.6906e+01,-2.2627e+06,-2.2627e+06,-1.0083e+00,-inf,1.5698e-01,7.4050e+00,inf,3.3232e+03,-2.1425e+00,4.2092e-01,9.2556e-01,1.5631e+01,2.7432e+01
2.0000e+03,3.0400e+02,8.0000e+00,3.6671e+01,-2.2614e+06,-2.2614e+06,-1.0116e+00,-inf,1.5701e-01,7.4082e+00,inf,3.3858e+03,-2.6248e+00,-2.3131e+00,1.9059e+00,1.6508e+01,2.9482e+01
2.0000e+03,3.0500e+02,1.0000e+00,3.6747e+01,-2.2613e+06,-2.2613e+06,-1.0150e+00,-inf,1.5706e-01,7.4123e+00,inf,3.3922e+03,2.6948e-01,-1.3522e+00,4.0989e+00,5.3333e+00,2.5494e+01
2.0000e+03,3.0600e+02,3.0000e+00,3.6735e+01,-2.2601e+06,-2.2601e+06,-1.0183e+00,-inf,1.5709e-01,7.4155e+00,inf,3.4110e+03,-1.6988e+00,-8.2416e-01,2.1578e-01,1.8399e+01,2.6194e+01
2.0000e+03,3.0700e+02,5.0000e+00,3.6635e+01,-2.2566e+06,-2.2566e+06,-1.0216e+00,-inf,1.5712e-01,7.4186e+00,inf,3.4412e+03,2.9022e-01,8.0894e-02,3.6652e+00,4.4447e-01,2.5343e+01
2.0000e+03,3.0800e+02,1.0000e+00,3.6710e+01,-2.2562e+06,-2.2562e+06,-1.0250e+00,-inf,1.5716e-01,7.4217e+00,inf,3.4458e+03,-6.5577e-02,1.7861e-01,4.7569e+00,1.5493e+01,2.6720e+01
2.0000e+03,3.0900e+02,5.0000e+00,3.6611e+01,-2.2551e+06,-2.2551e+06,-1.0283e+00,-inf,1.5719e-01,7.4249e+00,inf,3.4781e+03,-2.3981e+00,-1.3225e+00,3.6022e+00,7.3653e+00,2.6087e+01
2.0000e+03,3.1000e+02,2.0000e+00,3.6643e+01,-2.2547e+06,-2.2547e+06,-1.0316e+00,-inf,1.5723e-01,7.4290e+00,inf,3.4921e+03,-2.9395e+00,-2.3807e+00,3.3649e+00,3.0886e+00,2.6170e+01
2.0000e+03,3.1100e+02,1.0000e+00,3.6718e+01,-2.2544e+06,-2.2544e+06,-1.0349e+00,-inf,1.5727e-01,7.4322e+00,inf,3.4967e+03,-2.4818e+00,-2.6931e+00,3.6686e+00,7.1012e+00,2.8967e+01
2.0000e+03,3.1200e+02,4.0000e+00,3.6663e+01,-2.2543e+06,-2.2543e+06,-1.0383e+00,-inf,1.5730e-01,7.4353e+00,inf,3.5253e+03,-2.7431e+00,-1.5739e+00,2.5428e+00,2.9419e+00,2.9365e+01
2.0000e+03,3.1300e+02,1.0000e+00,3.6737e+01,-2.2540e+06,-2.2540e+06,-1.0416e+00,-inf,1.5733e-01,7.4384e+00,inf,3.5317e+03,4.2407e-01,-6.0528e-01,1.0419e+00,3.5709e+00,2.6757e+01
2.0000e+03,3.1400e+02,2.0000e+00,3.6768e+01,-2.2537e+06,-2.2537e+06,-1.0449e+00,-inf,1.5737e-01,7.4415e+00,inf,3.5430e+03,-2.4774e+00,-1.3518e+00,1.7834e-01,1.5218e+01,2.6028e+01
2.0000e+03,3.1500e+02,6.0000e+00,3.6628e+01,-2.2535e+06,-2.2535e+06,-1.0483e+00,-inf,1.5740e-01,7.4447e+00,inf,3.5803e+03,-2.6129e+00,-1.7368e+00,4.6963e-01,2.9813e+00,2.6106e+01
2.0000e+03,3.1600e+02,5.0000e+00,3.6532e+01,-2.2522e+06,-2.2522e+06,-1.0516e+00,-inf,1.5744e-01,7.4488e+00,inf,3.6156e+03,-4.0888e-01,-1.0324e+00,4.3342e+00,7.5099e+00,2.7152e+01
2.0000e+03,3.1700e+02,3.0000e+00,3.6521e+01,-2.2521e+06,-2.2521e+06,-1.0549e+00,-inf,1.5747e-01,7.4518e+00,inf,3.6395e+03,-2.8556e+00,-2.3880e+00,3.3608e+00,6.8781e+00,2.5224e+01
2.0000e+03,3.1800e+02,1.0000e+00,3.6594e+01,-2.2515e+06,-2.2515e+06,-1.0582e+00,-inf,1.5751e-01,7.4551e+00,inf,3.6459e+03,-6.4561e-01,-1.9316e+00,3.9790e+00,6.6650e+00,2.6090e+01
2.0000e+03,3.1900e+02,1.0000e+00,3.6667e+01,-2.2494e+06,-2.2494e+06,-1.0616e+00,-inf,1.5754e-01,7.4582e+00,inf,3.6522e+03,-2.9645e+00,-1.0416e+00,3.8482e+00,6.1434e+00,2.9954e+01
2.0000e+03,3.2000e+02,4.0000e+00,3.6613e+01,-2.2475e+06,-2.2475e+06,-1.0649e+00,-inf,1.5757e-01,7.4613e+00,inf,3.6776e+03,-5.0063e-01,-3.4654e-01,4.6237e+00,1.9621e+01,2.7818e+01
2.0000e+03,3.2100e+02,1.0000e+00,3.6686e+01,-2.2467e+06,-2.2467e+06,-1.0682e+00,-inf,1.5762e-01,7.4655e+00,inf,3.6824e+03,-2.2351e+00,-1.5603e+00,5.4796e-01,9.4282e+00,2.6772e+01
2.0000e+03,3.2200e+02,1.0000e+00,3.6758e+01,-2.2453e+06,-2.2453e+06,-1.0715e+00,-inf,1.5765e-01,7.4686e+00,inf,3.6881e+03,-2.6869e+00,-2.8657e+00,2.2064e+00,7.4769e+00,2.9435e+01
2.0000e+03,3.2300e+02,3.0000e+00,3.6746e+01,-2.2446e+06,-2.2446e+06,-1.0749e+00,-inf,1.5768e-01,7.4718e+00,inf,3.7061e+03,-5.4827e-01,-1.8664e+00,4.1466e+00,1.2869e+01,2.6467e+01
2.0000e+03,3.2400e+02,3.0000e+00,3.6735e+01,-2.2445e+06,-2.2445e+06,-1.0782e+00,-inf,1.5772e-01,7.4749e+00,inf,3.7279e+03,-2.2149e+00,3.6753e-01,2.5855e+00,8.8452e+00,2.9876e+01
2.0000e+03,3.2500e+02,2.0000e+00,3.6765e+01,-2.2437e+06,-2.2437e+06,-1.0815e+00,-inf,1.5775e-01,7.4780e+00,inf,3.7401e+03,-2.5309e+00,4.8129e-01,1.4360e+00,6.4192e+00,2.7841e+01
2.0000e+03,3.2600e+02,2.0000e+00,3.6795e+01,-2.2434e+06,-2.2434e+06,-1.0849e+00,-inf,1.5779e-01,7.4822e+00,inf,3.7540e+03,-8.1963e-01,-1.5546e+00,2.9045e+00,8.2840e-01,2.9341e+01
2.0000e+03,3.2700e+02,1.0000e+00,3.6866e+01,-2.2430e+06,-2.2430e+06,-1.0882e+00,-inf,1.5783e-01,7.4853e+00,inf,3.7587e+03,-1.0390e+00,-3.0812e-01,3.4815e+00,1.7623e+00,2.7993e+01
2.0000e+03,3.2800e+02,2.0000e+00,3.6895e+01,-2.2407e+06,-2.2407e+06,-1.0915e+00,-inf,1.5786e-01,7.4885e+00,inf,3.7704e+03,-7.7297e-02,-2.2626e-01,2.6338e+00,7.2083e+00,2.9801e+01
2.0000e+03,3.2900e+02,1.0000e+00,3.6966e+01,-2.2404e+06,-2.2404e+06,-1.0948e+00,-inf,1.5789e-01,7.4916e+00,inf,3.7760e+03,-2.0321e+00,-2.5607e+00,2.0300e+00,1.3733e+01,2.9689e+01
2.0000e+03,3.3000e+02,4.0000e+00,3.6913e+01,-2.2401e+06,-2.2401e+06,-1.0982e+00,-inf,1.5793e-01,7.4947e+00,inf,3.7995e+03,-1.3715e+00,-8.8660e-01,1.4543e+00,1.0429e+01,2.8551e+01
2.0000e+03,3.3100e+02,2.0000e+00,3.6942e+01,-2.2380e+06,-2.2380e+06,-1.1015e+00,-inf,1.5797e-01,7.4989e+00,inf,3.8099e+03,-1.3801e-01,4.3411e-01,2.8184e+00,1.7050e+00,2.9029e+01
2.0000e+03,3.3200e+02,2.0000e+00,3.6971e+01,-2.2378e+06,-2.2378e+06,-1.1048e+00,-inf,1.5800e-01,7.5020e+00,inf,3.8204e+03,-8.5292e-01,-4.3006e-01,4.5310e+00,1.5527e+01,2.9933e+01
2.0000e+03,3.3300e+02,1.4000e+01,3.6513e+01,-2.2359e+06,-2.2359e+06,-1.1082e+00,-inf,1.5804e-01,7.5051e+00,inf,3.9160e+03,-2.5030e+00,-6.7681e-01,8.6272e-01,1.5165e+01,2.7271e+01
2.0000e+03,3.3400e+02,1.0000e+00,3.6583e+01,-2.2356e+06,-2.2356e+06,-1.1115e+00,-inf,1.5807e-01,7.5083e+00,inf,3.9209e+03,-2.5411e+00,-2.3237e+00,3.4999e+00,1.9421e+01,2.8869e+01
2.0000e+03,3.3500e+02,2.0000e+00,3.6612e+01,-2.2354e+06,-2.2355e+06,-1.1148e+00,-inf,1.5810e-01,7.5114e+00,inf,3.9330e+03,-2.9003e+00,-1.4645e+00,2.4666e+00,3.0682e+00,2.8995e+01
2.0000e+03,3.3600e+02,1.0000e+00,3.6681e+01,-2.2343e+06,-2.2343e+06,-1.1181e+00,-inf,1.5815e-01,7.5156e+00,inf,3.9377e+03,-2.5212e+00,-2.1366e+00,3.4325e+00,1.1876e+01,2.6090e+01
2.0000e+03,3.3700e+02,2.0000e+00,3.6710e+01,-2.2307e+06,-2.2307e+06,-1.1215e+00,-inf,1.5818e-01,7.5187e+00,inf,3.9514e+03,-7.9678e-01,-5.9837e-01,1.9231e+00,1.5780e+01,2.9282e+01
2.0000e+03,3.3800e+02,5.0000e+00,3.6620e+01,-2.2296e+06,-2.2296e+06,-1.1248e+00,-inf,1.5821e-01,7.5218e+00,inf,3.9848e+03,4.2664e-01,8.4313e-02,5.0215e+00,1.8617e+01,2.8624e+01
2.0000e+03,3.3900e+02,4.0000e+00,3.6570e+01,-2.2295e+06,-2.2296e+06,-1.1281e+00,-inf,1.5824e-01,7.5249e+00,inf,4.0068e+03,-2.5466e+00,4.3770e-01,3.7787e+00,1.7200e+01,2.8428e+01
2.0000e+03,3.4000e+02,4.0000e+00,3.6520e+01,-2.2289e+06,-2.2289e+06,-1.1314e+00,-inf,1.5828e-01,7.5281e+00,inf,4.0376e+03,-2.6965e+00,-1.5840e+00,3.4127e+00,1.6572e+01,2.8253e+01
2.0000e+03,3.4100e+02,2.0000e+00,3.6549e+01,-2.2273e+06,-2.2273e+06,-1.1348e+00,-inf,1.5831e-01,7.5312e+00,inf,4.0495e+03,-1.1291e+00,-8.6004e-02,1.4883e+00,5.5915e+00,2.7915e+01
2.0000e+03,3.4200e+02,3.0000e+00,3.6538e+01,-2.2271e+06,-2.2271e+06,-1.1381e+00,-inf,1.5835e-01,7.5354e+00,inf,4.0681e+03,-8.4564e-01,-2.8964e-01,4.1975e+00,1.6868e+01,2.7231e+01
2.0000e+03,3.4300e+02,3.0000e+00,3.6528e+01,-2.2270e+06,-2.2270e+06,-1.1414e+00,-inf,1.5839e-01,7.5385e+00,inf,4.0859e+03,-5.0095e-01,-2.3843e+00,5.6557e-01,3.2367e+00,2.5808e+01
2.0000e+03,3.4400e+02,2.0000e+00,3.6557e+01,-2.2259e+06,-2.2259e+06,-1.1448e+00,-inf,1.5842e-01,7.5416e+00,inf,4.0979e+03,-2.5767e+00,-5.5876e-01,2.6110e+00,6.1872e+00,2.9373e+01
2.0000e+03,3.4500e+02,9.0000e+00,3.6316e+01,-2.2250e+06,-2.2250e+06,-1.1481e+00,-inf,1.5845e-01,7.5447e+00,inf,4.1531e+03,-1.4614e+00,1.6763e-01,4.1916e+00,1.7741e+01,2.8226e+01
2.0000e+03,3.4600e+02,1.8000e+01,3.5744e+01,-2.2242e+06,-2.2243e+06,-1.1514e+00,-inf,1.5849e-01,7.5479e+00,inf,4.2673e+03,-2.8181e+00,-1.1940e+00,3.2400e+00,1.9993e+01,2.5543e+01
2.0000e+03,3.4700e+02,1.0000e+00,3.5810e+01,-2.2238e+06,-2.2238e+06,-1.1547e+00,-inf,1.5853e-01,7.5520e+00,inf,4.2725e+03,-2.3760e+00,-3.6743e-01,4.0376e-01,1.7451e+00,2.5193e+01
2.0000e+03,3.4800e+02,2.0000e+00,3.5839e+01,-2.2236e+06,-2.2236e+06,-1.1581e+00,-inf,1.5856e-01,7.5552e+00,inf,4.2843e+03,3.0122e-01,-1.7513e+00,2.5441e-01,9.5232e+00,2.5337e+01
2.0000e+03,3.4900e+02,1.0000e+00,3.5905e+01,-2.2228e+06,-2.2228e+06,-1.1614e+00,-inf,1.5860e-01,7.5583e+00,inf,4.2889e+03,-2.9138e+00,-5.7271e-01,3.3697e+00,1.7181e+01,2.7875e+01
2.0000e+03,3.5000e+02,1.0000e+00,3.5971e+01,-2.2226e+06,-2.2226e+06,-1.1647e+00,-inf,1.5863e-01,7.5614e+00,inf,4.2953e+03,-6.6541e-01,-9.8826e-01,4.1580e-01,1.0902e+01,2.6040e+01
2.0000e+03,3.5100e+02,8.0000e+00,3.5780e+01,-2.2225e+06,-2.2226e+06,-1.1681e+00,-inf,1.5866e-01,7.5646e+00,inf,4.3431e+03,-2.5518e+00,-2.3413e-01,3.5760e+00,1.8552e+01,2.8397e+01
2.0000e+03,3.5200e+02,1.0000e+00,3.5845e+01,-2.2225e+06,-2.2225e+06,-1.1714e+00,-inf,1.5870e-01,7.5687e+00,inf,4.3495e+03,2.7108e-01,2.8119e-03,4.9956e+00,1.5367e+01,2.8992e+01
2.0000e+03,3.5300e+02,6.0000e+00,3.5729e+01,-2.2218e+06,-2.2218e+06,-1.1747e+00,-inf,1.5874e-01,7.5719e+00,inf,4.3875e+03,-5.9717e-01,-8.4088e-01,4.0864e-01,1.4782e+01,2.6074e+01
2.0000e+03,3.5400e+02,1.0000e+00,3.5794e+01,-2.2216e+06,-2.2216e+06,-1.1780e+00,-inf,1.5877e-01,7.5750e+00,inf,4.3927e+03,-1.5734e+00,-1.2560e+00,3.2359e+00,2.1339e+00,2.5421e+01
2.0000e+03,3.5500e+02,5.0000e+00,3.5714e+01,-2.2212e+06,-2.2212e+06,-1.1814e+00,-inf,1.5880e-01,7.5781e+00,inf,4.4300e+03,-7.8964e-01,-1.9426e+00,4.2164e+00,1.3141e+01,2.9264e+01
2.0000e+03,3.5600e+02,5.0000e+00,3.5636e+01,-2.2205e+06,-2.2205e+06,-1.1847e+00,-inf,1.5884e-01,7.5812e+00,inf,4.4627e+03,-2.0544e+00,-1.3549e+00,2.2504e+00,1.0184e+01,2.9634e+01
2.0000e+03,3.5700e+02,3.0000e+00,3.5629e+01,-2.2203e+06,-2.2203e+06,-1.1880e+00,-inf,1.5888e-01,7.5854e+00,inf,4.4807e+03,-2.7177e+00,-9.7427e-01,3.2994e+00,6.6804e+00,2.7975e+01
2.0000e+03,3.5800e+02,1.0000e+00,3.5693e+01,-2.2201e+06,-2.2202e+06,-1.1913e+00,-inf,1.5891e-01,7.5885e+00,inf,4.4853e+03,-7.7599e-01,-6.3119e-01,1.8038e+00,1.1024e+01,2.8858e+01
2.0000e+03,3.5900e+02,3.0000e+00,3.5686e+01,-2.2197e+06,-2.2198e+06,-1.1947e+00,-inf,1.5894e-01,7.5917e+00,inf,4.5025e+03,-1.4474e-01,-2.3071e+00,8.7389e-01,1.4314e+01,2.7142e+01
2.0000e+03,3.6000e+02,1.0000e+00,3.5750e+01,-2.2192e+06,-2.2192e+06,-1.1980e+00,-inf,1.5898e-01,7.5948e+00,inf,4.5077e+03,-1.5961e+00,2.5715e-01,4.1227e+00,1.6211e+01,2.9409e+01
2.0000e+03,3.6100e+02,5.0000e+00,3.5672e+01,-2.2181e+06,-2.2181e+06,-1.2013e+00,-inf,1.5901e-01,7.5979e+00,inf,4.5381e+03,-2.1158e+00,-1.7820e+00,1.4607e+00,1.8046e+01,2.8533e+01
2.0000e+03,3.6200e+02,3.0000e+00,3.5665e+01,-2.2181e+06,-2.2181e+06,-1.2047e+00,-inf,1.5905e-01,7.6021e+00,inf,4.5566e+03,-2.0399e+00,-2.5554e+00,2.0346e-01,1.5802e+01,2.5773e+01
2.0000e+03,3.6300e+02,2.0000e+00,3.5693e+01,-2.2178e+06,-2.2178e+06,-1.2080e+00,-inf,1.5909e-01,7.6052e+00,inf,4.5692e+03,-1.0832e+00,-2.9560e+00,1.2982e+00,1.2787e+01,2.8176e+01
2.0000e+03,3.6400e+02,1.0000e+00,3.5756e+01,-2.2178e+06,-2.2178e+06,-1.2113e+00,-inf,1.5912e-01,7.6083e+00,inf,4.5745e+03,-2.3297e+00,-8.2262e-01,3.5018e+00,1.5729e+01,2.8900e+01
2.0000e+03,3.6500e+02,4.0000e+00,3.5714e+01,-2.2170e+06,-2.2170e+06,-1.2146e+00,-inf,1.5915e-01,7.6115e+00,inf,4.6005e+03,-1.8088e+00,-1.5922e+00,3.6569e+00,7.7215e+00,2.8290e+01
2.0000e+03,3.6600e+02,4.0000e+00,3.5673e+01,-2.2165e+06,-2.2165e+06,-1.2180e+00,-inf,1.5918e-01,7.6146e+00,inf,4.6231e+03,-1.7312e-01,3.9373e-01,4.6682e+00,1.2998e+01,2.8057e+01
2.0000e+03,3.6700e+02,1.0000e+00,3.5735e+01,-2.2153e+06,-2.2153e+06,-1.2213e+00,-inf,1.5922e-01,7.6177e+00,inf,4.6278e+03,-1.1982e-01,-2.0384e+00,4.1379e-01,3.0441e+00,2.5082e+01
2.0000e+03,3.6800e+02,4.0000e+00,3.5694e+01,-2.2144e+06,-2.2144e+06,-1.2246e+00,-inf,1.5926e-01,7.6219e+00,inf,4.6494e+03,-1.4730e+00,-2.2913e+00,3.5511e+00,1.4869e+01,2.5480e+01
2.0000e+03,3.6900e+02,3.0000e+00,3.5687e+01,-2.2144e+06,-2.2144e+06,-1.2280e+00,-inf,1.5930e-01,7.6258e+00,inf,4.6696e+03,-1.8600e+00,-2.3223e+00,3.6625e+00,1.8416e+01,2.9395e+01
2.0000e+03,3.7000e+02,1.0000e+00,3.5749e+01,-2.2139e+06,-2.2139e+06,-1.2313e+00,-inf,1.5933e-01,7.6282e+00,inf,4.6748e+03,-9.7001e-01,-4.5531e-01,3.9703e+00,1.1861e+01,2.7209e+01
2.0000e+03,3.7100e+02,7.0000e+00,3.5605e+01,-2.2112e+06,-2.2112e+06,-1.2346e+00,-inf,1.5936e-01,7.6313e+00,inf,4.7226e+03,-4.9015e-01,-7.2243e-01,1.0789e+00,1.3897e+00,2.6526e+01
2.0000e+03,3.7200e+02,1.0000e+00,3.5666e+01,-2.2109e+06,-2.2109e+06,-1.2379e+00,-inf,1.5939e-01,7.6344e+00,inf,4.7289e+03,-1.4065e+00,7.0499e-03,2.6046e+00,6.8181e+00,2.9591e+01
2.0000e+03,3.7300e+02,1.5000e+01,3.5255e+01,-2.2109e+06,-2.2109e+06,-1.2413e+00,-inf,1.5944e-01,7.6386e+00,inf,4.8235e+03,-1.3340e+00,-1.6384e+00,3.8016e+00,1.7588e+01,2.9584e+01
2.0000e+03,3.7400e+02,1.0000e+00,3.5316e+01,-2.2106e+06,-2.2106e+06,-1.2446e+00,-inf,1.5947e-01,7.6417e+00,inf,4.8286e+03,-2.7353e-01,-7.6205e-01,4.4157e+00,1.1376e+01,2.8804e+01
2.0000e+03,3.7500e+02,1.0000e+01,3.5080e+01,-2.2100e+06,-2.2100e+06,-1.2479e+00,-inf,1.5950e-01,7.6448e+00,inf,4.8874e+03,-2.8010e-01,-9.9754e-01,2.4324e+00,1.4275e+01,2.9800e+01
2.0000e+03,3.7600e+02,2.0000e+00,3.5107e+01,-2.2088e+06,-2.2088e+06,-1.2512e+00,-inf,1.5953e-01,7.6480e+00,inf,4.8969e+03,3.0121e-01,-1.3637e-01,4.4448e+00,1.8822e+01,2.6987e+01
2.0000e+03,3.7700e+02,2.0000e+00,3.5135e+01,-2.2075e+06,-2.2076e+06,-1.2546e+00,-inf,1.5957e-01,7.6511e+00,inf,4.9112e+03,-2.1803e+00,-8.1624e-02,7.8813e-01,4.1800e+00,2.6174e+01
2.0000e+03,3.7800e+02,1.0000e+01,3.4903e+01,-2.2065e+06,-2.2065e+06,-1.2579e+00,-inf,1.5961e-01,7.6553e+00,inf,4.9777e+03,-1.4018e+00,-6.5929e-01,3.8071e+00,1.5626e+01,2.9230e+01
2.0000e+03,3.7900e+02,2.0000e+00,3.4931e+01,-2.2061e+06,-2.2061e+06,-1.2612e+00,-inf,1.5964e-01,7.6584e+00,inf,4.9897e+03,5.1119e-02,-2.6992e+00,4.3652e+00,1.8319e+01,2.8063e+01
2.0000e+03,3.8000e+02,1.0000e+00,3.4991e+01,-2.2058e+06,-2.2058e+06,-1.2646e+00,-inf,1.5967e-01,7.6615e+00,inf,4.9955e+03,4.3038e-01,-1.4022e+00,4.4695e-01,1.7705e+01,2.5837e+01
2.0000e+03,3.8100e+02,1.1000e+01,3.4731e+01,-2.2056e+06,-2.2056e+06,-1.2679e+00,-inf,1.5971e-01,7.6646e+00,inf,5.0671e+03,-1.3136e+00,-1.6785e+00,3.7926e+00,1.4187e+01,2.8211e+01
2.0000e+03,3.8200e+02,1.0000e+00,3.4791e+01,-2.2053e+06,-2.2053e+06,-1.2712e+00,-inf,1.5974e-01,7.6678e+00,inf,5.0734e+03,-2.4883e+00,-1.4911e+00,1.0529e+00,8.4322e+00,2.7303e+01
2.0000e+03,3.8300e+02,4.0000e+00,3.4755e+01,-2.2034e+06,-2.2034e+06,-1.2745e+00,-inf,1.5978e-01,7.6719e+00,inf,5.1016e+03,-2.2754e+00,-8.9665e-01,2.7582e-01,5.9305e+00,2.5212e+01
2.0000e+03,3.8400e+02,7.0000e+00,3.4626e+01,-2.2033e+06,-2.2033e+06,-1.2779e+00,-inf,1.5982e-01,7.6751e+00,inf,5.1407e+03,2.8583e-01,-5.9160e-01,4.5315e+00,1.3872e+01,2.8940e+01
2.0000e+03,3.8500e+02,4.0000e+00,3.4591e+01,-2.2028e+06,-2.2028e+06,-1.2812e+00,-inf,1.5985e-01,7.6782e+00,inf,5.1626e+03,-1.7879e+00,-2.3635e+00,3.3525e+00,5.6472e+00,2.5246e+01
2.0000e+03,3.8600e+02,5.0000e+00,3.4526e+01,-2.2017e+06,-2.2017e+06,-1.2845e+00,-inf,1.5988e-01,7.6813e+00,inf,5.1920e+03,-2.1237e+00,-7.7091e-01,4.6305e-01,1.9021e+01,2.6095e+01
2.0000e+03,3.8700e+02,8.0000e+00,3.4369e+01,-2.2006e+06,-2.2006e+06,-1.2879e+00,-inf,1.5991e-01,7.6845e+00,inf,5.2430e+03,-1.6996e+00,-2.4537e+00,3.6546e+00,1.8851e+01,2.8824e+01
2.0000e+03,3.8800e+02,4.0000e+00,3.4336e+01,-2.2004e+06,-2.2004e+06,-1.2912e+00,-inf,1.5996e-01,7.6886e+00,inf,5.2693e+03,-3.0367e-01,-1.8429e+00,4.3452e+00,1.4709e+01,2.9414e+01
2.0000e+03,3.8900e+02,1.6000e+01,3.3944e+01,-2.2001e+06,-2.2001e+06,-1.2945e+00,-inf,1.5999e-01,7.6917e+00,inf,5.3815e+03,-1.8994e+00,-6.1946e-01,5.4714e-01,1.3928e+01,2.6236e+01
2.0000e+03,3.9000e+02,1.0000e+00,3.4002e+01,-2.2000e+06,-2.2001e+06,-1.2978e+00,-inf,1.6002e-01,7.6949e+00,inf,5.3878e+03,-5.6585e-01,-2.6819e+00,4.1892e+00,1.7902e+01,2.9819e+01
2.0000e+03,3.9100e+02,1.0000e+00,3.4059e+01,-2.1990e+06,-2.1990e+06,-1.3012e+00,-inf,1.6005e-01,7.6980e+00,inf,5.3931e+03,-1.1689e+00,-1.0480e+00,2.6365e+00,7.7136e-01,2.8647e+01
2.0000e+03,3.9200e+02,5.0000e+00,3.3998e+01,-2.1978e+06,-2.1978e+06,-1.3045e+00,-inf,1.6009e-01,7.7011e+00,inf,5.4310e+03,3.6973e-02,-1.2245e+00,1.0264e+00,2.3510e+00,2.6114e+01
2.0000e+03,3.9300e+02,8.0000e+00,3.3850e+01,-2.1976e+06,-2.1976e+06,-1.3078e+00,-inf,1.6012e-01,7.7043e+00,inf,5.4865e+03,-2.3207e+00,2.5035e-01,1.4550e+00,1.6977e+01,2.7769e+01
2.0000e+03,3.9400e+02,5.0000e+00,3.3791e+01,-2.1967e+06,-2.1967e+06,-1.3111e+00,-inf,1.6016e-01,7.7084e+00,inf,5.5189e+03,-1.2736e+00,-2.5220e+00,3.7304e+00,1.3300e+01,2.8642e+01
2.0000e+03,3.9500e+02,4.0000e+00,3.3761e+01,-2.1960e+06,-2.1960e+06,-1.3145e+00,-inf,1.6019e-01,7.7116e+00,inf,5.5409e+03,-2.8839e+00,-1.9396e+00,3.7962e+00,3.3621e+00,2.9867e+01
2.0000e+03,3.9600e+02,1.1000e+01,3.3531e+01,-2.1953e+06,-2.1953e+06,-1.3178e+00,-inf,1.6023e-01,7.7147e+00,inf,5.6069e+03,-2.2923e+00,-1.6966e+00,1.3892e+00,6.9702e+00,2.7839e+01
2.0000e+03,3.9700e+02,2.0000e+00,3.3559e+01,-2.1950e+06,-2.1950e+06,-1.3211e+00,-inf,1.6026e-01,7.7178e+00,inf,5.6183e+03,-2.1441e+00,-2.7766e+00,3.4140e+00,1.4150e+01,2.8591e+01
2.0000e+03,3.9800e+02,5.0000e+00,3.3502e+01,-2.1944e+06,-2.1944e+06,-1.3245e+00,-inf,1.6029e-01,7.7209e+00,inf,5.6479e+03,-1.0507e+00,-2.1690e+00,3.7470e+00,9.4301e+00,2.7816e+01
2.0000e+03,3.9900e+02,4.0000e+00,3.3473e+01,-2.1941e+06,-2.1941e+06,-1.3278e+00,-inf,1.6034e-01,7.7251e+00,inf,5.6754e+03,-2.0014e+00,-1.7298e+00,3.4038e+00,8.4470e+00,2.8450e+01
