nlive,niter,nc,eff,logl,logwt,logvol,logz,logzerr,h,delta_logz,time_elapsed,logfeh,logdust,logSFH0,logSFH1,logSFH2,logSFH3,logSFH4,logSFH5,logSFH6
2.0000e+03,1.0000e+00,1.0000e+00,3.2258e+00,-9.8885e+05,-9.8886e+05,-3.2790e-02,-9.8886e+05,3.6787e-01,4.1271e+00,inf,9.4961e-01,-1.1170e+00,-4.4473e-01,-7.3322e+00,-5.4414e+00,-5.0070e+00,-5.5725e+00,-4.3717e+00,-3.5944e-02,2.8941e+00
2.0000e+03,2.0000e+00,1.0000e+00,6.2500e+00,-9.7240e+05,-9.7240e+05,-6.5580e-02,-9.7240e+05,3.6933e-01,4.1600e+00,9.5973e+05,1.8926e+00,-2.3973e-01,-1.1054e+00,-7.8944e+00,-6.8465e+00,-5.9081e+00,-6.0717e+00,-3.4357e+00,-1.5141e-01,2.8290e+00
2.0000e+03,3.0000e+00,1.0000e+00,9.0909e+00,-8.8241e+05,-8.8241e+05,-9.8369e-02,-8.8241e+05,3.7078e-01,4.1927e+00,9.4328e+05,2.8783e+00,-1.2834e+00,-5.9548e-02,-6.4703e+00,-5.5008e+00,-4.6710e+00,-4.6074e+00,-3.6419e+00,-1.5362e+00,2.2445e+00
2.0000e+03,4.0000e+00,1.0000e+00,1.1765e+01,-8.7861e+05,-8.7861e+05,-1.3116e-01,-8.7861e+05,3.7223e-01,4.2255e+00,8.5329e+05,3.8358e+00,-6.7984e-01,-1.8952e+00,-7.9910e+00,-5.9913e+00,-6.5247e+00,-4.8374e+00,-3.7778e+00,1.3155e-01,2.2996e+00
2.0000e+03,5.0000e+00,1.0000e+00,1.4286e+01,-8.6726e+05,-8.6727e+05,-1.6395e-01,-8.6727e+05,3.7367e-01,4.2583e+00,8.4949e+05,4.7947e+00,-7.6785e-01,-1.1923e+00,-6.2479e+00,-6.8657e+00,-5.1196e+00,-5.3399e+00,-3.0588e+00,-8.3786e-02,2.2521e+00
2.0000e+03,6.0000e+00,1.0000e+00,1.6667e+01,-8.5395e+05,-8.5395e+05,-1.9674e-01,-8.5395e+05,3.7510e-01,4.2910e+00,8.3814e+05,5.7535e+00,-3.0353e-01,-1.7338e+00,-7.6836e+00,-7.2588e+00,-5.4037e+00,-6.1972e+00,-2.9252e+00,-1.2748e+00,2.3957e+00
2.0000e+03,7.0000e+00,3.0000e+00,1.7949e+01,-8.3851e+05,-8.3852e+05,-2.2953e-01,-8.3852e+05,3.7654e-01,4.3239e+00,8.2483e+05,8.6040e+00,4.5653e-02,2.0660e-01,-7.5143e+00,-5.8663e+00,-6.7685e+00,-5.3319e+00,-2.7300e+00,-4.1218e-01,1.4918e+00
2.0000e+03,8.0000e+00,1.0000e+00,2.0000e+01,-8.3803e+05,-8.3804e+05,-2.6232e-01,-8.3804e+05,3.7796e-01,4.3567e+00,8.0939e+05,9.5670e+00,1.4432e-01,-4.3009e-01,-8.1317e+00,-6.6901e+00,-4.4901e+00,-5.1744e+00,-3.6272e+00,-7.2252e-01,9.9288e-01
2.0000e+03,9.0000e+00,3.0000e+00,2.0930e+01,-8.1773e+05,-8.1774e+05,-2.9511e-01,-8.1774e+05,3.7938e-01,4.3894e+00,8.0891e+05,1.2431e+01,2.5187e-01,-1.1055e+00,-7.1740e+00,-5.6962e+00,-5.1752e+00,-5.3283e+00,-3.6598e+00,-7.8292e-01,5.3317e-01
2.0000e+03,1.0000e+01,2.0000e+00,2.2222e+01,-8.1510e+05,-8.1511e+05,-3.2790e-01,-8.1511e+05,3.8079e-01,4.4222e+00,7.8861e+05,1.4337e+01,-3.2704e-01,-7.6783e-01,-7.2081e+00,-6.7380e+00,-5.4444e+00,-4.3701e+00,-4.3864e+00,-7.3487e-01,7.4457e-01
2.0000e+03,1.1000e+01,1.0000e+00,2.3913e+01,-8.1401e+05,-8.1401e+05,-3.6069e-01,-8.1401e+05,3.8220e-01,4.4551e+00,7.8598e+05,1.5300e+01,4.4758e-01,-6.6130e-01,-7.3145e+00,-7.3496e+00,-5.4420e+00,-3.8420e+00,-2.6439e+00,2.8445e-01,9.6045e-01
2.0000e+03,1.2000e+01,3.0000e+00,2.4490e+01,-8.1340e+05,-8.1341e+05,-3.9348e-01,-8.1341e+05,3.8361e-01,4.4878e+00,7.8489e+05,1.8192e+01,-8.2965e-01,-3.5612e-01,-8.2431e+00,-7.2673e+00,-6.1490e+00,-4.7777e+00,-2.9281e+00,-1.3230e+00,9.3141e-01
2.0000e+03,1.3000e+01,1.0000e+00,2.6000e+01,-8.1310e+05,-8.1311e+05,-4.2627e-01,-8.1311e+05,3.8501e-01,4.5206e+00,7.8428e+05,1.9152e+01,-7.4719e-01,-1.2577e+00,-7.4966e+00,-5.3356e+00,-4.7041e+00,-5.1857e+00,-5.0574e+00,-1.9357e+00,8.5321e-01
2.0000e+03,1.4000e+01,1.0000e+00,2.7451e+01,-8.1178e+05,-8.1179e+05,-4.5906e-01,-8.1179e+05,3.8640e-01,4.5534e+00,7.8398e+05,2.0107e+01,-1.1348e+00,2.5449e-01,-6.6602e+00,-5.5882e+00,-4.7067e+00,-4.3060e+00,-3.5649e+00,-1.3128e+00,8.7723e-01
2.0000e+03,1.5000e+01,1.0000e+00,2.8846e+01,-8.1001e+05,-8.1002e+05,-4.9185e-01,-8.1002e+05,3.8779e-01,4.5862e+00,7.8266e+05,2.1070e+01,-1.1686e+00,-7.4752e-01,-5.9510e+00,-6.4198e+00,-5.1719e+00,-5.8142e+00,-4.8861e+00,-1.6466e+00,9.0264e-01
2.0000e+03,1.6000e+01,1.1000e+01,2.5397e+01,-8.0622e+05,-8.0622e+05,-5.2464e-01,-8.0622e+05,3.8917e-01,4.6190e+00,7.8089e+05,3.1568e+01,1.0475e-01,3.6388e-01,-5.9789e+00,-5.2017e+00,-5.3878e+00,-3.9277e+00,-3.2509e+00,-2.4893e-01,6.0144e-01
2.0000e+03,1.7000e+01,1.0000e+00,2.6562e+01,-8.0620e+05,-8.0621e+05,-5.5743e-01,-8.0621e+05,3.9055e-01,4.6517e+00,7.7709e+05,3.2545e+01,-3.8407e-01,-1.1931e+00,-7.5799e+00,-6.5741e+00,-4.5099e+00,-5.7459e+00,-3.3953e+00,-6.0366e-01,6.2868e-01
2.0000e+03,1.8000e+01,1.0000e+00,2.7692e+01,-8.0207e+05,-8.0207e+05,-5.9022e-01,-8.0207e+05,3.9192e-01,4.6845e+00,7.7708e+05,3.3495e+01,-8.1117e-01,-3.9780e-01,-8.1110e+00,-6.9762e+00,-5.1142e+00,-5.9364e+00,-4.1387e+00,-5.2979e-01,7.5651e-01
2.0000e+03,1.9000e+01,1.0000e+00,2.8788e+01,-8.0037e+05,-8.0037e+05,-6.2301e-01,-8.0037e+05,3.9329e-01,4.7173e+00,7.7295e+05,3.4450e+01,-1.3305e+00,-1.1675e+00,-6.6054e+00,-7.0487e+00,-5.5758e+00,-5.5713e+00,-2.6266e+00,-3.7116e-01,1.1379e+00
2.0000e+03,2.0000e+01,2.0000e+00,2.9412e+01,-7.9930e+05,-7.9931e+05,-6.5580e-01,-7.9931e+05,3.9466e-01,4.7502e+00,7.7125e+05,3.6360e+01,-9.5951e-01,-1.1265e+00,-7.0726e+00,-6.5581e+00,-6.3469e+00,-5.4706e+00,-3.3782e+00,-9.1027e-02,9.8666e-01
2.0000e+03,2.1000e+01,7.0000e+00,2.8000e+01,-7.9894e+05,-7.9895e+05,-6.8859e-01,-7.9895e+05,3.9602e-01,4.7829e+00,7.7018e+05,4.3095e+01,-4.3338e-01,-1.8917e+00,-7.0229e+00,-6.5807e+00,-5.6995e+00,-5.9742e+00,-3.5448e+00,-6.2576e-01,5.1566e-01
2.0000e+03,2.2000e+01,2.0000e+00,2.8571e+01,-7.9664e+05,-7.9664e+05,-7.2138e-01,-7.9664e+05,3.9737e-01,4.8157e+00,7.6982e+05,4.5137e+01,-1.2719e+00,3.7702e-01,-7.6122e+00,-6.9208e+00,-5.8124e+00,-3.9529e+00,-2.8652e+00,-1.4091e+00,1.3688e+00
2.0000e+03,2.3000e+01,2.0000e+00,2.9114e+01,-7.9614e+05,-7.9615e+05,-7.5417e-01,-7.9615e+05,3.9873e-01,4.8485e+00,7.6752e+05,4.7139e+01,-6.2104e-01,-1.2948e+00,-7.5890e+00,-7.1960e+00,-5.0548e+00,-4.9808e+00,-3.4102e+00,-4.6484e-01,1.4261e+00
2.0000e+03,2.4000e+01,1.0000e+00,3.0000e+01,-7.9607e+05,-7.9607e+05,-7.8696e-01,-7.9607e+05,4.0007e-01,4.8813e+00,7.6702e+05,4.8093e+01,-8.3325e-01,-7.0464e-01,-7.4397e+00,-7.3272e+00,-5.5149e+00,-4.1283e+00,-2.6841e+00,-3.3318e-01,6.8915e-01
2.0000e+03,2.5000e+01,2.0000e+00,3.0488e+01,-7.9487e+05,-7.9488e+05,-8.1975e-01,-7.9488e+05,4.0141e-01,4.9141e+00,7.6695e+05,5.0009e+01,-6.0652e-01,-9.6223e-01,-7.2255e+00,-4.9465e+00,-6.0234e+00,-6.2229e+00,-2.7581e+00,1.4257e-01,1.3781e+00
2.0000e+03,2.6000e+01,1.0000e+00,3.1325e+01,-7.7917e+05,-7.7918e+05,-8.5254e-01,-7.7918e+05,4.0275e-01,4.9469e+00,7.6575e+05,5.1021e+01,-1.1086e+00,-1.0442e+00,-8.2918e+00,-6.2757e+00,-4.5020e+00,-5.9441e+00,-4.7644e+00,-1.9432e-01,1.9670e+00
2.0000e+03,2.7000e+01,1.0000e+00,3.2143e+01,-7.7732e+05,-7.7732e+05,-8.8533e-01,-7.7732e+05,4.0408e-01,4.9796e+00,7.5005e+05,5.2005e+01,-1.2320e+00,4.8663e-01,-7.9777e+00,-6.6110e+00,-5.5362e+00,-6.2306e+00,-2.8112e+00,4.0248e-01,1.8910e+00
2.0000e+03,2.8000e+01,2.0000e+00,3.2558e+01,-7.7232e+05,-7.7232e+05,-9.1812e-01,-7.7232e+05,4.0541e-01,5.0125e+00,7.4820e+05,5.3937e+01,-1.1949e+00,-5.7898e-01,-7.1059e+00,-5.0263e+00,-5.7561e+00,-4.9976e+00,-3.7206e+00,7.3803e-03,6.4154e-01
2.0000e+03,2.9000e+01,1.0000e+00,3.3333e+01,-7.7180e+05,-7.7181e+05,-9.5090e-01,-7.7181e+05,4.0674e-01,5.0453e+00,7.4320e+05,5.4913e+01,-1.0624e+00,3.1217e-01,-7.3211e+00,-5.1315e+00,-6.8074e+00,-5.7932e+00,-4.9444e+00,-3.5342e-01,1.9853e+00
2.0000e+03,3.0000e+01,1.0000e+00,3.4091e+01,-7.6847e+05,-7.6848e+05,-9.8369e-01,-7.6848e+05,4.0805e-01,5.0780e+00,7.4268e+05,5.5897e+01,-7.6532e-01,-7.8300e-01,-7.2614e+00,-6.2814e+00,-5.1942e+00,-4.2581e+00,-4.5494e+00,-2.7611e-01,1.5427e+00
2.0000e+03,3.1000e+01,3.0000e+00,3.4066e+01,-7.6063e+05,-7.6064e+05,-1.0165e+00,-7.6064e+05,4.0937e-01,5.1108e+00,7.3935e+05,5.8789e+01,-1.2663e+00,-3.1933e-01,-7.0533e+00,-6.7915e+00,-6.2441e+00,-4.9823e+00,-4.3704e+00,-2.8547e-01,1.7477e+00
2.0000e+03,3.2000e+01,2.0000e+00,3.4409e+01,-7.6046e+05,-7.6046e+05,-1.0493e+00,-7.6046e+05,4.1068e-01,5.1436e+00,7.3151e+05,6.0745e+01,-2.7570e-01,2.9550e-01,-6.8621e+00,-5.6398e+00,-6.5824e+00,-4.3888e+00,-2.9853e+00,-4.5631e-01,1.5945e+00
2.0000e+03,3.3000e+01,2.0000e+00,3.4737e+01,-7.5780e+05,-7.5781e+05,-1.0821e+00,-7.5781e+05,4.1199e-01,5.1764e+00,7.3134e+05,6.2678e+01,-6.4615e-01,-6.4868e-02,-7.7076e+00,-7.0562e+00,-5.5378e+00,-4.5690e+00,-2.7047e+00,-1.4337e-01,1.5797e+00
2.0000e+03,3.4000e+01,1.0000e+00,3.5417e+01,-7.5373e+05,-7.5373e+05,-1.1149e+00,-7.5373e+05,4.1329e-01,5.2092e+00,7.2868e+05,6.3639e+01,-5.5673e-01,-1.7322e+00,-7.8534e+00,-5.1549e+00,-5.9151e+00,-4.9143e+00,-5.0473e+00,-1.2890e+00,1.5910e+00
2.0000e+03,3.5000e+01,1.0000e+00,3.6082e+01,-7.4472e+05,-7.4472e+05,-1.1476e+00,-7.4472e+05,4.1459e-01,5.2420e+00,7.2461e+05,6.4610e+01,4.0439e-01,2.2491e-01,-5.9426e+00,-5.3581e+00,-5.5942e+00,-5.1258e+00,-2.8364e+00,3.9254e-01,1.9823e+00
2.0000e+03,3.6000e+01,1.0000e+00,3.6735e+01,-7.3774e+05,-7.3775e+05,-1.1804e+00,-7.3775e+05,4.1588e-01,5.2747e+00,7.1560e+05,6.5601e+01,-2.5075e-01,-9.1447e-01,-7.0737e+00,-6.4697e+00,-5.6017e+00,-3.7648e+00,-4.2789e+00,-1.1938e+00,1.6371e+00
2.0000e+03,3.7000e+01,1.0000e+00,3.7374e+01,-7.2108e+05,-7.2109e+05,-1.2132e+00,-7.2109e+05,4.1717e-01,5.3076e+00,7.0862e+05,6.6579e+01,1.0134e-01,-5.0503e-01,-7.9509e+00,-6.6964e+00,-4.9283e+00,-5.3325e+00,-3.2783e+00,-3.7419e-01,1.8127e+00
2.0000e+03,3.8000e+01,1.0000e+00,3.8000e+01,-7.0258e+05,-7.0259e+05,-1.2460e+00,-7.0259e+05,4.1846e-01,5.3404e+00,6.9196e+05,6.7567e+01,1.2878e-01,-6.9692e-01,-8.1554e+00,-7.0758e+00,-5.7244e+00,-4.8117e+00,-3.0606e+00,-9.4220e-02,1.8363e+00
2.0000e+03,3.9000e+01,1.0000e+00,3.8614e+01,-7.0084e+05,-7.0085e+05,-1.2788e+00,-7.0085e+05,4.1974e-01,5.3731e+00,6.7346e+05,6.8531e+01,-3.5208e-01,-5.9440e-01,-7.7149e+00,-5.3703e+00,-4.9794e+00,-4.8971e+00,-4.4037e+00,-1.7345e-01,1.6520e+00
2.0000e+03,4.0000e+01,2.0000e+00,3.8835e+01,-6.9952e+05,-6.9953e+05,-1.3116e+00,-6.9953e+05,4.2102e-01,5.4059e+00,6.7172e+05,7.0505e+01,-9.3273e-01,-6.5823e-01,-6.4934e+00,-5.2040e+00,-5.3635e+00,-4.1224e+00,-3.5679e+00,-3.0601e-01,1.8417e+00
2.0000e+03,4.1000e+01,1.0000e+00,3.9423e+01,-6.7419e+05,-6.7419e+05,-1.3444e+00,-6.7419e+05,4.2230e-01,5.4387e+00,6.7040e+05,7.1472e+01,-2.5445e-01,-7.6579e-01,-6.3251e+00,-5.6246e+00,-5.8472e+00,-6.1764e+00,-4.1547e+00,-2.1382e-01,1.6877e+00
2.0000e+03,4.2000e+01,1.0000e+00,4.0000e+01,-6.7079e+05,-6.7079e+05,-1.3772e+00,-6.7079e+05,4.2357e-01,5.4715e+00,6.4507e+05,7.2437e+01,-2.6512e-01,2.8031e-01,-6.4502e+00,-4.9246e+00,-4.5600e+00,-4.2740e+00,-4.3497e+00,-4.7833e-01,1.6940e+00
2.0000e+03,4.3000e+01,1.0000e+00,4.0566e+01,-6.5795e+05,-6.5795e+05,-1.4100e+00,-6.5795e+05,4.2484e-01,5.5043e+00,6.4167e+05,7.3396e+01,-4.8142e-01,-1.7994e-01,-8.3936e+00,-5.3542e+00,-4.9766e+00,-4.5367e+00,-4.2678e+00,-6.6619e-02,1.6826e+00
2.0000e+03,4.4000e+01,1.0000e+00,4.1121e+01,-6.2012e+05,-6.2012e+05,-1.4428e+00,-6.2012e+05,4.2610e-01,5.5371e+00,6.2883e+05,7.4385e+01,3.0718e-01,-1.3060e+00,-7.7848e+00,-5.6556e+00,-4.7030e+00,-3.7947e+00,-3.4605e+00,-1.2156e+00,2.0154e+00
2.0000e+03,4.5000e+01,1.0000e+00,4.1667e+01,-6.0024e+05,-6.0024e+05,-1.4755e+00,-6.0024e+05,4.2736e-01,5.5699e+00,5.9100e+05,7.5342e+01,1.7548e-01,-1.6948e+00,-8.2589e+00,-5.7900e+00,-6.0964e+00,-4.6274e+00,-2.7182e+00,3.9222e-01,2.4433e+00
2.0000e+03,4.6000e+01,2.0000e+00,4.1818e+01,-5.9101e+05,-5.9101e+05,-1.5083e+00,-5.9101e+05,4.2861e-01,5.6027e+00,5.7112e+05,7.7258e+01,-7.1454e-01,-1.6486e+00,-8.2961e+00,-7.1730e+00,-4.7395e+00,-5.8336e+00,-4.1556e+00,-4.0492e-01,2.0108e+00
2.0000e+03,4.7000e+01,1.0000e+00,4.2342e+01,-5.8182e+05,-5.8182e+05,-1.5411e+00,-5.8182e+05,4.2987e-01,5.6355e+00,5.6189e+05,7.8228e+01,2.2975e-01,-1.6629e+00,-6.1597e+00,-5.2785e+00,-6.6816e+00,-4.2486e+00,-3.9543e+00,-1.5089e+00,1.9776e+00
2.0000e+03,4.8000e+01,2.0000e+00,4.2478e+01,-5.2912e+05,-5.2912e+05,-1.5739e+00,-5.2912e+05,4.3112e-01,5.6682e+00,5.5270e+05,8.0148e+01,2.3316e-01,-1.4994e+00,-7.7227e+00,-4.9238e+00,-6.2890e+00,-4.1165e+00,-4.4107e+00,-9.5166e-01,2.4413e+00
2.0000e+03,4.9000e+01,1.0000e+00,4.2982e+01,-5.1991e+05,-5.1992e+05,-1.6067e+00,-5.1992e+05,4.3236e-01,5.7010e+00,4.9999e+05,8.1111e+01,-3.2308e-02,-4.8239e-01,-6.0647e+00,-4.9687e+00,-6.0790e+00,-5.0170e+00,-4.1611e+00,-9.6894e-01,1.8536e+00
2.0000e+03,5.0000e+01,1.0000e+00,4.3478e+01,-5.1623e+05,-5.1623e+05,-1.6395e+00,-5.1623e+05,4.3360e-01,5.7338e+00,4.9079e+05,8.2083e+01,-3.9256e-01,7.7059e-02,-8.3385e+00,-5.6575e+00,-5.0403e+00,-5.1685e+00,-3.4921e+00,1.3365e-02,1.7638e+00
2.0000e+03,5.1000e+01,2.0000e+00,4.3590e+01,-4.9066e+05,-4.9067e+05,-1.6723e+00,-4.9067e+05,4.3484e-01,5.7666e+00,4.8711e+05,8.4028e+01,-2.2899e-01,-1.1914e+00,-6.0856e+00,-5.4709e+00,-5.3262e+00,-5.1525e+00,-4.7998e+00,-6.2102e-01,1.7977e+00
2.0000e+03,5.2000e+01,1.0000e+00,4.4068e+01,-4.7620e+05,-4.7621e+05,-1.7051e+00,-4.7621e+05,4.3608e-01,5.7994e+00,4.6154e+05,8.4995e+01,-6.4958e-01,-1.6528e+00,-7.8860e+00,-5.4931e+00,-6.8204e+00,-5.0286e+00,-4.6111e+00,-4.6331e-01,1.8769e+00
2.0000e+03,5.3000e+01,3.0000e+00,4.3802e+01,-4.6798e+05,-4.6798e+05,-1.7379e+00,-4.6798e+05,4.3731e-01,5.8322e+00,4.4708e+05,8.7990e+01,-1.8294e-03,-9.5512e-01,-7.2029e+00,-6.2793e+00,-6.1598e+00,-5.8201e+00,-3.1572e+00,-5.6737e-01,1.8855e+00
2.0000e+03,5.4000e+01,1.0000e+00,4.4262e+01,-4.6428e+05,-4.6429e+05,-1.7707e+00,-4.6429e+05,4.3853e-01,5.8650e+00,4.3885e+05,8.8962e+01,-4.6166e-02,-5.6050e-01,-6.1527e+00,-6.7223e+00,-5.0026e+00,-4.6028e+00,-4.9393e+00,-9.4541e-01,1.8696e+00
2.0000e+03,5.5000e+01,1.0000e+00,4.4715e+01,-4.5157e+05,-4.5158e+05,-1.8034e+00,-4.5158e+05,4.3976e-01,5.8978e+00,4.3516e+05,8.9939e+01,3.6157e-01,-1.1525e+00,-8.1263e+00,-6.1141e+00,-5.2089e+00,-5.5073e+00,-2.9088e+00,2.2389e-01,2.4202e+00
2.0000e+03,5.6000e+01,1.0000e+00,4.5161e+01,-4.3848e+05,-4.3849e+05,-1.8362e+00,-4.3849e+05,4.4098e-01,5.9306e+00,4.2245e+05,9.0915e+01,4.2891e-01,-1.9574e+00,-6.7350e+00,-7.0537e+00,-6.5687e+00,-4.6301e+00,-2.6087e+00,-3.0361e-01,2.4037e+00
2.0000e+03,5.7000e+01,1.0000e+00,4.5600e+01,-4.0816e+05,-4.0817e+05,-1.8690e+00,-4.0817e+05,4.4220e-01,5.9634e+00,4.0936e+05,9.1905e+01,2.9639e-01,-1.6226e+00,-7.4111e+00,-5.6390e+00,-6.1733e+00,-5.6735e+00,-3.9442e+00,-1.9914e-01,2.3951e+00
2.0000e+03,5.8000e+01,1.0000e+00,4.6032e+01,-3.9526e+05,-3.9527e+05,-1.9018e+00,-3.9527e+05,4.4341e-01,5.9961e+00,3.7904e+05,9.2884e+01,4.1726e-01,-1.2557e+00,-7.2656e+00,-6.5278e+00,-5.8983e+00,-4.0655e+00,-3.5605e+00,-1.3516e+00,2.2008e+00
2.0000e+03,5.9000e+01,3.0000e+00,4.5736e+01,-3.9395e+05,-3.9396e+05,-1.9346e+00,-3.9396e+05,4.4462e-01,6.0290e+00,3.6614e+05,9.5812e+01,-5.3317e-01,-1.5106e+00,-7.2255e+00,-5.3653e+00,-6.1184e+00,-5.0095e+00,-4.6119e+00,-1.1078e+00,2.0623e+00
2.0000e+03,6.0000e+01,3.0000e+00,4.5455e+01,-3.9352e+05,-3.9352e+05,-1.9674e+00,-3.9352e+05,4.4583e-01,6.0617e+00,3.6483e+05,9.8726e+01,3.8335e-01,-1.8593e+00,-8.3430e+00,-6.0711e+00,-5.6102e+00,-4.1306e+00,-2.7875e+00,-1.6667e-01,2.3736e+00
2.0000e+03,6.1000e+01,2.0000e+00,4.5522e+01,-3.6589e+05,-3.6589e+05,-2.0002e+00,-3.6589e+05,4.4703e-01,6.0945e+00,3.6440e+05,1.0065e+02,2.2582e-01,3.1962e-01,-6.8076e+00,-6.5980e+00,-6.1830e+00,-5.0014e+00,-2.7949e+00,-8.7527e-01,2.0561e+00
2.0000e+03,6.2000e+01,1.0000e+00,4.5926e+01,-3.6382e+05,-3.6383e+05,-2.0330e+00,-3.6383e+05,4.4823e-01,6.1273e+00,3.3874e+05,1.0161e+02,-1.5220e-01,-8.0429e-01,-7.2503e+00,-5.6026e+00,-6.6632e+00,-6.0445e+00,-3.9818e+00,-9.8065e-01,1.8639e+00
2.0000e+03,6.3000e+01,1.0000e+00,4.6324e+01,-3.6368e+05,-3.6368e+05,-2.0658e+00,-3.6368e+05,4.4943e-01,6.1601e+00,3.3668e+05,1.0257e+02,-1.9119e-01,9.2776e-02,-7.3087e+00,-5.2117e+00,-5.9906e+00,-4.0141e+00,-3.7818e+00,-4.8670e-01,2.2507e+00
2.0000e+03,6.4000e+01,3.0000e+00,4.6043e+01,-3.3812e+05,-3.3812e+05,-2.0985e+00,-3.3812e+05,4.5063e-01,6.1929e+00,3.3653e+05,1.0548e+02,-3.6584e-01,4.5862e-02,-6.0790e+00,-6.9226e+00,-5.1749e+00,-4.5091e+00,-4.4171e+00,2.4889e-01,1.8296e+00
2.0000e+03,6.5000e+01,2.0000e+00,4.6099e+01,-3.2926e+05,-3.2926e+05,-2.1313e+00,-3.2926e+05,4.5182e-01,6.2257e+00,3.1097e+05,1.0742e+02,-1.2497e-01,-1.3941e+00,-5.9775e+00,-6.5730e+00,-5.3100e+00,-4.4886e+00,-3.9268e+00,1.6716e-01,2.2585e+00
2.0000e+03,6.6000e+01,1.0000e+00,4.6479e+01,-3.2814e+05,-3.2815e+05,-2.1641e+00,-3.2815e+05,4.5301e-01,6.2585e+00,3.0211e+05,1.0840e+02,-4.6309e-01,-1.6449e+00,-7.9419e+00,-5.1048e+00,-5.3976e+00,-4.3381e+00,-3.7760e+00,-6.4764e-01,2.0853e+00
2.0000e+03,6.7000e+01,1.0000e+00,4.6853e+01,-3.2672e+05,-3.2673e+05,-2.1969e+00,-3.2673e+05,4.5419e-01,6.2913e+00,3.0100e+05,1.0936e+02,-4.6811e-01,-1.1069e+00,-7.5716e+00,-5.6647e+00,-6.4827e+00,-5.6856e+00,-3.0502e+00,-3.7609e-02,1.8611e+00
2.0000e+03,6.8000e+01,1.0000e+00,4.7222e+01,-3.2166e+05,-3.2166e+05,-2.2297e+00,-3.2166e+05,4.5537e-01,6.3241e+00,2.9958e+05,1.1032e+02,-5.5334e-01,2.5639e-01,-7.8615e+00,-6.6444e+00,-5.1695e+00,-4.4437e+00,-5.0161e+00,-1.3261e+00,1.9500e+00
2.0000e+03,6.9000e+01,2.0000e+00,4.7260e+01,-3.1578e+05,-3.1578e+05,-2.2625e+00,-3.1578e+05,4.5655e-01,6.3568e+00,2.9451e+05,1.1225e+02,5.8571e-02,-1.9205e+00,-6.0199e+00,-6.1057e+00,-6.4375e+00,-4.0662e+00,-4.5025e+00,-1.6940e+00,2.3118e+00
2.0000e+03,7.0000e+01,1.0000e+00,4.7619e+01,-3.0824e+05,-3.0825e+05,-2.2953e+00,-3.0825e+05,4.5773e-01,6.3896e+00,2.8863e+05,1.1324e+02,3.2352e-01,-2.2174e-01,-8.1248e+00,-6.7262e+00,-4.6886e+00,-4.6899e+00,-3.9638e+00,-6.4810e-01,2.3048e+00
2.0000e+03,7.1000e+01,1.0000e+00,4.7973e+01,-3.0593e+05,-3.0593e+05,-2.3281e+00,-3.0593e+05,4.5890e-01,6.4224e+00,2.8110e+05,1.1421e+02,3.2862e-01,4.6455e-01,-7.2438e+00,-7.3410e+00,-6.0696e+00,-4.7571e+00,-2.8865e+00,-1.3737e+00,2.1723e+00
2.0000e+03,7.2000e+01,1.0000e+00,4.8322e+01,-2.8590e+05,-2.8591e+05,-2.3609e+00,-2.8591e+05,4.6007e-01,6.4552e+00,2.7878e+05,1.1519e+02,3.3957e-01,-1.1027e+00,-6.8155e+00,-5.5888e+00,-5.6218e+00,-3.8071e+00,-3.3657e+00,-1.1169e+00,2.2287e+00
2.0000e+03,7.3000e+01,1.0000e+00,4.8667e+01,-2.8115e+05,-2.8116e+05,-2.3937e+00,-2.8116e+05,4.6124e-01,6.4880e+00,2.5876e+05,1.1616e+02,1.6559e-01,-3.1886e-02,-8.0795e+00,-7.0971e+00,-4.6266e+00,-4.2691e+00,-4.0984e+00,-5.4841e-01,2.3130e+00
2.0000e+03,7.4000e+01,2.0000e+00,4.8684e+01,-2.7763e+05,-2.7763e+05,-2.4264e+00,-2.7763e+05,4.6240e-01,6.5208e+00,2.5401e+05,1.1810e+02,-2.3580e-01,-1.5519e+00,-8.1223e+00,-6.1863e+00,-6.1527e+00,-4.1866e+00,-3.4482e+00,-1.4120e+00,1.8710e+00
2.0000e+03,7.5000e+01,2.0000e+00,4.8701e+01,-2.7353e+05,-2.7353e+05,-2.4592e+00,-2.7353e+05,4.6356e-01,6.5536e+00,2.5048e+05,1.2003e+02,2.6003e-01,-1.7082e-01,-7.2113e+00,-6.9419e+00,-5.8181e+00,-4.3323e+00,-3.4917e+00,-1.6443e+00,2.2976e+00
2.0000e+03,7.6000e+01,1.0000e+00,4.9032e+01,-2.6196e+05,-2.6196e+05,-2.4920e+00,-2.6196e+05,4.6472e-01,6.5864e+00,2.4638e+05,1.2099e+02,-4.0189e-02,-1.3167e+00,-8.1131e+00,-5.6243e+00,-6.4593e+00,-6.1295e+00,-3.2853e+00,-1.4948e+00,1.9371e+00
2.0000e+03,7.7000e+01,1.0000e+00,4.9359e+01,-2.5275e+05,-2.5276e+05,-2.5248e+00,-2.5276e+05,4.6588e-01,6.6192e+00,2.3682e+05,1.2196e+02,2.1999e-01,-1.4935e+00,-7.2698e+00,-6.2233e+00,-5.0569e+00,-4.8492e+00,-4.8881e+00,-9.7951e-01,2.2883e+00
2.0000e+03,7.8000e+01,1.0000e+00,4.9682e+01,-2.5254e+05,-2.5255e+05,-2.5576e+00,-2.5255e+05,4.6703e-01,6.6520e+00,2.2762e+05,1.2294e+02,-7.1560e-02,-5.9671e-02,-6.8268e+00,-4.9583e+00,-6.5126e+00,-4.5226e+00,-4.0302e+00,-1.5660e-01,2.2496e+00
2.0000e+03,7.9000e+01,1.0000e+00,5.0000e+01,-2.4505e+05,-2.4506e+05,-2.5904e+00,-2.4506e+05,4.6818e-01,6.6847e+00,2.2741e+05,1.2390e+02,-3.6991e-01,-1.4267e-01,-7.2135e+00,-5.6440e+00,-6.2659e+00,-5.3304e+00,-3.3655e+00,-9.1412e-01,2.1127e+00
2.0000e+03,8.0000e+01,1.0000e+00,5.0314e+01,-2.4213e+05,-2.4214e+05,-2.6232e+00,-2.4214e+05,4.6933e-01,6.7175e+00,2.1991e+05,1.2489e+02,-1.2212e-01,-1.5890e+00,-7.0424e+00,-6.2805e+00,-5.9308e+00,-5.2450e+00,-3.7429e+00,-9.9311e-01,2.2345e+00
2.0000e+03,8.1000e+01,1.0000e+00,5.0625e+01,-2.2348e+05,-2.2349e+05,-2.6560e+00,-2.2349e+05,4.7047e-01,6.7503e+00,2.1700e+05,1.2587e+02,-3.8715e-01,-1.7414e+00,-8.2449e+00,-6.7445e+00,-5.1191e+00,-3.8601e+00,-4.3589e+00,-1.7012e+00,1.8866e+00
2.0000e+03,8.2000e+01,1.0000e+00,5.0932e+01,-2.1503e+05,-2.1504e+05,-2.6888e+00,-2.1504e+05,4.7161e-01,6.7831e+00,1.9834e+05,1.2684e+02,7.7460e-02,-1.2079e+00,-7.0062e+00,-5.2320e+00,-5.8665e+00,-4.2486e+00,-4.7034e+00,-2.7997e-01,2.2602e+00
2.0000e+03,8.3000e+01,1.0000e+00,5.1235e+01,-2.0568e+05,-2.0569e+05,-2.7216e+00,-2.0569e+05,4.7275e-01,6.8159e+00,1.8989e+05,1.2781e+02,1.8295e-01,-7.8287e-01,-7.9451e+00,-6.6098e+00,-6.2865e+00,-5.2412e+00,-3.3723e+00,-2.3152e-01,2.2451e+00
2.0000e+03,8.4000e+01,1.0000e+00,5.1534e+01,-1.9678e+05,-1.9679e+05,-2.7543e+00,-1.9679e+05,4.7389e-01,6.8487e+00,1.8055e+05,1.2879e+02,-3.5391e-01,6.9552e-02,-7.2387e+00,-7.0311e+00,-4.7830e+00,-4.1725e+00,-4.7696e+00,-6.5278e-01,2.0978e+00
2.0000e+03,8.5000e+01,2.0000e+00,5.1515e+01,-1.7971e+05,-1.7972e+05,-2.7871e+00,-1.7972e+05,4.7502e-01,6.8815e+00,1.7164e+05,1.3072e+02,-3.7345e-01,-1.9046e+00,-7.0127e+00,-5.7576e+00,-6.4988e+00,-4.2604e+00,-3.5319e+00,-6.5149e-01,2.0725e+00
2.0000e+03,8.6000e+01,1.0000e+00,5.1807e+01,-1.7664e+05,-1.7664e+05,-2.8199e+00,-1.7664e+05,4.7615e-01,6.9143e+00,1.5457e+05,1.3168e+02,-1.2531e-01,1.5510e-01,-7.5763e+00,-6.9694e+00,-6.1500e+00,-5.2361e+00,-3.1865e+00,-1.2156e+00,1.9284e+00
2.0000e+03,8.7000e+01,1.0000e+00,5.2096e+01,-1.5404e+05,-1.5405e+05,-2.8527e+00,-1.5405e+05,4.7728e-01,6.9471e+00,1.5150e+05,1.3266e+02,2.8975e-02,-2.2828e-01,-8.2730e+00,-6.1474e+00,-6.6106e+00,-5.1959e+00,-3.2442e+00,-6.8146e-01,2.2137e+00
2.0000e+03,8.8000e+01,2.0000e+00,5.2071e+01,-1.5362e+05,-1.5363e+05,-2.8855e+00,-1.5363e+05,4.7840e-01,6.9798e+00,1.2890e+05,1.3462e+02,1.5214e-01,-4.9261e-01,-7.7100e+00,-6.6682e+00,-4.4760e+00,-4.9626e+00,-3.2839e+00,-1.5708e-01,2.1052e+00
2.0000e+03,8.9000e+01,3.0000e+00,5.1744e+01,-1.5079e+05,-1.5080e+05,-2.9183e+00,-1.5080e+05,4.7952e-01,7.0126e+00,1.2849e+05,1.3767e+02,1.6819e-01,8.9487e-02,-6.9121e+00,-7.4011e+00,-5.9429e+00,-5.9213e+00,-3.5115e+00,1.4838e-01,2.1277e+00
2.0000e+03,9.0000e+01,1.0000e+00,5.2023e+01,-1.4911e+05,-1.4911e+05,-2.9511e+00,-1.4911e+05,4.8064e-01,7.0454e+00,1.2565e+05,1.3865e+02,1.5459e-01,-1.3488e+00,-7.9181e+00,-5.9525e+00,-5.7166e+00,-4.9926e+00,-3.6543e+00,-1.6967e+00,2.1488e+00
2.0000e+03,9.1000e+01,1.0000e+00,5.2299e+01,-1.4372e+05,-1.4373e+05,-2.9839e+00,-1.4373e+05,4.8176e-01,7.0782e+00,1.2397e+05,1.3962e+02,-8.7643e-02,-5.6829e-01,-6.6459e+00,-4.9095e+00,-5.7934e+00,-4.5174e+00,-3.2561e+00,-7.8635e-01,2.1932e+00
2.0000e+03,9.2000e+01,2.0000e+00,5.2273e+01,-1.4117e+05,-1.4118e+05,-3.0167e+00,-1.4118e+05,4.8288e-01,7.1110e+00,1.2538e+05,1.4156e+02,9.9453e-02,-1.2144e+00,-7.6941e+00,-5.9916e+00,-4.5514e+00,-4.7605e+00,-4.3875e+00,2.4039e-01,2.1864e+00
2.0000e+03,9.3000e+01,1.0000e+00,5.2542e+01,-1.3932e+05,-1.3932e+05,-3.0495e+00,-1.3932e+05,4.8399e-01,7.1438e+00,1.2283e+05,1.4256e+02,1.3795e-01,-8.5884e-01,-6.0264e+00,-5.3553e+00,-6.2871e+00,-5.3719e+00,-3.5594e+00,-9.7687e-01,2.1241e+00
2.0000e+03,9.4000e+01,2.0000e+00,5.2514e+01,-1.2730e+05,-1.2731e+05,-3.0822e+00,-1.2731e+05,4.8510e-01,7.1766e+00,1.2097e+05,1.4448e+02,9.9901e-02,-1.0725e+00,-8.0028e+00,-7.2728e+00,-6.1275e+00,-3.8894e+00,-3.4242e+00,-6.6498e-01,2.0860e+00
2.0000e+03,9.5000e+01,1.0000e+00,5.2778e+01,-1.2700e+05,-1.2701e+05,-3.1150e+00,-1.2701e+05,4.8620e-01,7.2094e+00,1.0896e+05,1.4544e+02,1.2089e-01,-1.6165e+00,-7.3605e+00,-6.8261e+00,-6.6234e+00,-5.2379e+00,-3.8225e+00,-2.3676e-01,2.1113e+00
2.0000e+03,9.6000e+01,1.0000e+00,5.3039e+01,-1.1738e+05,-1.1739e+05,-3.1478e+00,-1.1739e+05,4.8731e-01,7.2422e+00,1.0865e+05,1.4640e+02,-1.2764e-01,-1.3990e+00,-6.4567e+00,-5.2636e+00,-5.1375e+00,-4.5231e+00,-3.8820e+00,1.0156e-01,2.1606e+00
2.0000e+03,9.7000e+01,1.0000e+00,5.3297e+01,-1.1558e+05,-1.1558e+05,-3.1806e+00,-1.1558e+05,4.8841e-01,7.2750e+00,9.9034e+04,1.4737e+02,7.2799e-02,-1.3387e+00,-7.7352e+00,-6.9218e+00,-6.0755e+00,-4.3604e+00,-3.7371e+00,-3.4374e-01,2.1591e+00
2.0000e+03,9.8000e+01,1.0000e+00,5.3552e+01,-1.1040e+05,-1.1041e+05,-3.2134e+00,-1.1041e+05,4.8951e-01,7.3077e+00,9.7231e+04,1.4833e+02,7.3659e-03,-1.9573e+00,-7.4543e+00,-5.3908e+00,-6.1506e+00,-4.6941e+00,-3.4520e+00,-1.5121e+00,2.0218e+00
2.0000e+03,9.9000e+01,2.0000e+00,5.3514e+01,-1.0936e+05,-1.0937e+05,-3.2462e+00,-1.0937e+05,4.9061e-01,7.3405e+00,9.2059e+04,1.5024e+02,6.9950e-02,-1.5783e+00,-5.9814e+00,-6.9686e+00,-6.0779e+00,-3.7722e+00,-4.5554e+00,-1.7310e-01,2.1476e+00
2.0000e+03,1.0000e+02,1.0000e+00,5.3763e+01,-1.0829e+05,-1.0830e+05,-3.2790e+00,-1.0830e+05,4.9170e-01,7.3733e+00,9.1018e+04,1.5121e+02,-7.5513e-02,3.8287e-03,-7.9046e+00,-5.5476e+00,-5.7727e+00,-5.2018e+00,-3.3213e+00,-2.0291e+00,1.9738e+00
2.0000e+03,1.0100e+02,1.0000e+00,5.4011e+01,-1.0708e+05,-1.0709e+05,-3.3118e+00,-1.0709e+05,4.9279e-01,7.4061e+00,8.9950e+04,1.5217e+02,-3.3821e-01,-5.5299e-02,-6.2083e+00,-5.3035e+00,-5.0842e+00,-4.6718e+00,-4.5251e+00,-2.1674e-01,2.0413e+00
2.0000e+03,1.0200e+02,1.0000e+00,5.4255e+01,-9.1729e+04,-9.1736e+04,-3.3446e+00,-9.1736e+04,4.9388e-01,7.4389e+00,8.8740e+04,1.5314e+02,-3.6496e-01,-1.7398e+00,-7.5513e+00,-6.8616e+00,-4.4890e+00,-3.8381e+00,-4.4477e+00,-6.0737e-01,2.0010e+00
2.0000e+03,1.0300e+02,2.0000e+00,5.4211e+01,-8.8030e+04,-8.8037e+04,-3.3774e+00,-8.8037e+04,4.9497e-01,7.4717e+00,7.3385e+04,1.5510e+02,5.5181e-02,-4.9256e-01,-6.4361e+00,-6.2569e+00,-5.1024e+00,-3.9384e+00,-3.5733e+00,2.1555e-01,2.1063e+00
2.0000e+03,1.0400e+02,1.0000e+00,5.4450e+01,-8.6584e+04,-8.6591e+04,-3.4101e+00,-8.6591e+04,4.9606e-01,7.5045e+00,6.9686e+04,1.5607e+02,3.2289e-02,-6.9740e-01,-7.7164e+00,-6.2242e+00,-5.8957e+00,-5.1578e+00,-3.8393e+00,-7.6013e-01,2.1188e+00
2.0000e+03,1.0500e+02,1.0000e+00,5.4688e+01,-8.6453e+04,-8.6460e+04,-3.4429e+00,-8.6460e+04,4.9714e-01,7.5373e+00,6.8240e+04,1.5704e+02,-1.6032e-02,-1.0277e+00,-7.5837e+00,-5.4693e+00,-6.6808e+00,-6.0418e+00,-3.6975e+00,-2.0251e+00,2.1435e+00
2.0000e+03,1.0600e+02,1.0000e+00,5.4922e+01,-8.6326e+04,-8.6333e+04,-3.4757e+00,-8.6333e+04,4.9822e-01,7.5701e+00,6.8109e+04,1.5800e+02,1.5581e-02,-1.5556e+00,-7.5601e+00,-6.2470e+00,-6.6438e+00,-4.3208e+00,-3.0448e+00,1.7954e-01,2.1308e+00
2.0000e+03,1.0700e+02,1.0000e+00,5.5155e+01,-7.3920e+04,-7.3928e+04,-3.5085e+00,-7.3928e+04,4.9930e-01,7.6029e+00,6.7982e+04,1.5896e+02,-2.4126e-01,-1.2599e+00,-7.2212e+00,-6.2623e+00,-5.7136e+00,-5.8626e+00,-4.8863e+00,-1.3749e+00,2.0879e+00
2.0000e+03,1.0800e+02,1.0000e+00,5.5385e+01,-7.0678e+04,-7.0685e+04,-3.5413e+00,-7.0685e+04,5.0037e-01,7.6356e+00,5.5576e+04,1.5993e+02,-2.3770e-01,-1.6143e+00,-7.6446e+00,-6.6639e+00,-6.6271e+00,-4.1990e+00,-3.3666e+00,-1.2200e+00,2.0860e+00
2.0000e+03,1.0900e+02,3.0000e+00,5.5051e+01,-7.0102e+04,-7.0110e+04,-3.5741e+00,-7.0110e+04,5.0144e-01,7.6684e+00,5.2334e+04,1.6282e+02,-3.2037e-02,-1.6894e+00,-6.6160e+00,-5.8463e+00,-5.2857e+00,-3.9265e+00,-4.2103e+00,-8.1773e-01,2.1203e+00
2.0000e+03,1.1000e+02,6.0000e+00,5.3922e+01,-6.9742e+04,-6.9750e+04,-3.6069e+00,-6.9750e+04,5.0252e-01,7.7012e+00,5.1758e+04,1.6864e+02,-2.9105e-01,-3.4583e-01,-7.1657e+00,-6.0026e+00,-5.5892e+00,-5.5219e+00,-4.7859e+00,-1.5162e+00,2.0535e+00
2.0000e+03,1.1100e+02,1.0000e+00,5.4146e+01,-6.8253e+04,-6.8260e+04,-3.6397e+00,-6.8260e+04,5.0358e-01,7.7340e+00,5.1398e+04,1.6960e+02,-2.6070e-02,-2.2946e-01,-7.0163e+00,-5.3869e+00,-5.5457e+00,-5.8621e+00,-3.8359e+00,-1.1806e+00,2.0314e+00
2.0000e+03,1.1200e+02,1.0000e+00,5.4369e+01,-6.1245e+04,-6.1253e+04,-3.6725e+00,-6.1253e+04,5.0465e-01,7.7668e+00,4.9909e+04,1.7058e+02,-1.6769e-01,-4.3148e-01,-6.5423e+00,-6.0692e+00,-6.6271e+00,-4.5751e+00,-3.5368e+00,-1.0837e+00,2.1076e+00
2.0000e+03,1.1300e+02,2.0000e+00,5.4327e+01,-6.0049e+04,-6.0057e+04,-3.7052e+00,-6.0057e+04,5.0571e-01,7.7996e+00,4.2902e+04,1.7256e+02,-3.3509e-01,-9.2480e-01,-7.4269e+00,-4.9375e+00,-5.3557e+00,-5.5378e+00,-3.1565e+00,-1.0050e+00,1.9841e+00
2.0000e+03,1.1400e+02,1.0000e+00,5.4545e+01,-5.9225e+04,-5.9232e+04,-3.7380e+00,-5.9232e+04,5.0678e-01,7.8324e+00,4.1705e+04,1.7354e+02,-2.6884e-01,-6.7502e-01,-6.5821e+00,-7.2468e+00,-6.2086e+00,-5.0355e+00,-4.1313e+00,-1.5275e+00,1.9454e+00
2.0000e+03,1.1500e+02,1.0000e+00,5.4762e+01,-5.8637e+04,-5.8645e+04,-3.7708e+00,-5.8645e+04,5.0784e-01,7.8652e+00,4.0881e+04,1.7451e+02,-2.8859e-02,-1.2327e+00,-6.7775e+00,-5.3756e+00,-6.9004e+00,-5.0413e+00,-3.2357e+00,-1.7293e+00,2.0908e+00
2.0000e+03,1.1600e+02,2.0000e+00,5.4717e+01,-5.8355e+04,-5.8363e+04,-3.8036e+00,-5.8363e+04,5.0889e-01,7.8980e+00,4.0293e+04,1.7646e+02,-1.7831e-01,-1.7317e+00,-6.9343e+00,-7.0911e+00,-5.9224e+00,-4.8344e+00,-3.3746e+00,4.0811e-01,2.0828e+00
2.0000e+03,1.1700e+02,2.0000e+00,5.4673e+01,-5.7554e+04,-5.7562e+04,-3.8364e+00,-5.7562e+04,5.0995e-01,7.9308e+00,4.0011e+04,1.7841e+02,-5.0196e-02,-1.3099e+00,-6.9831e+00,-5.4699e+00,-6.5915e+00,-5.5721e+00,-3.7860e+00,-1.6760e+00,2.1020e+00
2.0000e+03,1.1800e+02,1.0000e+00,5.4884e+01,-5.6199e+04,-5.6207e+04,-3.8692e+00,-5.6207e+04,5.1100e-01,7.9635e+00,3.9210e+04,1.7938e+02,-9.1442e-02,-7.8800e-01,-6.7182e+00,-7.3079e+00,-6.6136e+00,-5.5190e+00,-3.6544e+00,-1.2639e-01,2.1061e+00
2.0000e+03,1.1900e+02,1.0000e+00,5.5093e+01,-5.5485e+04,-5.5493e+04,-3.9020e+00,-5.5493e+04,5.1205e-01,7.9963e+00,3.7855e+04,1.8036e+02,-1.6451e-01,-9.6583e-02,-6.6800e+00,-7.2970e+00,-6.2977e+00,-4.8923e+00,-3.0044e+00,3.3992e-01,2.0869e+00
2.0000e+03,1.2000e+02,1.0000e+00,5.5300e+01,-5.4706e+04,-5.4714e+04,-3.9348e+00,-5.4714e+04,5.1310e-01,8.0291e+00,3.7141e+04,1.8133e+02,-6.6291e-02,-1.3785e+00,-7.9186e+00,-5.9316e+00,-5.0274e+00,-4.5038e+00,-4.3449e+00,-1.9952e+00,2.0138e+00
2.0000e+03,1.2100e+02,1.0000e+00,5.5505e+01,-5.4193e+04,-5.4201e+04,-3.9676e+00,-5.4201e+04,5.1415e-01,8.0619e+00,3.6362e+04,1.8231e+02,-1.5503e-01,-1.9430e+00,-7.4816e+00,-7.3732e+00,-5.3727e+00,-4.2234e+00,-4.9135e+00,-2.9029e-01,2.0994e+00
2.0000e+03,1.2200e+02,1.0000e+00,5.5708e+01,-5.3111e+04,-5.3119e+04,-4.0004e+00,-5.3119e+04,5.1519e-01,8.0947e+00,3.5849e+04,1.8326e+02,-3.1572e-01,-1.3914e+00,-8.0143e+00,-6.2831e+00,-6.4594e+00,-4.5434e+00,-3.0112e+00,-1.1243e+00,2.0070e+00
2.0000e+03,1.2300e+02,1.0000e+00,5.5909e+01,-4.9527e+04,-4.9536e+04,-4.0331e+00,-4.9536e+04,5.1624e-01,8.1275e+00,3.4767e+04,1.8422e+02,-2.6733e-01,-1.1922e-01,-6.5170e+00,-5.6224e+00,-4.8300e+00,-5.1922e+00,-4.6591e+00,-7.4910e-01,2.0434e+00
2.0000e+03,1.2400e+02,1.0000e+00,5.6109e+01,-4.9504e+04,-4.9512e+04,-4.0659e+00,-4.9512e+04,5.1728e-01,8.1603e+00,3.1183e+04,1.8519e+02,-2.5168e-01,-9.5061e-01,-7.2604e+00,-5.2721e+00,-5.4669e+00,-4.4795e+00,-3.7332e+00,-1.6269e+00,2.0543e+00
2.0000e+03,1.2500e+02,2.0000e+00,5.6054e+01,-4.8038e+04,-4.8046e+04,-4.0987e+00,-4.8046e+04,5.1831e-01,8.1931e+00,3.1160e+04,1.8722e+02,-1.4128e-01,-6.9446e-01,-7.4068e+00,-4.9371e+00,-5.3410e+00,-5.7222e+00,-2.8647e+00,-1.2049e-01,2.0920e+00
2.0000e+03,1.2600e+02,2.0000e+00,5.6000e+01,-4.7879e+04,-4.7888e+04,-4.1315e+00,-4.7888e+04,5.1935e-01,8.2259e+00,2.9694e+04,1.8919e+02,-1.2459e-01,-7.5976e-01,-6.8278e+00,-6.7762e+00,-4.5107e+00,-4.8604e+00,-4.5457e+00,-1.1753e+00,1.9828e+00
2.0000e+03,1.2700e+02,3.0000e+00,5.5702e+01,-4.7147e+04,-4.7155e+04,-4.1643e+00,-4.7155e+04,5.2038e-01,8.2587e+00,2.9536e+04,1.9214e+02,-1.2413e-01,4.4304e-01,-8.2990e+00,-7.2160e+00,-4.7144e+00,-4.4546e+00,-3.4187e+00,-1.1522e+00,1.9832e+00
2.0000e+03,1.2800e+02,1.0000e+00,5.5895e+01,-4.5993e+04,-4.6001e+04,-4.1971e+00,-4.6001e+04,5.2142e-01,8.2914e+00,2.8803e+04,1.9311e+02,-3.7452e-02,-7.8317e-01,-7.2233e+00,-6.5416e+00,-4.7136e+00,-4.5744e+00,-4.3845e+00,4.2838e-01,2.0598e+00
2.0000e+03,1.2900e+02,2.0000e+00,5.5844e+01,-4.3749e+04,-4.3757e+04,-4.2299e+00,-4.3757e+04,5.2245e-01,8.3242e+00,2.7649e+04,1.9507e+02,-7.1433e-02,1.9593e-01,-7.9865e+00,-5.8824e+00,-4.6755e+00,-4.2239e+00,-4.6999e+00,-1.1656e+00,2.0262e+00
2.0000e+03,1.3000e+02,1.0000e+00,5.6034e+01,-4.2833e+04,-4.2841e+04,-4.2627e+00,-4.2841e+04,5.2347e-01,8.3570e+00,2.5405e+04,1.9605e+02,-7.0419e-02,2.4953e-01,-7.8755e+00,-6.0724e+00,-5.2690e+00,-4.2138e+00,-2.7966e+00,-2.4732e-01,2.0729e+00
2.0000e+03,1.3100e+02,2.0000e+00,5.5983e+01,-4.1953e+04,-4.1962e+04,-4.2955e+00,-4.1962e+04,5.2450e-01,8.3898e+00,2.4489e+04,1.9802e+02,-6.9961e-02,-8.0840e-01,-7.2056e+00,-5.2184e+00,-5.0631e+00,-4.6384e+00,-2.8700e+00,-2.9304e-01,2.0246e+00
2.0000e+03,1.3200e+02,1.0000e+00,5.6170e+01,-4.1909e+04,-4.1918e+04,-4.3283e+00,-4.1918e+04,5.2552e-01,8.4226e+00,2.3609e+04,1.9900e+02,-2.3111e-01,-1.4121e+00,-6.0265e+00,-5.2759e+00,-4.9138e+00,-4.0066e+00,-4.2785e+00,-1.0998e+00,2.0580e+00
2.0000e+03,1.3300e+02,4.0000e+00,5.5649e+01,-3.9755e+04,-3.9763e+04,-4.3610e+00,-3.9763e+04,5.2655e-01,8.4554e+00,2.3566e+04,2.0288e+02,-1.6239e-01,-1.3044e+00,-8.4119e+00,-7.0184e+00,-6.4841e+00,-4.7543e+00,-4.5232e+00,-1.2055e+00,1.9721e+00
2.0000e+03,1.3400e+02,5.0000e+00,5.4918e+01,-3.9465e+04,-3.9474e+04,-4.3938e+00,-3.9474e+04,5.2757e-01,8.4882e+00,2.1411e+04,2.0773e+02,-8.2763e-02,-1.8013e-01,-7.2778e+00,-4.9087e+00,-6.2667e+00,-5.2776e+00,-3.4934e+00,-1.9935e+00,2.0661e+00
2.0000e+03,1.3500e+02,2.0000e+00,5.4878e+01,-3.9261e+04,-3.9270e+04,-4.4266e+00,-3.9270e+04,5.2858e-01,8.5210e+00,2.2629e+04,2.0966e+02,-1.3594e-01,-2.1699e-01,-6.8515e+00,-6.6384e+00,-4.5104e+00,-3.8196e+00,-3.6364e+00,-6.7146e-01,2.0809e+00
2.0000e+03,1.3600e+02,1.0000e+00,5.5061e+01,-3.8590e+04,-3.8599e+04,-4.4594e+00,-3.8599e+04,5.2960e-01,8.5538e+00,2.2425e+04,2.1065e+02,-1.2702e-01,-1.0721e+00,-8.0274e+00,-6.8116e+00,-4.4591e+00,-3.8696e+00,-4.6896e+00,-6.4219e-01,1.9876e+00
2.0000e+03,1.3700e+02,1.0000e+00,5.5242e+01,-3.7885e+04,-3.7893e+04,-4.4922e+00,-3.7893e+04,5.3061e-01,8.5866e+00,2.1754e+04,2.1165e+02,-7.3678e-02,-1.4398e-01,-7.5419e+00,-5.7513e+00,-6.1275e+00,-4.4317e+00,-3.3327e+00,-3.3887e-01,2.0413e+00
2.0000e+03,1.3800e+02,1.0000e+00,5.5422e+01,-3.7702e+04,-3.7710e+04,-4.5250e+00,-3.7710e+04,5.3163e-01,8.6193e+00,2.1048e+04,2.1263e+02,-7.9496e-02,-2.0603e-01,-6.6533e+00,-5.7759e+00,-5.8760e+00,-3.7824e+00,-4.3564e+00,-1.9117e+00,2.0488e+00
2.0000e+03,1.3900e+02,2.0000e+00,5.5378e+01,-3.6597e+04,-3.6605e+04,-4.5578e+00,-3.6605e+04,5.3264e-01,8.6521e+00,2.0865e+04,2.1457e+02,-9.6641e-02,4.9201e-01,-7.3431e+00,-6.5173e+00,-5.3044e+00,-5.1845e+00,-2.5734e+00,-1.7775e-01,2.0055e+00
2.0000e+03,1.4000e+02,1.0000e+00,5.5556e+01,-3.5209e+04,-3.5218e+04,-4.5906e+00,-3.5218e+04,5.3364e-01,8.6849e+00,1.9760e+04,2.1555e+02,-1.9680e-01,2.1980e-01,-6.2344e+00,-6.6285e+00,-6.6150e+00,-4.7746e+00,-4.0578e+00,-1.2012e+00,2.0641e+00
2.0000e+03,1.4100e+02,2.0000e+00,5.5512e+01,-3.4962e+04,-3.4970e+04,-4.6234e+00,-3.4970e+04,5.3465e-01,8.7177e+00,1.8373e+04,2.1750e+02,-1.7500e-01,-1.6819e+00,-7.8001e+00,-6.8678e+00,-6.7136e+00,-4.4117e+00,-4.5604e+00,-1.0814e+00,2.0693e+00
2.0000e+03,1.4200e+02,1.0000e+00,5.5686e+01,-3.4486e+04,-3.4494e+04,-4.6562e+00,-3.4494e+04,5.3566e-01,8.7505e+00,1.8126e+04,2.1849e+02,-1.7205e-01,-6.5819e-02,-7.2386e+00,-6.6521e+00,-5.3828e+00,-3.7848e+00,-3.5776e+00,-8.6777e-01,2.0687e+00
2.0000e+03,1.4300e+02,3.0000e+00,5.5426e+01,-3.3824e+04,-3.3832e+04,-4.6889e+00,-3.3832e+04,5.3666e-01,8.7833e+00,1.7649e+04,2.2136e+02,-2.5882e-01,-4.0183e-01,-6.6440e+00,-4.9193e+00,-6.7603e+00,-5.3179e+00,-3.2737e+00,-1.0222e+00,2.0235e+00
2.0000e+03,1.4400e+02,1.0000e+00,5.5598e+01,-3.3209e+04,-3.3218e+04,-4.7217e+00,-3.3218e+04,5.3766e-01,8.8161e+00,1.6987e+04,2.2233e+02,-8.2643e-02,-1.0510e+00,-8.3287e+00,-7.1249e+00,-5.7386e+00,-4.6065e+00,-2.5759e+00,2.9635e-01,2.0075e+00
2.0000e+03,1.4500e+02,1.0000e+00,5.5769e+01,-3.2700e+04,-3.2709e+04,-4.7545e+00,-3.2709e+04,5.3866e-01,8.8489e+00,1.6373e+04,2.2330e+02,-9.6023e-02,4.7964e-01,-6.3718e+00,-5.1357e+00,-5.5429e+00,-4.6949e+00,-2.8754e+00,-1.7140e+00,2.0326e+00
2.0000e+03,1.4600e+02,4.0000e+00,5.5303e+01,-3.1996e+04,-3.2005e+04,-4.7873e+00,-3.2005e+04,5.3966e-01,8.8817e+00,1.5864e+04,2.2717e+02,-2.2623e-01,-3.0124e-01,-6.0394e+00,-5.8513e+00,-5.4025e+00,-4.9649e+00,-4.5685e+00,-1.8293e+00,2.0448e+00
2.0000e+03,1.4700e+02,1.0000e+00,5.5472e+01,-3.1538e+04,-3.1547e+04,-4.8201e+00,-3.1547e+04,5.4065e-01,8.9144e+00,1.5160e+04,2.2819e+02,-2.0158e-01,-5.9977e-01,-6.5344e+00,-6.3227e+00,-6.5849e+00,-4.3015e+00,-3.3550e+00,-7.6562e-01,2.0553e+00
2.0000e+03,1.4800e+02,2.0000e+00,5.5431e+01,-3.1225e+04,-3.1234e+04,-4.8529e+00,-3.1234e+04,5.4164e-01,8.9472e+00,1.4702e+04,2.3012e+02,-1.0012e-01,-1.5963e+00,-8.3418e+00,-6.4234e+00,-6.9196e+00,-4.6661e+00,-3.6904e+00,-5.1213e-01,2.0402e+00
2.0000e+03,1.4900e+02,5.0000e+00,5.4779e+01,-3.0335e+04,-3.0344e+04,-4.8857e+00,-3.0344e+04,5.4264e-01,8.9800e+00,1.4389e+04,2.3499e+02,-1.4798e-01,1.1980e-01,-7.7054e+00,-6.5793e+00,-4.7325e+00,-4.6501e+00,-3.1298e+00,1.8184e-01,2.0549e+00
2.0000e+03,1.5000e+02,1.0000e+00,5.4945e+01,-2.9970e+04,-2.9979e+04,-4.9185e+00,-2.9979e+04,5.4363e-01,9.0128e+00,1.4695e+04,2.3596e+02,-1.1461e-01,-1.2337e+00,-7.3647e+00,-7.3400e+00,-6.3304e+00,-5.0645e+00,-4.4719e+00,-4.4505e-01,2.0533e+00
2.0000e+03,1.5100e+02,2.0000e+00,5.4909e+01,-2.9522e+04,-2.9531e+04,-4.9513e+00,-2.9531e+04,5.4461e-01,9.0456e+00,1.4331e+04,2.3790e+02,-2.7068e-01,-1.2144e+00,-8.3149e+00,-6.8370e+00,-6.3974e+00,-5.3128e+00,-3.1330e+00,-6.3424e-01,1.9771e+00
2.0000e+03,1.5200e+02,1.0000e+00,5.5072e+01,-2.9430e+04,-2.9439e+04,-4.9841e+00,-2.9439e+04,5.4560e-01,9.0784e+00,1.3883e+04,2.3887e+02,-1.0484e-01,4.2990e-01,-6.8209e+00,-7.3867e+00,-6.3852e+00,-4.5702e+00,-3.4344e+00,-5.8775e-01,2.0373e+00
2.0000e+03,1.5300e+02,2.0000e+00,5.5036e+01,-2.9125e+04,-2.9134e+04,-5.0168e+00,-2.9134e+04,5.4658e-01,9.1112e+00,1.3791e+04,2.4083e+02,-1.6116e-01,-8.2208e-02,-6.6562e+00,-5.4127e+00,-5.5626e+00,-3.8394e+00,-4.6949e+00,-1.9665e+00,1.9835e+00
2.0000e+03,1.5400e+02,1.0000e+00,5.5197e+01,-2.8905e+04,-2.8914e+04,-5.0496e+00,-2.8914e+04,5.4757e-01,9.1440e+00,1.3485e+04,2.4180e+02,-2.7003e-01,-1.8480e+00,-6.1675e+00,-5.2562e+00,-6.7587e+00,-4.3095e+00,-4.4331e+00,-1.0769e+00,1.9790e+00
2.0000e+03,1.5500e+02,3.0000e+00,5.4965e+01,-2.8640e+04,-2.8649e+04,-5.0824e+00,-2.8649e+04,5.4855e-01,9.1768e+00,1.3265e+04,2.4478e+02,-2.2951e-01,4.6133e-01,-6.7678e+00,-6.6470e+00,-4.7692e+00,-4.8925e+00,-3.3577e+00,4.5843e-01,1.9964e+00
2.0000e+03,1.5600e+02,5.0000e+00,5.4355e+01,-2.7148e+04,-2.7157e+04,-5.1152e+00,-2.7157e+04,5.4953e-01,9.2096e+00,1.3001e+04,2.4975e+02,-2.2504e-01,-8.2012e-01,-6.5212e+00,-6.5719e+00,-6.5072e+00,-5.4812e+00,-3.4665e+00,-1.1777e+00,1.9683e+00
2.0000e+03,1.5700e+02,2.0000e+00,5.4325e+01,-2.6598e+04,-2.6607e+04,-5.1480e+00,-2.6607e+04,5.5050e-01,9.2423e+00,1.1509e+04,2.5175e+02,-1.1954e-01,-1.2309e+00,-8.0161e+00,-7.2604e+00,-6.9205e+00,-4.5117e+00,-3.7684e+00,-8.0356e-01,2.0277e+00
2.0000e+03,1.5800e+02,1.0000e+00,5.4483e+01,-2.6540e+04,-2.6550e+04,-5.1808e+00,-2.6550e+04,5.5148e-01,9.2751e+00,1.0959e+04,2.5280e+02,-1.6904e-01,-6.9155e-01,-6.2216e+00,-7.3684e+00,-5.0558e+00,-5.0481e+00,-3.6770e+00,-4.7761e-01,1.9807e+00
2.0000e+03,1.5900e+02,4.0000e+00,5.4082e+01,-2.6508e+04,-2.6518e+04,-5.2136e+00,-2.6518e+04,5.5245e-01,9.3079e+00,1.0901e+04,2.5681e+02,-1.2165e-01,1.9105e-01,-7.7270e+00,-6.7106e+00,-4.7537e+00,-4.5556e+00,-3.8417e+00,-1.1329e-01,2.0405e+00
2.0000e+03,1.6000e+02,3.0000e+00,5.3872e+01,-2.6178e+04,-2.6188e+04,-5.2464e+00,-2.6188e+04,5.5343e-01,9.3407e+00,1.0869e+04,2.5975e+02,-1.1403e-01,-2.9116e-01,-7.8941e+00,-6.4643e+00,-5.2493e+00,-4.8600e+00,-4.4893e+00,-2.1509e-02,2.0351e+00
2.0000e+03,1.6100e+02,3.0000e+00,5.3667e+01,-2.6154e+04,-2.6164e+04,-5.2792e+00,-2.6164e+04,5.5440e-01,9.3735e+00,1.0539e+04,2.6271e+02,-1.3412e-01,-1.8507e+00,-7.0348e+00,-6.9035e+00,-6.8355e+00,-5.7533e+00,-3.2162e+00,-1.9989e+00,2.0473e+00
2.0000e+03,1.6200e+02,2.0000e+00,5.3642e+01,-2.5682e+04,-2.5691e+04,-5.3120e+00,-2.5691e+04,5.5537e-01,9.4063e+00,1.0515e+04,2.6475e+02,-1.5217e-01,-8.0320e-01,-7.3163e+00,-5.1500e+00,-6.5344e+00,-4.3097e+00,-2.7489e+00,-6.2145e-01,1.9909e+00
2.0000e+03,1.6300e+02,4.0000e+00,5.3268e+01,-2.5650e+04,-2.5659e+04,-5.3447e+00,-2.5659e+04,5.5633e-01,9.4391e+00,1.0042e+04,2.6872e+02,-1.4721e-01,3.1137e-01,-7.9561e+00,-5.2712e+00,-4.5470e+00,-4.7773e+00,-3.3472e+00,-4.5862e-01,1.9929e+00
2.0000e+03,1.6400e+02,5.0000e+00,5.2733e+01,-2.5404e+04,-2.5413e+04,-5.3775e+00,-2.5413e+04,5.5730e-01,9.4719e+00,1.0011e+04,2.7365e+02,-1.3620e-01,-1.9672e+00,-6.6357e+00,-5.5226e+00,-5.7920e+00,-5.1958e+00,-3.2339e+00,-9.4564e-01,2.0055e+00
2.0000e+03,1.6500e+02,1.0000e+00,5.2885e+01,-2.5141e+04,-2.5151e+04,-5.4103e+00,-2.5151e+04,5.5826e-01,9.5047e+00,9.7644e+03,2.7463e+02,-1.3514e-01,-1.1958e+00,-8.0410e+00,-4.9264e+00,-6.5484e+00,-4.7488e+00,-2.7430e+00,-1.1953e+00,2.0430e+00
2.0000e+03,1.6600e+02,1.0000e+00,5.3035e+01,-2.4835e+04,-2.4844e+04,-5.4431e+00,-2.4844e+04,5.5922e-01,9.5375e+00,9.5019e+03,2.7560e+02,-2.1456e-01,-1.4046e+00,-6.0809e+00,-6.7486e+00,-6.5886e+00,-5.8264e+00,-4.5527e+00,-1.3512e+00,2.0372e+00
2.0000e+03,1.6700e+02,2.0000e+00,5.3016e+01,-2.4815e+04,-2.4825e+04,-5.4759e+00,-2.4825e+04,5.6018e-01,9.5702e+00,9.1957e+03,2.7754e+02,-2.2265e-01,3.7450e-01,-6.7770e+00,-5.8703e+00,-5.5841e+00,-4.8602e+00,-2.6408e+00,-1.2507e+00,1.9720e+00
2.0000e+03,1.6800e+02,1.0000e+00,5.3165e+01,-2.4384e+04,-2.4394e+04,-5.5087e+00,-2.4394e+04,5.6114e-01,9.6030e+00,9.1757e+03,2.7851e+02,-2.3571e-01,-8.9367e-01,-6.8265e+00,-6.0395e+00,-5.2846e+00,-5.0275e+00,-2.7231e+00,-8.6896e-01,2.0206e+00
2.0000e+03,1.6900e+02,1.0000e+00,5.3312e+01,-2.4251e+04,-2.4261e+04,-5.5415e+00,-2.4261e+04,5.6210e-01,9.6358e+00,8.7449e+03,2.7948e+02,-2.0151e-01,-1.4307e+00,-8.0541e+00,-7.4023e+00,-6.3203e+00,-5.7931e+00,-3.5773e+00,-1.5570e+00,2.0412e+00
2.0000e+03,1.7000e+02,1.0000e+00,5.3459e+01,-2.4216e+04,-2.4225e+04,-5.5743e+00,-2.4225e+04,5.6306e-01,9.6686e+00,8.6119e+03,2.8046e+02,-2.5623e-01,-7.6600e-01,-6.9138e+00,-5.3454e+00,-6.0595e+00,-5.3898e+00,-3.7263e+00,-6.8320e-01,1.9991e+00
2.0000e+03,1.7100e+02,1.0000e+00,5.3605e+01,-2.3598e+04,-2.3608e+04,-5.6071e+00,-2.3608e+04,5.6401e-01,9.7014e+00,8.5766e+03,2.8142e+02,-2.3457e-01,2.2824e-02,-6.1865e+00,-6.2931e+00,-5.8909e+00,-4.3845e+00,-2.7034e+00,2.4224e-01,1.9892e+00
2.0000e+03,1.7200e+02,3.0000e+00,5.3416e+01,-2.3146e+04,-2.3156e+04,-5.6398e+00,-2.3156e+04,5.6496e-01,9.7342e+00,7.9592e+03,2.8439e+02,-2.4111e-01,-5.0400e-01,-7.2574e+00,-6.4690e+00,-6.3253e+00,-5.0645e+00,-3.6131e+00,-1.1482e+00,1.9767e+00
2.0000e+03,1.7300e+02,1.0000e+00,5.3560e+01,-2.2929e+04,-2.2939e+04,-5.6726e+00,-2.2939e+04,5.6591e-01,9.7670e+00,7.5073e+03,2.8537e+02,-1.4103e-01,-1.9620e+00,-7.7286e+00,-6.0640e+00,-6.5777e+00,-6.2293e+00,-2.9275e+00,-8.3836e-01,2.0362e+00
2.0000e+03,1.7400e+02,1.0000e+00,5.3704e+01,-2.2677e+04,-2.2687e+04,-5.7054e+00,-2.2687e+04,5.6686e-01,9.7998e+00,7.2902e+03,2.8635e+02,-1.8996e-01,3.1031e-01,-7.7864e+00,-5.7777e+00,-4.8364e+00,-4.2231e+00,-3.3690e+00,-5.5870e-01,2.0380e+00
2.0000e+03,1.7500e+02,1.0000e+00,5.3846e+01,-2.1764e+04,-2.1774e+04,-5.7382e+00,-2.1774e+04,5.6781e-01,9.8326e+00,7.0376e+03,2.8733e+02,-2.0443e-01,-1.9076e+00,-6.1618e+00,-6.5425e+00,-5.3156e+00,-6.1729e+00,-3.4097e+00,-9.3383e-01,2.0328e+00
2.0000e+03,1.7600e+02,1.0000e+00,5.3988e+01,-2.1722e+04,-2.1732e+04,-5.7710e+00,-2.1732e+04,5.6876e-01,9.8654e+00,6.1252e+03,2.8832e+02,-1.7338e-01,8.1436e-02,-6.9248e+00,-6.1333e+00,-5.4672e+00,-4.2568e+00,-4.4851e+00,-5.4973e-01,1.9866e+00
2.0000e+03,1.7700e+02,1.0000e+00,5.4128e+01,-2.1483e+04,-2.1493e+04,-5.8038e+00,-2.1493e+04,5.6970e-01,9.8981e+00,6.1166e+03,2.8931e+02,-1.6983e-01,-1.8404e+00,-8.1834e+00,-6.5351e+00,-5.2451e+00,-4.3839e+00,-2.9010e+00,-4.6948e-01,2.0364e+00
2.0000e+03,1.7800e+02,3.0000e+00,5.3939e+01,-2.1217e+04,-2.1227e+04,-5.8366e+00,-2.1227e+04,5.7064e-01,9.9309e+00,5.8775e+03,2.9228e+02,-1.8995e-01,-4.4962e-01,-7.4934e+00,-7.2382e+00,-5.9938e+00,-5.2822e+00,-4.4738e+00,-7.8614e-01,2.0347e+00
2.0000e+03,1.7900e+02,1.0000e+00,5.4079e+01,-2.1091e+04,-2.1101e+04,-5.8694e+00,-2.1101e+04,5.7158e-01,9.9637e+00,5.6117e+03,2.9327e+02,-2.2093e-01,-1.2954e+00,-6.4538e+00,-5.4332e+00,-6.3415e+00,-4.8805e+00,-3.0911e+00,-3.7166e-01,1.9770e+00
2.0000e+03,1.8000e+02,1.0000e+00,5.4217e+01,-2.1088e+04,-2.1098e+04,-5.9022e+00,-2.1098e+04,5.6456e-01,9.7203e+00,5.4858e+03,2.9426e+02,-1.4504e-01,-1.2896e+00,-7.7775e+00,-7.3571e+00,-6.2169e+00,-4.8564e+00,-4.1494e+00,-8.1416e-01,2.0131e+00
2.0000e+03,1.8100e+02,1.0000e+00,5.4354e+01,-2.0926e+04,-2.0936e+04,-5.9350e+00,-2.0936e+04,5.7346e-01,1.0029e+01,5.4823e+03,2.9524e+02,-2.1979e-01,4.1732e-01,-7.3444e+00,-6.3400e+00,-4.6913e+00,-4.0584e+00,-4.3126e+00,-3.5490e-01,1.9758e+00
2.0000e+03,1.8200e+02,2.0000e+00,5.4328e+01,-2.0499e+04,-2.0509e+04,-5.9677e+00,-2.0509e+04,5.7440e-01,1.0062e+01,5.3205e+03,2.9723e+02,-2.3126e-01,-2.9918e-02,-6.6886e+00,-7.0545e+00,-4.4747e+00,-4.2661e+00,-4.0832e+00,-1.8378e+00,1.9808e+00
2.0000e+03,1.8300e+02,1.0000e+00,5.4464e+01,-2.0045e+04,-2.0055e+04,-6.0005e+00,-2.0055e+04,5.7533e-01,1.0095e+01,4.8937e+03,2.9820e+02,-1.3696e-01,-1.8202e+00,-7.7811e+00,-5.8829e+00,-5.5913e+00,-4.2679e+00,-3.7716e+00,3.0135e-01,2.0167e+00
2.0000e+03,1.8400e+02,1.0000e+00,5.4599e+01,-1.9982e+04,-1.9992e+04,-6.0333e+00,-1.9992e+04,5.7627e-01,1.0128e+01,4.4395e+03,2.9918e+02,-2.3073e-01,-3.5234e-01,-7.0274e+00,-5.9708e+00,-5.9594e+00,-5.3007e+00,-4.3717e+00,-1.5489e+00,2.0125e+00
2.0000e+03,1.8500e+02,2.0000e+00,5.4572e+01,-1.9857e+04,-1.9867e+04,-6.0661e+00,-1.9867e+04,5.7720e-01,1.0160e+01,4.3764e+03,3.0113e+02,-1.7829e-01,-9.5194e-01,-6.5591e+00,-7.1005e+00,-4.6282e+00,-4.5213e+00,-2.6376e+00,-4.7179e-01,1.9885e+00
2.0000e+03,1.8600e+02,1.0000e+00,5.4706e+01,-1.9826e+04,-1.9836e+04,-6.0989e+00,-1.9836e+04,5.7813e-01,1.0193e+01,4.2519e+03,3.0211e+02,-1.5273e-01,-8.4319e-01,-7.6901e+00,-7.0638e+00,-4.6841e+00,-4.0691e+00,-3.2598e+00,-1.0442e+00,2.0127e+00
2.0000e+03,1.8700e+02,2.0000e+00,5.4678e+01,-1.9384e+04,-1.9394e+04,-6.1317e+00,-1.9394e+04,5.7906e-01,1.0226e+01,4.2206e+03,3.0405e+02,-1.7647e-01,-9.8030e-01,-6.5983e+00,-6.0582e+00,-5.1907e+00,-4.9886e+00,-3.8521e+00,-1.6424e+00,1.9940e+00
2.0000e+03,1.8800e+02,1.0000e+00,5.4810e+01,-1.9291e+04,-1.9302e+04,-6.1645e+00,-1.9302e+04,5.7999e-01,1.0259e+01,3.7782e+03,3.0503e+02,-1.5660e-01,-7.3683e-01,-6.8398e+00,-6.5783e+00,-4.8005e+00,-4.4414e+00,-3.6693e+00,-1.5498e+00,2.0169e+00
2.0000e+03,1.8900e+02,1.0000e+00,5.4942e+01,-1.9165e+04,-1.9176e+04,-6.1973e+00,-1.9176e+04,5.8091e-01,1.0292e+01,3.6860e+03,3.0601e+02,-1.9827e-01,1.3915e-01,-6.4535e+00,-6.8669e+00,-5.9801e+00,-4.0927e+00,-3.8055e+00,-1.2238e+00,1.9850e+00
2.0000e+03,1.9000e+02,1.0000e+00,5.5072e+01,-1.9119e+04,-1.9130e+04,-6.2301e+00,-1.9130e+04,5.8184e-01,1.0324e+01,3.5600e+03,3.0698e+02,-1.8525e-01,-1.1110e+00,-6.5439e+00,-6.4574e+00,-6.0933e+00,-4.0279e+00,-4.2678e+00,-1.4321e-01,2.0254e+00
2.0000e+03,1.9100e+02,3.0000e+00,5.4885e+01,-1.9034e+04,-1.9045e+04,-6.2629e+00,-1.9045e+04,5.8276e-01,1.0357e+01,3.5139e+03,3.0991e+02,-2.3450e-01,3.0877e-01,-6.1599e+00,-5.9129e+00,-4.7144e+00,-4.5769e+00,-4.3961e+00,-1.6661e+00,1.9876e+00
2.0000e+03,1.9200e+02,3.0000e+00,5.4701e+01,-1.8979e+04,-1.8989e+04,-6.2956e+00,-1.8989e+04,5.8368e-01,1.0390e+01,3.4288e+03,3.1283e+02,-1.5901e-01,-1.8713e+00,-6.8196e+00,-5.9786e+00,-6.7662e+00,-3.7877e+00,-4.0352e+00,-3.7254e-01,2.0225e+00
2.0000e+03,1.9300e+02,2.0000e+00,5.4674e+01,-1.8880e+04,-1.8891e+04,-6.3284e+00,-1.8891e+04,5.8460e-01,1.0423e+01,3.3734e+03,3.1483e+02,-2.3724e-01,-1.8619e+00,-6.8438e+00,-6.0819e+00,-6.3244e+00,-5.5396e+00,-4.3445e+00,-1.6420e+00,1.9895e+00
2.0000e+03,1.9400e+02,1.0000e+00,5.4802e+01,-1.8809e+04,-1.8819e+04,-6.3612e+00,-1.8819e+04,5.8552e-01,1.0456e+01,3.2750e+03,3.1584e+02,-2.0333e-01,-1.5088e+00,-6.3641e+00,-5.6830e+00,-6.2266e+00,-4.7403e+00,-4.7639e+00,-6.0796e-01,1.9831e+00
2.0000e+03,1.9500e+02,1.0000e+00,5.4930e+01,-1.8770e+04,-1.8780e+04,-6.3940e+00,-1.8780e+04,5.8644e-01,1.0488e+01,3.2659e+03,3.1685e+02,-2.0144e-01,3.5703e-01,-7.0380e+00,-6.3370e+00,-5.7366e+00,-4.5812e+00,-4.3461e+00,-6.5722e-01,1.9847e+00
2.0000e+03,1.9600e+02,1.0000e+00,5.5056e+01,-1.8365e+04,-1.8376e+04,-6.4268e+00,-1.8376e+04,5.8736e-01,1.0521e+01,3.2268e+03,3.1790e+02,-1.7365e-01,-7.7515e-01,-6.9445e+00,-6.1894e+00,-4.6393e+00,-5.7380e+00,-3.8714e+00,-1.0236e+00,1.9985e+00
2.0000e+03,1.9700e+02,5.0000e+00,5.4571e+01,-1.8348e+04,-1.8359e+04,-6.4596e+00,-1.8359e+04,5.8827e-01,1.0554e+01,2.8223e+03,3.2283e+02,-2.2391e-01,-1.3103e+00,-6.7207e+00,-5.1288e+00,-5.3670e+00,-5.6437e+00,-3.9766e+00,-1.2136e+00,2.0112e+00
2.0000e+03,1.9800e+02,2.0000e+00,5.4545e+01,-1.8201e+04,-1.8211e+04,-6.4924e+00,-1.8211e+04,5.8918e-01,1.0587e+01,2.8052e+03,3.2481e+02,-1.8917e-01,-1.8559e+00,-8.0988e+00,-5.6964e+00,-6.8216e+00,-4.5069e+00,-3.1443e+00,3.4913e-01,2.0074e+00
2.0000e+03,1.9900e+02,1.0000e+00,5.4670e+01,-1.8142e+04,-1.8153e+04,-6.5252e+00,-1.8153e+04,5.9010e-01,1.0620e+01,2.6578e+03,3.2581e+02,-2.0544e-01,-9.2082e-01,-7.2918e+00,-5.4802e+00,-6.1116e+00,-5.8995e+00,-2.7118e+00,1.2160e-01,2.0078e+00
2.0000e+03,2.0000e+02,4.0000e+00,5.4348e+01,-1.8031e+04,-1.8041e+04,-6.5580e+00,-1.8041e+04,5.9101e-01,1.0652e+01,2.5994e+03,3.2976e+02,-1.6302e-01,-6.3557e-01,-8.2190e+00,-5.9859e+00,-5.1051e+00,-4.4786e+00,-3.5185e+00,-7.6699e-01,2.0181e+00
2.0000e+03,2.0100e+02,1.0000e+00,5.4472e+01,-1.7976e+04,-1.7987e+04,-6.5908e+00,-1.7987e+04,5.9191e-01,1.0685e+01,2.4877e+03,3.3074e+02,-1.8113e-01,-5.9619e-01,-7.7527e+00,-6.7294e+00,-4.8433e+00,-4.6248e+00,-4.0134e+00,-3.1196e-01,2.0224e+00
2.0000e+03,2.0200e+02,1.0000e+00,5.4595e+01,-1.7951e+04,-1.7961e+04,-6.6235e+00,-1.7961e+04,5.9282e-01,1.0718e+01,2.4332e+03,3.3175e+02,-1.8409e-01,-1.6157e+00,-6.9711e+00,-5.7202e+00,-5.3078e+00,-4.8222e+00,-4.1436e+00,3.0690e-01,2.0104e+00
2.0000e+03,2.0300e+02,1.0000e+00,5.4717e+01,-1.7823e+04,-1.7833e+04,-6.6563e+00,-1.7833e+04,5.9373e-01,1.0751e+01,2.4078e+03,3.3272e+02,-1.6336e-01,-6.0765e-01,-7.7937e+00,-7.1955e+00,-5.9759e+00,-4.8965e+00,-3.5030e+00,3.5829e-01,2.0112e+00
2.0000e+03,2.0400e+02,2.0000e+00,5.4692e+01,-1.7817e+04,-1.7827e+04,-6.6891e+00,-1.7827e+04,5.9363e-01,1.0747e+01,2.2798e+03,3.3467e+02,-1.6539e-01,-1.5598e+00,-7.9057e+00,-6.8321e+00,-5.4690e+00,-4.9819e+00,-3.2336e+00,-7.2906e-02,1.9963e+00
2.0000e+03,2.0500e+02,1.0000e+00,5.4813e+01,-1.7791e+04,-1.7802e+04,-6.7219e+00,-1.7802e+04,5.9554e-01,1.0816e+01,2.2738e+03,3.3565e+02,-1.6807e-01,6.9364e-02,-6.3400e+00,-5.0604e+00,-5.4112e+00,-4.8403e+00,-2.7358e+00,-6.9309e-01,2.0047e+00
2.0000e+03,2.0600e+02,1.0000e+00,5.4933e+01,-1.7791e+04,-1.7801e+04,-6.7547e+00,-1.7801e+04,5.6551e-01,9.7531e+00,2.2480e+03,3.3662e+02,-2.0172e-01,-7.5485e-01,-7.9825e+00,-5.1698e+00,-5.2355e+00,-4.8173e+00,-4.1473e+00,3.5734e-01,1.9946e+00
2.0000e+03,2.0700e+02,1.0000e+00,5.5053e+01,-1.7723e+04,-1.7734e+04,-6.7875e+00,-1.7734e+04,5.9734e-01,1.0882e+01,2.2468e+03,3.3761e+02,-1.6917e-01,-1.6063e+00,-8.0878e+00,-6.8753e+00,-4.6337e+00,-3.8707e+00,-3.9476e+00,-3.2161e-01,2.0006e+00
2.0000e+03,2.0800e+02,2.0000e+00,5.5026e+01,-1.7670e+04,-1.7681e+04,-6.8203e+00,-1.7681e+04,5.9824e-01,1.0915e+01,2.1803e+03,3.3956e+02,-1.4968e-01,-3.1142e-01,-7.6383e+00,-5.8346e+00,-5.4747e+00,-3.7595e+00,-3.7632e+00,2.7715e-01,2.0009e+00
2.0000e+03,2.0900e+02,3.0000e+00,5.4856e+01,-1.7633e+04,-1.7644e+04,-6.8531e+00,-1.7644e+04,5.9914e-01,1.0947e+01,2.1271e+03,3.4251e+02,-2.2245e-01,-9.2386e-01,-7.2232e+00,-6.2446e+00,-5.5920e+00,-4.9534e+00,-3.2587e+00,-3.4984e-01,1.9881e+00
2.0000e+03,2.1000e+02,1.0000e+00,5.4974e+01,-1.7611e+04,-1.7622e+04,-6.8859e+00,-1.7622e+04,6.0003e-01,1.0980e+01,2.0900e+03,3.4349e+02,-2.1995e-01,-8.7902e-01,-7.9424e+00,-5.9262e+00,-5.8515e+00,-5.9047e+00,-3.4600e+00,-1.2890e-01,2.0004e+00
2.0000e+03,2.1100e+02,2.0000e+00,5.4948e+01,-1.7318e+04,-1.7329e+04,-6.9187e+00,-1.7329e+04,6.0093e-01,1.1013e+01,2.0684e+03,3.4547e+02,-1.9472e-01,-3.4098e-01,-7.7413e+00,-6.3150e+00,-4.5841e+00,-5.2604e+00,-2.8310e+00,2.5005e-01,2.0051e+00
2.0000e+03,2.1200e+02,2.0000e+00,5.4922e+01,-1.7263e+04,-1.7274e+04,-6.9514e+00,-1.7274e+04,6.0182e-01,1.1046e+01,1.7748e+03,3.4743e+02,-1.4502e-01,-8.2872e-01,-7.4412e+00,-4.9500e+00,-5.6612e+00,-4.6700e+00,-2.5987e+00,4.4353e-01,2.0002e+00
2.0000e+03,2.1300e+02,1.0000e+00,5.5039e+01,-1.7220e+04,-1.7231e+04,-6.9842e+00,-1.7231e+04,6.0271e-01,1.1079e+01,1.7198e+03,3.4841e+02,-1.8391e-01,1.7947e-01,-6.3499e+00,-6.6438e+00,-5.9680e+00,-4.2577e+00,-4.1074e+00,-1.3582e+00,1.9970e+00
2.0000e+03,2.1400e+02,1.0000e+00,5.5155e+01,-1.7113e+04,-1.7124e+04,-7.0170e+00,-1.7124e+04,6.0361e-01,1.1111e+01,1.6771e+03,3.4941e+02,-1.6554e-01,9.0277e-02,-6.3815e+00,-5.5978e+00,-5.5678e+00,-4.4356e+00,-3.7876e+00,7.1450e-02,2.0110e+00
2.0000e+03,2.1500e+02,2.0000e+00,5.5128e+01,-1.7106e+04,-1.7117e+04,-7.0498e+00,-1.7117e+04,6.0420e-01,1.1133e+01,1.5704e+03,3.5138e+02,-1.9153e-01,3.0294e-01,-6.2181e+00,-5.4962e+00,-4.5514e+00,-5.2325e+00,-3.3248e+00,-2.7833e-02,2.0133e+00
2.0000e+03,2.1600e+02,1.0000e+00,5.5243e+01,-1.7062e+04,-1.7073e+04,-7.0826e+00,-1.7073e+04,6.0538e-01,1.1177e+01,1.5631e+03,3.5237e+02,-1.6404e-01,2.8264e-01,-7.8339e+00,-5.8393e+00,-5.3587e+00,-4.5446e+00,-3.2837e+00,1.6193e-03,2.0066e+00
2.0000e+03,2.1700e+02,1.0000e+00,5.5357e+01,-1.6955e+04,-1.6966e+04,-7.1154e+00,-1.6966e+04,6.0627e-01,1.1210e+01,1.5190e+03,3.5336e+02,-1.7761e-01,-1.2087e+00,-6.9868e+00,-6.0559e+00,-4.9378e+00,-4.1525e+00,-3.8185e+00,-1.6098e+00,2.0188e+00
2.0000e+03,2.1800e+02,5.0000e+00,5.4912e+01,-1.6840e+04,-1.6852e+04,-7.1482e+00,-1.6852e+04,6.0716e-01,1.1243e+01,1.4123e+03,3.5826e+02,-2.1973e-01,-9.7892e-01,-7.6019e+00,-5.5520e+00,-6.1181e+00,-4.3588e+00,-2.8507e+00,-8.7473e-01,1.9930e+00
2.0000e+03,2.1900e+02,2.0000e+00,5.4887e+01,-1.6839e+04,-1.6850e+04,-7.1810e+00,-1.6850e+04,5.8275e-01,1.0357e+01,1.2975e+03,3.6021e+02,-2.1816e-01,-7.3552e-01,-5.9953e+00,-5.1790e+00,-5.2712e+00,-4.5964e+00,-4.2275e+00,-1.2525e+00,2.0076e+00
2.0000e+03,2.2000e+02,1.0000e+00,5.5000e+01,-1.6813e+04,-1.6824e+04,-7.2138e+00,-1.6824e+04,6.0893e-01,1.1308e+01,1.2958e+03,3.6119e+02,-1.6816e-01,-1.1672e+00,-7.5484e+00,-5.0475e+00,-4.8609e+00,-4.3230e+00,-3.7754e+00,-1.8270e-01,2.0059e+00
2.0000e+03,2.2100e+02,1.0000e+00,5.5112e+01,-1.6793e+04,-1.6804e+04,-7.2466e+00,-1.6804e+04,6.0981e-01,1.1341e+01,1.2703e+03,3.6217e+02,-2.0702e-01,3.2161e-01,-8.0938e+00,-5.8532e+00,-6.1215e+00,-5.7221e+00,-3.2580e+00,-2.9447e-02,1.9850e+00
2.0000e+03,2.2200e+02,3.0000e+00,5.4950e+01,-1.6589e+04,-1.6601e+04,-7.2793e+00,-1.6601e+04,6.1069e-01,1.1374e+01,1.2500e+03,3.6510e+02,-2.0265e-01,-1.1393e-02,-8.4117e+00,-5.4472e+00,-6.2660e+00,-4.4071e+00,-3.0917e+00,2.3520e-01,1.9866e+00
2.0000e+03,2.2300e+02,2.0000e+00,5.4926e+01,-1.6494e+04,-1.6506e+04,-7.3121e+00,-1.6506e+04,6.1157e-01,1.1406e+01,1.0466e+03,3.6704e+02,-2.2096e-01,-6.9485e-02,-6.6200e+00,-6.1390e+00,-5.9610e+00,-4.7423e+00,-3.2015e+00,-1.3833e+00,2.0005e+00
2.0000e+03,2.2400e+02,3.0000e+00,5.4768e+01,-1.6460e+04,-1.6471e+04,-7.3449e+00,-1.6471e+04,6.1245e-01,1.1439e+01,9.5150e+02,3.6995e+02,-2.1112e-01,-1.8090e+00,-7.5722e+00,-5.5186e+00,-5.6116e+00,-5.3109e+00,-3.9119e+00,-1.5400e+00,1.9925e+00
2.0000e+03,2.2500e+02,1.0000e+00,5.4878e+01,-1.6451e+04,-1.6463e+04,-7.3777e+00,-1.6463e+04,6.1322e-01,1.1468e+01,9.1667e+02,3.7092e+02,-2.1513e-01,-7.9662e-01,-7.9166e+00,-7.1828e+00,-5.6910e+00,-4.2398e+00,-2.8702e+00,-9.9819e-01,2.0070e+00
2.0000e+03,2.2600e+02,1.0000e+00,5.4988e+01,-1.6426e+04,-1.6438e+04,-7.4105e+00,-1.6438e+04,6.1420e-01,1.1505e+01,9.0819e+02,3.7192e+02,-1.8027e-01,-5.9924e-01,-6.3586e+00,-7.0205e+00,-6.6354e+00,-4.4328e+00,-3.7708e+00,-1.4359e+00,2.0081e+00
2.0000e+03,2.2700e+02,2.0000e+00,5.4964e+01,-1.6414e+04,-1.6425e+04,-7.4433e+00,-1.6425e+04,6.1507e-01,1.1538e+01,8.8327e+02,3.7389e+02,-1.8038e-01,-4.6774e-01,-7.1401e+00,-6.7195e+00,-5.2327e+00,-4.9156e+00,-3.2150e+00,-1.9213e-01,2.0125e+00
2.0000e+03,2.2800e+02,2.0000e+00,5.4940e+01,-1.6412e+04,-1.6424e+04,-7.4761e+00,-1.6423e+04,5.9521e-01,1.0804e+01,8.7097e+02,3.7585e+02,-1.8306e-01,-1.7347e+00,-7.1568e+00,-7.1141e+00,-5.7228e+00,-4.9196e+00,-4.2760e+00,-7.7352e-01,2.0153e+00
2.0000e+03,2.2900e+02,1.0000e+00,5.5048e+01,-1.6394e+04,-1.6405e+04,-7.5089e+00,-1.6405e+04,6.1682e-01,1.1603e+01,8.6893e+02,3.7683e+02,-1.8873e-01,5.0253e-02,-6.1673e+00,-6.9286e+00,-6.3669e+00,-4.5221e+00,-3.0185e+00,-9.9160e-01,1.9977e+00
2.0000e+03,2.3000e+02,1.0000e+00,5.5156e+01,-1.6389e+04,-1.6401e+04,-7.5417e+00,-1.6401e+04,6.1477e-01,1.1526e+01,8.5088e+02,3.7779e+02,-1.9513e-01,-8.2145e-01,-7.6358e+00,-5.7468e+00,-5.8612e+00,-4.3801e+00,-3.6916e+00,1.9756e-01,1.9852e+00
2.0000e+03,2.3100e+02,1.0000e+00,5.5263e+01,-1.6377e+04,-1.6389e+04,-7.5744e+00,-1.6389e+04,6.1856e-01,1.1669e+01,8.4623e+02,3.7877e+02,-1.7818e-01,-1.5841e+00,-7.3337e+00,-7.2306e+00,-6.4845e+00,-4.6674e+00,-3.5953e+00,1.5999e-02,1.9933e+00
2.0000e+03,2.3200e+02,1.0000e+00,5.5370e+01,-1.6349e+04,-1.6361e+04,-7.6072e+00,-1.6361e+04,6.1943e-01,1.1702e+01,8.3422e+02,3.7975e+02,-2.1840e-01,1.0566e-01,-7.1879e+00,-6.9708e+00,-5.4676e+00,-5.0721e+00,-3.5838e+00,-1.5706e+00,1.9995e+00
2.0000e+03,2.3300e+02,1.0000e+00,5.5476e+01,-1.6327e+04,-1.6339e+04,-7.6400e+00,-1.6339e+04,6.2030e-01,1.1734e+01,8.0643e+02,3.8072e+02,-2.1282e-01,-1.7623e+00,-6.9795e+00,-7.3344e+00,-5.9503e+00,-5.1195e+00,-4.5266e+00,-5.0036e-01,1.9912e+00
2.0000e+03,2.3400e+02,5.0000e+00,5.5059e+01,-1.6252e+04,-1.6264e+04,-7.6728e+00,-1.6264e+04,6.2116e-01,1.1767e+01,7.8455e+02,3.8562e+02,-2.1430e-01,-1.6191e+00,-7.3053e+00,-6.4156e+00,-5.3125e+00,-4.7223e+00,-5.0577e+00,-1.3629e+00,2.0060e+00
2.0000e+03,2.3500e+02,1.0000e+00,5.5164e+01,-1.6232e+04,-1.6244e+04,-7.7056e+00,-1.6244e+04,6.2203e-01,1.1800e+01,7.0915e+02,3.8659e+02,-1.9469e-01,1.1402e-01,-6.2773e+00,-7.1027e+00,-6.4641e+00,-5.2491e+00,-3.0823e+00,7.7257e-02,2.0048e+00
2.0000e+03,2.3600e+02,1.0000e+00,5.5269e+01,-1.6226e+04,-1.6238e+04,-7.7384e+00,-1.6238e+04,6.2232e-01,1.1811e+01,6.8949e+02,3.8757e+02,-1.8046e-01,-1.5940e+00,-6.2104e+00,-7.1155e+00,-6.0159e+00,-4.3684e+00,-3.3752e+00,-1.3354e+00,2.0142e+00
2.0000e+03,2.3700e+02,1.0000e+00,5.5374e+01,-1.6180e+04,-1.6192e+04,-7.7712e+00,-1.6192e+04,6.2375e-01,1.1866e+01,6.8292e+02,3.8854e+02,-1.7433e-01,-1.6327e+00,-6.7940e+00,-5.2024e+00,-5.7025e+00,-5.0784e+00,-3.9842e+00,5.2853e-02,2.0080e+00
2.0000e+03,2.3800e+02,3.0000e+00,5.5220e+01,-1.6169e+04,-1.6181e+04,-7.8040e+00,-1.6181e+04,6.2460e-01,1.1898e+01,6.3683e+02,3.9145e+02,-2.1592e-01,-1.0064e+00,-7.1859e+00,-5.2669e+00,-6.8340e+00,-4.5847e+00,-3.6507e+00,-7.4530e-01,1.9997e+00
2.0000e+03,2.3900e+02,1.0000e+00,5.5324e+01,-1.6159e+04,-1.6171e+04,-7.8368e+00,-1.6171e+04,6.2545e-01,1.1930e+01,6.2603e+02,3.9245e+02,-1.8244e-01,-2.1815e-01,-8.0140e+00,-6.3045e+00,-5.9147e+00,-5.8788e+00,-4.3297e+00,-1.4114e+00,2.0068e+00
2.0000e+03,2.4000e+02,2.0000e+00,5.5300e+01,-1.6136e+04,-1.6148e+04,-7.8696e+00,-1.6148e+04,6.2633e-01,1.1964e+01,6.1602e+02,3.9442e+02,-1.7890e-01,-1.5851e+00,-6.9660e+00,-5.0818e+00,-6.0188e+00,-4.7065e+00,-3.8186e+00,-4.2723e-01,2.0105e+00
2.0000e+03,2.4100e+02,1.0000e+00,5.5402e+01,-1.6128e+04,-1.6140e+04,-7.9023e+00,-1.6140e+04,6.2710e-01,1.1993e+01,5.9363e+02,3.9541e+02,-1.8901e-01,-4.5355e-01,-8.0309e+00,-6.1813e+00,-4.4696e+00,-5.9162e+00,-4.2913e+00,-9.2436e-01,2.0140e+00
2.0000e+03,2.4200e+02,1.0000e+00,5.5505e+01,-1.6125e+04,-1.6137e+04,-7.9351e+00,-1.6137e+04,6.1468e-01,1.1523e+01,5.8497e+02,3.9642e+02,-1.7991e-01,4.0130e-02,-8.2929e+00,-6.4606e+00,-4.5912e+00,-3.7963e+00,-4.2620e+00,4.1671e-01,1.9952e+00
2.0000e+03,2.4300e+02,4.0000e+00,5.5227e+01,-1.6080e+04,-1.6092e+04,-7.9679e+00,-1.6092e+04,6.2890e-01,1.2062e+01,6.0699e+02,4.0039e+02,-2.1583e-01,-5.4112e-01,-7.6262e+00,-5.3524e+00,-6.4579e+00,-5.0222e+00,-3.2027e+00,-1.2954e+00,2.0030e+00
2.0000e+03,2.4400e+02,2.0000e+00,5.5204e+01,-1.6056e+04,-1.6068e+04,-8.0007e+00,-1.6068e+04,6.2976e-01,1.2095e+01,5.6185e+02,4.0234e+02,-1.8486e-01,-6.1653e-01,-7.7390e+00,-6.5755e+00,-5.6588e+00,-5.1840e+00,-3.8204e+00,-8.9786e-01,2.0040e+00
2.0000e+03,2.4500e+02,2.0000e+00,5.5180e+01,-1.5994e+04,-1.6006e+04,-8.0335e+00,-1.6006e+04,6.3061e-01,1.2128e+01,5.3822e+02,4.0430e+02,-2.1066e-01,-3.9030e-01,-6.6066e+00,-5.1812e+00,-6.4516e+00,-5.1349e+00,-3.6636e+00,-6.9256e-01,2.0029e+00
2.0000e+03,2.4600e+02,2.0000e+00,5.5157e+01,-1.5941e+04,-1.5953e+04,-8.0663e+00,-1.5953e+04,6.3146e-01,1.2161e+01,4.7604e+02,4.0627e+02,-1.8516e-01,7.9656e-02,-7.5502e+00,-6.6562e+00,-5.1669e+00,-4.7791e+00,-4.3817e+00,-6.8144e-01,2.0100e+00
2.0000e+03,2.4700e+02,1.0000e+00,5.5257e+01,-1.5935e+04,-1.5947e+04,-8.0991e+00,-1.5947e+04,6.3145e-01,1.2160e+01,4.2311e+02,4.0725e+02,-1.8901e-01,-1.0170e+00,-7.1048e+00,-6.6473e+00,-4.9699e+00,-3.8921e+00,-4.1890e+00,-1.7725e+00,2.0097e+00
2.0000e+03,2.4800e+02,1.0000e+00,5.5357e+01,-1.5913e+04,-1.5925e+04,-8.1319e+00,-1.5925e+04,6.3316e-01,1.2226e+01,4.1704e+02,4.0822e+02,-1.9359e-01,-1.2970e+00,-7.6741e+00,-6.2516e+00,-5.0872e+00,-5.8945e+00,-3.8332e+00,2.4327e-01,1.9944e+00
2.0000e+03,2.4900e+02,7.0000e+00,5.4725e+01,-1.5912e+04,-1.5924e+04,-8.1647e+00,-1.5924e+04,6.0885e-01,1.1305e+01,3.9493e+02,4.1500e+02,-1.8907e-01,-1.3251e+00,-8.2246e+00,-6.9250e+00,-5.9656e+00,-6.0993e+00,-4.1934e+00,-1.8596e+00,2.0038e+00
2.0000e+03,2.5000e+02,1.0000e+00,5.4825e+01,-1.5904e+04,-1.5917e+04,-8.1975e+00,-1.5917e+04,6.3458e-01,1.2281e+01,3.9330e+02,4.1596e+02,-2.0944e-01,-1.7153e+00,-7.4367e+00,-4.9608e+00,-6.0930e+00,-5.3866e+00,-4.3193e+00,-6.7182e-01,2.0047e+00
2.0000e+03,2.5100e+02,1.0000e+00,5.4923e+01,-1.5896e+04,-1.5909e+04,-8.2302e+00,-1.5909e+04,6.3555e-01,1.2319e+01,3.8607e+02,4.1693e+02,-1.8594e-01,-2.9547e-01,-8.3785e+00,-5.8441e+00,-4.9368e+00,-5.4472e+00,-3.8091e+00,-2.1967e-01,2.0070e+00
2.0000e+03,2.5200e+02,3.0000e+00,5.4783e+01,-1.5890e+04,-1.5902e+04,-8.2630e+00,-1.5902e+04,6.3578e-01,1.2327e+01,3.7805e+02,4.1984e+02,-1.9823e-01,-3.2175e-01,-7.3743e+00,-5.1355e+00,-4.7481e+00,-5.6851e+00,-3.6665e+00,-1.5549e+00,2.0114e+00
2.0000e+03,2.5300e+02,2.0000e+00,5.4762e+01,-1.5873e+04,-1.5885e+04,-8.2958e+00,-1.5885e+04,6.3739e-01,1.2390e+01,3.7186e+02,4.2179e+02,-1.9548e-01,-7.8481e-01,-7.9456e+00,-7.0031e+00,-6.0023e+00,-6.0587e+00,-3.4998e+00,-1.8348e+00,1.9994e+00
2.0000e+03,2.5400e+02,1.0000e+00,5.4860e+01,-1.5859e+04,-1.5871e+04,-8.3286e+00,-1.5871e+04,6.3824e-01,1.2423e+01,3.5490e+02,4.2278e+02,-1.8928e-01,3.1020e-01,-8.0736e+00,-6.2285e+00,-4.8503e+00,-5.4413e+00,-3.8967e+00,-1.1479e+00,2.0101e+00
2.0000e+03,2.5500e+02,4.0000e+00,5.4604e+01,-1.5853e+04,-1.5865e+04,-8.3614e+00,-1.5865e+04,6.3826e-01,1.2424e+01,3.4075e+02,4.2672e+02,-1.8142e-01,-2.6222e-01,-8.3745e+00,-7.0841e+00,-5.1945e+00,-6.0560e+00,-4.2965e+00,-2.8896e-02,2.0023e+00
2.0000e+03,2.5600e+02,1.0000e+00,5.4701e+01,-1.5850e+04,-1.5863e+04,-8.3942e+00,-1.5863e+04,6.2674e-01,1.1980e+01,3.3464e+02,4.2770e+02,-1.8958e-01,-1.7207e+00,-8.2168e+00,-6.3698e+00,-6.5563e+00,-5.7981e+00,-2.6379e+00,1.1588e-02,1.9918e+00
2.0000e+03,2.5700e+02,6.0000e+00,5.4219e+01,-1.5848e+04,-1.5861e+04,-8.4270e+00,-1.5861e+04,6.1973e-01,1.1713e+01,3.3197e+02,4.3360e+02,-1.9952e-01,-6.8113e-01,-6.2197e+00,-7.1816e+00,-4.7218e+00,-5.2969e+00,-3.8706e+00,-8.0163e-01,2.0092e+00
2.0000e+03,2.5800e+02,1.0000e+00,5.4316e+01,-1.5847e+04,-1.5859e+04,-8.4598e+00,-1.5859e+04,6.1684e-01,1.1604e+01,3.2994e+02,4.3458e+02,-2.0868e-01,-1.3758e+00,-6.5912e+00,-4.9278e+00,-6.1084e+00,-4.5641e+00,-2.7409e+00,-1.2236e+00,2.0063e+00
2.0000e+03,2.5900e+02,2.0000e+00,5.4298e+01,-1.5824e+04,-1.5837e+04,-8.4926e+00,-1.5837e+04,6.4243e-01,1.2587e+01,3.2814e+02,4.3654e+02,-1.9559e-01,-7.9961e-01,-8.0178e+00,-5.4452e+00,-6.4091e+00,-5.1443e+00,-3.1778e+00,-1.7489e+00,2.0119e+00
2.0000e+03,2.6000e+02,1.0000e+00,5.4393e+01,-1.5823e+04,-1.5836e+04,-8.5254e+00,-1.5835e+04,6.1909e-01,1.1689e+01,3.0620e+02,4.3753e+02,-2.1250e-01,5.6854e-02,-6.7524e+00,-6.7212e+00,-6.2172e+00,-3.9537e+00,-4.1692e+00,-1.2125e+00,1.9983e+00
2.0000e+03,2.6100e+02,2.0000e+00,5.4375e+01,-1.5796e+04,-1.5809e+04,-8.5581e+00,-1.5809e+04,6.4411e-01,1.2652e+01,3.1166e+02,4.3948e+02,-2.0925e-01,-3.1526e-01,-7.5203e+00,-5.5816e+00,-5.7711e+00,-5.3064e+00,-3.6349e+00,-1.0342e+00,1.9980e+00
2.0000e+03,2.6200e+02,4.0000e+00,5.4132e+01,-1.5784e+04,-1.5796e+04,-8.5909e+00,-1.5796e+04,6.4494e-01,1.2685e+01,2.8515e+02,4.4336e+02,-1.9574e-01,9.0107e-02,-7.6242e+00,-7.0240e+00,-5.5685e+00,-5.2393e+00,-4.5251e+00,-5.3770e-02,1.9923e+00
2.0000e+03,2.6300e+02,1.0000e+00,5.4227e+01,-1.5758e+04,-1.5771e+04,-8.6237e+00,-1.5771e+04,6.4577e-01,1.2718e+01,2.7279e+02,4.4433e+02,-2.0812e-01,-8.7484e-01,-7.5773e+00,-5.8108e+00,-6.5034e+00,-5.5192e+00,-3.6824e+00,-7.5452e-01,1.9994e+00
2.0000e+03,2.6400e+02,1.0000e+00,5.4321e+01,-1.5756e+04,-1.5769e+04,-8.6565e+00,-1.5769e+04,6.2816e-01,1.2034e+01,2.4725e+02,4.4530e+02,-1.9151e-01,-8.3264e-01,-8.0217e+00,-5.3268e+00,-4.4965e+00,-4.7237e+00,-4.2997e+00,-8.3294e-01,2.0093e+00
2.0000e+03,2.6500e+02,4.0000e+00,5.4082e+01,-1.5754e+04,-1.5767e+04,-8.6893e+00,-1.5767e+04,6.2970e-01,1.2093e+01,2.4510e+02,4.4922e+02,-1.9393e-01,-6.9929e-01,-6.0721e+00,-4.9112e+00,-6.8607e+00,-4.4527e+00,-2.6248e+00,-8.2957e-02,2.0041e+00
2.0000e+03,2.6600e+02,1.0000e+00,5.4175e+01,-1.5736e+04,-1.5749e+04,-8.7221e+00,-1.5749e+04,6.4827e-01,1.2816e+01,2.4284e+02,4.5018e+02,-1.9722e-01,-1.6443e+00,-6.9473e+00,-6.3255e+00,-6.7333e+00,-5.6049e+00,-3.5507e+00,-8.2963e-01,1.9981e+00
2.0000e+03,2.6700e+02,1.0000e+00,5.4268e+01,-1.5725e+04,-1.5738e+04,-8.7549e+00,-1.5738e+04,6.4908e-01,1.2849e+01,2.2523e+02,4.5116e+02,-2.0530e-01,-7.1446e-01,-6.6746e+00,-5.7827e+00,-6.7758e+00,-4.8207e+00,-4.0229e+00,-3.2410e-01,1.9985e+00
2.0000e+03,2.6800e+02,1.0000e+00,5.4361e+01,-1.5723e+04,-1.5736e+04,-8.7877e+00,-1.5735e+04,6.3842e-01,1.2430e+01,2.1442e+02,4.5212e+02,-1.9189e-01,1.5819e-01,-7.1591e+00,-7.3374e+00,-5.9005e+00,-3.7924e+00,-4.8067e+00,-7.7071e-01,2.0011e+00
2.0000e+03,2.6900e+02,1.0000e+00,5.4453e+01,-1.5723e+04,-1.5735e+04,-8.8205e+00,-1.5734e+04,6.1780e-01,1.1640e+01,2.1159e+02,4.5308e+02,-1.8813e-01,-5.1921e-01,-7.6839e+00,-5.5330e+00,-5.6224e+00,-3.8794e+00,-4.7459e+00,-5.5544e-01,2.0056e+00
2.0000e+03,2.7000e+02,1.0000e+00,5.4545e+01,-1.5719e+04,-1.5732e+04,-8.8533e+00,-1.5732e+04,6.4245e-01,1.2587e+01,2.1056e+02,4.5405e+02,-2.0781e-01,-6.5254e-01,-8.2430e+00,-6.6445e+00,-5.9211e+00,-4.9849e+00,-2.7355e+00,-9.4267e-01,2.0045e+00
2.0000e+03,2.7100e+02,2.0000e+00,5.4527e+01,-1.5707e+04,-1.5720e+04,-8.8860e+00,-1.5720e+04,6.5239e-01,1.2980e+01,2.0759e+02,4.5599e+02,-2.0871e-01,1.0061e-01,-6.9564e+00,-6.7737e+00,-6.2462e+00,-4.4375e+00,-2.6392e+00,-1.6206e+00,2.0044e+00
2.0000e+03,2.7200e+02,2.0000e+00,5.4509e+01,-1.5700e+04,-1.5713e+04,-8.9188e+00,-1.5713e+04,6.5281e-01,1.2997e+01,1.9614e+02,4.5791e+02,-1.9341e-01,-7.2133e-01,-7.0344e+00,-6.7803e+00,-5.6600e+00,-4.7297e+00,-3.6880e+00,-6.8186e-01,2.0094e+00
2.0000e+03,2.7300e+02,3.0000e+00,5.4382e+01,-1.5695e+04,-1.5708e+04,-8.9516e+00,-1.5708e+04,6.5252e-01,1.2985e+01,1.8924e+02,4.6079e+02,-1.9144e-01,-1.7588e+00,-7.9204e+00,-6.7367e+00,-5.4825e+00,-4.9055e+00,-4.9223e+00,-2.0367e-01,2.0043e+00
2.0000e+03,2.7400e+02,2.0000e+00,5.4365e+01,-1.5686e+04,-1.5699e+04,-8.9844e+00,-1.5699e+04,6.5477e-01,1.3075e+01,1.8388e+02,4.6271e+02,-2.0038e-01,-6.7655e-01,-6.5422e+00,-6.0162e+00,-5.5493e+00,-4.9540e+00,-4.9481e+00,-1.6472e+00,2.0087e+00
2.0000e+03,2.7500e+02,1.0000e+00,5.4455e+01,-1.5674e+04,-1.5687e+04,-9.0172e+00,-1.5687e+04,6.5568e-01,1.3111e+01,1.7535e+02,4.6368e+02,-1.9189e-01,2.7300e-02,-8.3712e+00,-6.3161e+00,-5.8529e+00,-5.4859e+00,-4.2320e+00,-1.0403e+00,2.0047e+00
2.0000e+03,2.7600e+02,1.0000e+00,5.4545e+01,-1.5670e+04,-1.5683e+04,-9.0500e+00,-1.5683e+04,6.5365e-01,1.3030e+01,1.6312e+02,4.6465e+02,-2.0336e-01,1.3315e-01,-7.7651e+00,-7.3027e+00,-6.2505e+00,-6.0906e+00,-4.1120e+00,-1.5069e+00,2.0072e+00
2.0000e+03,2.7700e+02,2.0000e+00,5.4528e+01,-1.5657e+04,-1.5670e+04,-9.0828e+00,-1.5670e+04,6.5732e-01,1.3177e+01,1.5852e+02,4.6657e+02,-1.9240e-01,-4.4460e-01,-7.9775e+00,-5.5406e+00,-5.5577e+00,-4.4016e+00,-2.9830e+00,-1.5955e+00,2.0088e+00
2.0000e+03,2.7800e+02,1.0000e+00,5.4617e+01,-1.5648e+04,-1.5661e+04,-9.1156e+00,-1.5661e+04,6.5809e-01,1.3208e+01,1.8096e+02,4.6754e+02,-1.8956e-01,-6.7783e-01,-7.7711e+00,-5.8504e+00,-4.5211e+00,-3.8254e+00,-3.8322e+00,-3.2626e-01,2.0050e+00
2.0000e+03,2.7900e+02,1.0000e+00,5.4706e+01,-1.5646e+04,-1.5659e+04,-9.1484e+00,-1.5659e+04,6.3999e-01,1.2491e+01,1.7184e+02,4.6852e+02,-1.9436e-01,-1.0858e+00,-7.9381e+00,-7.1132e+00,-6.9396e+00,-4.3743e+00,-3.5084e+00,-7.0784e-02,1.9938e+00
2.0000e+03,2.8000e+02,2.0000e+00,5.4688e+01,-1.5643e+04,-1.5657e+04,-9.1812e+00,-1.5656e+04,6.4609e-01,1.2730e+01,1.6977e+02,4.7045e+02,-2.0110e-01,-1.4980e+00,-6.7493e+00,-6.7750e+00,-6.4766e+00,-4.1939e+00,-3.4079e+00,-1.5425e-01,1.9980e+00
2.0000e+03,2.8100e+02,7.0000e+00,5.4143e+01,-1.5631e+04,-1.5644e+04,-9.2139e+00,-1.5644e+04,6.6058e-01,1.3308e+01,1.6718e+02,4.7730e+02,-2.0324e-01,-1.1216e+00,-6.9056e+00,-5.7127e+00,-6.8447e+00,-5.8432e+00,-4.2974e+00,-7.8551e-01,2.0045e+00
2.0000e+03,2.8200e+02,1.0000e+00,5.4231e+01,-1.5631e+04,-1.5644e+04,-9.2467e+00,-1.5643e+04,6.3339e-01,1.2235e+01,1.5500e+02,4.7828e+02,-1.9618e-01,2.5800e-01,-7.1359e+00,-6.6879e+00,-4.6518e+00,-3.7636e+00,-3.6188e+00,-3.9309e-02,2.0012e+00
2.0000e+03,2.8300e+02,1.0000e+00,5.4319e+01,-1.5628e+04,-1.5642e+04,-9.2795e+00,-1.5642e+04,6.3871e-01,1.2441e+01,1.5383e+02,4.7925e+02,-1.9082e-01,-1.2842e+00,-7.5659e+00,-5.3098e+00,-5.8209e+00,-5.4506e+00,-2.7519e+00,-3.3112e-01,2.0062e+00
2.0000e+03,2.8400e+02,1.0000e+00,5.4406e+01,-1.5623e+04,-1.5636e+04,-9.3123e+00,-1.5636e+04,6.6173e-01,1.3354e+01,1.5213e+02,4.8022e+02,-1.8599e-01,-1.8346e+00,-7.1616e+00,-6.4236e+00,-6.1797e+00,-4.3165e+00,-3.8137e+00,-3.6778e-02,2.0013e+00
2.0000e+03,2.8500e+02,3.0000e+00,5.4286e+01,-1.5621e+04,-1.5634e+04,-9.3451e+00,-1.5634e+04,6.4261e-01,1.2594e+01,1.4664e+02,4.8314e+02,-1.9627e-01,-1.4925e+00,-6.8312e+00,-5.1727e+00,-6.1490e+00,-5.7213e+00,-4.8337e+00,-1.5522e+00,2.0090e+00
2.0000e+03,2.8600e+02,2.0000e+00,5.4269e+01,-1.5618e+04,-1.5632e+04,-9.3779e+00,-1.5632e+04,6.5132e-01,1.2938e+01,1.4476e+02,4.8509e+02,-1.9561e-01,-1.5764e+00,-8.0749e+00,-5.9818e+00,-5.8703e+00,-5.2589e+00,-3.7627e+00,-7.8455e-01,2.0015e+00
2.0000e+03,2.8700e+02,7.0000e+00,5.3745e+01,-1.5618e+04,-1.5631e+04,-9.4107e+00,-1.5631e+04,6.3299e-01,1.2220e+01,1.4215e+02,4.9199e+02,-2.0710e-01,-6.7941e-01,-7.1302e+00,-5.7481e+00,-6.6170e+00,-5.0440e+00,-3.3078e+00,-1.2236e+00,2.0032e+00
2.0000e+03,2.8800e+02,2.0000e+00,5.3731e+01,-1.5617e+04,-1.5630e+04,-9.4435e+00,-1.5630e+04,6.2426e-01,1.1885e+01,1.4104e+02,4.9395e+02,-1.9194e-01,-1.7692e+00,-8.0323e+00,-7.3641e+00,-4.9095e+00,-5.1891e+00,-3.7888e+00,-9.0851e-01,2.0033e+00
2.0000e+03,2.8900e+02,5.0000e+00,5.3420e+01,-1.5609e+04,-1.5623e+04,-9.4763e+00,-1.5623e+04,6.6672e-01,1.3556e+01,1.4715e+02,4.9888e+02,-1.9295e-01,-3.1039e-01,-6.7026e+00,-7.2226e+00,-6.5570e+00,-5.1557e+00,-2.7924e+00,7.0037e-02,1.9940e+00
2.0000e+03,2.9000e+02,2.0000e+00,5.3407e+01,-1.5608e+04,-1.5622e+04,-9.5090e+00,-1.5621e+04,6.4340e-01,1.2625e+01,1.4034e+02,5.0080e+02,-1.9611e-01,-4.0805e-02,-7.3925e+00,-5.1966e+00,-6.5527e+00,-5.6259e+00,-3.3085e+00,-6.7660e-01,2.0003e+00
2.0000e+03,2.9100e+02,4.0000e+00,5.3199e+01,-1.5608e+04,-1.5621e+04,-9.5418e+00,-1.5621e+04,6.3001e-01,1.2105e+01,1.3876e+02,5.0465e+02,-1.9534e-01,-7.8746e-01,-7.8322e+00,-5.9648e+00,-4.6911e+00,-4.3328e+00,-4.7130e+00,-5.1694e-01,2.0064e+00
2.0000e+03,2.9200e+02,1.0000e+00,5.3285e+01,-1.5605e+04,-1.5619e+04,-9.5746e+00,-1.5619e+04,6.5039e-01,1.2900e+01,1.3796e+02,5.0562e+02,-2.0512e-01,-4.8508e-01,-5.9489e+00,-5.8987e+00,-6.3900e+00,-6.0138e+00,-4.5003e+00,-1.2238e+00,2.0052e+00
2.0000e+03,2.9300e+02,4.0000e+00,5.3080e+01,-1.5602e+04,-1.5616e+04,-9.6074e+00,-1.5616e+04,6.5946e-01,1.3263e+01,1.3594e+02,5.0955e+02,-1.9182e-01,-1.9095e-01,-7.7227e+00,-6.2814e+00,-6.2898e+00,-4.0300e+00,-4.7826e+00,-8.7943e-01,2.0066e+00
2.0000e+03,2.9400e+02,5.0000e+00,5.2783e+01,-1.5601e+04,-1.5615e+04,-9.6402e+00,-1.5614e+04,6.4474e-01,1.2677e+01,1.3302e+02,5.1440e+02,-1.9216e-01,-1.7300e+00,-7.1966e+00,-7.1429e+00,-5.6048e+00,-5.6105e+00,-2.5681e+00,-4.8030e-01,2.0018e+00
2.0000e+03,2.9500e+02,2.0000e+00,5.2773e+01,-1.5598e+04,-1.5612e+04,-9.6730e+00,-1.5612e+04,6.5804e-01,1.3206e+01,1.3146e+02,5.1638e+02,-1.9317e-01,-1.6523e+00,-6.9435e+00,-5.1214e+00,-5.4646e+00,-4.7740e+00,-2.9306e+00,-1.1913e+00,2.0091e+00
2.0000e+03,2.9600e+02,2.0000e+00,5.2763e+01,-1.5596e+04,-1.5610e+04,-9.7058e+00,-1.5610e+04,6.5287e-01,1.2999e+01,1.2893e+02,5.1833e+02,-1.9279e-01,-2.0271e-01,-7.7698e+00,-6.5522e+00,-4.8473e+00,-4.9341e+00,-3.8700e+00,-5.3744e-01,2.0036e+00
2.0000e+03,2.9700e+02,2.0000e+00,5.2753e+01,-1.5593e+04,-1.5606e+04,-9.7386e+00,-1.5606e+04,6.6633e-01,1.3540e+01,1.2687e+02,5.2029e+02,-1.9727e-01,-1.6517e+00,-6.1914e+00,-5.2337e+00,-5.1862e+00,-5.0644e+00,-4.1244e+00,-5.3023e-01,2.0066e+00
2.0000e+03,2.9800e+02,1.0000e+00,5.2837e+01,-1.5590e+04,-1.5603e+04,-9.7714e+00,-1.5603e+04,6.6492e-01,1.3483e+01,1.2346e+02,5.2127e+02,-2.0728e-01,-2.5683e-01,-6.5947e+00,-6.6006e+00,-4.5634e+00,-4.2622e+00,-3.1831e+00,-8.1521e-01,2.0016e+00
2.0000e+03,2.9900e+02,1.0000e+00,5.2920e+01,-1.5589e+04,-1.5603e+04,-9.8042e+00,-1.5602e+04,6.4513e-01,1.2693e+01,1.2038e+02,5.2225e+02,-1.9176e-01,-5.4644e-01,-8.1456e+00,-6.4045e+00,-4.4833e+00,-4.9723e+00,-2.9666e+00,-1.2168e+00,2.0054e+00
2.0000e+03,3.0000e+02,8.0000e+00,5.2356e+01,-1.5585e+04,-1.5599e+04,-9.8369e+00,-1.5599e+04,6.6814e-01,1.3614e+01,1.1916e+02,5.3002e+02,-1.9522e-01,-1.6295e+00,-8.2962e+00,-5.7507e+00,-4.8549e+00,-4.9394e+00,-2.9252e+00,-1.0040e+00,2.0063e+00
2.0000e+03,3.0100e+02,1.0000e+00,5.2439e+01,-1.5583e+04,-1.5597e+04,-9.8697e+00,-1.5597e+04,6.6247e-01,1.3384e+01,1.1597e+02,5.3098e+02,-1.9319e-01,3.5058e-02,-7.3661e+00,-5.4041e+00,-5.4411e+00,-6.2378e+00,-2.5685e+00,-8.3624e-01,2.0023e+00
2.0000e+03,3.0200e+02,5.0000e+00,5.2159e+01,-1.5580e+04,-1.5594e+04,-9.9025e+00,-1.5594e+04,6.6221e-01,1.3374e+01,1.1346e+02,5.3589e+02,-1.9301e-01,-1.3197e+00,-7.7904e+00,-6.5548e+00,-6.1896e+00,-5.9695e+00,-3.4886e+00,-2.2056e-01,1.9985e+00
2.0000e+03,3.0300e+02,2.0000e+00,5.2151e+01,-1.5578e+04,-1.5592e+04,-9.9353e+00,-1.5591e+04,6.6586e-01,1.3522e+01,1.1105e+02,5.3784e+02,-2.0102e-01,2.0627e-01,-6.9580e+00,-7.2567e+00,-6.1023e+00,-5.9164e+00,-4.4665e+00,-2.5322e-01,1.9983e+00
2.0000e+03,3.0400e+02,3.0000e+00,5.2055e+01,-1.5574e+04,-1.5588e+04,-9.9681e+00,-1.5588e+04,6.7225e-01,1.3782e+01,1.0834e+02,5.4076e+02,-2.0264e-01,-1.7721e+00,-7.9213e+00,-7.1819e+00,-5.5550e+00,-4.7760e+00,-2.5987e+00,-4.2074e-01,2.0016e+00
2.0000e+03,3.0500e+02,3.0000e+00,5.1959e+01,-1.5571e+04,-1.5585e+04,-1.0001e+01,-1.5585e+04,6.7259e-01,1.3796e+01,1.0486e+02,5.4380e+02,-1.9323e-01,-5.9887e-01,-6.6904e+00,-5.8282e+00,-5.9447e+00,-4.5283e+00,-4.7544e+00,-7.6781e-01,2.0071e+00
2.0000e+03,3.0600e+02,2.0000e+00,5.1952e+01,-1.5569e+04,-1.5583e+04,-1.0034e+01,-1.5583e+04,6.5848e-01,1.3223e+01,1.0145e+02,5.4591e+02,-2.0055e-01,-1.7588e+00,-7.8027e+00,-5.8698e+00,-5.9902e+00,-3.8213e+00,-3.5085e+00,-1.1853e+00,2.0067e+00
2.0000e+03,3.0700e+02,1.0000e+00,5.2034e+01,-1.5562e+04,-1.5576e+04,-1.0066e+01,-1.5576e+04,6.8101e-01,1.4144e+01,9.9639e+01,5.4689e+02,-1.9964e-01,-1.8360e+00,-7.3285e+00,-5.8105e+00,-6.7836e+00,-5.1072e+00,-3.8363e+00,-3.9932e-01,1.9994e+00
2.0000e+03,3.0800e+02,3.0000e+00,5.1939e+01,-1.5561e+04,-1.5575e+04,-1.0099e+01,-1.5575e+04,6.5599e-01,1.3124e+01,9.2884e+01,5.4988e+02,-1.9538e-01,-4.9096e-01,-7.9009e+00,-6.3227e+00,-5.8408e+00,-4.3115e+00,-4.1791e+00,-9.4650e-01,2.0070e+00
2.0000e+03,3.0900e+02,4.0000e+00,5.1759e+01,-1.5559e+04,-1.5573e+04,-1.0132e+01,-1.5573e+04,6.6210e-01,1.3369e+01,9.1533e+01,5.5376e+02,-2.0308e-01,-7.6731e-02,-7.2975e+00,-6.1836e+00,-5.7917e+00,-4.2709e+00,-5.0610e+00,-4.5523e-01,2.0005e+00
2.0000e+03,3.1000e+02,3.0000e+00,5.1667e+01,-1.5558e+04,-1.5572e+04,-1.0165e+01,-1.5571e+04,6.5841e-01,1.3221e+01,8.9654e+01,5.5671e+02,-1.9778e-01,-1.5955e+00,-6.5117e+00,-7.0583e+00,-6.3080e+00,-4.5147e+00,-4.8307e+00,-1.2713e+00,2.0037e+00
2.0000e+03,3.1100e+02,1.0000e+00,5.1747e+01,-1.5556e+04,-1.5570e+04,-1.0198e+01,-1.5570e+04,6.6234e-01,1.3379e+01,8.7974e+01,5.5767e+02,-2.0265e-01,-4.1459e-01,-6.8674e+00,-6.5641e+00,-4.6518e+00,-3.9307e+00,-3.3514e+00,-8.5398e-01,2.0038e+00
2.0000e+03,3.1200e+02,2.0000e+00,5.1741e+01,-1.5553e+04,-1.5568e+04,-1.0230e+01,-1.5567e+04,6.6650e-01,1.3547e+01,8.6091e+01,5.5961e+02,-2.0556e-01,-5.8379e-01,-6.6817e+00,-7.1435e+00,-4.6958e+00,-5.1935e+00,-3.2556e+00,-1.0904e+00,1.9998e+00
2.0000e+03,3.1300e+02,1.0000e+00,5.1821e+01,-1.5550e+04,-1.5565e+04,-1.0263e+01,-1.5565e+04,6.7494e-01,1.3893e+01,8.3966e+01,5.6059e+02,-1.9992e-01,-1.0318e+00,-7.0727e+00,-7.1636e+00,-5.0721e+00,-4.8266e+00,-3.0536e+00,-2.2804e-01,2.0005e+00
2.0000e+03,3.1400e+02,1.0000e+00,5.1901e+01,-1.5549e+04,-1.5563e+04,-1.0296e+01,-1.5563e+04,6.6204e-01,1.3367e+01,8.1137e+01,5.6155e+02,-1.9666e-01,-1.3836e-01,-5.9908e+00,-4.9455e+00,-6.5397e+00,-4.9879e+00,-4.6000e+00,-7.9053e-01,2.0021e+00
2.0000e+03,3.1500e+02,3.0000e+00,5.1809e+01,-1.5547e+04,-1.5561e+04,-1.0329e+01,-1.5561e+04,6.6691e-01,1.3564e+01,7.9506e+01,5.6450e+02,-1.9726e-01,9.0412e-02,-7.3007e+00,-7.2907e+00,-5.3933e+00,-5.0153e+00,-3.6854e+00,-1.8572e+00,2.0053e+00
2.0000e+03,3.1600e+02,3.0000e+00,5.1718e+01,-1.5547e+04,-1.5561e+04,-1.0362e+01,-1.5560e+04,6.5312e-01,1.3009e+01,7.7559e+01,5.6743e+02,-2.0565e-01,-4.8724e-01,-7.6719e+00,-5.2455e+00,-5.8955e+00,-4.0631e+00,-3.9708e+00,-1.3404e+00,2.0040e+00
2.0000e+03,3.1700e+02,4.0000e+00,5.1545e+01,-1.5545e+04,-1.5559e+04,-1.0394e+01,-1.5559e+04,6.5952e-01,1.3265e+01,7.6615e+01,5.7128e+02,-1.9766e-01,-8.9118e-01,-6.9712e+00,-6.4069e+00,-5.7908e+00,-6.2157e+00,-3.3226e+00,-1.3757e+00,2.0067e+00
2.0000e+03,3.1800e+02,1.0000e+00,5.1623e+01,-1.5545e+04,-1.5559e+04,-1.0427e+01,-1.5558e+04,6.5028e-01,1.2896e+01,7.5262e+01,5.7225e+02,-1.9948e-01,-1.0784e+00,-7.7407e+00,-7.3453e+00,-5.2671e+00,-4.8856e+00,-3.1407e+00,-3.4157e-01,1.9995e+00
2.0000e+03,3.1900e+02,6.0000e+00,5.1286e+01,-1.5543e+04,-1.5558e+04,-1.0460e+01,-1.5557e+04,6.5089e-01,1.2921e+01,7.4404e+01,5.7812e+02,-1.9613e-01,4.0132e-01,-6.6709e+00,-6.1195e+00,-5.1789e+00,-5.1884e+00,-3.4747e+00,-1.3006e+00,2.0064e+00
2.0000e+03,3.2000e+02,9.0000e+00,5.0713e+01,-1.5543e+04,-1.5557e+04,-1.0493e+01,-1.5556e+04,6.4801e-01,1.2806e+01,7.3467e+01,5.8692e+02,-2.0470e-01,-8.4868e-01,-7.5318e+00,-7.3077e+00,-5.9275e+00,-5.3423e+00,-2.6829e+00,-7.5609e-01,2.0000e+00
2.0000e+03,3.2000e+02,1.0000e+00,5.0872e+01,-1.5541e+04,-1.5555e+04,-1.0526e+01,-1.5555e+04,6.6274e-01,1.3395e+01,7.1115e+01,5.8693e+02,-1.9241e-01,-1.1920e+00,-7.4893e+00,-5.9585e+00,-6.0321e+00,-5.1868e+00,-4.7412e+00,-2.6161e-01,2.0010e+00
2.0000e+03,3.2000e+02,1.0000e+00,5.1030e+01,-1.5540e+04,-1.5554e+04,-1.0559e+01,-1.5554e+04,6.6026e-01,1.3298e+01,6.9764e+01,5.8693e+02,-1.9818e-01,-1.6228e+00,-6.2890e+00,-6.7384e+00,-4.6239e+00,-4.6779e+00,-3.0412e+00,-1.7069e+00,2.0071e+00
2.0000e+03,3.2000e+02,1.0000e+00,5.1189e+01,-1.5539e+04,-1.5553e+04,-1.0595e+01,-1.5553e+04,6.5515e-01,1.3107e+01,6.8691e+01,5.8693e+02,-2.0152e-01,-1.3675e+00,-6.4677e+00,-6.7231e+00,-4.7659e+00,-4.6966e+00,-3.1398e+00,-6.0484e-01,2.0030e+00
2.0000e+03,3.2000e+02,1.0000e+00,5.1347e+01,-1.5532e+04,-1.5546e+04,-1.0631e+01,-1.5546e+04,6.9517e-01,1.4593e+01,6.2549e+01,5.8693e+02,-1.9949e-01,-9.7209e-01,-7.4287e+00,-7.2090e+00,-5.1299e+00,-5.8339e+00,-4.8232e+00,-5.5895e-01,2.0044e+00
2.0000e+03,3.2000e+02,1.0000e+00,5.1506e+01,-1.5532e+04,-1.5546e+04,-1.0669e+01,-1.5545e+04,6.6533e-01,1.3517e+01,6.1346e+01,5.8694e+02,-1.9167e-01,-9.4759e-01,-6.5509e+00,-5.7278e+00,-6.7406e+00,-5.2386e+00,-3.8286e+00,-1.4149e-01,2.0025e+00
2.0000e+03,3.2000e+02,1.0000e+00,5.1664e+01,-1.5531e+04,-1.5545e+04,-1.0708e+01,-1.5545e+04,6.5099e-01,1.3036e+01,6.0635e+01,5.8694e+02,-2.0598e-01,-6.4612e-01,-7.7392e+00,-6.6288e+00,-4.7717e+00,-4.0357e+00,-2.7691e+00,-1.6750e+00,2.0023e+00
2.0000e+03,3.2000e+02,1.0000e+00,5.1823e+01,-1.5530e+04,-1.5544e+04,-1.0749e+01,-1.5544e+04,6.4631e-01,1.2887e+01,5.9829e+01,5.8694e+02,-1.9479e-01,-1.2451e+00,-8.2424e+00,-4.9413e+00,-5.1463e+00,-4.5335e+00,-2.6357e+00,-4.2864e-01,2.0003e+00
2.0000e+03,3.2000e+02,1.0000e+00,5.1981e+01,-1.5529e+04,-1.5544e+04,-1.0791e+01,-1.5543e+04,6.4305e-01,1.2788e+01,5.9009e+01,5.8694e+02,-2.0195e-01,-6.6394e-01,-6.8318e+00,-6.0693e+00,-6.4622e+00,-5.4587e+00,-3.2062e+00,-1.8064e+00,2.0056e+00
2.0000e+03,3.2000e+02,1.0000e+00,5.2139e+01,-1.5529e+04,-1.5543e+04,-1.0836e+01,-1.5542e+04,6.3671e-01,1.2606e+01,5.8384e+01,5.8694e+02,-1.9446e-01,-9.4189e-01,-6.9362e+00,-7.3128e+00,-5.4234e+00,-4.9988e+00,-4.7537e+00,-6.0823e-01,2.0050e+00
2.0000e+03,3.2000e+02,1.0000e+00,5.2298e+01,-1.5525e+04,-1.5539e+04,-1.0882e+01,-1.5539e+04,6.9638e-01,1.4316e+01,5.5125e+01,5.8695e+02,-1.9283e-01,-2.8663e-01,-6.9391e+00,-6.1447e+00,-5.0164e+00,-4.6850e+00,-3.9822e+00,-3.8903e-01,2.0037e+00
2.0000e+03,3.2000e+02,1.0000e+00,5.2456e+01,-1.5525e+04,-1.5539e+04,-1.0931e+01,-1.5538e+04,6.6437e-01,1.3423e+01,5.3964e+01,5.8695e+02,-2.0068e-01,8.0122e-02,-7.3998e+00,-5.9716e+00,-4.6277e+00,-4.6814e+00,-2.9752e+00,-8.7265e-01,2.0010e+00
2.0000e+03,3.2000e+02,1.0000e+00,5.2615e+01,-1.5524e+04,-1.5538e+04,-1.0982e+01,-1.5537e+04,6.4687e-01,1.2976e+01,5.3282e+01,5.8695e+02,-1.9584e-01,-3.2670e-01,-6.6557e+00,-6.2128e+00,-4.5921e+00,-4.8509e+00,-2.7897e+00,-9.7283e-01,2.0040e+00
2.0000e+03,3.2000e+02,1.0000e+00,5.2773e+01,-1.5523e+04,-1.5538e+04,-1.1036e+01,-1.5537e+04,6.3758e-01,1.2755e+01,5.2607e+01,5.8695e+02,-1.9931e-01,-1.9982e+00,-8.2540e+00,-7.0752e+00,-6.0225e+00,-4.6989e+00,-4.2625e+00,-7.8454e-01,2.0045e+00
2.0000e+03,3.2000e+02,1.0000e+00,5.2932e+01,-1.5522e+04,-1.5537e+04,-1.1094e+01,-1.5536e+04,6.4001e-01,1.2809e+01,5.1720e+01,5.8695e+02,-1.9786e-01,-1.8305e+00,-8.1222e+00,-6.0127e+00,-5.7480e+00,-4.8895e+00,-4.0032e+00,-1.6386e+00,2.0039e+00
2.0000e+03,3.2000e+02,1.0000e+00,5.3090e+01,-1.5520e+04,-1.5535e+04,-1.1154e+01,-1.5534e+04,6.7524e-01,1.3574e+01,4.9937e+01,5.8696e+02,-2.0036e-01,-5.4011e-01,-7.1499e+00,-6.7243e+00,-5.1514e+00,-5.9477e+00,-4.6718e+00,-1.5851e+00,2.0052e+00
2.0000e+03,3.2000e+02,1.0000e+00,5.3249e+01,-1.5520e+04,-1.5534e+04,-1.1219e+01,-1.5533e+04,6.5531e-01,1.3163e+01,4.8834e+01,5.8696e+02,-1.9671e-01,4.7492e-01,-6.4866e+00,-6.4342e+00,-4.8585e+00,-5.8193e+00,-3.0378e+00,-1.3240e+00,2.0044e+00
2.0000e+03,3.2000e+02,1.0000e+00,5.3407e+01,-1.5519e+04,-1.5533e+04,-1.1288e+01,-1.5533e+04,6.3720e-01,1.2823e+01,4.8156e+01,5.8696e+02,-1.9914e-01,-1.6605e+00,-7.2078e+00,-6.2413e+00,-6.5621e+00,-4.1309e+00,-4.2903e+00,-1.7676e+00,2.0059e+00
2.0000e+03,3.2000e+02,1.0000e+00,5.3566e+01,-1.5519e+04,-1.5533e+04,-1.1362e+01,-1.5532e+04,6.2763e-01,1.2660e+01,4.7494e+01,5.8696e+02,-2.0112e-01,-1.3775e-01,-6.0928e+00,-5.0128e+00,-6.1167e+00,-4.9463e+00,-4.0327e+00,-1.0645e+00,2.0044e+00
2.0000e+03,3.2000e+02,1.0000e+00,5.3724e+01,-1.5515e+04,-1.5530e+04,-1.1442e+01,-1.5530e+04,7.1016e-01,1.4039e+01,4.4959e+01,5.8696e+02,-2.0186e-01,-1.5064e+00,-7.3952e+00,-5.8229e+00,-6.0844e+00,-4.5304e+00,-3.5091e+00,-1.4042e+00,2.0031e+00
2.0000e+03,3.2000e+02,1.0000e+00,5.3883e+01,-1.5514e+04,-1.5528e+04,-1.1529e+01,-1.5528e+04,6.8462e-01,1.3630e+01,4.3174e+01,5.8697e+02,-1.9552e-01,-6.3453e-01,-6.3561e+00,-5.1306e+00,-5.9118e+00,-6.1464e+00,-3.1438e+00,-5.0742e-01,2.0027e+00
2.0000e+03,3.2000e+02,1.0000e+00,5.4041e+01,-1.5511e+04,-1.5526e+04,-1.1624e+01,-1.5526e+04,6.9989e-01,1.3852e+01,4.0992e+01,5.8697e+02,-2.0234e-01,8.8667e-02,-5.9870e+00,-5.6081e+00,-6.4369e+00,-5.6316e+00,-4.7578e+00,-1.1752e+00,2.0031e+00
2.0000e+03,3.2000e+02,1.0000e+00,5.4200e+01,-1.5509e+04,-1.5524e+04,-1.1730e+01,-1.5524e+04,7.0530e-01,1.3924e+01,3.8637e+01,5.8697e+02,-1.9851e-01,-1.5765e+00,-7.6381e+00,-5.9989e+00,-6.1912e+00,-5.2943e+00,-2.7872e+00,-1.1345e+00,2.0059e+00
2.0000e+03,3.2000e+02,1.0000e+00,5.4358e+01,-1.5509e+04,-1.5523e+04,-1.1847e+01,-1.5523e+04,6.4924e-01,1.3279e+01,3.7482e+01,5.8697e+02,-1.9833e-01,-1.1071e+00,-6.6805e+00,-6.1274e+00,-4.9910e+00,-4.1869e+00,-4.3192e+00,-1.7624e+00,2.0047e+00
2.0000e+03,3.2000e+02,1.0000e+00,5.4517e+01,-1.5505e+04,-1.5519e+04,-1.1981e+01,-1.5519e+04,7.5007e-01,1.4336e+01,3.4079e+01,5.8697e+02,-1.9568e-01,-1.6906e+00,-7.4415e+00,-5.1069e+00,-6.8810e+00,-5.1956e+00,-3.6888e+00,-1.5148e+00,2.0052e+00
2.0000e+03,3.2000e+02,1.0000e+00,5.4675e+01,-1.5498e+04,-1.5513e+04,-1.2135e+01,-1.5513e+04,7.7662e-01,1.4599e+01,2.7354e+01,5.8697e+02,-1.9525e-01,-1.9431e-01,-8.0627e+00,-5.7301e+00,-5.2588e+00,-4.9391e+00,-3.2878e+00,-2.7941e-01,2.0013e+00
2.0000e+03,3.2000e+02,1.0000e+00,5.4834e+01,-1.5495e+04,-1.5510e+04,-1.2317e+01,-1.5510e+04,7.3525e-01,1.4256e+01,2.4065e+01,5.8698e+02,-1.9751e-01,1.3741e-01,-8.2658e+00,-5.5862e+00,-5.9976e+00,-4.7949e+00,-4.4591e+00,-8.7829e-01,2.0024e+00
2.0000e+03,3.2000e+02,1.0000e+00,5.4992e+01,-1.5493e+04,-1.5507e+04,-1.2540e+01,-1.5507e+04,7.0202e-01,1.4042e+01,2.1355e+01,5.8698e+02,-2.0187e-01,-1.6503e-01,-6.3596e+00,-6.0787e+00,-4.9133e+00,-4.7665e+00,-2.6575e+00,-1.2923e+00,2.0030e+00
2.0000e+03,3.2000e+02,1.0000e+00,5.5151e+01,-1.5492e+04,-1.5506e+04,-1.2828e+01,-1.5506e+04,5.6580e-01,1.3441e+01,1.9732e+01,5.8698e+02,-1.9984e-01,-8.6331e-01,-7.7873e+00,-6.5111e+00,-6.9177e+00,-5.6319e+00,-4.4053e+00,-9.6064e-01,2.0020e+00
2.0000e+03,3.2000e+02,1.0000e+00,5.5309e+01,-1.5480e+04,-1.5495e+04,-1.3234e+01,-1.5495e+04,8.9322e-01,1.4620e+01,8.2624e+00,5.8698e+02,-1.9971e-01,-1.5634e+00,-7.2032e+00,-7.0339e+00,-4.5106e+00,-4.7113e+00,-3.0028e+00,-1.5891e+00,2.0049e+00
2.0000e+03,3.2000e+02,1.0000e+00,5.5468e+01,-1.5473e+04,-1.5488e+04,-1.3927e+01,-1.5488e+04,8.8702e-01,1.4604e+01,1.0972e+00,5.8698e+02,-1.9953e-01,-1.7824e+00,-7.2459e+00,-7.1785e+00,-6.2892e+00,-4.4638e+00,-4.4479e+00,-1.4679e+00,2.0044e+00
