nlive,niter,ncall,eff,logl,logwt,logvol,logz,logzerr,h,delta_logz,time_elapsed,logfeh,logdust,logNpix,tau
2.0000e+03,1.0000e+00,5.1000e+01,1.9608e+00,-1.1278e+06,-1.1278e+06,-1.9803e-02,-inf,3.0263e-01,4.6250e+00,inf,3.5329e+00,-1.0965e+00,-1.1034e+00,3.8566e+00,8.1197e+00
2.0000e+03,2.0000e+00,5.2000e+01,3.8462e+00,-1.1264e+06,-1.1265e+06,-3.9605e-02,-inf,3.0328e-01,4.6447e+00,inf,7.0062e+00,-3.9506e-01,-1.9539e+00,3.9235e+00,6.3423e+00
2.0000e+03,3.0000e+00,5.3000e+01,5.6604e+00,-1.1174e+06,-1.1174e+06,-5.9408e-02,-inf,3.0393e-01,4.6646e+00,inf,1.0452e+01,-1.4813e+00,-6.9870e-01,3.9317e+00,5.4552e+00
2.0000e+03,4.0000e+00,5.4000e+01,7.4074e+00,-1.1169e+06,-1.1169e+06,-7.9211e-02,-inf,3.0457e-01,4.6843e+00,inf,1.3935e+01,-8.0398e-01,-2.1348e+00,3.7054e+00,6.6522e+00
2.0000e+03,5.0000e+00,5.5000e+01,9.0909e+00,-1.1124e+06,-1.1124e+06,-9.9013e-02,-inf,3.0522e-01,4.7043e+00,inf,1.7408e+01,-6.2621e-01,-1.2757e+00,3.7546e+00,6.0059e+00
2.0000e+03,6.0000e+00,5.7000e+01,1.0526e+01,-1.1018e+06,-1.1018e+06,-1.1882e-01,-inf,3.0586e-01,4.7240e+00,inf,2.4480e+01,-8.6633e-01,-1.3638e+00,3.6074e+00,4.4894e+00
2.0000e+03,7.0000e+00,5.8000e+01,1.2069e+01,-1.0976e+06,-1.0976e+06,-1.3862e-01,-inf,3.0649e-01,4.7437e+00,inf,2.7964e+01,-2.5445e-01,-1.5126e+00,3.5216e+00,6.6968e+00
2.0000e+03,8.0000e+00,5.9000e+01,1.3559e+01,-1.0970e+06,-1.0970e+06,-1.5842e-01,-inf,3.0714e-01,4.7636e+00,inf,3.1435e+01,-2.9133e-01,-2.2938e+00,3.4071e+00,8.5644e+00
2.0000e+03,9.0000e+00,6.1000e+01,1.4754e+01,-1.0964e+06,-1.0964e+06,-1.7822e-01,-inf,3.0777e-01,4.7834e+00,inf,3.8448e+01,-9.8869e-01,-2.2834e+00,3.3285e+00,7.2598e+00
2.0000e+03,1.0000e+01,6.2000e+01,1.6129e+01,-1.0935e+06,-1.0935e+06,-1.9803e-01,-inf,3.0841e-01,4.8033e+00,inf,4.1891e+01,-4.9383e-01,-2.4725e+00,3.3185e+00,8.0611e+00
2.0000e+03,1.1000e+01,6.3000e+01,1.7460e+01,-1.0933e+06,-1.0933e+06,-2.1783e-01,-inf,3.0904e-01,4.8230e+00,inf,4.5342e+01,8.1048e-02,-5.1584e-01,3.8764e+00,7.3357e+00
2.0000e+03,1.2000e+01,6.4000e+01,1.8750e+01,-1.0899e+06,-1.0900e+06,-2.3763e-01,-inf,3.0967e-01,4.8427e+00,inf,4.8835e+01,-1.2521e+00,-2.2612e+00,3.2156e+00,5.6984e+00
2.0000e+03,1.3000e+01,6.5000e+01,2.0000e+01,-1.0878e+06,-1.0878e+06,-2.5743e-01,-inf,3.1031e-01,4.8627e+00,inf,5.2327e+01,-7.6876e-01,-8.9679e-01,3.3482e+00,6.6108e+00
2.0000e+03,1.4000e+01,6.6000e+01,2.1212e+01,-1.0853e+06,-1.0853e+06,-2.7724e-01,-inf,3.1094e-01,4.8824e+00,inf,5.5790e+01,-5.8438e-01,-6.5919e-01,3.6372e+00,3.0209e+00
2.0000e+03,1.5000e+01,6.7000e+01,2.2388e+01,-1.0847e+06,-1.0847e+06,-2.9704e-01,-inf,3.1157e-01,4.9021e+00,inf,5.9301e+01,-8.8005e-02,-2.2003e+00,3.2382e+00,7.6481e+00
2.0000e+03,1.6000e+01,6.8000e+01,2.3529e+01,-1.0818e+06,-1.0818e+06,-3.1684e-01,-inf,3.1220e-01,4.9220e+00,inf,6.2790e+01,3.4233e-02,-1.0838e+00,3.3906e+00,5.4621e+00
2.0000e+03,1.7000e+01,6.9000e+01,2.4638e+01,-1.0816e+06,-1.0816e+06,-3.3664e-01,-inf,3.1283e-01,4.9417e+00,inf,6.6271e+01,-1.3305e+00,-1.8340e+00,3.1853e+00,2.1395e+00
2.0000e+03,1.8000e+01,7.0000e+01,2.5714e+01,-1.0773e+06,-1.0773e+06,-3.5645e-01,-inf,3.1346e-01,4.9617e+00,inf,6.9777e+01,1.0430e-01,-2.2125e+00,3.1128e+00,6.6367e+00
2.0000e+03,1.9000e+01,7.1000e+01,2.6761e+01,-1.0771e+06,-1.0771e+06,-3.7625e-01,-inf,3.1408e-01,4.9814e+00,inf,7.3245e+01,-4.6683e-02,-6.9982e-01,3.3375e+00,5.7932e+00
2.0000e+03,2.0000e+01,7.3000e+01,2.7397e+01,-1.0535e+06,-1.0535e+06,-3.9605e-01,-inf,3.1470e-01,5.0011e+00,inf,8.0354e+01,-3.6811e-01,-2.4865e+00,2.8523e+00,8.2970e+00
2.0000e+03,2.1000e+01,7.4000e+01,2.8378e+01,-1.0420e+06,-1.0420e+06,-4.1586e-01,-inf,3.1533e-01,5.0211e+00,inf,8.3882e+01,2.1295e-01,-1.0444e+00,3.0770e+00,4.7788e+00
2.0000e+03,2.2000e+01,7.5000e+01,2.9333e+01,-1.0354e+06,-1.0354e+06,-4.3566e-01,-inf,3.1594e-01,5.0408e+00,9.9925e+05,8.7359e+01,-5.4887e-01,-1.8112e+00,2.9226e+00,2.0096e+00
2.0000e+03,2.3000e+01,7.6000e+01,3.0263e+01,-1.0153e+06,-1.0154e+06,-4.5546e-01,-inf,3.1656e-01,5.0606e+00,9.9270e+05,9.0859e+01,-4.8146e-01,-1.1779e+00,2.8909e+00,3.9674e+00
2.0000e+03,2.4000e+01,7.7000e+01,3.1169e+01,-1.0116e+06,-1.0116e+06,-4.7526e-01,-inf,3.1718e-01,5.0804e+00,9.7260e+05,9.4311e+01,-1.1335e+00,-9.0518e-01,2.8371e+00,5.4452e+00
2.0000e+03,2.5000e+01,7.9000e+01,3.1646e+01,-9.9858e+05,-9.9858e+05,-4.9507e-01,-9.9858e+05,3.1780e-01,5.1003e+00,9.6888e+05,1.0129e+02,-7.1062e-01,-2.4379e+00,2.7305e+00,7.8020e+00
2.0000e+03,2.6000e+01,8.3000e+01,3.1325e+01,-9.9234e+05,-9.9235e+05,-5.1487e-01,-9.9235e+05,3.1842e-01,5.1201e+00,9.5583e+05,1.1534e+02,-2.8665e-01,-8.5568e-01,2.8839e+00,1.9434e+00
2.0000e+03,2.7000e+01,8.4000e+01,3.2143e+01,-9.7833e+05,-9.7833e+05,-5.3467e-01,-9.7833e+05,3.1903e-01,5.1398e+00,9.4960e+05,1.1879e+02,2.3208e-02,-6.7119e-01,2.9759e+00,5.5469e+00
2.0000e+03,2.8000e+01,8.7000e+01,3.2184e+01,-9.7550e+05,-9.7550e+05,-5.5447e-01,-9.7550e+05,3.1965e-01,5.1596e+00,9.3559e+05,1.2940e+02,-1.4162e+00,-2.1516e+00,2.6962e+00,2.3831e+00
2.0000e+03,2.9000e+01,8.9000e+01,3.2584e+01,-9.4376e+05,-9.4376e+05,-5.7428e-01,-9.4376e+05,3.2026e-01,5.1795e+00,9.3275e+05,1.3639e+02,-3.7345e-01,-2.4237e+00,2.6966e+00,6.2710e+00
2.0000e+03,3.0000e+01,9.1000e+01,3.2967e+01,-9.0823e+05,-9.0824e+05,-5.9408e-01,-9.0824e+05,3.2087e-01,5.1993e+00,9.0102e+05,1.4345e+02,4.5808e-01,-7.3754e-01,2.8830e+00,8.4439e+00
2.0000e+03,3.1000e+01,9.2000e+01,3.3696e+01,-8.7067e+05,-8.7068e+05,-6.1388e-01,-8.7068e+05,3.2148e-01,5.2190e+00,8.6549e+05,1.4692e+02,3.0314e-01,-5.3262e-01,2.9227e+00,3.6401e+00
2.0000e+03,3.2000e+01,9.4000e+01,3.4043e+01,-8.6064e+05,-8.6065e+05,-6.3368e-01,-8.6065e+05,3.2209e-01,5.2388e+00,8.2793e+05,1.5395e+02,-6.0652e-01,-1.6698e+00,2.4412e+00,8.8666e+00
2.0000e+03,3.3000e+01,9.7000e+01,3.4021e+01,-8.6016e+05,-8.6016e+05,-6.5349e-01,-8.6016e+05,3.2270e-01,5.2587e+00,8.1790e+05,1.6438e+02,2.0780e-01,-1.9259e+00,1.5192e+00,2.0722e+00
2.0000e+03,3.4000e+01,1.0000e+02,3.4000e+01,-8.6007e+05,-8.6008e+05,-6.7329e-01,-8.6008e+05,3.2331e-01,5.2785e+00,8.1742e+05,1.7503e+02,-9.2950e-01,-1.2502e+00,2.4343e+00,2.5654e+00
2.0000e+03,3.5000e+01,1.0100e+02,3.4653e+01,-8.5849e+05,-8.5850e+05,-6.9309e-01,-8.5850e+05,3.2391e-01,5.2982e+00,8.1733e+05,1.7849e+02,-1.4576e+00,-1.6330e+00,2.3389e+00,2.9106e+00
2.0000e+03,3.6000e+01,1.0300e+02,3.4951e+01,-8.4691e+05,-8.4692e+05,-7.1289e-01,-8.4692e+05,3.2452e-01,5.3180e+00,8.1575e+05,1.8540e+02,-7.3537e-01,-2.3923e+00,2.3549e+00,8.8560e+00
2.0000e+03,3.7000e+01,1.0400e+02,3.5577e+01,-8.4087e+05,-8.4087e+05,-7.3270e-01,-8.4087e+05,3.2512e-01,5.3379e+00,8.0417e+05,1.8890e+02,-1.1170e+00,-1.2558e+00,2.3132e+00,7.2829e+00
2.0000e+03,3.8000e+01,1.0700e+02,3.5514e+01,-8.4037e+05,-8.4038e+05,-7.5250e-01,-8.4038e+05,3.2572e-01,5.3577e+00,7.9812e+05,1.9960e+02,1.1372e-02,-6.3580e-01,2.1292e+00,3.3754e+00
2.0000e+03,3.9000e+01,1.0800e+02,3.6111e+01,-8.1969e+05,-8.1969e+05,-7.7230e-01,-8.1969e+05,3.2633e-01,5.3775e+00,7.9763e+05,2.0307e+02,-6.9001e-01,-5.0070e-01,1.3257e+00,3.6191e+00
2.0000e+03,4.0000e+01,1.1200e+02,3.5714e+01,-8.1597e+05,-8.1597e+05,-7.9211e-01,-8.1597e+05,3.2692e-01,5.3972e+00,7.7694e+05,2.1720e+02,-7.0012e-02,-1.0518e+00,1.0560e+00,3.2865e+00
2.0000e+03,4.1000e+01,1.1600e+02,3.5345e+01,-8.1567e+05,-8.1568e+05,-8.1191e-01,-8.1568e+05,3.2752e-01,5.4171e+00,7.7322e+05,2.3119e+02,-5.5334e-01,-6.9489e-01,1.6780e+00,3.4332e+00
2.0000e+03,4.2000e+01,1.1800e+02,3.5593e+01,-7.9066e+05,-7.9067e+05,-8.3171e-01,-7.9067e+05,3.2812e-01,5.4369e+00,7.7293e+05,2.3811e+02,-6.6649e-01,-1.4283e+00,1.0186e+00,3.4051e+00
2.0000e+03,4.3000e+01,1.1900e+02,3.6134e+01,-7.8303e+05,-7.8304e+05,-8.5151e-01,-7.8304e+05,3.2872e-01,5.4567e+00,7.4792e+05,2.4157e+02,4.0298e-01,-1.1340e+00,1.2285e+00,4.2806e+00
2.0000e+03,4.4000e+01,1.2100e+02,3.6364e+01,-7.7964e+05,-7.7964e+05,-8.7132e-01,-7.7964e+05,3.2931e-01,5.4764e+00,7.4029e+05,2.4847e+02,-5.0420e-02,-1.0666e+00,1.1232e+00,4.5159e+00
2.0000e+03,4.5000e+01,1.2200e+02,3.6885e+01,-7.7467e+05,-7.7467e+05,-8.9112e-01,-7.7467e+05,3.2991e-01,5.4963e+00,7.3689e+05,2.5193e+02,4.1628e-01,-7.4813e-01,2.0735e+00,5.0080e+00
2.0000e+03,4.6000e+01,1.2300e+02,3.7398e+01,-7.7183e+05,-7.7184e+05,-9.1092e-01,-7.7184e+05,3.3050e-01,5.5161e+00,7.3192e+05,2.5538e+02,-7.7023e-01,-1.2692e+00,1.2261e+00,3.9506e+00
2.0000e+03,4.7000e+01,1.2400e+02,3.7903e+01,-7.6224e+05,-7.6225e+05,-9.3072e-01,-7.6225e+05,3.3110e-01,5.5359e+00,7.2909e+05,2.5885e+02,-1.1571e+00,-1.0258e+00,1.3811e+00,3.9572e+00
2.0000e+03,4.8000e+01,1.2500e+02,3.8400e+01,-7.5913e+05,-7.5913e+05,-9.5053e-01,-7.5913e+05,3.3169e-01,5.5557e+00,7.1950e+05,2.6235e+02,2.8111e-01,-5.5347e-01,2.7802e+00,3.9286e+00
2.0000e+03,4.9000e+01,1.2600e+02,3.8889e+01,-7.5315e+05,-7.5315e+05,-9.7033e-01,-7.5315e+05,3.3228e-01,5.5755e+00,7.1638e+05,2.6586e+02,-1.3586e+00,-2.1848e+00,1.4847e+00,3.2691e+00
2.0000e+03,5.0000e+01,1.3000e+02,3.8462e+01,-7.4316e+05,-7.4317e+05,-9.9013e-01,-7.4317e+05,3.3287e-01,5.5953e+00,7.1040e+05,2.7971e+02,3.6565e-01,-8.4771e-01,1.4363e+00,6.1760e+00
2.0000e+03,5.1000e+01,1.3400e+02,3.8060e+01,-7.4034e+05,-7.4035e+05,-1.0099e+00,-7.4035e+05,3.3346e-01,5.6151e+00,7.0042e+05,2.9365e+02,-1.2355e+00,-5.5104e-01,1.5419e+00,7.0828e+00
2.0000e+03,5.2000e+01,1.4700e+02,3.5374e+01,-7.3760e+05,-7.3760e+05,-1.0297e+00,-7.3760e+05,3.3405e-01,5.6349e+00,6.9760e+05,3.3913e+02,-1.3826e+00,-2.3820e+00,1.1559e+00,5.1279e+00
2.0000e+03,5.3000e+01,1.4900e+02,3.5570e+01,-7.3664e+05,-7.3664e+05,-1.0495e+00,-7.3664e+05,3.3463e-01,5.6547e+00,6.9485e+05,3.4631e+02,-4.2624e-01,-8.6160e-01,1.1713e+00,6.3554e+00
2.0000e+03,5.4000e+01,1.5100e+02,3.5762e+01,-7.3605e+05,-7.3606e+05,-1.0693e+00,-7.3606e+05,3.3522e-01,5.6745e+00,6.9389e+05,3.5333e+02,-3.1075e-01,-1.4334e+00,1.1300e+00,5.4915e+00
2.0000e+03,5.5000e+01,1.6000e+02,3.4375e+01,-7.3478e+05,-7.3478e+05,-1.0891e+00,-7.3478e+05,3.3580e-01,5.6943e+00,6.9331e+05,3.8518e+02,4.3167e-01,-2.2057e+00,1.0889e+00,5.7511e+00
2.0000e+03,5.6000e+01,1.6300e+02,3.4356e+01,-7.3213e+05,-7.3213e+05,-1.1089e+00,-7.3213e+05,3.3639e-01,5.7141e+00,6.9204e+05,3.9593e+02,-5.7326e-01,-1.0933e+00,1.1981e+00,6.3521e+00
2.0000e+03,5.7000e+01,1.7100e+02,3.3333e+01,-7.2992e+05,-7.2992e+05,-1.1287e+00,-7.2992e+05,3.3697e-01,5.7340e+00,6.8938e+05,4.2387e+02,-4.2904e-01,-1.6104e+00,1.0663e+00,5.8479e+00
2.0000e+03,5.8000e+01,1.7400e+02,3.3333e+01,-7.2537e+05,-7.2537e+05,-1.1486e+00,-7.2537e+05,3.3755e-01,5.7537e+00,6.8717e+05,4.3425e+02,-4.2842e-01,-1.9571e+00,1.1033e+00,6.0167e+00
2.0000e+03,5.9000e+01,1.7600e+02,3.3523e+01,-7.2377e+05,-7.2377e+05,-1.1684e+00,-7.2377e+05,3.3813e-01,5.7735e+00,6.8262e+05,4.4118e+02,-1.0534e+00,-1.6609e+00,1.2187e+00,6.2067e+00
2.0000e+03,6.0000e+01,1.8100e+02,3.3149e+01,-7.2266e+05,-7.2267e+05,-1.1882e+00,-7.2267e+05,3.3871e-01,5.7933e+00,6.8103e+05,4.5863e+02,-1.2871e+00,-1.9057e+00,1.1752e+00,5.9706e+00
2.0000e+03,6.1000e+01,1.8200e+02,3.3516e+01,-7.2197e+05,-7.2198e+05,-1.2080e+00,-7.2198e+05,3.3929e-01,5.8132e+00,6.7992e+05,4.6208e+02,-1.3804e+00,-2.1314e+00,1.1421e+00,6.3990e+00
2.0000e+03,6.2000e+01,1.8400e+02,3.3696e+01,-7.2192e+05,-7.2193e+05,-1.2278e+00,-7.2193e+05,3.3986e-01,5.8329e+00,6.7923e+05,4.6918e+02,-8.4066e-01,-1.4941e+00,1.3357e+00,5.8575e+00
2.0000e+03,6.3000e+01,1.8900e+02,3.3333e+01,-7.1607e+05,-7.1608e+05,-1.2476e+00,-7.1608e+05,3.4044e-01,5.8527e+00,6.7918e+05,4.8685e+02,2.2996e-01,-1.0795e+00,1.5119e+00,7.8407e+00
2.0000e+03,6.4000e+01,1.9200e+02,3.3333e+01,-7.1585e+05,-7.1586e+05,-1.2674e+00,-7.1586e+05,3.4102e-01,5.8725e+00,6.7333e+05,4.9748e+02,-2.3255e-01,-1.6234e+00,1.4577e+00,5.5473e+00
2.0000e+03,6.5000e+01,1.9600e+02,3.3163e+01,-7.1357e+05,-7.1358e+05,-1.2872e+00,-7.1358e+05,3.4159e-01,5.8924e+00,6.7311e+05,5.1153e+02,-9.5883e-01,-1.4554e+00,1.2950e+00,6.7091e+00
2.0000e+03,6.6000e+01,1.9900e+02,3.3166e+01,-7.1286e+05,-7.1287e+05,-1.3070e+00,-7.1287e+05,3.4216e-01,5.9122e+00,6.7083e+05,5.2205e+02,3.2170e-01,-1.1157e+00,1.1288e+00,7.6687e+00
2.0000e+03,6.7000e+01,2.1200e+02,3.1604e+01,-7.1195e+05,-7.1196e+05,-1.3268e+00,-7.1196e+05,3.4274e-01,5.9319e+00,6.7012e+05,5.6741e+02,4.6874e-01,-1.2688e+00,1.4641e+00,7.6518e+00
2.0000e+03,6.8000e+01,2.1800e+02,3.1193e+01,-7.1178e+05,-7.1179e+05,-1.3466e+00,-7.1179e+05,3.4331e-01,5.9517e+00,6.6921e+05,5.8860e+02,2.3630e-01,-1.1543e+00,1.2624e+00,8.0957e+00
2.0000e+03,6.9000e+01,2.2300e+02,3.0942e+01,-7.1092e+05,-7.1092e+05,-1.3664e+00,-7.1092e+05,3.4388e-01,5.9716e+00,6.6904e+05,6.0626e+02,-1.4956e+00,-2.4161e+00,1.4254e+00,5.7859e+00
2.0000e+03,7.0000e+01,2.2600e+02,3.0973e+01,-7.1065e+05,-7.1066e+05,-1.3862e+00,-7.1066e+05,3.4445e-01,5.9914e+00,6.6817e+05,6.1682e+02,-4.4552e-01,-2.1047e+00,1.4971e+00,5.0079e+00
2.0000e+03,7.1000e+01,2.2700e+02,3.1278e+01,-7.0918e+05,-7.0919e+05,-1.4060e+00,-7.0919e+05,3.4502e-01,6.0111e+00,6.6791e+05,6.2028e+02,-9.3586e-01,-1.8300e+00,1.2506e+00,7.0868e+00
2.0000e+03,7.2000e+01,2.3300e+02,3.0901e+01,-7.0863e+05,-7.0864e+05,-1.4258e+00,-7.0864e+05,3.4558e-01,6.0309e+00,6.6644e+05,6.4124e+02,-4.0432e-01,-1.0395e+00,1.0840e+00,7.9087e+00
2.0000e+03,7.3000e+01,2.4200e+02,3.0165e+01,-7.0455e+05,-7.0456e+05,-1.4456e+00,-7.0456e+05,3.4615e-01,6.0508e+00,6.6589e+05,6.7277e+02,4.2524e-01,-1.4607e+00,1.6234e+00,8.0008e+00
2.0000e+03,7.4000e+01,2.4300e+02,3.0453e+01,-7.0311e+05,-7.0312e+05,-1.4654e+00,-7.0312e+05,3.4672e-01,6.0706e+00,6.6181e+05,6.7625e+02,-5.3568e-01,-9.6384e-01,1.9087e+00,1.1214e+00
2.0000e+03,7.5000e+01,2.4400e+02,3.0738e+01,-7.0139e+05,-7.0140e+05,-1.4852e+00,-7.0140e+05,3.4728e-01,6.0904e+00,6.6037e+05,6.7971e+02,-1.3805e+00,-2.1614e+00,1.2071e+00,8.2482e+00
2.0000e+03,7.6000e+01,2.4700e+02,3.0769e+01,-7.0019e+05,-7.0019e+05,-1.5050e+00,-7.0019e+05,3.4785e-01,6.1101e+00,6.5865e+05,6.9043e+02,-1.0570e-01,-1.6808e+00,1.0171e+00,8.6321e+00
2.0000e+03,7.7000e+01,2.4800e+02,3.1048e+01,-6.9968e+05,-6.9969e+05,-1.5248e+00,-6.9969e+05,3.4841e-01,6.1300e+00,6.5744e+05,6.9388e+02,-1.3022e+00,-9.0231e-01,1.4284e+00,7.4453e+00
2.0000e+03,7.8000e+01,2.5400e+02,3.0709e+01,-6.9854e+05,-6.9854e+05,-1.5446e+00,-6.9854e+05,3.4897e-01,6.1498e+00,6.5694e+05,7.1474e+02,-1.2746e+00,-1.6900e+00,1.1262e+00,8.4125e+00
2.0000e+03,7.9000e+01,2.6300e+02,3.0038e+01,-6.9791e+05,-6.9792e+05,-1.5644e+00,-6.9792e+05,3.4953e-01,6.1696e+00,6.5579e+05,7.4613e+02,-9.6600e-01,-1.8836e+00,1.5319e+00,4.8605e+00
2.0000e+03,8.0000e+01,2.7100e+02,2.9520e+01,-6.9767e+05,-6.9767e+05,-1.5842e+00,-6.9767e+05,3.5009e-01,6.1893e+00,6.5517e+05,7.7454e+02,-6.6154e-01,-1.3627e+00,1.1251e+00,8.9651e+00
2.0000e+03,8.1000e+01,2.7400e+02,2.9562e+01,-6.9544e+05,-6.9545e+05,-1.6040e+00,-6.9545e+05,3.5065e-01,6.2092e+00,6.5492e+05,7.8570e+02,-1.0993e+00,-1.2129e+00,2.1996e+00,5.9139e+00
2.0000e+03,8.2000e+01,2.7500e+02,2.9818e+01,-6.9486e+05,-6.9487e+05,-1.6238e+00,-6.9487e+05,3.5121e-01,6.2290e+00,6.5270e+05,7.8947e+02,-7.3779e-02,-1.8290e+00,1.5031e+00,7.1175e+00
2.0000e+03,8.3000e+01,2.7600e+02,3.0072e+01,-6.9161e+05,-6.9161e+05,-1.6436e+00,-6.9161e+05,3.5177e-01,6.2488e+00,6.5212e+05,7.9323e+02,-6.5578e-01,-7.7337e-01,1.7051e+00,5.5100e+00
2.0000e+03,8.4000e+01,2.7700e+02,3.0325e+01,-6.8880e+05,-6.8881e+05,-1.6634e+00,-6.8881e+05,3.5233e-01,6.2686e+00,6.4886e+05,7.9696e+02,-4.1432e-01,-2.0841e+00,1.2733e+00,7.9588e+00
2.0000e+03,8.5000e+01,2.8100e+02,3.0249e+01,-6.8546e+05,-6.8546e+05,-1.6832e+00,-6.8546e+05,3.5288e-01,6.2884e+00,6.4606e+05,8.1200e+02,3.1161e-01,-9.6283e-01,1.7837e+00,8.5076e+00
2.0000e+03,8.6000e+01,2.8500e+02,3.0175e+01,-6.7854e+05,-6.7855e+05,-1.7030e+00,-6.7855e+05,3.5344e-01,6.3082e+00,6.4272e+05,8.2710e+02,-5.4723e-01,-1.9327e+00,1.4614e+00,7.2178e+00
2.0000e+03,8.7000e+01,2.8700e+02,3.0314e+01,-6.7103e+05,-6.7104e+05,-1.7228e+00,-6.7104e+05,3.5399e-01,6.3280e+00,6.3580e+05,8.3456e+02,-1.0481e+00,-9.4369e-01,1.6070e+00,5.4395e+00
2.0000e+03,8.8000e+01,2.8900e+02,3.0450e+01,-6.6804e+05,-6.6805e+05,-1.7426e+00,-6.6805e+05,3.5455e-01,6.3478e+00,6.2829e+05,8.4203e+02,-8.0904e-01,-1.3166e+00,1.6872e+00,3.1405e+00
2.0000e+03,8.9000e+01,2.9600e+02,3.0068e+01,-6.6420e+05,-6.6421e+05,-1.7624e+00,-6.6421e+05,3.5510e-01,6.3676e+00,6.2530e+05,8.6736e+02,2.8670e-01,-1.6028e+00,1.7332e+00,7.5134e+00
2.0000e+03,9.0000e+01,3.0000e+02,3.0000e+01,-6.6379e+05,-6.6379e+05,-1.7822e+00,-6.6379e+05,3.5565e-01,6.3874e+00,6.2146e+05,8.8181e+02,3.0718e-01,-1.9448e+00,1.7700e+00,6.5976e+00
2.0000e+03,9.1000e+01,3.0200e+02,3.0132e+01,-6.6022e+05,-6.6022e+05,-1.8020e+00,-6.6022e+05,3.5620e-01,6.4072e+00,6.2104e+05,8.8904e+02,-8.5381e-01,-7.5715e-01,1.6469e+00,6.8796e+00
2.0000e+03,9.2000e+01,3.0400e+02,3.0263e+01,-6.5136e+05,-6.5136e+05,-1.8218e+00,-6.5136e+05,3.5675e-01,6.4270e+00,6.1747e+05,8.9627e+02,-1.1430e+00,-2.0475e+00,1.6873e+00,2.8782e+00
2.0000e+03,9.3000e+01,3.0700e+02,3.0293e+01,-6.3864e+05,-6.3865e+05,-1.8416e+00,-6.3865e+05,3.5730e-01,6.4469e+00,6.0862e+05,9.0716e+02,1.9539e-01,-1.4406e+00,2.2288e+00,1.1465e+00
2.0000e+03,9.4000e+01,3.1000e+02,3.0323e+01,-6.3450e+05,-6.3451e+05,-1.8614e+00,-6.3451e+05,3.5785e-01,6.4666e+00,5.9590e+05,9.1801e+02,-1.0624e+00,-6.5026e-01,2.3264e+00,8.2745e+00
2.0000e+03,9.5000e+01,3.1100e+02,3.0547e+01,-6.3204e+05,-6.3205e+05,-1.8812e+00,-6.3205e+05,3.5840e-01,6.4864e+00,5.9176e+05,9.2161e+02,-1.2719e+00,-5.9838e-01,1.9771e+00,2.5489e+00
2.0000e+03,9.6000e+01,3.1300e+02,3.0671e+01,-6.3172e+05,-6.3173e+05,-1.9011e+00,-6.3173e+05,3.5894e-01,6.5062e+00,5.8930e+05,9.2883e+02,3.5815e-01,-1.7037e+00,2.4668e+00,6.4864e+00
2.0000e+03,9.7000e+01,3.2100e+02,3.0218e+01,-6.2005e+05,-6.2006e+05,-1.9209e+00,-6.2006e+05,3.5949e-01,6.5261e+00,5.8898e+05,9.5773e+02,-7.2227e-01,-1.8193e+00,2.2067e+00,4.6569e+00
2.0000e+03,9.8000e+01,3.2200e+02,3.0435e+01,-6.1663e+05,-6.1664e+05,-1.9407e+00,-6.1664e+05,3.6003e-01,6.5458e+00,5.7731e+05,9.6138e+02,-1.2181e+00,-1.2882e+00,1.6132e+00,6.2965e+00
2.0000e+03,9.9000e+01,3.2400e+02,3.0556e+01,-6.0675e+05,-6.0676e+05,-1.9605e+00,-6.0676e+05,3.6058e-01,6.5656e+00,5.7389e+05,9.6862e+02,4.8931e-01,-2.1410e+00,1.9526e+00,5.5463e+00
2.0000e+03,1.0000e+02,3.3000e+02,3.0303e+01,-5.9584e+05,-5.9584e+05,-1.9803e+00,-5.9584e+05,3.6112e-01,6.5854e+00,5.6401e+05,9.9017e+02,3.3011e-01,-1.7718e+00,1.8658e+00,6.2005e+00
2.0000e+03,1.0100e+02,3.3500e+02,3.0149e+01,-5.9355e+05,-5.9356e+05,-2.0001e+00,-5.9356e+05,3.6166e-01,6.6053e+00,5.5309e+05,1.0082e+03,-1.4493e-01,-1.6918e+00,1.6519e+00,7.1887e+00
2.0000e+03,1.0200e+02,3.3700e+02,3.0267e+01,-5.8719e+05,-5.8720e+05,-2.0199e+00,-5.8720e+05,3.6221e-01,6.6250e+00,5.5081e+05,1.0154e+03,2.6790e-01,-1.0173e+00,2.5471e+00,2.0820e+00
2.0000e+03,1.0300e+02,3.4100e+02,3.0205e+01,-5.7942e+05,-5.7943e+05,-2.0397e+00,-5.7943e+05,3.6275e-01,6.6448e+00,5.4445e+05,1.0298e+03,-3.2223e-02,-1.3743e+00,1.7823e+00,5.9339e+00
2.0000e+03,1.0400e+02,3.4300e+02,3.0321e+01,-5.7617e+05,-5.7617e+05,-2.0595e+00,-5.7617e+05,3.6329e-01,6.6646e+00,5.3668e+05,1.0370e+03,-7.9781e-01,-1.0270e+00,1.7044e+00,5.1116e+00
2.0000e+03,1.0500e+02,3.5600e+02,2.9494e+01,-5.7226e+05,-5.7227e+05,-2.0793e+00,-5.7227e+05,3.6383e-01,6.6845e+00,5.3342e+05,1.0838e+03,-9.2112e-01,-6.6307e-01,2.3402e+00,7.0118e+00
2.0000e+03,1.0600e+02,3.5700e+02,2.9692e+01,-5.5498e+05,-5.5499e+05,-2.0991e+00,-5.5499e+05,3.6437e-01,6.7043e+00,5.2952e+05,1.0874e+03,4.8713e-01,-8.6259e-01,2.6354e+00,4.6100e+00
2.0000e+03,1.0700e+02,3.6200e+02,2.9558e+01,-5.4966e+05,-5.4966e+05,-2.1189e+00,-5.4966e+05,3.6490e-01,6.7240e+00,5.1224e+05,1.1054e+03,2.9401e-02,-2.3908e+00,2.4704e+00,2.4455e+00
2.0000e+03,1.0800e+02,3.6400e+02,2.9670e+01,-5.2907e+05,-5.2907e+05,-2.1387e+00,-5.2907e+05,3.6544e-01,6.7438e+00,5.0691e+05,1.1126e+03,-2.4102e-01,-1.1276e+00,1.7211e+00,7.3034e+00
2.0000e+03,1.0900e+02,3.6600e+02,2.9781e+01,-5.2896e+05,-5.2897e+05,-2.1585e+00,-5.2897e+05,3.6598e-01,6.7637e+00,4.8632e+05,1.1198e+03,-6.4401e-02,-1.9641e+00,2.2453e+00,7.8033e+00
2.0000e+03,1.1000e+02,3.6800e+02,2.9891e+01,-5.2067e+05,-5.2067e+05,-2.1783e+00,-5.2067e+05,3.6651e-01,6.7834e+00,4.8622e+05,1.1270e+03,2.1375e-01,-1.1705e+00,2.0001e+00,5.1452e+00
2.0000e+03,1.1100e+02,3.7700e+02,2.9443e+01,-5.2062e+05,-5.2062e+05,-2.1981e+00,-5.2062e+05,3.6705e-01,6.8033e+00,4.7792e+05,1.1594e+03,-8.4359e-02,-1.8451e+00,2.2759e+00,6.6381e+00
2.0000e+03,1.1200e+02,3.7800e+02,2.9630e+01,-5.2045e+05,-5.2046e+05,-2.2179e+00,-5.2046e+05,3.6758e-01,6.8231e+00,4.7788e+05,1.1630e+03,-1.3315e-01,-2.4362e+00,1.7203e+00,6.4058e+00
2.0000e+03,1.1300e+02,3.7900e+02,2.9815e+01,-5.1565e+05,-5.1566e+05,-2.2377e+00,-5.1566e+05,3.6811e-01,6.8429e+00,4.7771e+05,1.1666e+03,-5.3977e-02,-2.4728e+00,1.7433e+00,6.6348e+00
2.0000e+03,1.1400e+02,3.8100e+02,2.9921e+01,-4.9458e+05,-4.9458e+05,-2.2575e+00,-4.9458e+05,3.6864e-01,6.8627e+00,4.7291e+05,1.1737e+03,3.6827e-01,-1.5584e+00,2.5371e+00,3.1038e+00
2.0000e+03,1.1500e+02,3.8300e+02,3.0026e+01,-4.9070e+05,-4.9071e+05,-2.2773e+00,-4.9071e+05,3.6918e-01,6.8825e+00,4.5183e+05,1.1809e+03,-6.1218e-01,-2.4379e+00,2.0897e+00,6.8458e+00
2.0000e+03,1.1600e+02,3.8900e+02,2.9820e+01,-4.8144e+05,-4.8144e+05,-2.2971e+00,-4.8144e+05,3.6971e-01,6.9023e+00,4.4796e+05,1.2025e+03,-1.0376e+00,-2.4509e+00,1.7721e+00,4.2809e+00
2.0000e+03,1.1700e+02,3.9000e+02,3.0000e+01,-4.7839e+05,-4.7839e+05,-2.3169e+00,-4.7839e+05,3.7024e-01,6.9221e+00,4.3869e+05,1.2061e+03,-7.1785e-01,-1.9948e+00,2.2280e+00,2.8721e+00
2.0000e+03,1.1800e+02,3.9100e+02,3.0179e+01,-4.6997e+05,-4.6998e+05,-2.3367e+00,-4.6998e+05,3.7077e-01,6.9419e+00,4.3564e+05,1.2097e+03,-5.5673e-01,-2.2857e+00,1.6877e+00,8.1997e+00
2.0000e+03,1.1900e+02,3.9300e+02,3.0280e+01,-4.6857e+05,-4.6858e+05,-2.3565e+00,-4.6858e+05,3.7129e-01,6.9617e+00,4.2723e+05,1.2169e+03,-1.1058e-01,-1.7522e+00,2.2045e+00,8.4008e+00
2.0000e+03,1.2000e+02,3.9400e+02,3.0457e+01,-4.6437e+05,-4.6438e+05,-2.3763e+00,-4.6438e+05,3.7182e-01,6.9815e+00,4.2583e+05,1.2205e+03,-8.5446e-01,-1.8227e+00,1.9969e+00,8.8305e+00
2.0000e+03,1.2100e+02,3.9500e+02,3.0633e+01,-4.6174e+05,-4.6175e+05,-2.3961e+00,-4.6175e+05,3.7235e-01,7.0013e+00,4.2163e+05,1.2241e+03,-1.0187e+00,-1.4077e+00,1.8028e+00,3.3802e+00
2.0000e+03,1.2200e+02,4.0900e+02,2.9829e+01,-4.6024e+05,-4.6025e+05,-2.4159e+00,-4.6025e+05,3.7288e-01,7.0211e+00,4.1900e+05,1.2744e+03,4.6022e-01,-2.4105e+00,2.0148e+00,5.4262e+00
2.0000e+03,1.2300e+02,4.1200e+02,2.9854e+01,-4.5947e+05,-4.5948e+05,-2.4357e+00,-4.5948e+05,3.7340e-01,7.0409e+00,4.2271e+05,1.2853e+03,-5.3076e-01,-6.9751e-01,2.4561e+00,1.8916e+00
2.0000e+03,1.2400e+02,4.2100e+02,2.9454e+01,-4.5816e+05,-4.5816e+05,-2.4555e+00,-4.5816e+05,3.7393e-01,7.0607e+00,4.2194e+05,1.3178e+03,-7.6010e-01,-6.2689e-01,2.4492e+00,2.0027e+00
2.0000e+03,1.2500e+02,4.3200e+02,2.8935e+01,-4.5290e+05,-4.5291e+05,-2.4753e+00,-4.5291e+05,3.7445e-01,7.0805e+00,4.2062e+05,1.3573e+03,-8.4249e-01,-1.4092e+00,1.7138e+00,7.9743e+00
2.0000e+03,1.2600e+02,4.3300e+02,2.9099e+01,-4.4502e+05,-4.4503e+05,-2.4951e+00,-4.4503e+05,3.7497e-01,7.1003e+00,4.1537e+05,1.3610e+03,-1.3533e+00,-2.3900e+00,1.9696e+00,5.7239e+00
2.0000e+03,1.2700e+02,4.4700e+02,2.8412e+01,-4.2927e+05,-4.2927e+05,-2.5149e+00,-4.2927e+05,3.7550e-01,7.1201e+00,4.0749e+05,1.4114e+03,-1.4317e+00,-2.4616e+00,1.8551e+00,3.7933e+00
2.0000e+03,1.2800e+02,4.4800e+02,2.8571e+01,-4.2752e+05,-4.2753e+05,-2.5347e+00,-4.2753e+05,3.7602e-01,7.1399e+00,3.9173e+05,1.4151e+03,1.0280e-01,-1.8120e+00,2.0062e+00,3.8126e+00
2.0000e+03,1.2900e+02,4.4900e+02,2.8731e+01,-4.2404e+05,-4.2405e+05,-2.5545e+00,-4.2405e+05,3.7654e-01,7.1597e+00,3.8999e+05,1.4187e+03,-1.2027e+00,-8.9133e-01,2.2593e+00,3.7137e+00
2.0000e+03,1.3000e+02,4.5300e+02,2.8698e+01,-4.2135e+05,-4.2136e+05,-2.5743e+00,-4.2136e+05,3.7706e-01,7.1795e+00,3.8651e+05,1.4330e+03,-4.4355e-01,-5.9714e-01,2.4411e+00,5.0205e+00
2.0000e+03,1.3100e+02,4.5400e+02,2.8855e+01,-4.1626e+05,-4.1627e+05,-2.5941e+00,-4.1627e+05,3.7758e-01,7.1993e+00,4.0157e+05,1.4366e+03,-7.4307e-01,-1.7559e+00,1.7354e+00,7.0189e+00
2.0000e+03,1.3200e+02,4.5600e+02,2.8947e+01,-4.1447e+05,-4.1448e+05,-2.6139e+00,-4.1448e+05,3.7810e-01,7.2191e+00,3.9648e+05,1.4438e+03,-1.1142e+00,-1.1376e+00,2.1808e+00,3.8559e+00
2.0000e+03,1.3300e+02,4.5800e+02,2.9039e+01,-4.0511e+05,-4.0512e+05,-2.6337e+00,-4.0512e+05,3.7862e-01,7.2389e+00,3.9469e+05,1.4510e+03,-1.4453e+00,-5.6275e-01,1.9825e+00,4.2822e+00
2.0000e+03,1.3400e+02,4.5900e+02,2.9194e+01,-3.9761e+05,-3.9762e+05,-2.6536e+00,-3.9762e+05,3.7913e-01,7.2587e+00,3.8533e+05,1.4547e+03,-9.1775e-01,-2.1972e+00,2.0055e+00,6.2604e+00
2.0000e+03,1.3500e+02,4.6400e+02,2.9095e+01,-3.9614e+05,-3.9615e+05,-2.6734e+00,-3.9615e+05,3.7965e-01,7.2785e+00,3.7783e+05,1.4727e+03,-7.3722e-01,-1.9262e+00,1.8295e+00,2.6650e+00
2.0000e+03,1.3600e+02,4.6700e+02,2.9122e+01,-3.7645e+05,-3.7645e+05,-2.6932e+00,-3.7645e+05,3.8017e-01,7.2983e+00,3.7636e+05,1.4835e+03,-5.1104e-01,-1.4596e+00,2.3024e+00,2.4219e+00
2.0000e+03,1.3700e+02,4.8200e+02,2.8423e+01,-3.6319e+05,-3.6320e+05,-2.7130e+00,-3.6320e+05,3.8068e-01,7.3181e+00,3.5667e+05,1.5386e+03,2.3179e-01,-2.2843e+00,2.2747e+00,7.7243e+00
2.0000e+03,1.3800e+02,5.0100e+02,2.7545e+01,-3.6112e+05,-3.6113e+05,-2.7328e+00,-3.6113e+05,3.8120e-01,7.3379e+00,3.4341e+05,1.6090e+03,-5.7432e-01,-7.2787e-01,2.0901e+00,3.7489e+00
2.0000e+03,1.3900e+02,5.0600e+02,2.7470e+01,-3.5860e+05,-3.5861e+05,-2.7526e+00,-3.5861e+05,3.8171e-01,7.3577e+00,3.4134e+05,1.6270e+03,5.9952e-02,-1.9548e+00,1.8294e+00,7.4150e+00
2.0000e+03,1.4000e+02,5.1100e+02,2.7397e+01,-3.4288e+05,-3.4289e+05,-2.7724e+00,-3.4289e+05,3.8222e-01,7.3775e+00,3.3882e+05,1.6451e+03,-9.5000e-01,-1.8257e+00,2.0724e+00,4.2086e+00
2.0000e+03,1.4100e+02,5.1500e+02,2.7379e+01,-3.3998e+05,-3.3998e+05,-2.7922e+00,-3.3998e+05,3.8274e-01,7.3974e+00,3.2310e+05,1.6594e+03,2.5442e-01,-2.0133e+00,2.3787e+00,2.3837e+00
2.0000e+03,1.4200e+02,5.2200e+02,2.7203e+01,-3.3414e+05,-3.3415e+05,-2.8120e+00,-3.3415e+05,3.8325e-01,7.4171e+00,3.2020e+05,1.6845e+03,-1.4132e-01,-1.0219e+00,2.3698e+00,4.2542e+00
2.0000e+03,1.4300e+02,5.3000e+02,2.6981e+01,-3.2214e+05,-3.2214e+05,-2.8318e+00,-3.2214e+05,3.8376e-01,7.4370e+00,3.1436e+05,1.7133e+03,-3.0845e-01,-9.7853e-01,2.3413e+00,3.9620e+00
2.0000e+03,1.4400e+02,5.3300e+02,2.7017e+01,-3.2089e+05,-3.2089e+05,-2.8516e+00,-3.2089e+05,3.8427e-01,7.4567e+00,3.0235e+05,1.7241e+03,-4.6378e-01,-2.4559e+00,2.0522e+00,7.2733e+00
2.0000e+03,1.4500e+02,5.3700e+02,2.7002e+01,-3.0965e+05,-3.0966e+05,-2.8714e+00,-3.0966e+05,3.8478e-01,7.4766e+00,3.0111e+05,1.7385e+03,-8.0054e-01,-2.2301e+00,2.0307e+00,5.1484e+00
2.0000e+03,1.4600e+02,5.4100e+02,2.6987e+01,-3.0214e+05,-3.0214e+05,-2.8912e+00,-3.0214e+05,3.8529e-01,7.4963e+00,2.8987e+05,1.7529e+03,-1.4469e+00,-1.7399e+00,2.0855e+00,1.7299e+00
2.0000e+03,1.4700e+02,5.4200e+02,2.7122e+01,-2.9780e+05,-2.9780e+05,-2.9110e+00,-2.9780e+05,3.8580e-01,7.5162e+00,2.8235e+05,1.7565e+03,3.3768e-01,-2.0655e+00,2.4064e+00,3.4488e+00
2.0000e+03,1.4800e+02,5.4500e+02,2.7156e+01,-2.9394e+05,-2.9394e+05,-2.9308e+00,-2.9394e+05,3.8631e-01,7.5360e+00,2.7802e+05,1.7674e+03,-1.0707e+00,-1.3087e+00,1.9260e+00,8.1301e+00
2.0000e+03,1.4900e+02,5.4600e+02,2.7289e+01,-2.8967e+05,-2.8967e+05,-2.9506e+00,-2.8967e+05,3.8681e-01,7.5558e+00,2.7416e+05,1.7710e+03,-7.1076e-01,-2.2317e+00,2.0858e+00,4.3045e+00
2.0000e+03,1.5000e+02,5.5700e+02,2.6930e+01,-2.8652e+05,-2.8653e+05,-2.9704e+00,-2.8653e+05,3.8732e-01,7.5756e+00,2.6988e+05,1.8104e+03,-8.1254e-01,-1.0871e+00,2.1756e+00,4.4322e+00
2.0000e+03,1.5100e+02,5.6600e+02,2.6678e+01,-2.8152e+05,-2.8152e+05,-2.9902e+00,-2.8152e+05,3.8782e-01,7.5954e+00,2.6674e+05,1.8427e+03,-2.8165e-01,-1.2600e+00,2.3245e+00,2.5902e+00
2.0000e+03,1.5200e+02,5.7300e+02,2.6527e+01,-2.7899e+05,-2.7900e+05,-3.0100e+00,-2.7900e+05,3.8833e-01,7.6152e+00,2.6174e+05,1.8678e+03,-1.3134e-01,-1.1377e+00,2.3479e+00,3.5908e+00
2.0000e+03,1.5300e+02,5.8200e+02,2.6289e+01,-2.7765e+05,-2.7766e+05,-3.0298e+00,-2.7766e+05,3.8883e-01,7.6350e+00,2.5921e+05,1.9001e+03,-1.8698e-01,-5.4745e-01,2.2058e+00,8.3608e+00
2.0000e+03,1.5400e+02,5.8400e+02,2.6370e+01,-2.7687e+05,-2.7688e+05,-3.0496e+00,-2.7688e+05,3.8934e-01,7.6548e+00,2.5787e+05,1.9073e+03,-1.4281e+00,-2.2743e+00,1.9665e+00,2.2366e+00
2.0000e+03,1.5500e+02,5.8800e+02,2.6361e+01,-2.6905e+05,-2.6906e+05,-3.0694e+00,-2.6906e+05,3.8984e-01,7.6746e+00,2.5709e+05,1.9216e+03,-7.9152e-01,-6.7649e-01,2.3006e+00,2.4264e+00
2.0000e+03,1.5600e+02,5.9300e+02,2.6307e+01,-2.6652e+05,-2.6653e+05,-3.0892e+00,-2.6653e+05,3.9034e-01,7.6944e+00,2.4927e+05,1.9395e+03,-6.0929e-01,-1.2418e+00,2.2545e+00,2.7407e+00
2.0000e+03,1.5700e+02,5.9600e+02,2.6342e+01,-2.6323e+05,-2.6324e+05,-3.1090e+00,-2.6324e+05,3.9085e-01,7.7142e+00,2.4674e+05,1.9503e+03,-1.2647e+00,-2.4737e+00,2.0385e+00,2.3842e+00
2.0000e+03,1.5800e+02,6.0000e+02,2.6333e+01,-2.5544e+05,-2.5545e+05,-3.1288e+00,-2.5545e+05,3.9135e-01,7.7340e+00,2.4345e+05,1.9646e+03,7.8516e-02,-2.3030e+00,2.3270e+00,4.0454e+00
2.0000e+03,1.5900e+02,6.0400e+02,2.6325e+01,-2.4957e+05,-2.4958e+05,-3.1486e+00,-2.4958e+05,3.9185e-01,7.7538e+00,2.3566e+05,1.9790e+03,-6.3721e-01,-1.6009e+00,2.2113e+00,2.4900e+00
2.0000e+03,1.6000e+02,6.0800e+02,2.6316e+01,-2.4131e+05,-2.4132e+05,-3.1684e+00,-2.4132e+05,3.9235e-01,7.7736e+00,2.2979e+05,1.9934e+03,1.7898e-01,-7.8310e-01,2.3535e+00,5.9253e+00
2.0000e+03,1.6100e+02,6.2000e+02,2.5968e+01,-2.3931e+05,-2.3932e+05,-3.1882e+00,-2.3932e+05,3.9285e-01,7.7934e+00,2.2153e+05,2.0364e+03,2.3459e-01,-1.0327e+00,2.2165e+00,5.0500e+00
2.0000e+03,1.6200e+02,6.2100e+02,2.6087e+01,-2.3801e+05,-2.3802e+05,-3.2080e+00,-2.3802e+05,3.9335e-01,7.8132e+00,2.1953e+05,2.0400e+03,9.0345e-02,-1.6117e+00,2.3040e+00,5.0124e+00
2.0000e+03,1.6300e+02,6.2800e+02,2.5955e+01,-2.2497e+05,-2.2498e+05,-3.2278e+00,-2.2498e+05,3.9385e-01,7.8330e+00,2.1823e+05,2.0650e+03,-9.2824e-01,-5.2651e-01,2.2954e+00,5.5939e+00
2.0000e+03,1.6400e+02,6.3400e+02,2.5868e+01,-2.2478e+05,-2.2479e+05,-3.2476e+00,-2.2479e+05,3.9434e-01,7.8528e+00,2.0519e+05,2.0865e+03,-6.5439e-01,-1.0417e+00,2.2787e+00,1.5146e+00
2.0000e+03,1.6500e+02,6.3800e+02,2.5862e+01,-2.1990e+05,-2.1991e+05,-3.2674e+00,-2.1991e+05,3.9484e-01,7.8726e+00,2.0500e+05,2.1008e+03,-7.6230e-01,-1.5293e+00,2.0851e+00,4.2010e+00
2.0000e+03,1.6600e+02,6.4600e+02,2.5697e+01,-2.1649e+05,-2.1650e+05,-3.2872e+00,-2.1650e+05,3.9534e-01,7.8924e+00,2.0012e+05,2.1295e+03,-2.6695e-01,-2.4073e+00,2.0583e+00,7.5069e+00
2.0000e+03,1.6700e+02,6.6000e+02,2.5303e+01,-2.1550e+05,-2.1550e+05,-3.3070e+00,-2.1550e+05,3.9583e-01,7.9122e+00,1.9671e+05,2.1801e+03,-7.1433e-01,-1.4827e+00,1.9855e+00,6.9042e+00
2.0000e+03,1.6800e+02,6.7100e+02,2.5037e+01,-2.1469e+05,-2.1469e+05,-3.3268e+00,-2.1469e+05,3.9633e-01,7.9320e+00,1.9571e+05,2.2198e+03,-5.5529e-02,-1.1918e+00,2.1766e+00,8.7894e+00
2.0000e+03,1.6900e+02,6.7200e+02,2.5149e+01,-2.1239e+05,-2.1239e+05,-3.3466e+00,-2.1239e+05,3.9682e-01,7.9518e+00,1.9490e+05,2.2234e+03,-5.7980e-02,-1.6341e+00,2.2897e+00,2.1898e+00
2.0000e+03,1.7000e+02,6.7300e+02,2.5260e+01,-2.1208e+05,-2.1209e+05,-3.3664e+00,-2.1209e+05,3.9731e-01,7.9716e+00,1.9261e+05,2.2270e+03,1.7927e-01,-2.2953e+00,2.1977e+00,7.7990e+00
2.0000e+03,1.7100e+02,6.8500e+02,2.4964e+01,-2.0800e+05,-2.0800e+05,-3.3862e+00,-2.0800e+05,3.9781e-01,7.9914e+00,1.9230e+05,2.2700e+03,-4.6262e-01,-1.3160e+00,1.9099e+00,3.9814e+00
2.0000e+03,1.7200e+02,6.8800e+02,2.5000e+01,-2.0028e+05,-2.0028e+05,-3.4061e+00,-2.0028e+05,3.9830e-01,8.0112e+00,1.8821e+05,2.2807e+03,-3.2255e-01,-1.1339e+00,2.2667e+00,1.9537e+00
2.0000e+03,1.7300e+02,6.9500e+02,2.4892e+01,-1.9651e+05,-1.9651e+05,-3.4259e+00,-1.9651e+05,3.9879e-01,8.0310e+00,1.8049e+05,2.3064e+03,-1.1178e+00,-1.2822e+00,1.9143e+00,4.6694e+00
2.0000e+03,1.7400e+02,7.0000e+02,2.4857e+01,-1.9112e+05,-1.9113e+05,-3.4457e+00,-1.9113e+05,3.9928e-01,8.0508e+00,1.7672e+05,2.3252e+03,-3.6741e-01,-7.0252e-01,2.2620e+00,6.8010e+00
2.0000e+03,1.7500e+02,7.0500e+02,2.4823e+01,-1.8792e+05,-1.8793e+05,-3.4655e+00,-1.8793e+05,3.9977e-01,8.0706e+00,1.7134e+05,2.3438e+03,2.0366e-01,-8.8504e-01,2.3255e+00,6.4411e+00
2.0000e+03,1.7600e+02,7.1100e+02,2.4754e+01,-1.7870e+05,-1.7871e+05,-3.4853e+00,-1.7871e+05,4.0026e-01,8.0904e+00,1.6814e+05,2.3662e+03,-3.3795e-01,-1.3194e+00,1.8606e+00,6.2094e+00
2.0000e+03,1.7700e+02,7.1400e+02,2.4790e+01,-1.7615e+05,-1.7616e+05,-3.5051e+00,-1.7616e+05,4.0075e-01,8.1102e+00,1.5892e+05,2.3772e+03,-2.5408e-01,-1.6741e+00,2.0892e+00,1.2928e+00
2.0000e+03,1.7800e+02,7.2200e+02,2.4654e+01,-1.7400e+05,-1.7401e+05,-3.5249e+00,-1.7401e+05,4.0124e-01,8.1300e+00,1.5637e+05,2.4060e+03,-5.7728e-01,-1.4485e+00,2.0199e+00,6.6824e+00
2.0000e+03,1.7900e+02,7.2400e+02,2.4724e+01,-1.7183e+05,-1.7184e+05,-3.5447e+00,-1.7184e+05,4.0173e-01,8.1498e+00,1.5422e+05,2.4132e+03,-8.2435e-01,-8.8645e-01,1.9275e+00,4.4138e+00
2.0000e+03,1.8000e+02,7.2700e+02,2.4759e+01,-1.6991e+05,-1.6991e+05,-3.5645e+00,-1.6991e+05,4.0222e-01,8.1696e+00,1.5205e+05,2.4241e+03,-1.3416e+00,-1.4747e+00,2.0637e+00,1.3439e+00
2.0000e+03,1.8100e+02,7.2900e+02,2.4829e+01,-1.6886e+05,-1.6886e+05,-3.5843e+00,-1.6886e+05,4.0271e-01,8.1894e+00,1.5012e+05,2.4313e+03,-4.3730e-01,-2.1017e+00,1.8679e+00,5.1715e+00
2.0000e+03,1.8200e+02,7.3200e+02,2.4863e+01,-1.6435e+05,-1.6436e+05,-3.6041e+00,-1.6436e+05,4.0319e-01,8.2092e+00,1.4907e+05,2.4421e+03,-1.0786e+00,-1.1160e+00,1.9477e+00,2.3107e+00
2.0000e+03,1.8300e+02,7.3500e+02,2.4898e+01,-1.6430e+05,-1.6431e+05,-3.6239e+00,-1.6431e+05,4.0368e-01,8.2290e+00,1.4457e+05,2.4529e+03,3.7977e-01,-2.1238e+00,2.2029e+00,4.6510e+00
2.0000e+03,1.8400e+02,7.3600e+02,2.5000e+01,-1.6243e+05,-1.6244e+05,-3.6437e+00,-1.6244e+05,4.0416e-01,8.2489e+00,1.4452e+05,2.4565e+03,-9.7753e-01,-5.0715e-01,2.0474e+00,8.6869e+00
2.0000e+03,1.8500e+02,7.4300e+02,2.4899e+01,-1.5958e+05,-1.5959e+05,-3.6635e+00,-1.5959e+05,4.0465e-01,8.2687e+00,1.4265e+05,2.4819e+03,-1.1888e+00,-8.3134e-01,1.8802e+00,7.2700e+00
2.0000e+03,1.8600e+02,7.5100e+02,2.4767e+01,-1.5820e+05,-1.5821e+05,-3.6833e+00,-1.5821e+05,4.0513e-01,8.2885e+00,1.3980e+05,2.5119e+03,-1.0306e+00,-1.6177e+00,2.0676e+00,2.4594e+00
2.0000e+03,1.8700e+02,7.5800e+02,2.4670e+01,-1.5816e+05,-1.5817e+05,-3.7031e+00,-1.5817e+05,4.0562e-01,8.3083e+00,1.3842e+05,2.5380e+03,-1.1792e+00,-5.2767e-01,2.1694e+00,5.0760e+00
2.0000e+03,1.8800e+02,7.5900e+02,2.4769e+01,-1.5083e+05,-1.5084e+05,-3.7229e+00,-1.5084e+05,4.0610e-01,8.3281e+00,1.3838e+05,2.5417e+03,3.6256e-03,-1.0487e+00,2.2656e+00,4.7735e+00
2.0000e+03,1.8900e+02,7.6600e+02,2.4674e+01,-1.3867e+05,-1.3868e+05,-3.7427e+00,-1.3868e+05,4.0658e-01,8.3479e+00,1.3105e+05,2.5680e+03,-1.4546e+00,-7.8989e-01,1.9190e+00,7.0703e+00
2.0000e+03,1.9000e+02,7.6700e+02,2.4772e+01,-1.3102e+05,-1.3103e+05,-3.7625e+00,-1.3103e+05,4.0706e-01,8.3677e+00,1.1889e+05,2.5717e+03,-6.1973e-01,-8.6056e-01,2.1338e+00,6.9336e+00
2.0000e+03,1.9100e+02,7.7300e+02,2.4709e+01,-1.3076e+05,-1.3077e+05,-3.7823e+00,-1.3077e+05,4.0755e-01,8.3875e+00,1.1124e+05,2.5941e+03,-9.4231e-01,-9.2697e-01,2.2218e+00,1.8164e+00
2.0000e+03,1.9200e+02,7.7700e+02,2.4710e+01,-1.2848e+05,-1.2849e+05,-3.8021e+00,-1.2849e+05,4.0803e-01,8.4073e+00,1.1098e+05,2.6092e+03,-1.3580e+00,-1.1901e+00,2.0132e+00,3.1631e+00
2.0000e+03,1.9300e+02,7.9500e+02,2.4277e+01,-1.2798e+05,-1.2798e+05,-3.8219e+00,-1.2798e+05,4.0851e-01,8.4271e+00,1.0870e+05,2.6769e+03,2.8022e-01,-2.2447e+00,2.0672e+00,5.4062e+00
2.0000e+03,1.9400e+02,8.1500e+02,2.3804e+01,-1.1500e+05,-1.1501e+05,-3.8417e+00,-1.1501e+05,4.0899e-01,8.4469e+00,1.0819e+05,2.7524e+03,1.6198e-01,-1.2042e+00,2.2016e+00,7.8727e+00
2.0000e+03,1.9500e+02,8.1600e+02,2.3897e+01,-1.1445e+05,-1.1446e+05,-3.8615e+00,-1.1446e+05,4.0947e-01,8.4667e+00,9.5219e+04,2.7561e+03,-8.3106e-01,-1.8653e+00,2.0019e+00,3.5671e+00
2.0000e+03,1.9600e+02,8.1900e+02,2.3932e+01,-1.1423e+05,-1.1424e+05,-3.8813e+00,-1.1424e+05,4.0994e-01,8.4865e+00,9.4670e+04,2.7674e+03,1.4888e-01,-2.4583e+00,2.1523e+00,7.2135e+00
2.0000e+03,1.9700e+02,8.2600e+02,2.3850e+01,-1.1255e+05,-1.1256e+05,-3.9011e+00,-1.1256e+05,4.1042e-01,8.5063e+00,9.4445e+04,2.7938e+03,-1.4901e+00,-7.9239e-01,1.9454e+00,4.9426e+00
2.0000e+03,1.9800e+02,8.3600e+02,2.3684e+01,-1.1205e+05,-1.1206e+05,-3.9209e+00,-1.1206e+05,4.1090e-01,8.5261e+00,9.2771e+04,2.8316e+03,-8.5977e-01,-1.8573e+00,2.0853e+00,1.7251e+00
2.0000e+03,1.9900e+02,8.3800e+02,2.3747e+01,-1.1138e+05,-1.1138e+05,-3.9407e+00,-1.1138e+05,4.1138e-01,8.5459e+00,9.2270e+04,2.8391e+03,-8.0242e-01,-1.0606e+00,2.1744e+00,2.5762e+00
2.0000e+03,2.0000e+02,8.5800e+02,2.3310e+01,-1.1064e+05,-1.1065e+05,-3.9605e+00,-1.1065e+05,4.1185e-01,8.5657e+00,9.1594e+04,2.9140e+03,-7.4170e-01,-1.2355e+00,2.1026e+00,3.7721e+00
2.0000e+03,2.0100e+02,8.9100e+02,2.2559e+01,-1.0668e+05,-1.0669e+05,-3.9803e+00,-1.0669e+05,4.1233e-01,8.5855e+00,9.0859e+04,3.0377e+03,8.4699e-02,-1.0368e+00,2.1836e+00,5.7779e+00
2.0000e+03,2.0200e+02,8.9800e+02,2.2494e+01,-1.0660e+05,-1.0661e+05,-4.0001e+00,-1.0661e+05,4.1280e-01,8.6053e+00,8.6896e+04,3.0639e+03,-1.8700e-01,-8.0867e-01,2.0642e+00,7.2953e+00
2.0000e+03,2.0300e+02,9.0100e+02,2.2531e+01,-1.0639e+05,-1.0640e+05,-4.0199e+00,-1.0640e+05,4.1328e-01,8.6251e+00,8.6817e+04,3.0752e+03,-9.2557e-01,-1.2371e+00,2.0871e+00,3.2152e+00
2.0000e+03,2.0400e+02,9.0800e+02,2.2467e+01,-1.0430e+05,-1.0431e+05,-4.0397e+00,-1.0431e+05,4.1375e-01,8.6449e+00,8.6611e+04,3.1015e+03,-4.6748e-01,-1.3812e+00,2.0989e+00,4.9283e+00
2.0000e+03,2.0500e+02,9.1000e+02,2.2527e+01,-1.0177e+05,-1.0178e+05,-4.0595e+00,-1.0178e+05,4.1423e-01,8.6647e+00,8.4520e+04,3.1091e+03,-5.3684e-01,-1.1990e+00,1.8859e+00,7.4991e+00
2.0000e+03,2.0600e+02,9.1500e+02,2.2514e+01,-9.9318e+04,-9.9327e+04,-4.0793e+00,-9.9327e+04,4.1470e-01,8.6845e+00,8.1986e+04,3.1280e+03,-2.9474e-01,-1.1755e+00,2.1821e+00,3.5031e+00
2.0000e+03,2.0700e+02,9.2700e+02,2.2330e+01,-9.7148e+04,-9.7157e+04,-4.0991e+00,-9.7157e+04,4.1517e-01,8.7043e+00,7.9537e+04,3.1734e+03,-8.0401e-01,-7.9558e-01,2.1257e+00,6.1496e+00
2.0000e+03,2.0800e+02,9.3300e+02,2.2294e+01,-9.5361e+04,-9.5370e+04,-4.1189e+00,-9.5370e+04,4.1564e-01,8.7241e+00,7.7366e+04,3.1962e+03,-3.2679e-02,-2.4198e+00,2.1419e+00,5.6712e+00
2.0000e+03,2.0900e+02,9.4100e+02,2.2210e+01,-9.3970e+04,-9.3979e+04,-4.1387e+00,-9.3979e+04,4.1612e-01,8.7439e+00,7.5580e+04,3.2264e+03,-5.0707e-01,-8.2254e-01,2.1336e+00,7.4014e+00
2.0000e+03,2.1000e+02,9.5600e+02,2.1967e+01,-9.3513e+04,-9.3521e+04,-4.1586e+00,-9.3521e+04,4.1659e-01,8.7637e+00,7.4188e+04,3.2831e+03,3.6628e-01,-1.1972e+00,2.1916e+00,7.3098e+00
2.0000e+03,2.1100e+02,9.5800e+02,2.2025e+01,-9.0683e+04,-9.0692e+04,-4.1784e+00,-9.0692e+04,4.1706e-01,8.7835e+00,7.3731e+04,3.2906e+03,-6.2027e-01,-2.4930e+00,1.9348e+00,3.5298e+00
2.0000e+03,2.1200e+02,9.6000e+02,2.2083e+01,-8.9032e+04,-8.9041e+04,-4.1982e+00,-8.9041e+04,4.1753e-01,8.8033e+00,7.0901e+04,3.2982e+03,-2.7313e-01,-1.0605e+00,2.1310e+00,6.4702e+00
2.0000e+03,2.1300e+02,9.7100e+02,2.1936e+01,-8.8384e+04,-8.8393e+04,-4.2180e+00,-8.8393e+04,4.1800e-01,8.8231e+00,6.9250e+04,3.3396e+03,-4.8923e-01,-1.1303e+00,2.1459e+00,2.6894e+00
2.0000e+03,2.1400e+02,9.7800e+02,2.1881e+01,-8.8105e+04,-8.8114e+04,-4.2378e+00,-8.8114e+04,4.1847e-01,8.8429e+00,6.8602e+04,3.3661e+03,-5.0627e-01,-2.3533e+00,1.9213e+00,4.7921e+00
2.0000e+03,2.1500e+02,1.0290e+03,2.0894e+01,-8.7410e+04,-8.7419e+04,-4.2576e+00,-8.7419e+04,4.1893e-01,8.8627e+00,6.8323e+04,3.5589e+03,-3.0665e-01,-1.8853e+00,2.1143e+00,1.2434e+00
2.0000e+03,2.1600e+02,1.0410e+03,2.0749e+01,-8.7243e+04,-8.7252e+04,-4.2774e+00,-8.7252e+04,4.1940e-01,8.8825e+00,6.8342e+04,3.6046e+03,-5.3498e-02,-8.6645e-01,2.1715e+00,8.3493e+00
2.0000e+03,2.1700e+02,1.0660e+03,2.0356e+01,-8.5924e+04,-8.5933e+04,-4.2972e+00,-8.5933e+04,4.1987e-01,8.9023e+00,6.8176e+04,3.6995e+03,4.2109e-01,-1.6580e+00,2.1304e+00,6.7963e+00
2.0000e+03,2.1800e+02,1.0770e+03,2.0241e+01,-8.5830e+04,-8.5839e+04,-4.3170e+00,-8.5839e+04,4.2034e-01,8.9221e+00,6.6856e+04,3.7412e+03,1.4303e-01,-1.9865e+00,2.0861e+00,8.9040e+00
2.0000e+03,2.1900e+02,1.0800e+03,2.0278e+01,-8.5333e+04,-8.5342e+04,-4.3368e+00,-8.5342e+04,4.2080e-01,8.9419e+00,6.6762e+04,3.7526e+03,-5.1472e-01,-1.2789e+00,2.1427e+00,1.1876e+00
2.0000e+03,2.2000e+02,1.0920e+03,2.0147e+01,-8.5287e+04,-8.5296e+04,-4.3566e+00,-8.5296e+04,4.2127e-01,8.9617e+00,6.6796e+04,3.7982e+03,-7.2953e-01,-2.4233e+00,1.9520e+00,3.1197e+00
2.0000e+03,2.2100e+02,1.1140e+03,1.9838e+01,-8.2502e+04,-8.2511e+04,-4.3764e+00,-8.2511e+04,4.2173e-01,8.9816e+00,6.6750e+04,3.8817e+03,-6.5202e-01,-2.1444e+00,1.9479e+00,4.1851e+00
2.0000e+03,2.2200e+02,1.1160e+03,1.9892e+01,-8.1222e+04,-8.1231e+04,-4.3962e+00,-8.1231e+04,4.2220e-01,9.0014e+00,6.3965e+04,3.8893e+03,9.1843e-02,-1.5348e+00,2.1889e+00,5.5765e+00
2.0000e+03,2.2300e+02,1.1230e+03,1.9858e+01,-7.9656e+04,-7.9665e+04,-4.4160e+00,-7.9665e+04,4.2266e-01,9.0212e+00,6.2685e+04,3.9158e+03,-6.2048e-01,-8.9997e-01,2.1504e+00,4.4816e+00
2.0000e+03,2.2400e+02,1.1240e+03,1.9929e+01,-7.8518e+04,-7.8527e+04,-4.4358e+00,-7.8527e+04,4.2312e-01,9.0410e+00,6.1120e+04,3.9196e+03,-6.8429e-01,-6.3185e-01,2.1163e+00,7.4592e+00
2.0000e+03,2.2500e+02,1.1260e+03,1.9982e+01,-7.7314e+04,-7.7323e+04,-4.4556e+00,-7.7323e+04,4.2359e-01,9.0608e+00,5.9982e+04,3.9271e+03,1.1961e-01,-1.6594e+00,2.1318e+00,7.3694e+00
2.0000e+03,2.2600e+02,1.1370e+03,1.9877e+01,-7.4028e+04,-7.4037e+04,-4.4754e+00,-7.4037e+04,4.2405e-01,9.0806e+00,5.8778e+04,3.9688e+03,-1.0485e+00,-1.3471e+00,2.0041e+00,2.4765e+00
2.0000e+03,2.2700e+02,1.1470e+03,1.9791e+01,-7.2749e+04,-7.2758e+04,-4.4952e+00,-7.2758e+04,4.2451e-01,9.1004e+00,5.5491e+04,4.0066e+03,9.5525e-02,-1.7074e+00,2.1606e+00,4.5743e+00
2.0000e+03,2.2800e+02,1.1600e+03,1.9655e+01,-7.1166e+04,-7.1175e+04,-4.5150e+00,-7.1175e+04,4.2497e-01,9.1202e+00,5.4212e+04,4.0558e+03,3.8708e-01,-1.3000e+00,2.1643e+00,8.0268e+00
2.0000e+03,2.2900e+02,1.1670e+03,1.9623e+01,-6.9147e+04,-6.9156e+04,-4.5348e+00,-6.9156e+04,4.2544e-01,9.1400e+00,5.2629e+04,4.0823e+03,5.0373e-02,-1.3456e+00,2.1421e+00,6.9290e+00
2.0000e+03,2.3000e+02,1.1730e+03,1.9608e+01,-6.8122e+04,-6.8131e+04,-4.5546e+00,-6.8131e+04,4.2590e-01,9.1598e+00,5.0610e+04,4.1049e+03,-3.0026e-01,-1.8162e+00,2.1018e+00,2.2961e+00
2.0000e+03,2.3100e+02,1.1820e+03,1.9543e+01,-6.8087e+04,-6.8096e+04,-4.5744e+00,-6.8096e+04,4.2636e-01,9.1796e+00,4.9586e+04,4.1389e+03,-2.3308e-01,-8.9820e-01,2.1028e+00,6.1629e+00
2.0000e+03,2.3200e+02,1.2560e+03,1.8471e+01,-6.6627e+04,-6.6636e+04,-4.5942e+00,-6.6636e+04,4.2682e-01,9.1994e+00,4.9550e+04,4.4189e+03,-4.6745e-01,-1.1016e+00,1.8959e+00,7.8929e+00
2.0000e+03,2.3300e+02,1.2700e+03,1.8346e+01,-6.5104e+04,-6.5113e+04,-4.6140e+00,-6.5113e+04,4.2728e-01,9.2192e+00,4.8543e+04,4.4719e+03,-5.3691e-01,-6.9646e-01,2.0302e+00,8.0719e+00
2.0000e+03,2.3400e+02,1.2720e+03,1.8396e+01,-6.3557e+04,-6.3566e+04,-4.6338e+00,-6.3566e+04,4.2773e-01,9.2390e+00,4.7020e+04,4.4794e+03,-6.9125e-02,-1.5143e+00,2.1470e+00,4.2241e+00
2.0000e+03,2.3500e+02,1.2730e+03,1.8460e+01,-6.1463e+04,-6.1472e+04,-4.6536e+00,-6.1472e+04,4.2819e-01,9.2588e+00,4.5473e+04,4.4832e+03,-3.1392e-01,-1.4631e+00,2.0093e+00,7.0525e+00
2.0000e+03,2.3600e+02,1.2860e+03,1.8351e+01,-6.0171e+04,-6.0181e+04,-4.6734e+00,-6.0181e+04,4.2865e-01,9.2786e+00,4.3379e+04,4.5322e+03,3.2916e-01,-1.6617e+00,2.1580e+00,6.8448e+00
2.0000e+03,2.3700e+02,1.3040e+03,1.8175e+01,-5.9892e+04,-5.9902e+04,-4.6932e+00,-5.9902e+04,4.2911e-01,9.2984e+00,4.2088e+04,4.5998e+03,2.8089e-01,-1.3502e+00,2.0235e+00,8.6715e+00
2.0000e+03,2.3800e+02,1.3090e+03,1.8182e+01,-5.9225e+04,-5.9235e+04,-4.7130e+00,-5.9235e+04,4.2956e-01,9.3182e+00,4.1808e+04,4.6187e+03,-1.3307e-01,-1.0746e+00,2.1108e+00,5.4896e+00
2.0000e+03,2.3900e+02,1.3100e+03,1.8244e+01,-5.8720e+04,-5.8729e+04,-4.7328e+00,-5.8729e+04,4.3002e-01,9.3380e+00,4.1142e+04,4.6224e+03,-2.7023e-01,-1.4339e+00,1.8919e+00,7.5605e+00
2.0000e+03,2.4000e+02,1.3110e+03,1.8307e+01,-5.7295e+04,-5.7304e+04,-4.7526e+00,-5.7304e+04,4.3048e-01,9.3578e+00,4.0636e+04,4.6262e+03,-1.0662e-01,-1.7822e+00,2.1472e+00,4.1053e+00
2.0000e+03,2.4100e+02,1.3320e+03,1.8093e+01,-5.5500e+04,-5.5509e+04,-4.7724e+00,-5.5509e+04,4.3093e-01,9.3776e+00,3.9211e+04,4.7053e+03,3.6076e-01,-1.4825e+00,2.1402e+00,8.0954e+00
2.0000e+03,2.4200e+02,1.3460e+03,1.7979e+01,-5.5305e+04,-5.5314e+04,-4.7922e+00,-5.5314e+04,4.3139e-01,9.3974e+00,3.7416e+04,4.7580e+03,-2.2895e-01,-1.9676e+00,2.0907e+00,2.9108e+00
2.0000e+03,2.4300e+02,1.3940e+03,1.7432e+01,-5.5295e+04,-5.5304e+04,-4.8120e+00,-5.5304e+04,4.3182e-01,9.4165e+00,3.7221e+04,4.9381e+03,-3.3142e-01,-1.5942e+00,1.9117e+00,6.2497e+00
2.0000e+03,2.4400e+02,1.3950e+03,1.7491e+01,-5.5213e+04,-5.5222e+04,-4.8318e+00,-5.5222e+04,4.3229e-01,9.4370e+00,3.7211e+04,4.9419e+03,-1.9696e-01,-1.6132e+00,2.0150e+00,7.3264e+00
2.0000e+03,2.4500e+02,1.4450e+03,1.6955e+01,-5.4247e+04,-5.4257e+04,-4.8516e+00,-5.4257e+04,4.3275e-01,9.4568e+00,3.7129e+04,5.1299e+03,-9.2822e-01,-1.0309e+00,1.9597e+00,4.2479e+00
2.0000e+03,2.4600e+02,1.4460e+03,1.7012e+01,-5.3765e+04,-5.3775e+04,-4.8714e+00,-5.3775e+04,4.3320e-01,9.4766e+00,3.6163e+04,5.1338e+03,-3.8830e-01,-8.1273e-01,2.0915e+00,8.0053e+00
2.0000e+03,2.4700e+02,1.4850e+03,1.6633e+01,-5.3683e+04,-5.3693e+04,-4.8912e+00,-5.3693e+04,4.3365e-01,9.4964e+00,3.5681e+04,5.2807e+03,4.2569e-01,-2.1710e+00,2.1401e+00,7.9545e+00
2.0000e+03,2.4800e+02,1.4930e+03,1.6611e+01,-5.3491e+04,-5.3500e+04,-4.9111e+00,-5.3500e+04,4.3410e-01,9.5162e+00,3.5599e+04,5.3109e+03,-4.0318e-01,-2.0514e+00,1.9820e+00,5.6391e+00
2.0000e+03,2.4900e+02,1.4970e+03,1.6633e+01,-5.3213e+04,-5.3222e+04,-4.9309e+00,-5.3222e+04,4.3456e-01,9.5360e+00,3.5407e+04,5.3260e+03,1.3984e-01,-1.5280e+00,2.1156e+00,7.4368e+00
2.0000e+03,2.5000e+02,1.5090e+03,1.6567e+01,-5.2775e+04,-5.2785e+04,-4.9507e+00,-5.2785e+04,4.3501e-01,9.5558e+00,3.5129e+04,5.3712e+03,-1.9270e-01,-1.4838e+00,1.9208e+00,6.5146e+00
2.0000e+03,2.5100e+02,1.5170e+03,1.6546e+01,-5.1596e+04,-5.1605e+04,-4.9705e+00,-5.1605e+04,4.3546e-01,9.5756e+00,3.4691e+04,5.4013e+03,-4.0316e-01,-8.2855e-01,2.0856e+00,8.0378e+00
2.0000e+03,2.5200e+02,1.5400e+03,1.6364e+01,-5.1393e+04,-5.1403e+04,-4.9903e+00,-5.1403e+04,4.3591e-01,9.5954e+00,3.3512e+04,5.4879e+03,-3.2863e-01,-2.3108e+00,1.9192e+00,5.7822e+00
2.0000e+03,2.5300e+02,1.5680e+03,1.6135e+01,-5.1359e+04,-5.1368e+04,-5.0101e+00,-5.1368e+04,4.3636e-01,9.6152e+00,3.3309e+04,5.5931e+03,-6.4701e-01,-1.4413e+00,2.0820e+00,2.9824e+00
2.0000e+03,2.5400e+02,1.6010e+03,1.5865e+01,-5.1229e+04,-5.1239e+04,-5.0299e+00,-5.1239e+04,4.3681e-01,9.6350e+00,3.3275e+04,5.7173e+03,-3.5295e-01,-1.4255e+00,2.1079e+00,3.1724e+00
2.0000e+03,2.5500e+02,1.6020e+03,1.5918e+01,-5.1205e+04,-5.1215e+04,-5.0497e+00,-5.1215e+04,4.3725e-01,9.6548e+00,3.3145e+04,5.7211e+03,-4.7231e-01,-2.0105e+00,1.9716e+00,3.2001e+00
2.0000e+03,2.5600e+02,1.6360e+03,1.5648e+01,-4.9974e+04,-4.9983e+04,-5.0695e+00,-4.9983e+04,4.3770e-01,9.6746e+00,3.4116e+04,5.8485e+03,-5.0201e-01,-1.7261e+00,1.9596e+00,3.6245e+00
2.0000e+03,2.5700e+02,1.6390e+03,1.5680e+01,-4.9112e+04,-4.9122e+04,-5.0893e+00,-4.9122e+04,4.3815e-01,9.6944e+00,3.2885e+04,5.8598e+03,-1.3937e-01,-2.1227e+00,1.9186e+00,7.5985e+00
2.0000e+03,2.5800e+02,1.6430e+03,1.5703e+01,-4.8622e+04,-4.8632e+04,-5.1091e+00,-4.8632e+04,4.3860e-01,9.7142e+00,3.2023e+04,5.8748e+03,-9.9967e-01,-9.3806e-01,2.0700e+00,4.1035e+00
2.0000e+03,2.5900e+02,1.6600e+03,1.5602e+01,-4.8462e+04,-4.8471e+04,-5.1289e+00,-4.8471e+04,4.3904e-01,9.7341e+00,3.2258e+04,5.9387e+03,-7.2168e-01,-1.2226e+00,2.0898e+00,2.9404e+00
2.0000e+03,2.6000e+02,1.6670e+03,1.5597e+01,-4.8351e+04,-4.8361e+04,-5.1487e+00,-4.8361e+04,4.3949e-01,9.7539e+00,3.2097e+04,5.9651e+03,-3.0643e-01,-1.5247e+00,2.1179e+00,3.6682e+00
2.0000e+03,2.6100e+02,1.6680e+03,1.5647e+01,-4.7163e+04,-4.7173e+04,-5.1685e+00,-4.7173e+04,4.3994e-01,9.7737e+00,3.1986e+04,5.9688e+03,-3.6437e-01,-1.6311e+00,1.9666e+00,6.6352e+00
2.0000e+03,2.6200e+02,1.7040e+03,1.5376e+01,-4.6638e+04,-4.6648e+04,-5.1883e+00,-4.6648e+04,4.4038e-01,9.7935e+00,3.0798e+04,6.1041e+03,-9.0809e-01,-7.7306e-01,1.9199e+00,8.7473e+00
2.0000e+03,2.6300e+02,1.7250e+03,1.5246e+01,-4.5396e+04,-4.5406e+04,-5.2081e+00,-4.5406e+04,4.4083e-01,9.8133e+00,3.0274e+04,6.1830e+03,-1.4304e+00,-6.4585e-01,2.0295e+00,4.8216e+00
2.0000e+03,2.6400e+02,1.7410e+03,1.5164e+01,-4.4898e+04,-4.4908e+04,-5.2279e+00,-4.4908e+04,4.4127e-01,9.8331e+00,2.9032e+04,6.2431e+03,-3.0272e-01,-1.8733e+00,1.9206e+00,6.3845e+00
2.0000e+03,2.6500e+02,1.7690e+03,1.4980e+01,-4.4542e+04,-4.4552e+04,-5.2477e+00,-4.4552e+04,4.4172e-01,9.8529e+00,2.8534e+04,6.3484e+03,-7.9289e-02,-2.2862e+00,2.0877e+00,5.5442e+00
2.0000e+03,2.6600e+02,1.7850e+03,1.4902e+01,-4.4201e+04,-4.4211e+04,-5.2675e+00,-4.4211e+04,4.4216e-01,9.8727e+00,2.8178e+04,6.4084e+03,-8.3180e-01,-9.0765e-01,1.9691e+00,7.3981e+00
2.0000e+03,2.6700e+02,1.8020e+03,1.4817e+01,-4.4015e+04,-4.4025e+04,-5.2873e+00,-4.4025e+04,4.4260e-01,9.8925e+00,2.7837e+04,6.4724e+03,3.2759e-02,-1.0433e+00,2.0984e+00,8.4885e+00
2.0000e+03,2.6800e+02,1.8180e+03,1.4741e+01,-4.3907e+04,-4.3916e+04,-5.3071e+00,-4.3916e+04,4.4305e-01,9.9123e+00,2.7650e+04,6.5325e+03,-3.7940e-01,-2.3943e+00,2.1040e+00,2.8269e+00
2.0000e+03,2.6900e+02,1.8340e+03,1.4667e+01,-4.2747e+04,-4.2757e+04,-5.3269e+00,-4.2757e+04,4.4349e-01,9.9321e+00,2.7542e+04,6.5927e+03,-7.9651e-01,-1.2397e+00,2.0735e+00,2.7026e+00
2.0000e+03,2.7000e+02,1.8360e+03,1.4706e+01,-4.2587e+04,-4.2597e+04,-5.3467e+00,-4.2597e+04,4.4393e-01,9.9519e+00,2.6383e+04,6.6002e+03,-1.7241e-01,-2.0354e+00,1.9370e+00,7.8957e+00
2.0000e+03,2.7100e+02,1.8510e+03,1.4641e+01,-4.1218e+04,-4.1228e+04,-5.3665e+00,-4.1228e+04,4.4437e-01,9.9717e+00,2.6223e+04,6.6567e+03,-6.4580e-01,-6.9202e-01,2.0651e+00,8.5269e+00
2.0000e+03,2.7200e+02,1.8550e+03,1.4663e+01,-4.0989e+04,-4.0999e+04,-5.3863e+00,-4.0999e+04,4.4481e-01,9.9915e+00,2.4853e+04,6.6718e+03,-5.8076e-01,-7.4214e-01,2.0646e+00,7.2792e+00
2.0000e+03,2.7300e+02,1.8660e+03,1.4630e+01,-4.0097e+04,-4.0107e+04,-5.4061e+00,-4.0107e+04,4.4525e-01,1.0011e+01,2.4625e+04,6.7130e+03,-4.9988e-01,-1.8872e+00,1.9889e+00,4.5093e+00
2.0000e+03,2.7400e+02,2.0240e+03,1.3538e+01,-3.9665e+04,-3.9675e+04,-5.4259e+00,-3.9675e+04,4.4569e-01,1.0031e+01,2.3733e+04,7.3082e+03,-7.3713e-01,-8.4335e-01,1.9192e+00,8.2297e+00
2.0000e+03,2.7500e+02,2.0260e+03,1.3574e+01,-3.9521e+04,-3.9531e+04,-5.4457e+00,-3.9531e+04,4.4613e-01,1.0051e+01,2.3301e+04,7.3158e+03,-1.2654e+00,-7.4432e-01,1.9915e+00,6.9933e+00
2.0000e+03,2.7600e+02,2.0840e+03,1.3244e+01,-3.8735e+04,-3.8745e+04,-5.4655e+00,-3.8745e+04,4.4657e-01,1.0071e+01,2.3157e+04,7.5344e+03,-7.1459e-01,-9.7125e-01,2.0821e+00,4.1894e+00
2.0000e+03,2.7700e+02,2.1250e+03,1.3035e+01,-3.8509e+04,-3.8519e+04,-5.4853e+00,-3.8519e+04,4.4701e-01,1.0090e+01,2.2371e+04,7.6887e+03,-6.5229e-01,-9.4126e-01,1.9268e+00,7.1016e+00
2.0000e+03,2.7800e+02,2.1410e+03,1.2985e+01,-3.8459e+04,-3.8469e+04,-5.5051e+00,-3.8469e+04,4.4745e-01,1.0110e+01,2.2145e+04,7.7489e+03,-6.4039e-01,-1.4688e+00,2.0824e+00,1.9285e+00
2.0000e+03,2.7900e+02,2.2550e+03,1.2373e+01,-3.7584e+04,-3.7594e+04,-5.5249e+00,-3.7594e+04,4.4789e-01,1.0130e+01,2.2094e+04,8.1798e+03,-3.9331e-01,-1.7646e+00,2.0486e+00,4.4140e+00
2.0000e+03,2.8000e+02,2.3660e+03,1.1834e+01,-3.7539e+04,-3.7549e+04,-5.5447e+00,-3.7549e+04,4.4832e-01,1.0150e+01,2.1220e+04,8.5989e+03,-3.3131e-01,-1.0353e+00,2.0041e+00,5.7526e+00
2.0000e+03,2.8100e+02,2.3810e+03,1.1802e+01,-3.7136e+04,-3.7147e+04,-5.5645e+00,-3.7147e+04,4.4876e-01,1.0170e+01,2.1174e+04,8.6555e+03,-1.3540e+00,-8.7164e-01,2.0910e+00,1.0577e+00
2.0000e+03,2.8200e+02,2.4050e+03,1.1726e+01,-3.6692e+04,-3.6702e+04,-5.5843e+00,-3.6702e+04,4.4920e-01,1.0190e+01,2.0772e+04,8.7461e+03,2.5335e-01,-1.6029e+00,2.0990e+00,7.3736e+00
2.0000e+03,2.8300e+02,2.4280e+03,1.1656e+01,-3.6598e+04,-3.6608e+04,-5.6041e+00,-3.6608e+04,4.4963e-01,1.0209e+01,2.0328e+04,8.8327e+03,-7.9880e-02,-2.0825e+00,1.9517e+00,8.0744e+00
2.0000e+03,2.8400e+02,2.4360e+03,1.1658e+01,-3.6370e+04,-3.6380e+04,-5.6239e+00,-3.6380e+04,4.5007e-01,1.0229e+01,2.0233e+04,8.8629e+03,3.2464e-04,-2.1704e+00,1.9928e+00,5.4611e+00
2.0000e+03,2.8500e+02,2.4790e+03,1.1497e+01,-3.6283e+04,-3.6293e+04,-5.6437e+00,-3.6293e+04,4.5051e-01,1.0249e+01,2.0006e+04,9.0248e+03,7.7584e-03,-1.5122e+00,2.0364e+00,8.1250e+00
2.0000e+03,2.8600e+02,2.4800e+03,1.1532e+01,-3.6074e+04,-3.6084e+04,-5.6636e+00,-3.6084e+04,4.5094e-01,1.0269e+01,1.9918e+04,9.0285e+03,-3.9646e-01,-2.2094e+00,2.0478e+00,4.0195e+00
2.0000e+03,2.8700e+02,2.4980e+03,1.1489e+01,-3.5856e+04,-3.5866e+04,-5.6834e+00,-3.5866e+04,4.5138e-01,1.0289e+01,1.9710e+04,9.0963e+03,1.1646e-01,-1.6615e+00,2.0810e+00,5.8576e+00
2.0000e+03,2.8800e+02,2.5280e+03,1.1392e+01,-3.5319e+04,-3.5329e+04,-5.7032e+00,-3.5329e+04,4.5181e-01,1.0308e+01,1.9491e+04,9.2089e+03,-2.3051e-01,-1.0293e+00,2.0188e+00,6.3873e+00
2.0000e+03,2.8900e+02,2.5320e+03,1.1414e+01,-3.5286e+04,-3.5296e+04,-5.7230e+00,-3.5296e+04,4.5224e-01,1.0328e+01,1.8955e+04,9.2240e+03,1.0260e-01,-2.3973e+00,2.1087e+00,5.6362e+00
2.0000e+03,2.9000e+02,2.5650e+03,1.1306e+01,-3.4756e+04,-3.4767e+04,-5.7428e+00,-3.4767e+04,4.5268e-01,1.0348e+01,1.8921e+04,9.3482e+03,-5.2941e-01,-1.3189e+00,1.9539e+00,4.7549e+00
2.0000e+03,2.9100e+02,2.5890e+03,1.1240e+01,-3.4462e+04,-3.4472e+04,-5.7626e+00,-3.4472e+04,4.5311e-01,1.0368e+01,1.8392e+04,9.4381e+03,-6.0429e-02,-1.1839e+00,2.0298e+00,6.5734e+00
2.0000e+03,2.9200e+02,2.6240e+03,1.1128e+01,-3.4438e+04,-3.4449e+04,-5.7824e+00,-3.4449e+04,4.5354e-01,1.0388e+01,1.8097e+04,9.5697e+03,-1.1781e-01,-2.3444e+00,2.0034e+00,4.4849e+00
2.0000e+03,2.9300e+02,2.6290e+03,1.1145e+01,-3.4253e+04,-3.4264e+04,-5.8022e+00,-3.4264e+04,4.5397e-01,1.0407e+01,1.8074e+04,9.5884e+03,-1.1151e+00,-1.0682e+00,2.0327e+00,1.9358e+00
2.0000e+03,2.9400e+02,2.6730e+03,1.0999e+01,-3.4153e+04,-3.4163e+04,-5.8220e+00,-3.4163e+04,4.5441e-01,1.0427e+01,1.7889e+04,9.7538e+03,-1.6304e-02,-1.5420e+00,2.0975e+00,5.2415e+00
2.0000e+03,2.9500e+02,2.6860e+03,1.0983e+01,-3.3424e+04,-3.3435e+04,-5.8418e+00,-3.3435e+04,4.5484e-01,1.0447e+01,1.7788e+04,9.8027e+03,-6.0393e-01,-2.2904e+00,1.9970e+00,2.6476e+00
2.0000e+03,2.9600e+02,2.7250e+03,1.0862e+01,-3.2770e+04,-3.2780e+04,-5.8616e+00,-3.2780e+04,4.5527e-01,1.0467e+01,1.7060e+04,9.9496e+03,9.9916e-02,-1.3666e+00,2.0836e+00,7.2365e+00
2.0000e+03,2.9700e+02,2.7310e+03,1.0875e+01,-3.2695e+04,-3.2705e+04,-5.8814e+00,-3.2705e+04,4.5570e-01,1.0487e+01,1.6405e+04,9.9722e+03,1.4168e-01,-2.4267e+00,1.9771e+00,7.5363e+00
2.0000e+03,2.9800e+02,2.7460e+03,1.0852e+01,-3.2597e+04,-3.2608e+04,-5.9012e+00,-3.2608e+04,4.5613e-01,1.0506e+01,1.6330e+04,1.0028e+04,-4.5722e-01,-1.6912e+00,2.0733e+00,2.7937e+00
2.0000e+03,2.9900e+02,2.7930e+03,1.0705e+01,-3.2577e+04,-3.2588e+04,-5.9210e+00,-3.2588e+04,4.5656e-01,1.0526e+01,1.6233e+04,1.0205e+04,-6.9329e-01,-9.4831e-01,1.9482e+00,7.6518e+00
2.0000e+03,3.0000e+02,2.8440e+03,1.0549e+01,-3.1737e+04,-3.1747e+04,-5.9408e+00,-3.1747e+04,4.5699e-01,1.0546e+01,1.6213e+04,1.0396e+04,-5.2587e-01,-2.4690e+00,2.0636e+00,1.6592e+00
2.0000e+03,3.0100e+02,2.8900e+03,1.0415e+01,-3.1681e+04,-3.1692e+04,-5.9606e+00,-3.1692e+04,4.5742e-01,1.0566e+01,1.5372e+04,1.0569e+04,7.3048e-02,-1.2653e+00,2.0593e+00,8.5272e+00
2.0000e+03,3.0200e+02,2.9650e+03,1.0185e+01,-3.1483e+04,-3.1493e+04,-5.9804e+00,-3.1493e+04,4.5784e-01,1.0586e+01,1.5317e+04,1.0851e+04,1.6645e-01,-2.2988e+00,2.0858e+00,5.8346e+00
2.0000e+03,3.0300e+02,2.9810e+03,1.0164e+01,-3.1477e+04,-3.1487e+04,-6.0002e+00,-3.1487e+04,4.5730e-01,1.0561e+01,1.5118e+04,1.0912e+04,1.6387e-01,-2.4027e+00,1.9891e+00,7.2746e+00
2.0000e+03,3.0400e+02,2.9820e+03,1.0195e+01,-3.1461e+04,-3.1472e+04,-6.0200e+00,-3.1472e+04,4.5870e-01,1.0625e+01,1.5112e+04,1.0915e+04,3.6669e-01,-2.2655e+00,2.0567e+00,8.7494e+00
2.0000e+03,3.0500e+02,3.0010e+03,1.0163e+01,-3.1446e+04,-3.1457e+04,-6.0398e+00,-3.1457e+04,4.5913e-01,1.0645e+01,1.5097e+04,1.0987e+04,2.7797e-01,-2.3511e+00,2.0821e+00,6.9229e+00
2.0000e+03,3.0600e+02,3.0610e+03,9.9967e+00,-3.1122e+04,-3.1133e+04,-6.0596e+00,-3.1133e+04,4.5955e-01,1.0665e+01,1.5082e+04,1.1213e+04,2.2821e-01,-2.3998e+00,1.9898e+00,8.3431e+00
2.0000e+03,3.0700e+02,3.1050e+03,9.8873e+00,-3.0909e+04,-3.0920e+04,-6.0794e+00,-3.0920e+04,4.5998e-01,1.0685e+01,1.4758e+04,1.1380e+04,-1.3078e+00,-7.0666e-01,2.0520e+00,5.6716e+00
2.0000e+03,3.0800e+02,3.1270e+03,9.8497e+00,-3.0046e+04,-3.0057e+04,-6.0992e+00,-3.0057e+04,4.6041e-01,1.0704e+01,1.4544e+04,1.1463e+04,-2.2783e-01,-9.3751e-01,1.9817e+00,8.6839e+00
2.0000e+03,3.0900e+02,3.1350e+03,9.8565e+00,-2.9876e+04,-2.9886e+04,-6.1190e+00,-2.9886e+04,4.6083e-01,1.0724e+01,1.3682e+04,1.1493e+04,-5.2574e-04,-1.7904e+00,2.0313e+00,7.2190e+00
2.0000e+03,3.1000e+02,3.1440e+03,9.8601e+00,-2.9811e+04,-2.9822e+04,-6.1388e+00,-2.9822e+04,4.6126e-01,1.0744e+01,1.3511e+04,1.1527e+04,1.5950e-01,-1.9921e+00,2.0860e+00,6.1820e+00
2.0000e+03,3.1100e+02,3.1510e+03,9.8699e+00,-2.9759e+04,-2.9770e+04,-6.1586e+00,-2.9770e+04,4.6168e-01,1.0764e+01,1.3447e+04,1.1553e+04,2.9743e-01,-2.1514e+00,2.0680e+00,7.6819e+00
2.0000e+03,3.1200e+02,3.1560e+03,9.8859e+00,-2.9518e+04,-2.9529e+04,-6.1784e+00,-2.9529e+04,4.6211e-01,1.0784e+01,1.3395e+04,1.1572e+04,-6.9231e-02,-2.2948e+00,1.9984e+00,5.0080e+00
2.0000e+03,3.1300e+02,3.1710e+03,9.8707e+00,-2.9004e+04,-2.9015e+04,-6.1982e+00,-2.9015e+04,4.6253e-01,1.0803e+01,1.3154e+04,1.1628e+04,-5.5453e-01,-1.8591e+00,2.0358e+00,3.1172e+00
2.0000e+03,3.1400e+02,3.1960e+03,9.8248e+00,-2.8878e+04,-2.8889e+04,-6.2180e+00,-2.8889e+04,4.6296e-01,1.0823e+01,1.2640e+04,1.1723e+04,-9.6861e-02,-1.1831e+00,2.0148e+00,6.6952e+00
2.0000e+03,3.1500e+02,3.2440e+03,9.7102e+00,-2.8724e+04,-2.8734e+04,-6.2378e+00,-2.8734e+04,4.6338e-01,1.0843e+01,1.2514e+04,1.1902e+04,-1.4528e+00,-6.8466e-01,2.0106e+00,6.3963e+00
2.0000e+03,3.1600e+02,3.2790e+03,9.6371e+00,-2.8419e+04,-2.8430e+04,-6.2576e+00,-2.8430e+04,4.6380e-01,1.0863e+01,1.2359e+04,1.2034e+04,-4.0765e-01,-2.0068e+00,1.9944e+00,4.6728e+00
2.0000e+03,3.1700e+02,3.4530e+03,9.1804e+00,-2.7986e+04,-2.7997e+04,-6.2774e+00,-2.7997e+04,4.6422e-01,1.0883e+01,1.2055e+04,1.2688e+04,-2.1720e-01,-1.7757e+00,2.0214e+00,5.7434e+00
2.0000e+03,3.1800e+02,3.4570e+03,9.1987e+00,-2.7803e+04,-2.7814e+04,-6.2972e+00,-2.7814e+04,4.6465e-01,1.0902e+01,1.1622e+04,1.2704e+04,-7.3351e-04,-2.4515e+00,2.0896e+00,5.0412e+00
2.0000e+03,3.1900e+02,3.4870e+03,9.1483e+00,-2.7702e+04,-2.7713e+04,-6.3170e+00,-2.7713e+04,4.6507e-01,1.0922e+01,1.1439e+04,1.2817e+04,-2.0774e-01,-1.7826e+00,2.0773e+00,4.2477e+00
2.0000e+03,3.2000e+02,3.4970e+03,9.1507e+00,-2.7318e+04,-2.7329e+04,-6.3368e+00,-2.7329e+04,4.6549e-01,1.0942e+01,1.1337e+04,1.2854e+04,5.2245e-02,-1.7182e+00,1.9723e+00,8.6244e+00
2.0000e+03,3.2100e+02,3.5230e+03,9.1116e+00,-2.7213e+04,-2.7224e+04,-6.3566e+00,-2.7224e+04,4.6591e-01,1.0962e+01,1.1385e+04,1.2952e+04,-1.9756e-02,-1.3025e+00,2.0635e+00,6.3604e+00
2.0000e+03,3.2200e+02,3.5340e+03,9.1115e+00,-2.7151e+04,-2.7162e+04,-6.3764e+00,-2.7162e+04,4.6633e-01,1.0982e+01,1.1280e+04,1.2993e+04,-4.1210e-01,-2.1656e+00,1.9700e+00,4.1159e+00
2.0000e+03,3.2300e+02,3.5440e+03,9.1140e+00,-2.6766e+04,-2.6777e+04,-6.3962e+00,-2.6777e+04,4.6675e-01,1.1001e+01,1.1218e+04,1.3030e+04,-4.4736e-01,-1.6810e+00,2.0460e+00,2.9558e+00
2.0000e+03,3.2400e+02,3.5520e+03,9.1216e+00,-2.6711e+04,-2.6722e+04,-6.4161e+00,-2.6722e+04,4.6717e-01,1.1021e+01,1.0833e+04,1.3060e+04,-3.9387e-01,-1.3035e+00,1.9481e+00,6.6977e+00
2.0000e+03,3.2500e+02,3.5950e+03,9.0403e+00,-2.6425e+04,-2.6436e+04,-6.4359e+00,-2.6436e+04,4.6759e-01,1.1041e+01,1.0778e+04,1.3222e+04,-2.0809e-01,-1.1002e+00,2.0414e+00,6.5747e+00
2.0000e+03,3.2600e+02,3.6400e+03,8.9560e+00,-2.6240e+04,-2.6251e+04,-6.4557e+00,-2.6251e+04,4.6801e-01,1.1061e+01,1.0492e+04,1.3391e+04,5.0496e-02,-2.3742e+00,2.0195e+00,7.3283e+00
2.0000e+03,3.2700e+02,3.6490e+03,8.9614e+00,-2.6153e+04,-2.6164e+04,-6.4755e+00,-2.6164e+04,4.6843e-01,1.1081e+01,1.0307e+04,1.3425e+04,2.3419e-02,-2.3060e+00,1.9829e+00,7.5792e+00
2.0000e+03,3.2800e+02,3.6530e+03,8.9789e+00,-2.5909e+04,-2.5920e+04,-6.4953e+00,-2.5920e+04,4.6885e-01,1.1100e+01,1.0220e+04,1.3440e+04,2.5280e-02,-1.2352e+00,2.0483e+00,7.3768e+00
2.0000e+03,3.2900e+02,3.7140e+03,8.8584e+00,-2.5320e+04,-2.5331e+04,-6.5151e+00,-2.5331e+04,4.6927e-01,1.1120e+01,9.9761e+03,1.3670e+04,-2.9926e-01,-1.5118e+00,2.0438e+00,4.9888e+00
2.0000e+03,3.3000e+02,3.8860e+03,8.4920e+00,-2.5278e+04,-2.5289e+04,-6.5349e+00,-2.5289e+04,4.6968e-01,1.1140e+01,9.3867e+03,1.4317e+04,-4.7241e-01,-1.0273e+00,1.9372e+00,7.7128e+00
2.0000e+03,3.3100e+02,3.9050e+03,8.4763e+00,-2.5087e+04,-2.5098e+04,-6.5547e+00,-2.5098e+04,4.7010e-01,1.1160e+01,9.3451e+03,1.4389e+04,-5.1968e-01,-8.7442e-01,1.9371e+00,8.8248e+00
2.0000e+03,3.3200e+02,3.9260e+03,8.4564e+00,-2.5047e+04,-2.5058e+04,-6.5745e+00,-2.5058e+04,4.7052e-01,1.1180e+01,9.1541e+03,1.4468e+04,1.2216e-01,-2.0566e+00,1.9848e+00,8.0463e+00
2.0000e+03,3.3300e+02,3.9960e+03,8.3333e+00,-2.4761e+04,-2.4773e+04,-6.5943e+00,-2.4773e+04,4.7093e-01,1.1199e+01,1.0425e+04,1.4732e+04,-2.2378e-01,-2.4224e+00,2.0661e+00,3.7479e+00
2.0000e+03,3.3400e+02,4.1060e+03,8.1344e+00,-2.4734e+04,-2.4745e+04,-6.6141e+00,-2.4745e+04,4.7135e-01,1.1219e+01,1.0139e+04,1.5148e+04,-1.5530e-01,-1.2235e+00,1.9362e+00,8.8794e+00
2.0000e+03,3.3500e+02,4.3370e+03,7.7242e+00,-2.4477e+04,-2.4488e+04,-6.6339e+00,-2.4488e+04,4.7177e-01,1.1239e+01,1.0111e+04,1.6020e+04,4.1455e-02,-1.9562e+00,1.9816e+00,6.8656e+00
2.0000e+03,3.3600e+02,4.3800e+03,7.6712e+00,-2.4468e+04,-2.4480e+04,-6.6537e+00,-2.4480e+04,4.7209e-01,1.1255e+01,9.8543e+03,1.6183e+04,9.3082e-02,-1.6197e+00,1.9981e+00,7.3655e+00
2.0000e+03,3.3700e+02,4.4920e+03,7.5022e+00,-2.4239e+04,-2.4250e+04,-6.6735e+00,-2.4250e+04,4.7260e-01,1.1279e+01,9.8459e+03,1.6607e+04,-7.9508e-01,-1.0779e+00,2.0315e+00,3.7727e+00
2.0000e+03,3.3800e+02,4.5180e+03,7.4812e+00,-2.4182e+04,-2.4194e+04,-6.6933e+00,-2.4194e+04,4.7301e-01,1.1298e+01,9.6163e+03,1.6705e+04,-6.4581e-01,-8.4609e-01,1.9619e+00,6.9571e+00
2.0000e+03,3.3900e+02,4.5400e+03,7.4670e+00,-2.4123e+04,-2.4134e+04,-6.7131e+00,-2.4134e+04,4.7343e-01,1.1318e+01,9.5598e+03,1.6788e+04,-1.2272e-01,-1.4586e+00,1.9901e+00,7.7964e+00
2.0000e+03,3.4000e+02,4.8620e+03,6.9930e+00,-2.4085e+04,-2.4096e+04,-6.7329e+00,-2.4096e+04,4.7384e-01,1.1338e+01,9.5001e+03,1.8008e+04,-2.6601e-01,-2.2995e+00,2.0567e+00,4.0392e+00
2.0000e+03,3.4100e+02,5.0150e+03,6.7996e+00,-2.3987e+04,-2.3998e+04,-6.7527e+00,-2.3998e+04,4.7425e-01,1.1358e+01,9.4620e+03,1.8587e+04,-5.4285e-01,-1.1725e+00,2.0491e+00,4.3483e+00
2.0000e+03,3.4200e+02,5.1230e+03,6.6758e+00,-2.3911e+04,-2.3923e+04,-6.7725e+00,-2.3923e+04,4.7467e-01,1.1378e+01,9.3640e+03,1.8994e+04,-8.7492e-01,-9.3949e-01,1.9946e+00,4.2563e+00
2.0000e+03,3.4300e+02,5.3930e+03,6.3601e+00,-2.3903e+04,-2.3914e+04,-6.7923e+00,-2.3914e+04,4.7498e-01,1.1393e+01,9.2888e+03,2.0009e+04,1.2730e-01,-1.7620e+00,2.0557e+00,6.9823e+00
2.0000e+03,3.4400e+02,5.4200e+03,6.3469e+00,-2.3715e+04,-2.3726e+04,-6.8121e+00,-2.3726e+04,4.7549e-01,1.1417e+01,9.2805e+03,2.0111e+04,-5.3166e-02,-1.6352e+00,2.0592e+00,5.2663e+00
2.0000e+03,3.4500e+02,5.4650e+03,6.3129e+00,-2.3682e+04,-2.3694e+04,-6.8319e+00,-2.3694e+04,4.7590e-01,1.1437e+01,9.0921e+03,2.0280e+04,1.5448e-01,-1.5637e+00,2.0025e+00,8.7985e+00
2.0000e+03,3.4600e+02,5.5010e+03,6.2898e+00,-2.3604e+04,-2.3616e+04,-6.8517e+00,-2.3616e+04,4.7632e-01,1.1457e+01,9.0595e+03,2.0415e+04,-7.5342e-01,-1.0192e+00,2.0164e+00,3.7668e+00
2.0000e+03,3.4700e+02,5.7010e+03,6.0867e+00,-2.3539e+04,-2.3550e+04,-6.8715e+00,-2.3550e+04,4.7673e-01,1.1477e+01,8.9816e+03,2.1160e+04,-9.9693e-01,-6.4331e-01,2.0001e+00,7.9939e+00
2.0000e+03,3.4800e+02,5.7790e+03,6.0218e+00,-2.3480e+04,-2.3491e+04,-6.8913e+00,-2.3491e+04,4.7714e-01,1.1496e+01,8.9164e+03,2.1450e+04,-2.5362e-01,-2.3486e+00,2.0611e+00,3.7376e+00
2.0000e+03,3.4900e+02,5.9170e+03,5.8983e+00,-2.3337e+04,-2.3348e+04,-6.9111e+00,-2.3348e+04,4.7755e-01,1.1516e+01,8.8571e+03,2.1965e+04,-1.5781e-01,-1.0187e+00,1.9921e+00,8.6341e+00
2.0000e+03,3.5000e+02,5.9650e+03,5.8676e+00,-2.3307e+04,-2.3318e+04,-6.9309e+00,-2.3318e+04,4.7796e-01,1.1536e+01,8.7142e+03,2.2144e+04,-4.1667e-01,-2.3427e+00,1.9840e+00,4.0925e+00
2.0000e+03,3.5100e+02,5.9970e+03,5.8529e+00,-2.3176e+04,-2.3187e+04,-6.9507e+00,-2.3187e+04,4.7837e-01,1.1556e+01,8.6842e+03,2.2263e+04,-6.9384e-02,-1.2246e+00,2.0423e+00,7.1466e+00
2.0000e+03,3.5200e+02,6.4480e+03,5.4591e+00,-2.3159e+04,-2.3171e+04,-6.9705e+00,-2.3171e+04,4.7878e-01,1.1576e+01,8.5531e+03,2.3945e+04,2.0115e-02,-2.2277e+00,2.0629e+00,5.8667e+00
2.0000e+03,3.5300e+02,6.4790e+03,5.4484e+00,-2.3158e+04,-2.3170e+04,-6.9903e+00,-2.3169e+04,4.5870e-01,1.0625e+01,8.5368e+03,2.4061e+04,-3.0387e-01,-1.5009e+00,1.9477e+00,5.8533e+00
2.0000e+03,3.5400e+02,6.5230e+03,5.4270e+00,-2.3112e+04,-2.3124e+04,-7.0101e+00,-2.3124e+04,4.7960e-01,1.1615e+01,8.5353e+03,2.4223e+04,-5.0050e-01,-1.0739e+00,1.9830e+00,6.8301e+00
2.0000e+03,3.5500e+02,6.5270e+03,5.4389e+00,-2.3008e+04,-2.3020e+04,-7.0299e+00,-2.3020e+04,4.8001e-01,1.1635e+01,8.4896e+03,2.4238e+04,-2.9325e-01,-2.0302e+00,2.0400e+00,4.3968e+00
2.0000e+03,3.5600e+02,6.5400e+03,5.4434e+00,-2.2964e+04,-2.2976e+04,-7.0497e+00,-2.2976e+04,4.8041e-01,1.1655e+01,8.3858e+03,2.4286e+04,-3.4529e-01,-1.4311e+00,2.0100e+00,5.5922e+00
2.0000e+03,3.5700e+02,6.5550e+03,5.4462e+00,-2.2850e+04,-2.2861e+04,-7.0695e+00,-2.2861e+04,4.8082e-01,1.1675e+01,8.3417e+03,2.4341e+04,-2.8854e-01,-1.1894e+00,2.0028e+00,7.1141e+00
2.0000e+03,3.5800e+02,6.5920e+03,5.4308e+00,-2.2632e+04,-2.2644e+04,-7.0893e+00,-2.2644e+04,4.8123e-01,1.1695e+01,8.2273e+03,2.4477e+04,-1.7186e-01,-1.3171e+00,2.0061e+00,7.3731e+00
2.0000e+03,3.5900e+02,6.5970e+03,5.4419e+00,-2.2440e+04,-2.2452e+04,-7.1091e+00,-2.2452e+04,4.8164e-01,1.1714e+01,8.0094e+03,2.4495e+04,-5.5187e-01,-8.0148e-01,1.9738e+00,8.3292e+00
2.0000e+03,3.6000e+02,6.6240e+03,5.4348e+00,-2.1995e+04,-2.2007e+04,-7.1289e+00,-2.2007e+04,4.8204e-01,1.1734e+01,7.8179e+03,2.4594e+04,-3.4991e-01,-9.3578e-01,2.0114e+00,7.8611e+00
2.0000e+03,3.6100e+02,6.6680e+03,5.4139e+00,-2.1814e+04,-2.1826e+04,-7.1487e+00,-2.1826e+04,4.8245e-01,1.1754e+01,7.3728e+03,2.4756e+04,-5.3969e-01,-1.0527e+00,2.0431e+00,4.7493e+00
2.0000e+03,3.6200e+02,6.6690e+03,5.4281e+00,-2.1515e+04,-2.1527e+04,-7.1686e+00,-2.1527e+04,4.8286e-01,1.1774e+01,7.1913e+03,2.4760e+04,-3.0597e-02,-2.3924e+00,1.9962e+00,6.7751e+00
2.0000e+03,3.6300e+02,6.6900e+03,5.4260e+00,-2.1393e+04,-2.1405e+04,-7.1884e+00,-2.1405e+04,4.8326e-01,1.1794e+01,6.8928e+03,2.4837e+04,-1.5914e-01,-2.0385e+00,2.0195e+00,4.4436e+00
2.0000e+03,3.6400e+02,6.7110e+03,5.4239e+00,-2.1325e+04,-2.1336e+04,-7.2082e+00,-2.1336e+04,4.8367e-01,1.1813e+01,6.7709e+03,2.4914e+04,-5.1152e-01,-1.4347e+00,2.0324e+00,3.8744e+00
2.0000e+03,3.6500e+02,6.7230e+03,5.4291e+00,-2.1303e+04,-2.1315e+04,-7.2280e+00,-2.1315e+04,4.8407e-01,1.1833e+01,6.7020e+03,2.4958e+04,-3.6756e-01,-1.7017e+00,1.9679e+00,4.6946e+00
2.0000e+03,3.6600e+02,6.7360e+03,5.4335e+00,-2.1269e+04,-2.1281e+04,-7.2478e+00,-2.1281e+04,4.8448e-01,1.1853e+01,6.6806e+03,2.5006e+04,-3.4667e-01,-1.8477e+00,2.0075e+00,3.7046e+00
2.0000e+03,3.6700e+02,6.7710e+03,5.4202e+00,-2.1248e+04,-2.1260e+04,-7.2676e+00,-2.1260e+04,4.8488e-01,1.1873e+01,6.6462e+03,2.5135e+04,-3.9787e-01,-1.1168e+00,2.0218e+00,6.1654e+00
2.0000e+03,3.6800e+02,6.7750e+03,5.4317e+00,-2.1173e+04,-2.1185e+04,-7.2874e+00,-2.1185e+04,4.8529e-01,1.1893e+01,6.6253e+03,2.5150e+04,-3.9461e-01,-1.4500e+00,2.0225e+00,3.8882e+00
2.0000e+03,3.6900e+02,6.7940e+03,5.4313e+00,-2.1100e+04,-2.1112e+04,-7.3072e+00,-2.1112e+04,4.8569e-01,1.1912e+01,6.5505e+03,2.5219e+04,-5.4444e-01,-1.2595e+00,1.9784e+00,5.0618e+00
2.0000e+03,3.7000e+02,6.8240e+03,5.4220e+00,-2.0907e+04,-2.0919e+04,-7.3270e+00,-2.0919e+04,4.8609e-01,1.1932e+01,6.4778e+03,2.5328e+04,-1.9256e-01,-2.3825e+00,1.9934e+00,4.4647e+00
2.0000e+03,3.7100e+02,6.8250e+03,5.4359e+00,-2.0845e+04,-2.0856e+04,-7.3468e+00,-2.0856e+04,4.8650e-01,1.1952e+01,6.2848e+03,2.5332e+04,-2.1141e-01,-1.1933e+00,1.9591e+00,8.9471e+00
2.0000e+03,3.7200e+02,6.8690e+03,5.4156e+00,-2.0841e+04,-2.0853e+04,-7.3666e+00,-2.0853e+04,4.8268e-01,1.1765e+01,6.2220e+03,2.5492e+04,-8.4558e-01,-9.7508e-01,1.9972e+00,4.2430e+00
2.0000e+03,3.7300e+02,6.8860e+03,5.4168e+00,-2.0570e+04,-2.0582e+04,-7.3864e+00,-2.0582e+04,4.8730e-01,1.1992e+01,6.2181e+03,2.5554e+04,-1.3771e-01,-1.9200e+00,1.9626e+00,6.3980e+00
2.0000e+03,3.7400e+02,6.8900e+03,5.4282e+00,-2.0501e+04,-2.0513e+04,-7.4062e+00,-2.0513e+04,4.8771e-01,1.2011e+01,5.9470e+03,2.5568e+04,-4.0463e-01,-1.4253e+00,2.0160e+00,3.9713e+00
2.0000e+03,3.7500e+02,6.8970e+03,5.4371e+00,-2.0194e+04,-2.0206e+04,-7.4260e+00,-2.0206e+04,4.8811e-01,1.2031e+01,5.8788e+03,2.5594e+04,-4.4559e-01,-1.0128e+00,1.9732e+00,6.2990e+00
2.0000e+03,3.7600e+02,6.9090e+03,5.4422e+00,-2.0169e+04,-2.0181e+04,-7.4458e+00,-2.0181e+04,4.8851e-01,1.2051e+01,5.5716e+03,2.5637e+04,-2.2807e-01,-1.5015e+00,1.9587e+00,6.8825e+00
2.0000e+03,3.7700e+02,6.9260e+03,5.4433e+00,-2.0054e+04,-2.0066e+04,-7.4656e+00,-2.0066e+04,4.8891e-01,1.2071e+01,5.5467e+03,2.5699e+04,-5.8537e-01,-9.6212e-01,1.9976e+00,5.3790e+00
2.0000e+03,3.7800e+02,6.9440e+03,5.4435e+00,-2.0049e+04,-2.0061e+04,-7.4854e+00,-2.0061e+04,4.8639e-01,1.1947e+01,5.4310e+03,2.5764e+04,-4.4759e-01,-1.6092e+00,1.9818e+00,4.4257e+00
2.0000e+03,3.7900e+02,6.9460e+03,5.4564e+00,-2.0027e+04,-2.0039e+04,-7.5052e+00,-2.0039e+04,4.8971e-01,1.2110e+01,5.4267e+03,2.5771e+04,-2.3656e-01,-1.1965e+00,2.0232e+00,6.2789e+00
2.0000e+03,3.8000e+02,6.9700e+03,5.4519e+00,-1.9954e+04,-1.9967e+04,-7.5250e+00,-1.9967e+04,4.9011e-01,1.2130e+01,5.4041e+03,2.5858e+04,-1.9424e-01,-1.0323e+00,1.9716e+00,8.8417e+00
2.0000e+03,3.8100e+02,6.9740e+03,5.4631e+00,-1.9948e+04,-1.9960e+04,-7.5448e+00,-1.9960e+04,4.9009e-01,1.2129e+01,5.3319e+03,2.5873e+04,2.5657e-03,-1.2940e+00,2.0016e+00,7.9344e+00
2.0000e+03,3.8200e+02,7.0060e+03,5.4525e+00,-1.9912e+04,-1.9925e+04,-7.5646e+00,-1.9925e+04,4.9091e-01,1.2170e+01,5.3253e+03,2.5990e+04,-5.5058e-01,-1.3221e+00,2.0131e+00,4.2798e+00
2.0000e+03,3.8300e+02,7.0340e+03,5.4450e+00,-1.9876e+04,-1.9888e+04,-7.5844e+00,-1.9888e+04,4.9131e-01,1.2190e+01,5.2898e+03,2.6092e+04,-2.1861e-02,-2.2685e+00,2.0571e+00,5.1954e+00
2.0000e+03,3.8400e+02,7.0450e+03,5.4507e+00,-1.9828e+04,-1.9840e+04,-7.6042e+00,-1.9840e+04,4.9171e-01,1.2209e+01,5.2531e+03,2.6132e+04,-1.2458e-01,-2.0547e+00,2.0539e+00,4.6315e+00
2.0000e+03,3.8500e+02,7.0660e+03,5.4486e+00,-1.9786e+04,-1.9799e+04,-7.6240e+00,-1.9799e+04,4.9211e-01,1.2229e+01,5.2054e+03,2.6208e+04,-1.5686e-01,-1.5740e+00,2.0319e+00,4.9875e+00
2.0000e+03,3.8600e+02,7.1060e+03,5.4320e+00,-1.9696e+04,-1.9708e+04,-7.6438e+00,-1.9708e+04,4.9251e-01,1.2249e+01,5.1639e+03,2.6353e+04,2.9652e-02,-1.7276e+00,2.0025e+00,7.4379e+00
2.0000e+03,3.8700e+02,7.1470e+03,5.4149e+00,-1.9656e+04,-1.9668e+04,-7.6636e+00,-1.9668e+04,4.9290e-01,1.2269e+01,5.0735e+03,2.6501e+04,-1.1472e-01,-1.5801e+00,1.9870e+00,7.1797e+00
2.0000e+03,3.8800e+02,7.4190e+03,5.2298e+00,-1.9655e+04,-1.9667e+04,-7.6834e+00,-1.9666e+04,4.7316e-01,1.1306e+01,5.0331e+03,2.7488e+04,-1.7234e-01,-2.2492e+00,1.9960e+00,4.6284e+00
2.0000e+03,3.8900e+02,7.5310e+03,5.1653e+00,-1.9600e+04,-1.9613e+04,-7.7032e+00,-1.9613e+04,4.9370e-01,1.2308e+01,5.0315e+03,2.7894e+04,-8.1851e-01,-7.8813e-01,1.9661e+00,8.4108e+00
2.0000e+03,3.9000e+02,7.5320e+03,5.1779e+00,-1.9579e+04,-1.9592e+04,-7.7230e+00,-1.9592e+04,4.9410e-01,1.2328e+01,4.9778e+03,2.7898e+04,-2.0216e-01,-2.2265e+00,1.9682e+00,5.1607e+00
2.0000e+03,3.9100e+02,7.7220e+03,5.0635e+00,-1.9577e+04,-1.9589e+04,-7.7428e+00,-1.9589e+04,4.8303e-01,1.1782e+01,4.9567e+03,2.8588e+04,-2.0127e-01,-2.0813e+00,1.9615e+00,5.7182e+00
2.0000e+03,3.9200e+02,7.9720e+03,4.9172e+00,-1.9431e+04,-1.9443e+04,-7.7626e+00,-1.9443e+04,4.9489e-01,1.2368e+01,4.9542e+03,2.9497e+04,-5.4325e-01,-9.9533e-01,1.9686e+00,7.2749e+00
2.0000e+03,3.9300e+02,7.9780e+03,4.9260e+00,-1.9394e+04,-1.9406e+04,-7.7824e+00,-1.9406e+04,4.9528e-01,1.2388e+01,4.8084e+03,2.9518e+04,-5.3832e-01,-1.1129e+00,1.9851e+00,4.9134e+00
2.0000e+03,3.9400e+02,8.0240e+03,4.9103e+00,-1.9351e+04,-1.9364e+04,-7.8022e+00,-1.9364e+04,4.9568e-01,1.2407e+01,4.7709e+03,2.9684e+04,-1.7942e-01,-1.4831e+00,2.0193e+00,6.1612e+00
2.0000e+03,3.9500e+02,8.0630e+03,4.8989e+00,-1.9303e+04,-1.9315e+04,-7.8220e+00,-1.9315e+04,4.9608e-01,1.2427e+01,4.7286e+03,2.9825e+04,-1.9172e-01,-1.9706e+00,2.0158e+00,5.4676e+00
2.0000e+03,3.9600e+02,8.0930e+03,4.8931e+00,-1.9238e+04,-1.9251e+04,-7.8418e+00,-1.9251e+04,4.9647e-01,1.2447e+01,4.6800e+03,2.9933e+04,-3.9326e-01,-1.2490e+00,1.9621e+00,6.4450e+00
2.0000e+03,3.9700e+02,8.1010e+03,4.9006e+00,-1.9237e+04,-1.9249e+04,-7.8616e+00,-1.9249e+04,4.7942e-01,1.1607e+01,4.6156e+03,2.9962e+04,-2.7210e-01,-2.2690e+00,2.0315e+00,3.6966e+00
2.0000e+03,3.9800e+02,8.5720e+03,4.6430e+00,-1.9197e+04,-1.9209e+04,-7.8814e+00,-1.9209e+04,4.9726e-01,1.2487e+01,4.6138e+03,3.1666e+04,-1.0517e+00,-7.2901e-01,2.0021e+00,5.9383e+00
2.0000e+03,3.9900e+02,8.5760e+03,4.6525e+00,-1.9092e+04,-1.9104e+04,-7.9012e+00,-1.9104e+04,4.9765e-01,1.2506e+01,4.5740e+03,3.1681e+04,5.0162e-02,-2.3661e+00,2.0413e+00,6.2353e+00
