nlive,niter,nc,eff,logl,logwt,logvol,logz,logzerr,h,delta_logz,time_elapsed,logfeh_mean,logdust_med,logSFH0,logSFH1,logSFH2,logSFH3,logSFH4,logSFH5,dmod
2.0000e+03,1.0000e+00,1.0000e+00,3.3223e-01,-1.2012e+06,-1.2012e+06,-3.3278e-03,-inf,1.4594e-01,6.4001e+00,inf,1.9302e+03,-2.3973e-01,-1.1054e+00,-1.1435e+00,-7.6294e-01,3.5387e-01,-9.6253e-02,2.4321e+00,3.0678e+00,2.9728e+01
2.0000e+03,2.0000e+00,1.0000e+00,6.6225e-01,-1.1990e+06,-1.1990e+06,-6.6556e-03,-inf,1.4598e-01,6.4036e+00,9.4639e+05,1.9369e+03,-1.3737e+00,-1.9194e+00,-1.0547e+00,-1.0948e+00,3.1015e-01,-1.8876e-01,3.2593e+00,3.6065e+00,2.9242e+01
2.0000e+03,3.0000e+00,1.0000e+00,9.9010e-01,-1.1955e+06,-1.1955e+06,-9.9834e-03,-inf,1.4602e-01,6.4069e+00,9.4414e+05,1.9437e+03,1.8891e-01,-3.3581e-01,-1.4226e+00,3.1835e-01,1.2127e+00,8.2071e-01,2.9290e+00,2.7163e+00,2.9725e+01
2.0000e+03,4.0000e+00,1.0000e+00,1.3158e+00,-1.1955e+06,-1.1955e+06,-1.3311e-02,-inf,1.4606e-01,6.4104e+00,9.4070e+05,1.9492e+03,-2.1384e-01,-6.3829e-01,-8.2720e-01,9.3168e-01,7.8845e-01,9.3175e-01,1.4634e+00,3.5627e+00,2.9722e+01
2.0000e+03,5.0000e+00,1.0000e+00,1.6393e+00,-1.1951e+06,-1.1951e+06,-1.6639e-02,-inf,1.4609e-01,6.4136e+00,9.4067e+05,1.9560e+03,3.6827e-01,-8.2302e-01,-2.4489e-01,-6.4396e-01,-6.0813e-01,2.0816e+00,9.0802e-01,3.2178e+00,2.9518e+01
2.0000e+03,6.0000e+00,1.0000e+00,1.9608e+00,-1.1937e+06,-1.1938e+06,-1.9967e-02,-inf,1.4613e-01,6.4168e+00,9.4024e+05,1.9628e+03,1.1413e-01,-1.7526e+00,-3.6437e-01,2.6913e-01,7.0313e-01,2.3781e-01,2.2400e+00,3.1585e+00,2.9992e+01
2.0000e+03,7.0000e+00,1.0000e+00,2.2801e+00,-1.1915e+06,-1.1915e+06,-2.3295e-02,-inf,1.4617e-01,6.4203e+00,9.3893e+05,1.9695e+03,-1.1895e+00,-1.0770e-01,-6.7562e-01,-5.8446e-01,-1.7943e-01,2.2991e+00,1.5809e+00,3.4649e+00,2.9800e+01
2.0000e+03,8.0000e+00,1.0000e+00,2.5974e+00,-1.1912e+06,-1.1912e+06,-2.6622e-02,-inf,1.4621e-01,6.4235e+00,9.3666e+05,1.9762e+03,1.6521e-01,-1.3871e+00,-9.1790e-01,3.7493e-01,2.6308e-01,9.2195e-01,2.0782e+00,3.4285e+00,2.9057e+01
2.0000e+03,9.0000e+00,1.0000e+00,2.9126e+00,-1.1910e+06,-1.1910e+06,-2.9950e-02,-inf,1.4624e-01,6.4267e+00,9.3633e+05,1.9830e+03,-6.5798e-02,-3.7317e-01,-1.3774e+00,-1.2385e+00,1.0751e-02,1.7673e+00,2.2459e+00,2.9527e+00,2.9496e+01
2.0000e+03,1.0000e+01,1.0000e+00,3.2258e+00,-1.1882e+06,-1.1882e+06,-3.3278e-02,-inf,1.4628e-01,6.4302e+00,9.3620e+05,1.9886e+03,1.2861e-01,4.0325e-01,2.0958e-01,-1.2950e+00,1.7218e+00,2.5139e+00,3.3869e+00,3.0487e+00,2.9731e+01
2.0000e+03,1.1000e+01,1.0000e+00,3.5370e+00,-1.1877e+06,-1.1878e+06,-3.6606e-02,-inf,1.4632e-01,6.4335e+00,9.3333e+05,1.9952e+03,4.4758e-01,-6.6130e-01,-4.4757e-01,-1.3666e+00,9.1314e-01,2.5794e+00,3.3824e+00,3.5908e+00,2.6739e+01
2.0000e+03,1.2000e+01,1.0000e+00,3.8462e+00,-1.1871e+06,-1.1871e+06,-3.9933e-02,-inf,1.4636e-01,6.4370e+00,9.3293e+05,2.0019e+03,-1.2642e+00,7.3441e-02,-1.3665e+00,2.7552e-01,5.2850e-01,6.0508e-01,6.4943e-01,3.6113e+00,2.9616e+01
2.0000e+03,1.3000e+01,1.0000e+00,4.1534e+00,-1.1840e+06,-1.1840e+06,-4.3261e-02,-inf,1.4640e-01,6.4402e+00,9.3225e+05,2.0086e+03,-6.0719e-01,-1.2329e+00,-1.7301e+00,-5.5232e-01,-1.0144e-01,-2.0481e-01,2.8917e+00,1.8022e+00,2.9568e+01
2.0000e+03,1.4000e+01,1.0000e+00,4.4586e+00,-1.1830e+06,-1.1830e+06,-4.6589e-02,-inf,1.4643e-01,6.4434e+00,9.2918e+05,2.0152e+03,3.6157e-01,-1.1525e+00,-1.4217e+00,1.1592e-01,1.1928e+00,5.8094e-01,3.0644e+00,3.5182e+00,2.9074e+01
2.0000e+03,1.5000e+01,1.0000e+00,4.7619e+00,-1.1827e+06,-1.1827e+06,-4.9917e-02,-inf,1.4647e-01,6.4469e+00,9.2816e+05,2.0220e+03,-6.1209e-01,3.1192e-01,2.3234e-01,-1.1883e+00,8.1315e-01,4.7003e-02,3.4795e+00,3.7929e+00,2.8779e+01
2.0000e+03,1.6000e+01,1.0000e+00,5.0633e+00,-1.1792e+06,-1.1792e+06,-5.3245e-02,-inf,1.4651e-01,6.4501e+00,9.2790e+05,2.0287e+03,-7.7633e-01,-1.7719e+00,-1.6462e+00,-4.0554e-01,1.6142e-01,2.6725e+00,3.3122e+00,1.1942e+00,2.8073e+01
2.0000e+03,1.7000e+01,1.0000e+00,5.3628e+00,-1.1792e+06,-1.1792e+06,-5.6572e-02,-inf,1.4593e-01,6.3992e+00,9.2440e+05,2.0354e+03,-1.2320e+00,4.8663e-01,-1.2435e+00,-4.8026e-01,8.0005e-01,-2.8694e-01,3.1816e+00,3.7325e+00,2.8228e+01
2.0000e+03,1.8000e+01,1.0000e+00,5.6604e+00,-1.1781e+06,-1.1781e+06,-5.9900e-02,-inf,1.4658e-01,6.4568e+00,9.2439e+05,2.0422e+03,-9.5707e-01,-1.9139e+00,9.9291e-02,1.2770e-01,-7.7896e-01,1.9574e+00,3.4447e+00,3.2050e+00,2.7376e+01
2.0000e+03,1.9000e+01,1.0000e+00,5.9561e+00,-1.1766e+06,-1.1766e+06,-6.3228e-02,-inf,1.4662e-01,6.4601e+00,9.2323e+05,2.0489e+03,-4.5076e-01,-1.2731e+00,-1.0974e+00,7.8320e-02,1.8910e+00,1.4074e+00,3.4488e+00,2.0901e+00,2.7665e+01
2.0000e+03,2.0000e+01,1.0000e+00,6.2500e+00,-1.1765e+06,-1.1765e+06,-6.6556e-02,-inf,1.4666e-01,6.4636e+00,9.2178e+05,2.0556e+03,-4.6106e-02,-7.5776e-01,-7.9010e-01,-3.2521e-01,-6.7423e-01,1.9880e+00,3.2615e+00,2.0688e+00,2.8084e+01
2.0000e+03,2.1000e+01,1.0000e+00,6.5421e+00,-1.1765e+06,-1.1765e+06,-6.9884e-02,-inf,1.3588e-01,5.5480e+00,9.2172e+05,2.0624e+03,5.7126e-02,-6.2892e-01,5.8390e-02,7.6991e-01,7.9428e-01,2.0106e+00,3.4392e+00,3.1684e+00,2.8457e+01
2.0000e+03,2.2000e+01,1.0000e+00,6.8323e+00,-1.1763e+06,-1.1763e+06,-7.3211e-02,-inf,1.4673e-01,6.4700e+00,9.2171e+05,2.0692e+03,-1.4368e+00,-1.8330e+00,-3.6283e-01,-8.1604e-01,-2.2849e-01,9.8815e-01,1.1783e+00,3.2860e+00,2.9566e+01
2.0000e+03,2.3000e+01,1.0000e+00,7.1207e+00,-1.1760e+06,-1.1760e+06,-7.6539e-02,-inf,1.4677e-01,6.4735e+00,9.2144e+05,2.0759e+03,-8.3325e-01,-7.0464e-01,-5.9790e-01,-1.3397e+00,8.2570e-01,2.2358e+00,3.3341e+00,2.8497e+00,2.6305e+01
2.0000e+03,2.4000e+01,1.0000e+00,7.4074e+00,-1.1758e+06,-1.1758e+06,-7.9867e-02,-inf,1.4681e-01,6.4767e+00,9.2120e+05,2.0826e+03,-3.0404e-01,-1.1428e+00,-9.7967e-01,-1.1214e+00,-4.0349e-01,3.9275e-01,3.3321e+00,2.5474e+00,2.7564e+01
2.0000e+03,2.5000e+01,1.0000e+00,7.6923e+00,-1.1756e+06,-1.1756e+06,-8.3195e-02,-inf,1.4685e-01,6.4802e+00,9.2096e+05,2.0882e+03,-1.2380e+00,-1.0453e+00,-1.5601e-01,1.4002e+00,6.4953e-02,-2.2657e-02,3.3218e+00,3.3719e+00,2.6104e+01
2.0000e+03,2.6000e+01,1.0000e+00,7.9755e+00,-1.1735e+06,-1.1735e+06,-8.6523e-02,-inf,1.4689e-01,6.4834e+00,9.2073e+05,2.0937e+03,-2.0244e-01,-1.1360e+00,-1.5204e-01,1.1996e+00,1.7070e+00,2.6148e+00,3.4237e+00,2.1084e+00,2.6337e+01
2.0000e+03,2.7000e+01,2.0000e+00,8.2317e+00,-1.1717e+06,-1.1717e+06,-8.9850e-02,-inf,1.4692e-01,6.4867e+00,9.1871e+05,2.1073e+03,4.9546e-01,-3.9108e-01,3.9409e-01,1.0536e-01,1.5801e+00,1.5368e+00,3.3885e+00,1.6992e+00,2.9383e+01
2.0000e+03,2.8000e+01,1.0000e+00,8.5106e+00,-1.1703e+06,-1.1703e+06,-9.3178e-02,-inf,1.4696e-01,6.4902e+00,9.1688e+05,2.1130e+03,-1.3987e+00,-1.2468e+00,-1.2114e+00,-1.4071e+00,-5.2225e-01,2.3611e-02,2.6709e+00,1.5189e+00,2.9606e+01
2.0000e+03,2.9000e+01,1.0000e+00,8.7879e+00,-1.1689e+06,-1.1689e+06,-9.6506e-02,-inf,1.4700e-01,6.4934e+00,9.1548e+05,2.1197e+03,4.6835e-01,-4.7365e-01,1.7313e-01,5.3050e-01,7.5216e-01,2.4221e-01,3.4225e+00,1.0886e+00,2.8993e+01
2.0000e+03,3.0000e+01,1.0000e+00,9.0634e+00,-1.1682e+06,-1.1682e+06,-9.9834e-02,-inf,1.4704e-01,6.4969e+00,9.1405e+05,2.1265e+03,-9.6198e-01,-8.0197e-01,-8.4111e-01,1.1839e+00,3.1624e-01,1.1036e-02,1.9107e+00,3.7475e+00,2.6268e+01
2.0000e+03,3.1000e+01,1.0000e+00,9.3373e+00,-1.1663e+06,-1.1663e+06,-1.0316e-01,-inf,1.4707e-01,6.5001e+00,9.1338e+05,2.1332e+03,-6.7977e-01,-1.9790e+00,-3.6732e-01,1.1244e+00,1.8647e+00,3.7933e-01,3.4525e+00,8.1875e-01,2.7341e+01
2.0000e+03,3.2000e+01,2.0000e+00,9.5808e+00,-1.1658e+06,-1.1658e+06,-1.0649e-01,-inf,1.4711e-01,6.5033e+00,9.1147e+05,2.1455e+03,-5.9170e-01,4.5590e-01,-1.3844e+00,-1.2521e+00,-7.0121e-01,-2.6545e-02,2.9376e+00,2.6896e+00,2.9135e+01
2.0000e+03,3.3000e+01,2.0000e+00,9.8214e+00,-1.1639e+06,-1.1639e+06,-1.0982e-01,-inf,1.4715e-01,6.5068e+00,9.1101e+05,2.1590e+03,-1.2050e+00,-5.4986e-01,-1.5315e+00,-6.7036e-02,1.6726e+00,6.6175e-01,1.4924e+00,3.5552e+00,2.8549e+01
2.0000e+03,3.4000e+01,1.0000e+00,1.0089e+01,-1.1623e+06,-1.1623e+06,-1.1314e-01,-inf,1.4719e-01,6.5101e+00,9.0903e+05,2.1657e+03,-1.3217e-01,-1.8470e+00,4.3965e-01,5.8489e-01,-8.7364e-01,1.7047e+00,2.8494e+00,3.2931e+00,2.9978e+01
2.0000e+03,3.5000e+01,1.0000e+00,1.0355e+01,-1.1618e+06,-1.1618e+06,-1.1647e-01,-inf,1.4722e-01,6.5133e+00,9.0751e+05,2.1713e+03,2.8420e-01,2.8790e-01,-8.5976e-01,-5.3764e-01,1.0729e+00,1.4704e+00,3.4327e+00,2.6476e+00,2.6619e+01
2.0000e+03,3.6000e+01,1.0000e+00,1.0619e+01,-1.1615e+06,-1.1615e+06,-1.1980e-01,-inf,1.4726e-01,6.5168e+00,9.0698e+05,2.1768e+03,-1.3305e+00,-1.1675e+00,4.0332e-01,-1.0056e+00,7.5258e-01,5.0415e-01,3.4031e+00,2.8041e+00,2.7023e+01
2.0000e+03,3.7000e+01,1.0000e+00,1.0882e+01,-1.1602e+06,-1.1602e+06,-1.2313e-01,-inf,1.4730e-01,6.5200e+00,9.0671e+05,2.1836e+03,-2.1838e-01,-1.6213e+00,-1.1964e+00,-1.2607e+00,1.8394e+00,2.1770e+00,9.5662e-01,3.4039e+00,2.8029e+01
2.0000e+03,3.8000e+01,1.0000e+00,1.1144e+01,-1.1601e+06,-1.1601e+06,-1.2646e-01,-inf,1.4734e-01,6.5235e+00,9.0541e+05,2.1902e+03,4.9930e-01,-1.7286e+00,-7.9981e-01,1.5606e+00,2.9852e-01,2.3350e+00,2.1870e+00,3.6605e+00,2.9542e+01
2.0000e+03,3.9000e+01,1.0000e+00,1.1404e+01,-1.1601e+06,-1.1601e+06,-1.2978e-01,-inf,1.3905e-01,5.8099e+00,9.0523e+05,2.1957e+03,-6.8703e-01,-7.1684e-01,3.4000e-02,9.5998e-01,-3.0264e-01,5.4811e-01,2.9649e+00,3.5159e+00,2.8926e+01
2.0000e+03,4.0000e+01,1.0000e+00,1.1662e+01,-1.1599e+06,-1.1599e+06,-1.3311e-01,-inf,1.4741e-01,6.5299e+00,9.0523e+05,2.2023e+03,-1.3231e+00,-1.8583e+00,-1.4721e+00,2.3050e-02,1.1191e+00,-4.2299e-02,2.9762e+00,3.1302e+00,2.6245e+01
2.0000e+03,4.1000e+01,1.0000e+00,1.1919e+01,-1.1593e+06,-1.1593e+06,-1.3644e-01,-inf,1.4745e-01,6.5334e+00,9.0511e+05,2.2090e+03,-6.0652e-01,-9.6223e-01,-3.4080e-01,1.5171e+00,2.1545e-01,-2.7776e-01,3.2453e+00,3.4206e+00,2.7407e+01
2.0000e+03,4.2000e+01,1.0000e+00,1.2174e+01,-1.1582e+06,-1.1582e+06,-1.3977e-01,-inf,1.4749e-01,6.5367e+00,9.0446e+05,2.2157e+03,-3.6589e-01,1.5390e-01,-1.5085e+00,-9.2616e-01,8.6999e-02,2.5492e+00,7.9071e-01,2.2925e+00,2.9956e+01
2.0000e+03,4.3000e+01,1.0000e+00,1.2428e+01,-1.1567e+06,-1.1567e+06,-1.4309e-01,-inf,1.4753e-01,6.5401e+00,9.0335e+05,2.2223e+03,2.8670e-01,-8.7854e-01,-1.0488e+00,1.0096e+00,1.1866e+00,9.1383e-01,4.9676e-01,3.6628e+00,2.8421e+01
2.0000e+03,4.4000e+01,2.0000e+00,1.2644e+01,-1.1556e+06,-1.1556e+06,-1.4642e-01,-inf,1.4756e-01,6.5434e+00,9.0187e+05,2.2357e+03,4.5653e-02,2.0660e-01,-6.8731e-01,4.1329e-01,-6.7868e-01,7.9149e-01,3.2790e+00,2.7549e+00,2.7589e+01
2.0000e+03,4.5000e+01,1.0000e+00,1.2894e+01,-1.1551e+06,-1.1552e+06,-1.4975e-01,-inf,1.4760e-01,6.5466e+00,9.0078e+05,2.2423e+03,-6.9385e-01,-1.3668e+00,-2.6145e-01,-8.7922e-01,-7.3357e-01,7.8580e-01,2.6391e+00,2.2233e+00,2.9690e+01
2.0000e+03,4.6000e+01,1.0000e+00,1.3143e+01,-1.1548e+06,-1.1548e+06,-1.5308e-01,-inf,1.4764e-01,6.5501e+00,9.0033e+05,2.2478e+03,-6.7549e-01,3.6155e-01,-4.3819e-02,-8.7262e-01,8.8463e-01,2.4863e+00,8.8203e-01,3.7476e+00,2.6616e+01
2.0000e+03,4.7000e+01,1.0000e+00,1.3390e+01,-1.1543e+06,-1.1543e+06,-1.5641e-01,-inf,1.4768e-01,6.5533e+00,8.9994e+05,2.2545e+03,-8.6472e-01,-1.1595e-01,-1.2440e+00,2.5760e-01,1.0384e+00,2.0007e+00,3.0171e+00,3.2922e+00,2.7713e+01
2.0000e+03,4.8000e+01,1.0000e+00,1.3636e+01,-1.1540e+06,-1.1540e+06,-1.5973e-01,-inf,1.4771e-01,6.5565e+00,8.9949e+05,2.2611e+03,4.8016e-01,-1.7983e+00,-6.1431e-02,1.1667e+00,-1.6561e-01,1.4650e+00,3.4072e+00,1.3822e+00,2.7172e+01
2.0000e+03,4.9000e+01,1.0000e+00,1.3881e+01,-1.1535e+06,-1.1535e+06,-1.6306e-01,-inf,1.4775e-01,6.5600e+00,8.9922e+05,2.2678e+03,-9.9052e-01,-1.2814e+00,6.3387e-01,-1.2643e+00,-7.0248e-02,2.4952e+00,2.9948e+00,3.5253e+00,2.8378e+01
2.0000e+03,5.0000e+01,1.0000e+00,1.4124e+01,-1.1526e+06,-1.1526e+06,-1.6639e-01,-inf,1.4779e-01,6.5633e+00,8.9866e+05,2.2745e+03,-1.3991e+00,-1.7933e+00,-1.6662e+00,-3.7062e-02,9.0666e-01,2.3038e-01,2.0367e+00,2.9312e+00,2.9700e+01
2.0000e+03,5.1000e+01,3.0000e+00,1.4286e+01,-1.1520e+06,-1.1520e+06,-1.6972e-01,-inf,1.4783e-01,6.5667e+00,8.9778e+05,2.2946e+03,7.4015e-02,-8.5032e-01,-1.7525e+00,8.7825e-01,8.7011e-02,1.3145e+00,2.6820e+00,3.4493e+00,2.6250e+01
2.0000e+03,5.2000e+01,1.0000e+00,1.4525e+01,-1.1519e+06,-1.1519e+06,-1.7305e-01,-inf,1.4786e-01,6.5700e+00,8.9721e+05,2.3012e+03,1.5750e-01,-2.1722e-01,-7.7553e-01,-9.2981e-01,1.3892e+00,7.6296e-01,7.4363e-01,2.9895e+00,2.9524e+01
2.0000e+03,5.3000e+01,1.0000e+00,1.4763e+01,-1.1508e+06,-1.1508e+06,-1.7637e-01,-inf,1.4790e-01,6.5732e+00,8.9705e+05,2.3080e+03,-1.3723e+00,-9.3311e-01,3.3616e-01,7.2156e-01,-3.2452e-01,1.9052e+00,3.3498e+00,2.3484e+00,2.7720e+01
2.0000e+03,5.4000e+01,1.0000e+00,1.5000e+01,-1.1505e+06,-1.1505e+06,-1.7970e-01,-inf,1.4794e-01,6.5767e+00,8.9595e+05,2.3147e+03,-1.1869e+00,-1.9942e+00,-2.1690e-01,8.4282e-01,4.1868e-01,2.3507e+00,2.0676e+00,3.4557e+00,2.7811e+01
2.0000e+03,5.5000e+01,1.0000e+00,1.5235e+01,-1.1501e+06,-1.1501e+06,-1.8303e-01,-inf,1.4797e-01,6.5799e+00,8.9571e+05,2.3215e+03,-8.2922e-01,-1.1211e+00,-4.5313e-01,3.0558e-01,9.4786e-01,2.1637e-01,3.0746e+00,2.9316e+00,2.6683e+01
2.0000e+03,5.6000e+01,1.0000e+00,1.5470e+01,-1.1499e+06,-1.1499e+06,-1.8636e-01,-inf,1.4801e-01,6.5834e+00,8.9526e+05,2.3282e+03,-8.6539e-01,4.5784e-02,-2.5930e-01,-1.3693e+00,3.9574e-01,1.0240e+00,1.1961e+00,3.2915e+00,2.8979e+01
2.0000e+03,5.7000e+01,1.0000e+00,1.5702e+01,-1.1497e+06,-1.1497e+06,-1.8968e-01,-inf,1.4805e-01,6.5866e+00,8.9508e+05,2.3349e+03,-7.1001e-01,-1.0635e+00,-1.5927e+00,-1.4602e-01,1.2543e+00,1.9891e+00,1.0627e+00,3.3894e+00,2.6115e+01
2.0000e+03,5.8000e+01,1.0000e+00,1.5934e+01,-1.1488e+06,-1.1488e+06,-1.9301e-01,-inf,1.4809e-01,6.5899e+00,8.9486e+05,2.3404e+03,-6.6232e-01,-6.1015e-01,-6.2564e-01,-8.9290e-01,5.8945e-01,1.0139e+00,3.1788e+00,1.8457e+00,2.6005e+01
2.0000e+03,5.9000e+01,1.0000e+00,1.6164e+01,-1.1487e+06,-1.1487e+06,-1.9634e-01,-inf,1.4813e-01,6.5933e+00,8.9393e+05,2.3472e+03,-2.3201e-01,-3.9191e-01,-1.2446e-01,-2.6283e-01,-1.0346e-01,2.0915e+00,3.1785e+00,1.1055e+00,2.7815e+01
2.0000e+03,6.0000e+01,1.0000e+00,1.6393e+01,-1.1472e+06,-1.1472e+06,-1.9967e-01,-inf,1.4816e-01,6.5966e+00,8.9390e+05,2.3527e+03,2.0538e-01,-4.0001e-01,-4.9562e-01,-1.1646e+00,-7.8971e-01,5.1243e-01,1.5917e+00,3.4620e+00,2.6183e+01
2.0000e+03,6.1000e+01,1.0000e+00,1.6621e+01,-1.1472e+06,-1.1472e+06,-2.0300e-01,-inf,1.4545e-01,6.3573e+00,8.9237e+05,2.3594e+03,-8.9671e-01,-6.4659e-01,-8.1289e-01,-1.0584e+00,-3.9667e-01,-7.3201e-02,1.8687e+00,3.3767e+00,2.6417e+01
2.0000e+03,6.2000e+01,1.0000e+00,1.6848e+01,-1.1463e+06,-1.1463e+06,-2.0632e-01,-inf,1.4824e-01,6.6033e+00,8.9237e+05,2.3661e+03,-1.3644e+00,-1.7458e+00,6.8123e-02,-8.2670e-01,1.7347e+00,2.6760e+00,2.8308e+00,2.9763e+00,2.7149e+01
2.0000e+03,6.3000e+01,1.0000e+00,1.7073e+01,-1.1463e+06,-1.1463e+06,-2.0965e-01,-inf,1.4827e-01,6.6065e+00,8.9149e+05,2.3728e+03,-5.9813e-02,5.9305e-02,-3.7926e-01,-4.1679e-01,1.8562e+00,2.4978e+00,2.4934e+00,1.2178e+00,2.9716e+01
2.0000e+03,6.4000e+01,1.0000e+00,1.7297e+01,-1.1443e+06,-1.1443e+06,-2.1298e-01,-inf,1.4831e-01,6.6100e+00,8.9144e+05,2.3783e+03,-7.2727e-02,2.1010e-01,-8.0803e-02,1.5505e+00,-3.6860e-01,-2.7838e-01,1.8506e+00,3.5960e+00,2.9384e+01
2.0000e+03,6.5000e+01,1.0000e+00,1.7520e+01,-1.1436e+06,-1.1436e+06,-2.1631e-01,-inf,1.4835e-01,6.6132e+00,8.8948e+05,2.3850e+03,-1.4867e-01,-6.3744e-01,-8.9285e-02,-1.3909e+00,9.2211e-01,2.6507e+00,1.1519e+00,2.5624e+00,2.9340e+01
2.0000e+03,6.6000e+01,2.0000e+00,1.7694e+01,-1.1433e+06,-1.1433e+06,-2.1963e-01,-inf,1.4839e-01,6.6165e+00,8.8879e+05,2.3973e+03,-1.7246e-01,-1.7304e+00,4.8914e-01,-7.0133e-02,1.1776e+00,7.5520e-01,2.7837e+00,3.2527e+00,2.9707e+01
2.0000e+03,6.7000e+01,1.0000e+00,1.7914e+01,-1.1433e+06,-1.1433e+06,-2.2296e-01,-inf,1.4842e-01,6.6200e+00,8.8850e+05,2.4040e+03,-1.2014e+00,-8.2271e-01,-1.7151e+00,8.4624e-01,-2.8785e-01,2.2068e+00,2.8042e+00,1.3293e+00,2.9538e+01
2.0000e+03,6.8000e+01,1.0000e+00,1.8133e+01,-1.1425e+06,-1.1425e+06,-2.2629e-01,-inf,1.4846e-01,6.6232e+00,8.8847e+05,2.4107e+03,-1.1654e-01,-1.9434e+00,-1.1435e+00,7.4584e-01,1.1148e+00,-1.9979e-01,1.5557e+00,3.0542e+00,2.9463e+01
2.0000e+03,6.9000e+01,3.0000e+00,1.8254e+01,-1.1420e+06,-1.1420e+06,-2.2962e-01,-inf,1.4850e-01,6.6267e+00,8.8769e+05,2.4308e+03,-1.1170e+00,-4.4473e-01,-4.6878e-01,9.2318e-01,1.4351e+00,5.0279e-01,1.3090e+00,3.2064e+00,2.9833e+01
2.0000e+03,7.0000e+01,1.0000e+00,1.8470e+01,-1.1416e+06,-1.1416e+06,-2.3295e-01,-inf,1.4854e-01,6.6299e+00,8.8715e+05,2.4375e+03,4.4118e-01,-1.2943e+00,1.9150e-01,8.9836e-01,1.9317e+00,1.6893e+00,1.8312e+00,3.3215e+00,2.9290e+01
2.0000e+03,7.1000e+01,1.0000e+00,1.8684e+01,-1.1405e+06,-1.1405e+06,-2.3627e-01,-inf,1.4857e-01,6.6331e+00,8.8678e+05,2.4442e+03,-7.2656e-01,-3.6965e-02,-1.4779e+00,-2.2408e-01,1.3224e+00,-2.7768e-01,3.2642e+00,2.1814e+00,2.6279e+01
2.0000e+03,7.2000e+01,2.0000e+00,1.8848e+01,-1.1392e+06,-1.1392e+06,-2.3960e-01,-inf,1.4861e-01,6.6366e+00,8.8568e+05,2.4577e+03,2.1932e-01,1.5931e-01,-5.6547e-01,6.5663e-01,-5.3434e-01,2.6329e+00,1.3598e+00,9.6985e-01,2.9738e+01
2.0000e+03,7.3000e+01,1.0000e+00,1.9060e+01,-1.1349e+06,-1.1349e+06,-2.4293e-01,-inf,1.4865e-01,6.6398e+00,8.8437e+05,2.4645e+03,-1.2719e+00,3.7702e-01,-8.0484e-01,-8.5204e-01,4.6861e-01,2.4462e+00,3.1168e+00,1.5586e+00,2.7392e+01
2.0000e+03,7.4000e+01,1.0000e+00,1.9271e+01,-1.1342e+06,-1.1342e+06,-2.4626e-01,-inf,1.4868e-01,6.6431e+00,8.8011e+05,2.4711e+03,2.0344e-01,9.9922e-02,-1.4069e-01,2.0133e-01,-8.7838e-01,1.5441e+00,3.2167e+00,1.4385e+00,2.7289e+01
2.0000e+03,7.5000e+01,1.0000e+00,1.9481e+01,-1.1338e+06,-1.1339e+06,-2.4958e-01,-inf,1.4872e-01,6.6466e+00,8.7934e+05,2.4778e+03,-8.6989e-01,-1.4152e+00,2.6689e-01,4.7022e-01,8.7715e-01,1.6449e+00,9.5712e-01,3.4686e+00,2.7719e+01
2.0000e+03,7.6000e+01,1.0000e+00,1.9689e+01,-1.1337e+06,-1.1337e+06,-2.5291e-01,-inf,1.4876e-01,6.6498e+00,8.7902e+05,2.4845e+03,-1.3380e+00,5.6850e-02,-1.0614e+00,-1.4038e+00,-2.2970e-01,-6.2413e-02,2.9575e+00,2.9451e+00,2.6978e+01
2.0000e+03,7.7000e+01,1.0000e+00,1.9897e+01,-1.1333e+06,-1.1333e+06,-2.5624e-01,-inf,1.4880e-01,6.6533e+00,8.7888e+05,2.4911e+03,1.4582e-01,-1.3132e+00,-1.6268e+00,-9.8907e-01,-8.5535e-01,2.0323e+00,1.5270e+00,3.0498e+00,2.6220e+01
2.0000e+03,7.8000e+01,4.0000e+00,1.9949e+01,-1.1331e+06,-1.1331e+06,-2.5957e-01,-inf,1.4883e-01,6.6565e+00,8.7846e+05,2.5156e+03,3.4336e-01,-5.4525e-01,3.8137e-01,4.1862e-01,1.3728e+00,2.4496e+00,2.6987e+00,1.4246e+00,2.9639e+01
2.0000e+03,7.9000e+01,1.0000e+00,2.0153e+01,-1.1320e+06,-1.1320e+06,-2.6290e-01,-inf,1.4887e-01,6.6597e+00,8.7831e+05,2.5223e+03,-8.2454e-01,4.8950e-01,-3.9574e-01,9.9986e-01,1.2054e+00,2.5671e+00,2.6244e+00,2.2864e+00,2.9899e+01
2.0000e+03,8.0000e+01,2.0000e+00,2.0305e+01,-1.1319e+06,-1.1319e+06,-2.6622e-01,-inf,1.4891e-01,6.6632e+00,8.7717e+05,2.5358e+03,-8.2965e-01,-3.5612e-01,-1.5619e+00,-1.2679e+00,6.4761e-02,1.4565e+00,3.0413e+00,1.6619e+00,2.6692e+01
2.0000e+03,8.1000e+01,4.0000e+00,2.0352e+01,-1.1312e+06,-1.1313e+06,-2.6955e-01,-inf,1.4894e-01,6.6664e+00,8.7711e+05,2.5617e+03,-8.1700e-03,-1.1289e+00,-1.7539e+00,5.5084e-01,1.4236e+00,2.4649e+00,8.0786e-01,1.0104e+00,2.9551e+01
2.0000e+03,8.2000e+01,1.0000e+00,2.0551e+01,-1.1304e+06,-1.1304e+06,-2.7288e-01,-inf,1.4898e-01,6.6699e+00,8.7642e+05,2.5684e+03,4.5661e-01,-2.8949e-01,-1.3912e+00,-9.0965e-01,1.4918e-01,9.7372e-01,8.3328e-01,3.1307e+00,2.6463e+01
2.0000e+03,8.3000e+01,1.0000e+00,2.0750e+01,-1.1295e+06,-1.1295e+06,-2.7621e-01,-inf,1.4902e-01,6.6732e+00,8.7557e+05,2.5739e+03,4.4722e-01,-5.5592e-03,-9.2959e-01,2.3446e-01,-3.1206e-01,2.0568e+00,7.4247e-01,3.3145e+00,2.6965e+01
2.0000e+03,8.4000e+01,1.0000e+00,2.0948e+01,-1.1264e+06,-1.1264e+06,-2.7953e-01,-inf,1.4906e-01,6.6764e+00,8.7465e+05,2.5794e+03,4.0702e-01,-1.5528e+00,-1.5517e+00,1.3775e+00,1.6027e+00,2.6029e+00,2.9491e+00,9.0007e-01,2.8278e+01
2.0000e+03,8.5000e+01,1.0000e+00,2.1144e+01,-1.1259e+06,-1.1259e+06,-2.8286e-01,-inf,1.4909e-01,6.6799e+00,8.7160e+05,2.5849e+03,-5.5900e-01,-1.4986e+00,-1.1563e+00,-9.0028e-01,1.5790e-01,2.4203e+00,1.7802e+00,1.3356e+00,2.9009e+01
2.0000e+03,8.6000e+01,1.0000e+00,2.1340e+01,-1.1248e+06,-1.1248e+06,-2.8619e-01,-inf,1.4913e-01,6.6831e+00,8.7105e+05,2.5916e+03,-1.4539e+00,-7.3169e-01,2.7772e-01,-1.0184e+00,1.1124e+00,-1.9705e-01,1.7749e+00,3.3636e+00,2.7689e+01
2.0000e+03,8.7000e+01,2.0000e+00,2.1481e+01,-1.1244e+06,-1.1244e+06,-2.8952e-01,-inf,1.4917e-01,6.6863e+00,8.6996e+05,2.6037e+03,-1.2641e+00,-4.0190e-01,-2.6586e-01,-2.1886e-01,-4.6662e-01,2.2977e-01,2.2798e+00,3.3329e+00,2.8138e+01
2.0000e+03,8.8000e+01,1.0000e+00,2.1675e+01,-1.1239e+06,-1.1239e+06,-2.9285e-01,-inf,1.4921e-01,6.6898e+00,8.6961e+05,2.6105e+03,-4.7219e-01,-1.5065e+00,-3.4116e-01,-6.0184e-01,-8.7337e-01,2.3484e+00,1.6013e+00,2.0494e+00,2.9510e+01
2.0000e+03,8.9000e+01,1.0000e+00,2.1867e+01,-1.1238e+06,-1.1238e+06,-2.9617e-01,-inf,1.4924e-01,6.6930e+00,8.6904e+05,2.6171e+03,-1.0850e-01,-5.7375e-01,-7.6858e-01,8.4135e-01,1.6009e+00,2.4440e+00,8.0130e-01,2.2847e+00,2.9447e+01
2.0000e+03,9.0000e+01,1.0000e+00,2.2059e+01,-1.1232e+06,-1.1232e+06,-2.9950e-01,-inf,1.4928e-01,6.6965e+00,8.6898e+05,2.6237e+03,-4.9828e-01,-9.9797e-02,7.1585e-01,2.4693e-01,7.2673e-01,1.4489e+00,5.5507e-01,3.7681e+00,2.6283e+01
2.0000e+03,9.1000e+01,1.0000e+00,2.2249e+01,-1.1232e+06,-1.1232e+06,-3.0283e-01,-inf,1.4932e-01,6.6998e+00,8.6839e+05,2.6305e+03,-1.3139e+00,-1.4945e+00,-6.6475e-01,-9.1193e-01,1.3088e-01,1.3882e+00,9.5047e-01,3.1280e+00,2.6135e+01
2.0000e+03,9.2000e+01,1.0000e+00,2.2439e+01,-1.1185e+06,-1.1185e+06,-3.0616e-01,-inf,1.4935e-01,6.7030e+00,8.6834e+05,2.6372e+03,2.0450e-01,4.6387e-01,-1.1293e+00,-1.2984e+00,2.0355e+00,1.0545e+00,6.4722e-01,3.4548e+00,2.6669e+01
2.0000e+03,9.3000e+01,1.0000e+00,2.2628e+01,-1.1178e+06,-1.1178e+06,-3.0948e-01,-inf,1.4939e-01,6.7065e+00,8.6370e+05,2.6439e+03,-6.5813e-02,-1.4022e+00,-3.4753e-02,1.2943e+00,9.4177e-01,2.0082e+00,2.0537e+00,3.3285e+00,2.7785e+01
2.0000e+03,9.4000e+01,1.0000e+00,2.2816e+01,-1.1177e+06,-1.1177e+06,-3.1281e-01,-inf,1.4943e-01,6.7097e+00,8.6296e+05,2.6505e+03,-3.1540e-01,-4.7487e-01,-2.4468e-01,-9.9863e-01,1.7256e+00,1.8997e+00,1.5996e+00,3.2868e+00,2.6361e+01
2.0000e+03,9.5000e+01,1.0000e+00,2.3002e+01,-1.1166e+06,-1.1166e+06,-3.1614e-01,-inf,1.4947e-01,6.7132e+00,8.6288e+05,2.6560e+03,-7.3300e-01,-2.0846e-01,-3.3972e-01,1.1855e+00,6.1930e-01,2.6341e+00,1.7583e+00,2.3668e+00,2.9787e+01
2.0000e+03,9.6000e+01,1.0000e+00,2.3188e+01,-1.1160e+06,-1.1160e+06,-3.1947e-01,-inf,1.4950e-01,6.7164e+00,8.6175e+05,2.6627e+03,-3.7141e-01,-1.3536e-01,-4.1580e-01,-9.6591e-01,2.0830e+00,2.3541e+00,2.8909e+00,2.0352e+00,2.6853e+01
2.0000e+03,9.7000e+01,1.0000e+00,2.3373e+01,-1.1132e+06,-1.1132e+06,-3.2280e-01,-inf,1.4954e-01,6.7197e+00,8.6114e+05,2.6694e+03,-2.2503e-01,2.7712e-01,2.9444e-01,-1.3041e+00,1.5959e+00,7.9486e-01,3.2893e+00,2.2499e+00,2.6501e+01
2.0000e+03,9.8000e+01,1.0000e+00,2.3558e+01,-1.1122e+06,-1.1122e+06,-3.2612e-01,-inf,1.4958e-01,6.7231e+00,8.5835e+05,2.6761e+03,-1.4821e+00,-2.2880e-01,1.6887e-01,-1.2029e+00,6.1966e-01,2.5034e+00,2.3559e+00,3.0668e+00,2.7185e+01
2.0000e+03,9.9000e+01,1.0000e+00,2.3741e+01,-1.1095e+06,-1.1095e+06,-3.2945e-01,-inf,1.4961e-01,6.7264e+00,8.5741e+05,2.6827e+03,-1.4660e-01,-7.6067e-01,5.9146e-01,-7.7640e-01,1.3338e+00,1.0473e+00,1.7044e+00,3.5687e+00,2.6603e+01
2.0000e+03,1.0000e+02,2.0000e+00,2.3866e+01,-1.1078e+06,-1.1079e+06,-3.3278e-01,-inf,1.4965e-01,6.7296e+00,8.5468e+05,2.6961e+03,-3.3624e-01,-1.7800e+00,-1.0856e+00,1.0047e+00,1.3534e+00,2.0993e+00,1.3629e+00,3.1426e+00,2.6899e+01
2.0000e+03,1.0100e+02,1.0000e+00,2.4048e+01,-1.1067e+06,-1.1068e+06,-3.3611e-01,-inf,1.4969e-01,6.7331e+00,8.5302e+05,2.7027e+03,1.4103e-01,-6.9929e-01,-6.0148e-01,-1.3097e+00,-5.4199e-01,1.7775e+00,1.4587e+00,1.7184e+00,2.9498e+01
2.0000e+03,1.0200e+02,1.0000e+00,2.4228e+01,-1.1051e+06,-1.1051e+06,-3.3943e-01,-inf,1.4972e-01,6.7363e+00,8.5192e+05,2.7094e+03,-7.1203e-01,-8.5842e-01,2.2436e-01,-5.2531e-03,1.4357e+00,2.2231e+00,2.9270e+00,1.3947e+00,2.6437e+01
2.0000e+03,1.0300e+02,1.0000e+00,2.4408e+01,-1.1035e+06,-1.1035e+06,-3.4276e-01,-inf,1.4976e-01,6.7398e+00,8.5025e+05,2.7161e+03,-8.2453e-01,-7.3842e-01,-3.0483e-01,-3.8201e-01,-2.9765e-01,1.6485e-01,2.1627e+00,2.1393e+00,2.9421e+01
2.0000e+03,1.0400e+02,1.0000e+00,2.4586e+01,-1.1028e+06,-1.1028e+06,-3.4609e-01,-inf,1.4980e-01,6.7430e+00,8.4870e+05,2.7229e+03,-1.4781e+00,-1.1997e+00,-2.0178e-01,4.5628e-01,1.7397e+00,1.6084e+00,5.4768e-01,2.8863e+00,2.9539e+01
2.0000e+03,1.0500e+02,1.0000e+00,2.4764e+01,-1.1022e+06,-1.1022e+06,-3.4942e-01,-inf,1.4983e-01,6.7463e+00,8.4797e+05,2.7296e+03,-7.5647e-01,-4.4583e-01,-1.7010e+00,1.3257e+00,-1.8823e-01,9.7247e-02,3.2919e+00,3.0694e+00,2.9812e+01
2.0000e+03,1.0600e+02,2.0000e+00,2.4883e+01,-1.1019e+06,-1.1019e+06,-3.5275e-01,-inf,1.4987e-01,6.7497e+00,8.4735e+05,2.7431e+03,4.6534e-01,-1.3236e+00,-1.1019e+00,5.1113e-01,7.2593e-01,1.0764e+00,2.8200e+00,2.7265e+00,2.7422e+01
2.0000e+03,1.0700e+02,2.0000e+00,2.5000e+01,-1.1011e+06,-1.1011e+06,-3.5607e-01,-inf,1.4991e-01,6.7530e+00,8.4709e+05,2.7566e+03,-4.8006e-01,-7.9472e-02,-8.8216e-01,2.0774e-01,-1.7089e-01,1.0158e+00,2.9097e+00,1.1124e+00,2.6920e+01
2.0000e+03,1.0800e+02,1.0000e+00,2.5175e+01,-1.1000e+06,-1.1000e+06,-3.5940e-01,-inf,1.4995e-01,6.7565e+00,8.4630e+05,2.7633e+03,-1.1598e+00,-2.0405e-01,8.2743e-01,-1.0450e+00,2.0173e+00,1.9477e+00,3.2296e+00,9.1387e-01,2.7143e+01
2.0000e+03,1.0900e+02,1.0000e+00,2.5349e+01,-1.0999e+06,-1.0999e+06,-3.6273e-01,-inf,1.4998e-01,6.7597e+00,8.4517e+05,2.7700e+03,-3.8407e-01,-1.1931e+00,-7.6607e-01,-4.3599e-01,2.0316e+00,2.9466e-01,2.4807e+00,2.5251e+00,2.6208e+01
2.0000e+03,1.1000e+02,1.0000e+00,2.5522e+01,-1.0979e+06,-1.0979e+06,-3.6606e-01,-inf,1.5002e-01,6.7629e+00,8.4508e+05,2.7766e+03,-1.3854e+00,4.5743e-02,-1.2881e+00,-1.1378e-01,1.9474e-01,-1.1765e-01,2.8430e+00,2.3379e+00,2.6707e+01
2.0000e+03,1.1100e+02,6.0000e+00,2.5400e+01,-1.0970e+06,-1.0970e+06,-3.6938e-01,-inf,1.5006e-01,6.7664e+00,8.4310e+05,2.8134e+03,-5.9900e-01,-1.0501e+00,-1.2594e+00,-4.0433e-01,4.9814e-01,5.9514e-01,3.2236e+00,2.1236e+00,2.8744e+01
2.0000e+03,1.1200e+02,1.0000e+00,2.5571e+01,-1.0951e+06,-1.0951e+06,-3.7271e-01,-inf,1.5009e-01,6.7696e+00,8.4218e+05,2.8200e+03,1.3306e-01,-1.4267e+00,2.1338e-01,2.9392e-01,-6.6671e-01,-1.8802e-01,3.0507e+00,1.2434e+00,2.6412e+01
2.0000e+03,1.1300e+02,1.0000e+00,2.5740e+01,-1.0949e+06,-1.0949e+06,-3.7604e-01,-inf,1.5013e-01,6.7729e+00,8.4031e+05,2.8268e+03,-1.3388e+00,3.5292e-01,4.2719e-01,5.2851e-01,1.3470e-01,-1.3165e-01,3.0437e+00,2.7572e+00,2.7405e+01
2.0000e+03,1.1400e+02,2.0000e+00,2.5850e+01,-1.0935e+06,-1.0935e+06,-3.7937e-01,-inf,1.5017e-01,6.7763e+00,8.4008e+05,2.8402e+03,-6.2104e-01,-1.2948e+00,-7.7698e-01,-1.1823e+00,1.3777e+00,1.2128e+00,2.4628e+00,2.6917e+00,2.7484e+01
2.0000e+03,1.1500e+02,1.0000e+00,2.6018e+01,-1.0927e+06,-1.0927e+06,-3.8270e-01,-inf,1.5020e-01,6.7796e+00,8.3865e+05,2.8457e+03,3.7814e-01,-1.9504e+00,-7.4768e-01,-1.0856e+00,1.4405e+00,1.9587e+00,1.9119e+00,8.9624e-01,2.8941e+01
2.0000e+03,1.1600e+02,2.0000e+00,2.6126e+01,-1.0915e+06,-1.0915e+06,-3.8602e-01,-inf,1.5024e-01,6.7831e+00,8.3789e+05,2.8592e+03,2.7270e-01,-8.3754e-01,-3.8332e-01,-8.4488e-01,-7.8864e-01,1.5326e+00,2.1735e+00,1.1255e+00,2.8967e+01
2.0000e+03,1.1700e+02,2.0000e+00,2.6233e+01,-1.0914e+06,-1.0914e+06,-3.8935e-01,-inf,1.5028e-01,6.7863e+00,8.3671e+05,2.8726e+03,-3.5867e-01,-6.1857e-01,5.4586e-01,1.0287e+00,3.1867e-01,1.5277e+00,2.8971e+00,3.0548e+00,2.7584e+01
2.0000e+03,1.1800e+02,1.0000e+00,2.6398e+01,-1.0885e+06,-1.0885e+06,-3.9268e-01,-inf,1.5031e-01,6.7895e+00,8.3653e+05,2.8794e+03,-1.3322e+00,-1.5106e+00,1.0606e+00,1.4763e+00,-8.9313e-01,2.3790e-01,3.2635e+00,2.8603e+00,2.9259e+01
2.0000e+03,1.1900e+02,1.0000e+00,2.6562e+01,-1.0845e+06,-1.0845e+06,-3.9601e-01,-inf,1.5035e-01,6.7930e+00,8.3364e+05,2.8861e+03,1.4432e-01,-4.3009e-01,-1.4282e+00,-5.7526e-01,2.0554e+00,9.8042e-01,2.2023e+00,2.3825e+00,2.6791e+01
2.0000e+03,1.2000e+02,1.0000e+00,2.6726e+01,-1.0835e+06,-1.0835e+06,-3.9933e-01,-inf,1.5039e-01,6.7962e+00,8.2968e+05,2.8928e+03,-6.5877e-01,-1.6245e+00,-1.0797e+00,-1.0874e+00,-2.5417e-02,1.9781e+00,7.0263e-01,2.6858e+00,2.6643e+01
2.0000e+03,1.2100e+02,1.0000e+00,2.6889e+01,-1.0821e+06,-1.0821e+06,-4.0266e-01,-inf,1.5042e-01,6.7995e+00,8.2864e+05,2.8994e+03,-1.2793e+00,-1.8802e+00,9.0780e-01,-7.9759e-01,1.1514e+00,2.0727e+00,3.0225e+00,2.0311e+00,2.9914e+01
2.0000e+03,1.2200e+02,3.0000e+00,2.6932e+01,-1.0802e+06,-1.0802e+06,-4.0599e-01,-inf,1.5046e-01,6.8029e+00,8.2731e+05,2.9172e+03,4.0439e-01,2.2491e-01,1.1987e+00,1.0232e+00,7.3054e-01,1.0388e+00,3.1513e+00,3.7206e+00,2.8374e+01
2.0000e+03,1.2300e+02,1.0000e+00,2.7093e+01,-1.0796e+06,-1.0797e+06,-4.0932e-01,-inf,1.5050e-01,6.8062e+00,8.2534e+05,2.9239e+03,-1.1139e+00,-1.3433e-01,-1.1300e+00,-1.0828e+00,1.2082e+00,2.2166e+00,1.9272e+00,1.0699e+00,2.9280e+01
2.0000e+03,1.2400e+02,2.0000e+00,2.7193e+01,-1.0793e+06,-1.0793e+06,-4.1265e-01,-inf,1.5054e-01,6.8097e+00,8.2482e+05,2.9362e+03,-1.4577e-01,-1.9630e-01,-1.7539e+00,1.4269e+00,9.3443e-01,1.9255e+00,3.0051e+00,8.5304e-01,2.6393e+01
2.0000e+03,1.2500e+02,1.0000e+00,2.7352e+01,-1.0790e+06,-1.0790e+06,-4.1597e-01,-inf,1.5057e-01,6.8129e+00,8.2445e+05,2.9417e+03,-1.1949e+00,-5.7898e-01,-1.9729e-01,1.4214e+00,5.3625e-01,1.1927e+00,2.0902e+00,3.2584e+00,2.6228e+01
2.0000e+03,1.2600e+02,1.0000e+00,2.7511e+01,-1.0775e+06,-1.0775e+06,-4.1930e-01,-inf,1.5061e-01,6.8161e+00,8.2414e+05,2.9483e+03,-7.9543e-01,-6.1730e-01,-1.0690e+00,-9.4322e-01,2.1561e-01,2.2949e+00,1.9782e+00,1.7866e+00,2.8341e+01
2.0000e+03,1.2700e+02,1.0000e+00,2.7669e+01,-1.0763e+06,-1.0764e+06,-4.2263e-01,-inf,1.5065e-01,6.8196e+00,8.2267e+05,2.9538e+03,-4.1894e-01,-1.1841e+00,-1.0262e+00,4.7970e-01,-2.8195e-01,-1.4975e-01,2.6783e+00,1.3070e+00,2.6571e+01
2.0000e+03,1.2800e+02,1.0000e+00,2.7826e+01,-1.0759e+06,-1.0759e+06,-4.2596e-01,-inf,1.5068e-01,6.8228e+00,8.2152e+05,2.9604e+03,7.7460e-02,-1.2079e+00,-7.7670e-02,1.1745e+00,4.0370e-01,2.0915e+00,9.1091e-01,2.9135e+00,2.8818e+01
2.0000e+03,1.2900e+02,1.0000e+00,2.7983e+01,-1.0746e+06,-1.0746e+06,-4.2928e-01,-inf,1.5072e-01,6.8263e+00,8.2104e+05,2.9671e+03,-6.9553e-01,-8.5723e-01,-6.3299e-01,5.4137e-01,1.7388e+00,1.4030e+00,1.7637e+00,1.5759e+00,2.9461e+01
2.0000e+03,1.3000e+02,1.0000e+00,2.8139e+01,-1.0746e+06,-1.0746e+06,-4.3261e-01,-inf,1.3839e-01,5.7555e+00,8.1978e+05,2.9738e+03,-9.1112e-01,-4.4267e-01,-1.0373e+00,9.6615e-01,-8.4818e-01,1.1261e+00,2.6817e+00,2.8515e+00,2.7685e+01
2.0000e+03,1.3100e+02,1.0000e+00,2.8294e+01,-1.0736e+06,-1.0736e+06,-4.3594e-01,-inf,1.5079e-01,6.8328e+00,8.1978e+05,2.9805e+03,-1.4613e+00,3.7220e-01,-1.7082e-01,3.2891e-01,4.8339e-01,7.8466e-01,2.5075e+00,2.9377e+00,2.7025e+01
2.0000e+03,1.3200e+02,2.0000e+00,2.8387e+01,-1.0723e+06,-1.0723e+06,-4.3927e-01,-inf,1.5083e-01,6.8363e+00,8.1877e+05,2.9938e+03,-1.4395e-01,-1.0803e+00,-1.3680e+00,-2.2447e-01,1.8891e+00,1.7045e+00,1.7373e+00,2.5068e+00,2.6167e+01
2.0000e+03,1.3300e+02,1.0000e+00,2.8541e+01,-1.0716e+06,-1.0716e+06,-4.4260e-01,-inf,1.5087e-01,6.8395e+00,8.1747e+05,3.0005e+03,-3.0474e-01,-9.4284e-01,1.0185e+00,1.5490e+00,7.3869e-01,1.8757e+00,5.6356e-01,3.3915e+00,2.9995e+01
2.0000e+03,1.3400e+02,1.0000e+00,2.8694e+01,-1.0712e+06,-1.0712e+06,-4.4592e-01,-inf,1.5090e-01,6.8427e+00,8.1681e+05,3.0060e+03,-5.8359e-01,-6.8589e-01,2.8310e-01,-1.4221e+00,4.8779e-01,7.7093e-01,2.7863e+00,2.7449e+00,2.8813e+01
2.0000e+03,1.3500e+02,1.0000e+00,2.8846e+01,-1.0657e+06,-1.0657e+06,-4.4925e-01,-inf,1.5094e-01,6.8462e+00,8.5061e+05,3.0127e+03,-4.1432e-01,-1.4801e+00,-1.5087e+00,1.1767e+00,-8.2271e-01,2.5909e+00,1.4621e+00,2.0316e+00,2.6542e+01
2.0000e+03,1.3600e+02,2.0000e+00,2.8936e+01,-1.0648e+06,-1.0648e+06,-4.5258e-01,-inf,1.5098e-01,6.8494e+00,8.4512e+05,3.0262e+03,-1.2459e+00,-1.9364e+00,5.8521e-01,-9.6886e-01,2.0943e+00,2.7282e-01,6.0696e-01,2.2269e+00,2.9881e+01
2.0000e+03,1.3700e+02,2.0000e+00,2.9025e+01,-1.0636e+06,-1.0636e+06,-4.5591e-01,-inf,1.5101e-01,6.8529e+00,8.4421e+05,3.0397e+03,-9.5114e-01,-1.5314e+00,-1.1373e+00,8.4966e-01,1.9298e+00,1.1897e+00,2.4659e+00,1.8430e+00,2.6514e+01
2.0000e+03,1.3800e+02,2.0000e+00,2.9114e+01,-1.0632e+06,-1.0632e+06,-4.5924e-01,-inf,1.5105e-01,6.8562e+00,8.4299e+05,3.0532e+03,2.8394e-01,-7.2758e-01,-8.6287e-02,1.0526e+00,-6.8082e-01,1.1368e+00,2.8484e+00,1.8433e+00,2.6971e+01
2.0000e+03,1.3900e+02,1.0000e+00,2.9263e+01,-1.0614e+06,-1.0614e+06,-4.6256e-01,-inf,1.5108e-01,6.8594e+00,8.4264e+05,3.0598e+03,-3.0605e-01,-4.2883e-01,1.1660e+00,-9.0395e-01,1.4951e+00,1.5081e-01,1.5626e+00,3.6660e+00,2.6521e+01
2.0000e+03,1.4000e+02,1.0000e+00,2.9412e+01,-1.0597e+06,-1.0597e+06,-4.6589e-01,-inf,1.5112e-01,6.8629e+00,8.4088e+05,3.0654e+03,7.8516e-02,-1.7537e+00,-4.5497e-01,-2.9089e-01,1.5930e+00,1.8209e+00,1.5446e+00,8.7467e-01,2.8774e+01
2.0000e+03,1.4100e+02,2.0000e+00,2.9498e+01,-1.0596e+06,-1.0596e+06,-4.6922e-01,-inf,1.5116e-01,6.8661e+00,8.3913e+05,3.0777e+03,-6.3148e-01,-9.3035e-01,-1.4756e+00,1.2935e+00,-4.5779e-01,2.4077e+00,5.1097e-01,1.3214e+00,2.9357e+01
2.0000e+03,1.4200e+02,1.0000e+00,2.9645e+01,-1.0595e+06,-1.0595e+06,-4.7255e-01,-inf,1.5120e-01,6.8696e+00,8.3901e+05,3.0832e+03,-3.1638e-01,-1.0812e+00,-1.6607e-01,7.2816e-01,-8.4489e-01,1.9589e+00,2.1332e+00,2.3033e+00,2.8734e+01
2.0000e+03,1.4300e+02,3.0000e+00,2.9668e+01,-1.0557e+06,-1.0557e+06,-4.7587e-01,-inf,1.5123e-01,6.8728e+00,8.3893e+05,3.1035e+03,-3.4406e-01,4.5238e-01,-9.1034e-02,-1.0941e+00,3.6318e-02,1.4319e+00,2.5624e+00,2.2093e+00,2.7861e+01
2.0000e+03,1.4400e+02,1.0000e+00,2.9814e+01,-1.0557e+06,-1.0557e+06,-4.7920e-01,-inf,1.5127e-01,6.8760e+00,8.3518e+05,3.1091e+03,1.1143e-01,-7.8931e-01,8.4806e-01,-9.7623e-01,-2.4567e-01,1.8848e+00,6.7617e-01,3.2473e+00,2.9439e+01
2.0000e+03,1.4500e+02,1.0000e+00,2.9959e+01,-1.0551e+06,-1.0551e+06,-4.8253e-01,-inf,1.5131e-01,6.8795e+00,8.3516e+05,3.1159e+03,-9.7754e-01,3.4614e-01,1.0340e+00,8.0224e-01,1.8274e+00,3.9669e-01,1.9645e+00,3.2304e+00,2.9818e+01
2.0000e+03,1.4600e+02,1.0000e+00,3.0103e+01,-1.0550e+06,-1.0550e+06,-4.8586e-01,-inf,1.5134e-01,6.8828e+00,8.3452e+05,3.1226e+03,-2.4324e-01,-4.8870e-01,-1.5319e+00,-5.8557e-01,4.4860e-01,9.4988e-01,1.0058e+00,2.0075e+00,2.9278e+01
2.0000e+03,1.4700e+02,1.0000e+00,3.0247e+01,-1.0548e+06,-1.0549e+06,-4.8919e-01,-inf,1.5138e-01,6.8860e+00,8.3447e+05,3.1293e+03,-1.5704e-02,-1.7600e+00,-2.4680e-01,1.0980e+00,2.0758e+00,1.5773e+00,1.3360e+00,1.1788e+00,2.6053e+01
2.0000e+03,1.4800e+02,1.0000e+00,3.0390e+01,-1.0524e+06,-1.0524e+06,-4.9251e-01,-inf,1.5142e-01,6.8895e+00,8.3429e+05,3.1360e+03,-1.1237e+00,-1.9999e+00,-1.3355e+00,1.4132e+00,1.1521e+00,-6.2593e-02,2.6431e+00,2.6322e+00,2.6556e+01
2.0000e+03,1.4900e+02,2.0000e+00,3.0470e+01,-1.0519e+06,-1.0519e+06,-4.9584e-01,-inf,1.5145e-01,6.8927e+00,8.3184e+05,3.1494e+03,-4.4864e-01,1.4528e-01,6.7453e-01,1.0828e+00,-3.3967e-01,2.4596e+00,2.5986e+00,9.7712e-01,2.9535e+01
2.0000e+03,1.5000e+02,2.0000e+00,3.0550e+01,-1.0519e+06,-1.0519e+06,-4.9917e-01,-inf,1.5147e-01,6.8941e+00,8.3137e+05,3.1629e+03,-9.6449e-01,-1.9237e+00,-5.7898e-01,-1.4145e+00,1.1018e+00,2.2917e+00,1.6071e+00,1.6441e+00,2.6405e+01
2.0000e+03,1.5100e+02,1.0000e+00,3.0691e+01,-1.0513e+06,-1.0513e+06,-5.0250e-01,-inf,1.5152e-01,6.8994e+00,8.3136e+05,3.1695e+03,-1.4175e+00,-1.5628e+00,-5.2167e-01,-4.1108e-01,-7.7052e-01,2.3691e-02,1.7937e+00,1.0140e+00,2.9265e+01
2.0000e+03,1.5200e+02,4.0000e+00,3.0645e+01,-1.0511e+06,-1.0511e+06,-5.0582e-01,-inf,1.5156e-01,6.9027e+00,8.3071e+05,3.1963e+03,-1.4786e+00,-1.7673e+00,-1.3797e+00,4.4911e-01,-1.1975e-01,1.4326e+00,2.1443e+00,1.4018e+00,2.8628e+01
2.0000e+03,1.5300e+02,2.0000e+00,3.0723e+01,-1.0510e+06,-1.0510e+06,-5.0915e-01,-inf,1.5160e-01,6.9061e+00,8.3049e+05,3.2097e+03,-1.4377e+00,2.5706e-01,5.4950e-02,1.8165e-01,1.0849e+00,1.7921e-01,2.8280e+00,1.3840e+00,2.7013e+01
2.0000e+03,1.5400e+02,1.0000e+00,3.0862e+01,-1.0496e+06,-1.0496e+06,-5.1248e-01,-inf,1.5163e-01,6.9094e+00,8.3039e+05,3.2164e+03,-1.3878e+00,2.3730e-01,9.0543e-01,-7.6122e-02,1.8100e+00,1.4459e-01,2.6890e+00,2.2249e+00,2.9896e+01
2.0000e+03,1.5500e+02,4.0000e+00,3.0815e+01,-1.0488e+06,-1.0488e+06,-5.1581e-01,-inf,1.5167e-01,6.9128e+00,8.2908e+05,3.2420e+03,-7.1195e-01,-3.2089e-01,-1.2059e-01,1.0958e+00,-8.8693e-01,1.6227e+00,8.2418e-01,3.0699e+00,2.6912e+01
2.0000e+03,1.5600e+02,2.0000e+00,3.0891e+01,-1.0477e+06,-1.0477e+06,-5.1914e-01,-inf,1.5171e-01,6.9161e+00,8.2824e+05,3.2555e+03,-7.3057e-01,-1.6578e+00,1.0801e+00,-6.0035e-01,1.2806e+00,-3.1956e-02,1.1704e+00,3.4981e+00,2.8783e+01
2.0000e+03,1.5700e+02,1.0000e+00,3.1028e+01,-1.0472e+06,-1.0472e+06,-5.2246e-01,-inf,1.5174e-01,6.9194e+00,8.2711e+05,3.2610e+03,-5.0016e-01,2.8563e-01,-5.4473e-01,-8.3178e-01,1.0259e+00,8.8461e-01,2.3223e+00,2.1127e+00,2.8372e+01
2.0000e+03,1.5800e+02,2.0000e+00,3.1102e+01,-1.0470e+06,-1.0471e+06,-5.2579e-01,-inf,1.5178e-01,6.9227e+00,8.2659e+05,3.2732e+03,-1.1330e+00,-1.1284e+00,-3.4052e-01,4.9888e-01,9.6006e-01,1.9686e+00,1.3396e+00,2.2779e+00,2.8728e+01
2.0000e+03,1.5900e+02,1.0000e+00,3.1238e+01,-1.0469e+06,-1.0469e+06,-5.2912e-01,-inf,1.5182e-01,6.9260e+00,8.2648e+05,3.2799e+03,1.0990e-01,-9.5067e-01,-3.8680e-01,8.3629e-01,1.5256e+00,1.0905e-01,7.2310e-01,1.8734e+00,2.9875e+01
2.0000e+03,1.6000e+02,1.0000e+00,3.1373e+01,-1.0464e+06,-1.0464e+06,-5.3245e-01,-inf,1.5185e-01,6.9294e+00,8.2630e+05,3.2854e+03,1.4146e-01,-3.0616e-01,-5.6970e-01,-7.8104e-01,1.4159e+00,2.2281e+00,2.0687e+00,2.0296e+00,2.6073e+01
2.0000e+03,1.6100e+02,1.0000e+00,3.1507e+01,-1.0457e+06,-1.0457e+06,-5.3577e-01,-inf,1.5189e-01,6.9327e+00,8.2586e+05,3.2909e+03,2.5873e-01,3.5649e-01,3.7795e-01,1.2570e+00,1.8099e+00,1.8001e+00,2.4246e+00,2.7071e+00,2.8707e+01
2.0000e+03,1.6200e+02,3.0000e+00,3.1518e+01,-1.0424e+06,-1.0424e+06,-5.3910e-01,-inf,1.5193e-01,6.9360e+00,8.2516e+05,3.3098e+03,1.6294e-01,3.9243e-02,-1.5058e+00,1.2305e+00,-8.5551e-01,2.2768e+00,3.1759e+00,3.3519e+00,2.8611e+01
2.0000e+03,1.6300e+02,3.0000e+00,3.1528e+01,-1.0422e+06,-1.0422e+06,-5.4243e-01,-inf,1.5196e-01,6.9393e+00,8.2179e+05,3.3287e+03,-1.0304e+00,-3.6814e-02,-7.0210e-01,-1.2189e+00,1.4508e+00,8.5052e-01,1.5499e+00,2.3490e+00,2.9330e+01
2.0000e+03,1.6400e+02,4.0000e+00,3.1478e+01,-1.0421e+06,-1.0421e+06,-5.4576e-01,-inf,1.5200e-01,6.9427e+00,8.2164e+05,3.3542e+03,-3.6584e-01,4.5862e-02,1.0350e+00,-8.5419e-01,1.2337e+00,1.7788e+00,1.2545e+00,3.5482e+00,2.8129e+01
2.0000e+03,1.6500e+02,5.0000e+00,3.1369e+01,-1.0420e+06,-1.0420e+06,-5.4909e-01,-inf,1.5204e-01,6.9460e+00,8.2155e+05,3.3877e+03,-1.1750e+00,-5.4290e-01,-7.0709e-02,-9.6785e-01,-1.5817e-01,2.7918e-01,1.3400e+00,2.5339e+00,2.8303e+01
2.0000e+03,1.6600e+02,1.0000e+00,3.1499e+01,-1.0411e+06,-1.0411e+06,-5.5241e-01,-inf,1.5207e-01,6.9494e+00,8.2147e+05,3.3945e+03,4.2891e-01,-1.9574e+00,2.4775e-01,-1.0116e+00,-4.3888e-01,1.6337e+00,3.4246e+00,2.8852e+00,2.9048e+01
2.0000e+03,1.6700e+02,6.0000e+00,3.1332e+01,-1.0405e+06,-1.0406e+06,-5.5574e-01,-inf,1.5211e-01,6.9526e+00,8.2053e+05,3.4324e+03,-8.4938e-01,1.2565e-01,5.2510e-02,-1.0956e-01,6.7679e-01,2.0245e+00,1.2337e+00,2.1894e+00,2.9389e+01
2.0000e+03,1.6800e+02,5.0000e+00,3.1227e+01,-1.0400e+06,-1.0400e+06,-5.5907e-01,-inf,1.5214e-01,6.9560e+00,8.1999e+05,3.4649e+03,-9.1364e-01,-1.7670e+00,-6.7601e-01,7.7114e-01,-8.0520e-01,7.9351e-01,1.4230e+00,2.8412e+00,2.6274e+01
2.0000e+03,1.6900e+02,4.0000e+00,3.1181e+01,-1.0370e+06,-1.0370e+06,-5.6240e-01,-inf,1.5218e-01,6.9593e+00,8.1946e+05,3.4906e+03,-9.2332e-01,-3.3700e-01,6.8948e-01,1.4509e+00,-7.9133e-01,1.9121e+00,2.4125e+00,2.8176e+00,2.9378e+01
2.0000e+03,1.7000e+02,1.0000e+00,3.1308e+01,-1.0362e+06,-1.0362e+06,-5.6572e-01,-inf,1.5222e-01,6.9627e+00,8.1646e+05,3.4974e+03,-1.2129e+00,-1.8621e+00,1.0227e+00,-7.8798e-01,-9.1738e-02,2.1814e+00,2.8110e+00,2.5172e+00,2.7216e+01
2.0000e+03,1.7100e+02,1.0000e+00,3.1434e+01,-1.0352e+06,-1.0352e+06,-5.6905e-01,-inf,1.5225e-01,6.9659e+00,8.1563e+05,3.5041e+03,-4.3338e-01,-1.8917e+00,-9.7667e-02,-4.4389e-01,6.0408e-01,2.0700e-02,2.3012e+00,2.4986e+00,2.6027e+01
2.0000e+03,1.7200e+02,2.0000e+00,3.1502e+01,-1.0344e+06,-1.0344e+06,-5.7238e-01,-inf,1.5229e-01,6.9693e+00,8.1467e+05,3.5175e+03,-1.8349e-02,-1.7681e+00,4.7578e-01,-1.1987e+00,-5.3533e-01,1.1403e+00,2.7690e+00,2.3385e+00,2.6926e+01
2.0000e+03,1.7300e+02,1.0000e+00,3.1627e+01,-1.0340e+06,-1.0340e+06,-5.7571e-01,-inf,1.5233e-01,6.9726e+00,8.1381e+05,3.5242e+03,1.0927e-01,1.8520e-01,-1.7260e+00,-5.1352e-01,-8.8042e-01,3.6988e-01,1.7364e+00,1.2740e+00,2.8244e+01
2.0000e+03,1.7400e+02,1.0000e+00,3.1752e+01,-1.0330e+06,-1.0330e+06,-5.7904e-01,-inf,1.5236e-01,6.9760e+00,8.1343e+05,3.5298e+03,3.0426e-01,-1.4086e+00,-1.3962e+00,-4.7927e-01,1.6415e+00,2.1819e+00,1.5166e+00,1.5207e+00,2.8143e+01
2.0000e+03,1.7500e+02,1.0000e+00,3.1876e+01,-1.0328e+06,-1.0328e+06,-5.8236e-01,-inf,1.5240e-01,6.9792e+00,8.1242e+05,3.5364e+03,4.4202e-02,-9.7548e-01,2.1875e-01,1.1721e+00,8.3715e-02,-1.5434e-01,2.8617e+00,2.7309e+00,2.7784e+01
2.0000e+03,1.7600e+02,1.0000e+00,3.2000e+01,-1.0327e+06,-1.0327e+06,-5.8569e-01,-inf,1.5244e-01,6.9826e+00,8.1223e+05,3.5431e+03,-1.4491e-01,-1.1519e+00,-2.2619e-01,-3.9248e-01,1.5419e-01,2.3411e+00,1.2076e+00,9.0705e-01,2.6434e+01
2.0000e+03,1.7700e+02,1.0000e+00,3.2123e+01,-1.0327e+06,-1.0327e+06,-5.8902e-01,-inf,1.5247e-01,6.9860e+00,8.1212e+05,3.5498e+03,2.6160e-01,-1.4872e+00,1.9500e-01,8.0345e-01,-8.7902e-01,2.6819e-01,1.8831e+00,2.8001e+00,2.8805e+01
2.0000e+03,1.7800e+02,4.0000e+00,3.2072e+01,-1.0325e+06,-1.0326e+06,-5.9235e-01,-inf,1.5251e-01,6.9893e+00,8.1211e+05,3.5753e+03,-3.0353e-01,-1.7338e+00,-8.9049e-01,-1.2577e+00,9.5915e-01,-2.4694e-01,3.0448e+00,1.7198e+00,2.9035e+01
2.0000e+03,1.7900e+02,2.0000e+00,3.2136e+01,-1.0323e+06,-1.0323e+06,-5.9567e-01,-inf,1.5255e-01,6.9927e+00,8.1199e+05,3.5875e+03,-1.8082e-01,-1.1005e+00,-6.4163e-02,-4.3025e-01,1.9280e+00,-1.3084e-01,1.2361e+00,2.1404e+00,2.6626e+01
2.0000e+03,1.8000e+02,1.0000e+00,3.2258e+01,-1.0322e+06,-1.0322e+06,-5.9900e-01,-inf,1.5258e-01,6.9959e+00,8.1178e+05,3.5943e+03,-1.4506e-01,3.9689e-01,7.4114e-01,4.5703e-01,4.2126e-01,2.6736e+00,7.1625e-01,3.0094e+00,2.7202e+01
2.0000e+03,1.8100e+02,1.0000e+00,3.2379e+01,-1.0318e+06,-1.0318e+06,-6.0233e-01,-inf,1.5262e-01,6.9993e+00,8.1161e+05,3.6010e+03,-9.5431e-01,2.2795e-02,1.1150e+00,-1.1556e+00,8.4545e-01,9.0130e-01,3.1776e+00,1.0551e+00,2.6725e+01
2.0000e+03,1.8200e+02,1.0000e+00,3.2500e+01,-1.0312e+06,-1.0312e+06,-6.0566e-01,-inf,1.5265e-01,7.0026e+00,8.1122e+05,3.6065e+03,2.9907e-01,2.1719e-01,-9.2372e-01,1.3649e+00,1.1748e+00,2.5631e+00,1.6951e+00,8.8116e-01,2.8262e+01
2.0000e+03,1.8300e+02,2.0000e+00,3.2562e+01,-1.0304e+06,-1.0305e+06,-6.0899e-01,-inf,1.5269e-01,7.0060e+00,8.1064e+05,3.6199e+03,-1.2873e+00,-1.2669e+00,-1.9162e-01,1.1661e+00,1.7015e+00,7.5453e-01,7.7399e-01,2.1154e+00,2.9790e+01
2.0000e+03,1.8400e+02,3.0000e+00,3.2566e+01,-1.0294e+06,-1.0294e+06,-6.1231e-01,-inf,1.5273e-01,7.0092e+00,8.0988e+05,3.6389e+03,-9.6486e-01,3.3207e-01,6.9647e-01,-9.9657e-01,1.0362e+00,2.3369e+00,2.7037e+00,2.3479e+00,2.6541e+01
2.0000e+03,1.8500e+02,8.0000e+00,3.2286e+01,-1.0279e+06,-1.0279e+06,-6.1564e-01,-inf,1.5276e-01,7.0126e+00,8.0883e+05,3.6916e+03,-1.1534e+00,-5.5012e-01,4.0017e-01,7.5831e-01,3.0716e-01,3.8799e-02,2.7704e+00,2.4017e+00,2.8888e+01
2.0000e+03,1.8600e+02,2.0000e+00,3.2348e+01,-1.0272e+06,-1.0272e+06,-6.1897e-01,-inf,1.5280e-01,7.0159e+00,8.0736e+05,3.7048e+03,-1.4848e+00,2.4084e-01,1.2107e+00,9.8511e-01,-8.1432e-01,1.2910e+00,2.3096e+00,3.3550e+00,2.7640e+01
2.0000e+03,1.8700e+02,4.0000e+00,3.2297e+01,-1.0269e+06,-1.0269e+06,-6.2230e-01,-inf,1.5284e-01,7.0193e+00,8.0668e+05,3.7304e+03,3.3349e-01,-8.5491e-01,-6.2810e-01,1.1301e+00,1.6364e+00,6.5381e-01,1.7820e+00,1.0981e+00,2.8853e+01
2.0000e+03,1.8800e+02,4.0000e+00,3.2247e+01,-1.0262e+06,-1.0262e+06,-6.2562e-01,-inf,1.5287e-01,7.0225e+00,8.0637e+05,3.7558e+03,-1.2062e+00,-1.5494e+00,9.5122e-01,5.0108e-01,1.8326e+00,1.3454e+00,2.7839e+00,9.3229e-01,2.7311e+01
2.0000e+03,1.8900e+02,2.0000e+00,3.2308e+01,-1.0261e+06,-1.0261e+06,-6.2895e-01,-inf,1.5291e-01,7.0259e+00,8.0564e+05,3.7681e+03,-2.0937e-01,-5.9855e-01,-1.5695e+00,8.5917e-01,-3.1856e-01,1.9683e+00,8.5073e-01,1.7822e+00,2.9335e+01
2.0000e+03,1.9000e+02,2.0000e+00,3.2368e+01,-1.0260e+06,-1.0260e+06,-6.3228e-01,-inf,1.5294e-01,7.0292e+00,8.0553e+05,3.7816e+03,-1.2434e+00,-1.7172e+00,-1.1136e+00,1.2366e+00,4.4794e-01,1.7766e+00,1.6505e+00,2.6686e+00,2.8866e+01
2.0000e+03,1.9100e+02,3.0000e+00,3.2373e+01,-1.0254e+06,-1.0254e+06,-6.3561e-01,-inf,1.5298e-01,7.0326e+00,8.0544e+05,3.8005e+03,-7.2933e-01,-1.8451e+00,6.7117e-01,1.5106e+00,1.5208e-01,-7.3025e-02,2.8969e+00,1.2655e+00,2.7520e+01
2.0000e+03,1.9200e+02,4.0000e+00,3.2323e+01,-1.0252e+06,-1.0252e+06,-6.3894e-01,-inf,1.5302e-01,7.0359e+00,8.0480e+05,3.8262e+03,-1.0783e+00,-1.1857e+00,-1.6114e-01,1.3642e+00,6.1364e-01,-2.0008e-01,2.6559e+00,2.1945e+00,2.6845e+01
2.0000e+03,1.9300e+02,2.0000e+00,3.2383e+01,-1.0245e+06,-1.0245e+06,-6.4226e-01,-inf,1.5305e-01,7.0392e+00,8.0466e+05,3.8395e+03,-1.4202e+00,8.5805e-02,-1.4308e+00,1.3641e-01,1.7144e+00,-1.9886e-01,2.5568e+00,2.2296e+00,2.6677e+01
2.0000e+03,1.9400e+02,2.0000e+00,3.2441e+01,-1.0236e+06,-1.0236e+06,-6.4559e-01,-inf,1.5309e-01,7.0425e+00,8.0390e+05,3.8530e+03,-1.4216e-01,-1.9536e+00,8.8779e-01,7.8779e-01,1.1562e-01,1.6653e+00,2.5023e+00,2.8014e+00,2.9933e+01
2.0000e+03,1.9500e+02,1.0000e+00,3.2554e+01,-1.0234e+06,-1.0234e+06,-6.4892e-01,-inf,1.5312e-01,7.0459e+00,8.0303e+05,3.8598e+03,-1.3953e+00,-1.5016e+00,1.3440e-01,-6.8301e-01,-1.5643e-01,1.5134e+00,5.7659e-01,2.4193e+00,2.8564e+01
2.0000e+03,1.9600e+02,1.0000e+00,3.2667e+01,-1.0229e+06,-1.0229e+06,-6.5225e-01,-inf,1.5316e-01,7.0492e+00,8.0288e+05,3.8653e+03,4.5984e-01,-8.8916e-01,6.4107e-01,1.4760e+00,8.4575e-01,1.6294e+00,2.3136e+00,2.7296e+00,2.9322e+01
2.0000e+03,1.9700e+02,3.0000e+00,3.2670e+01,-1.0225e+06,-1.0225e+06,-6.5557e-01,-inf,1.5320e-01,7.0525e+00,8.0232e+05,3.8853e+03,4.5079e-01,-7.3785e-01,6.6300e-01,8.4433e-01,4.9276e-01,1.0093e+00,3.1716e+00,1.7604e+00,2.8836e+01
2.0000e+03,1.9800e+02,1.0000e+00,3.2781e+01,-1.0215e+06,-1.0215e+06,-6.5890e-01,-inf,1.5323e-01,7.0558e+00,8.0196e+05,3.8920e+03,4.0288e-01,-6.1720e-01,9.2924e-01,-1.0174e+00,-9.0019e-01,1.5235e+00,2.1047e+00,3.1427e+00,2.9286e+01
2.0000e+03,1.9900e+02,2.0000e+00,3.2838e+01,-1.0201e+06,-1.0201e+06,-6.6223e-01,-inf,1.5327e-01,7.0592e+00,8.0090e+05,3.9053e+03,1.2761e-01,-1.1326e+00,4.7330e-01,-1.3755e+00,1.2507e+00,1.0786e-01,2.4462e+00,2.1064e+00,2.9072e+01
2.0000e+03,2.0000e+02,8.0000e+00,3.2573e+01,-1.0197e+06,-1.0197e+06,-6.6556e-01,-inf,1.5331e-01,7.0625e+00,7.9949e+05,3.9555e+03,-4.8772e-01,-1.0456e+00,-4.1463e-01,9.0319e-01,-8.8117e-01,1.5619e+00,2.2100e+00,1.5064e+00,2.8743e+01
2.0000e+03,2.0100e+02,2.0000e+00,3.2630e+01,-1.0192e+06,-1.0192e+06,-6.6889e-01,-inf,1.5334e-01,7.0658e+00,7.9911e+05,3.9689e+03,-6.4958e-01,-1.6528e+00,-1.1334e+00,8.6120e-01,-7.4101e-01,1.1554e+00,1.0217e+00,2.6935e+00,2.8205e+01
2.0000e+03,2.0200e+02,2.0000e+00,3.2686e+01,-1.0177e+06,-1.0177e+06,-6.7221e-01,-inf,1.5338e-01,7.0691e+00,7.9860e+05,3.9823e+03,-5.4551e-01,-9.9723e-01,1.0099e+00,1.1311e-01,1.5239e+00,2.3303e+00,2.7676e+00,2.1940e+00,2.6296e+01
2.0000e+03,2.0300e+02,1.0000e+00,3.2795e+01,-1.0171e+06,-1.0171e+06,-6.7554e-01,-inf,1.5341e-01,7.0725e+00,7.9716e+05,3.9891e+03,-3.7345e-01,-1.9046e+00,-8.5416e-02,5.4372e-01,-3.5502e-01,2.0773e+00,2.3167e+00,2.4677e+00,2.8518e+01
2.0000e+03,2.0400e+02,1.0000e+00,3.2903e+01,-1.0169e+06,-1.0169e+06,-6.7887e-01,-inf,1.5345e-01,7.0758e+00,7.9652e+05,3.9958e+03,-6.4725e-01,-3.4726e-01,-1.4257e+00,-8.2181e-01,1.0127e-01,-2.5858e-01,1.0533e+00,2.6908e+00,2.6057e+01
2.0000e+03,2.0500e+02,2.0000e+00,3.2958e+01,-1.0153e+06,-1.0153e+06,-6.8220e-01,-inf,1.5349e-01,7.0792e+00,7.9631e+05,4.0068e+03,-2.1569e-01,-9.5666e-01,-1.2884e+00,2.3077e-01,9.0345e-02,2.2210e+00,9.4625e-01,1.3100e+00,2.6223e+01
2.0000e+03,2.0600e+02,1.0000e+00,3.3066e+01,-1.0146e+06,-1.0146e+06,-6.8552e-01,-inf,1.5352e-01,7.0824e+00,7.9472e+05,4.0134e+03,-8.4586e-01,2.8356e-02,-5.5355e-01,-5.9582e-01,1.5529e+00,1.5705e+00,2.2401e+00,2.5713e+00,2.8243e+01
2.0000e+03,2.0700e+02,4.0000e+00,3.3014e+01,-1.0134e+06,-1.0134e+06,-6.8885e-01,-inf,1.5356e-01,7.0858e+00,7.9402e+05,4.0392e+03,3.4737e-01,-2.5494e-01,-5.0554e-01,1.0879e+00,1.3147e+00,1.8998e+00,7.9696e-01,1.4454e+00,2.9298e+01
2.0000e+03,2.0800e+02,2.0000e+00,3.3068e+01,-1.0115e+06,-1.0115e+06,-6.9218e-01,-inf,1.5359e-01,7.0891e+00,7.9284e+05,4.0514e+03,1.5803e-01,-4.1961e-02,3.4647e-01,-5.8476e-02,-5.4817e-01,1.9474e+00,2.4945e+00,1.1044e+00,2.8039e+01
2.0000e+03,2.0900e+02,1.0000e+00,3.3175e+01,-1.0111e+06,-1.0111e+06,-6.9551e-01,-inf,1.5363e-01,7.0925e+00,7.9098e+05,4.0580e+03,-4.2741e-01,-1.8121e+00,-6.5802e-01,1.5492e+00,-6.1879e-01,1.9552e+00,5.5611e-01,2.9370e+00,2.7703e+01
2.0000e+03,2.1000e+02,3.0000e+00,3.3175e+01,-1.0109e+06,-1.0109e+06,-6.9884e-01,-inf,1.5367e-01,7.0957e+00,7.9056e+05,4.0745e+03,1.4453e-01,1.8536e-02,-1.2071e+00,4.8201e-01,1.5926e+00,1.0945e+00,2.2207e+00,1.1275e+00,2.7850e+01
2.0000e+03,2.1100e+02,1.0000e+00,3.3281e+01,-1.0104e+06,-1.0104e+06,-7.0216e-01,-inf,1.5370e-01,7.0991e+00,7.9031e+05,4.0800e+03,-1.4113e+00,3.6040e-01,9.0379e-01,1.2113e+00,1.6052e-01,1.3572e+00,2.4272e+00,3.1455e+00,2.6021e+01
2.0000e+03,2.1200e+02,4.0000e+00,3.3229e+01,-1.0103e+06,-1.0103e+06,-7.0549e-01,-inf,1.5374e-01,7.1024e+00,7.8987e+05,4.1047e+03,3.8456e-01,-8.7910e-02,-1.4575e+00,-9.4673e-01,1.2491e+00,1.2151e+00,1.0382e+00,1.7842e+00,2.9004e+01
2.0000e+03,2.1300e+02,2.0000e+00,3.3281e+01,-1.0103e+06,-1.0103e+06,-7.0882e-01,-inf,1.5283e-01,7.0188e+00,7.8977e+05,4.1170e+03,-1.1284e+00,-9.1991e-01,-5.2929e-01,-4.8425e-01,1.8048e+00,1.4411e+00,1.0663e+00,2.0557e+00,2.6065e+01
2.0000e+03,2.1400e+02,2.0000e+00,3.3333e+01,-1.0103e+06,-1.0103e+06,-7.1215e-01,-inf,1.5381e-01,7.1090e+00,7.8977e+05,4.1294e+03,-1.0261e+00,1.1727e-01,-2.1879e-01,-1.3810e+00,1.1951e+00,1.5326e+00,2.7801e+00,3.2109e+00,2.8183e+01
2.0000e+03,2.1500e+02,4.0000e+00,3.3282e+01,-1.0099e+06,-1.0099e+06,-7.1547e-01,-inf,1.5385e-01,7.1124e+00,7.8975e+05,4.1551e+03,-1.6116e-01,-8.2208e-02,3.4238e-01,9.5770e-01,7.6846e-01,2.5825e+00,9.2108e-01,8.8970e-01,2.8376e+01
2.0000e+03,2.1600e+02,3.0000e+00,3.3282e+01,-1.0099e+06,-1.0099e+06,-7.1880e-01,-inf,1.5192e-01,6.9354e+00,7.8935e+05,4.1752e+03,-5.4941e-01,-1.1000e+00,-8.3101e-02,-1.0047e+00,3.2129e-01,1.3994e+00,1.1811e+00,2.2114e+00,2.8719e+01
2.0000e+03,2.1700e+02,6.0000e+00,3.3130e+01,-1.0092e+06,-1.0092e+06,-7.2213e-01,-inf,1.5392e-01,7.1191e+00,7.8935e+05,4.2132e+03,2.7869e-01,2.9535e-01,-1.3248e+00,-1.0759e+00,-8.7466e-01,5.2454e-01,8.4838e-01,2.1737e+00,2.6754e+01
2.0000e+03,2.1800e+02,1.0000e+00,3.3232e+01,-1.0071e+06,-1.0071e+06,-7.2546e-01,-inf,1.5395e-01,7.1223e+00,7.8864e+05,4.2199e+03,4.1051e-01,4.3643e-01,8.6536e-01,-1.1111e+00,1.8695e+00,1.8234e+00,1.9232e+00,2.1986e+00,2.9877e+01
2.0000e+03,2.1900e+02,6.0000e+00,3.3082e+01,-1.0058e+06,-1.0058e+06,-7.2879e-01,-inf,1.5399e-01,7.1257e+00,7.8655e+05,4.2588e+03,8.0639e-02,2.3397e-01,-1.5396e+00,1.7884e-01,2.0043e+00,6.8368e-01,3.1957e+00,9.9165e-01,2.8861e+01
2.0000e+03,2.2000e+02,1.0000e+00,3.3183e+01,-1.0057e+06,-1.0057e+06,-7.3211e-01,-inf,1.5403e-01,7.1291e+00,7.8519e+05,4.2655e+03,2.4552e-01,-1.0699e+00,1.5560e-01,-1.3483e-01,1.2870e+00,1.7819e+00,1.7704e+00,2.0124e+00,2.8404e+01
2.0000e+03,2.2100e+02,1.0000e+00,3.3283e+01,-1.0056e+06,-1.0056e+06,-7.3544e-01,-inf,1.5406e-01,7.1324e+00,7.8518e+05,4.2711e+03,-2.0356e-01,-6.8607e-01,-1.4456e+00,1.2843e+00,-1.3679e-01,2.3791e+00,1.5668e+00,1.5055e+00,2.6197e+01
2.0000e+03,2.2200e+02,2.0000e+00,3.3333e+01,-1.0052e+06,-1.0052e+06,-7.3877e-01,-inf,1.5410e-01,7.1357e+00,7.8503e+05,4.2845e+03,-1.6162e-01,-9.2645e-02,-1.8041e-01,4.9106e-01,7.2852e-01,1.8214e+00,6.5269e-01,2.1521e+00,2.9092e+01
2.0000e+03,2.2300e+02,1.0000e+00,3.3433e+01,-1.0048e+06,-1.0048e+06,-7.4210e-01,-inf,1.5413e-01,7.1390e+00,7.8467e+05,4.2911e+03,-8.1117e-01,-3.9780e-01,-1.4034e+00,-9.1850e-01,1.3064e+00,6.6105e-02,1.5886e+00,2.6138e+00,2.6412e+01
2.0000e+03,2.2400e+02,2.0000e+00,3.3483e+01,-1.0046e+06,-1.0046e+06,-7.4542e-01,-inf,1.5417e-01,7.1423e+00,7.8423e+05,4.3044e+03,-1.4646e+00,-7.8184e-01,-1.3291e-01,-8.3065e-01,1.6019e+00,1.0415e+00,1.2533e+00,2.5883e+00,2.6207e+01
2.0000e+03,2.2500e+02,2.0000e+00,3.3532e+01,-1.0040e+06,-1.0040e+06,-7.4875e-01,-inf,1.5421e-01,7.1457e+00,7.8400e+05,4.3178e+03,-4.1832e-01,-3.6769e-01,-3.3873e-01,2.5739e-01,1.5775e+00,1.4500e+00,1.8897e+00,2.5530e+00,2.6768e+01
2.0000e+03,2.2600e+02,1.0000e+00,3.3631e+01,-1.0037e+06,-1.0037e+06,-7.5208e-01,-inf,1.5424e-01,7.1491e+00,7.8346e+05,4.3233e+03,1.5874e-01,-1.8096e+00,-2.1726e-01,1.5193e+00,3.6789e-01,1.5925e+00,1.7863e+00,2.4592e+00,2.9140e+01
2.0000e+03,2.2700e+02,1.0000e+00,3.3730e+01,-1.0029e+06,-1.0029e+06,-7.5541e-01,-inf,1.5428e-01,7.1523e+00,7.8310e+05,4.3299e+03,-1.1024e-01,-1.3821e+00,6.8223e-02,5.1015e-01,6.7039e-01,2.0179e+00,5.1377e-01,1.1762e+00,2.9372e+01
2.0000e+03,2.2800e+02,1.0000e+00,3.3828e+01,-1.0028e+06,-1.0028e+06,-7.5874e-01,-inf,1.5431e-01,7.1556e+00,7.8233e+05,4.3365e+03,-1.0912e+00,-1.1582e+00,1.9640e-01,1.1616e-01,2.8470e-02,1.7622e+00,2.4423e+00,1.6026e+00,2.7058e+01
2.0000e+03,2.2900e+02,1.0000e+00,3.3926e+01,-1.0025e+06,-1.0025e+06,-7.6206e-01,-inf,1.5435e-01,7.1590e+00,7.8221e+05,4.3431e+03,-8.8356e-01,-1.5567e+00,-3.3429e-01,4.5625e-01,-7.2616e-01,2.7568e-01,1.3172e+00,2.9242e+00,2.7310e+01
2.0000e+03,2.3000e+02,1.0000e+00,3.4024e+01,-1.0016e+06,-1.0017e+06,-7.6539e-01,-inf,1.5439e-01,7.1624e+00,7.8194e+05,4.3498e+03,-1.0067e+00,-9.2735e-01,-6.7227e-03,-7.7905e-01,1.0059e-01,1.4604e+00,2.2090e+00,1.7534e+00,2.7923e+01
2.0000e+03,2.3100e+02,2.0000e+00,3.4071e+01,-1.0011e+06,-1.0011e+06,-7.6872e-01,-inf,1.5442e-01,7.1656e+00,7.8109e+05,4.3631e+03,2.6359e-01,8.7606e-02,1.5761e-01,-7.1727e-01,-5.4379e-01,2.3188e+00,9.2380e-01,1.0638e+00,2.7834e+01
2.0000e+03,2.3200e+02,1.0000e+00,3.4168e+01,-1.0009e+06,-1.0009e+06,-7.7205e-01,-inf,1.5446e-01,7.1689e+00,7.8055e+05,4.3686e+03,-1.2869e+00,2.7836e-01,-6.8750e-01,-1.3299e+00,1.4310e+00,2.4140e+00,1.0033e+00,1.6438e+00,2.8228e+01
2.0000e+03,2.3300e+02,2.0000e+00,3.4214e+01,-1.0006e+06,-1.0006e+06,-7.7538e-01,-inf,1.5449e-01,7.1723e+00,7.8037e+05,4.3807e+03,-4.5024e-01,-1.8193e+00,2.3503e-01,4.2617e-01,-4.1247e-01,-1.5631e-01,1.6018e+00,2.7660e+00,2.8193e+01
2.0000e+03,2.3400e+02,2.0000e+00,3.4261e+01,-1.0005e+06,-1.0005e+06,-7.7870e-01,-inf,1.5453e-01,7.1757e+00,7.8004e+05,4.3942e+03,-4.5745e-01,3.9750e-01,5.0007e-01,9.7738e-01,8.3859e-02,8.1535e-01,2.5408e+00,2.9225e+00,2.6443e+01
2.0000e+03,2.3500e+02,1.3000e+01,3.3764e+01,-1.0001e+06,-1.0001e+06,-7.8203e-01,-inf,1.5456e-01,7.1790e+00,7.7998e+05,4.4780e+03,2.7882e-03,-1.3423e+00,-2.5924e-01,-1.0603e+00,9.2135e-01,1.7650e+00,7.1297e-01,2.0130e+00,2.8054e+01
2.0000e+03,2.3600e+02,2.0000e+00,3.3811e+01,-9.9997e+05,-9.9997e+05,-7.8536e-01,-9.9997e+05,1.5460e-01,7.1823e+00,7.7950e+05,4.4985e+03,-1.1471e+00,-5.2812e-01,2.6627e-01,1.1391e+00,-1.4697e-01,2.0346e+00,9.1936e-01,2.7799e+00,2.6571e+01
2.0000e+03,2.3700e+02,3.0000e+00,3.3809e+01,-9.9964e+05,-9.9965e+05,-7.8869e-01,-9.9965e+05,1.5464e-01,7.1856e+00,7.7941e+05,4.5189e+03,-1.0859e+00,-4.9761e-01,-1.6785e+00,-5.5393e-01,-7.7792e-01,-2.3180e-02,1.3824e+00,9.8156e-01,2.8333e+01
2.0000e+03,2.3800e+02,1.0000e+00,3.3903e+01,-9.9909e+05,-9.9910e+05,-7.9201e-01,-9.9910e+05,1.5467e-01,7.1890e+00,7.7908e+05,4.5256e+03,-1.3945e+00,-1.8933e+00,-1.9516e-01,3.7724e-01,-6.5806e-01,1.8145e+00,8.2803e-01,1.3927e+00,2.9117e+01
2.0000e+03,2.3900e+02,5.0000e+00,3.3805e+01,-9.9820e+05,-9.9820e+05,-7.9534e-01,-9.9820e+05,1.5471e-01,7.1923e+00,7.7853e+05,4.5544e+03,2.2942e-01,-1.6309e-01,-9.5056e-01,-3.6028e-01,-7.2769e-02,1.6080e+00,8.4506e-01,1.9173e+00,2.7802e+01
2.0000e+03,2.4000e+02,1.0000e+00,3.3898e+01,-9.9769e+05,-9.9770e+05,-7.9867e-01,-9.9770e+05,1.5474e-01,7.1956e+00,7.7764e+05,4.5611e+03,3.1997e-01,-5.0207e-01,6.1621e-01,1.3977e+00,6.5819e-01,2.2829e+00,9.5943e-01,2.2015e+00,2.9389e+01
2.0000e+03,2.4100e+02,4.0000e+00,3.3848e+01,-9.9699e+05,-9.9700e+05,-8.0200e-01,-9.9700e+05,1.5478e-01,7.1989e+00,7.7713e+05,4.5855e+03,-1.2834e+00,-5.9548e-02,5.6547e-01,8.5191e-01,1.8384e+00,1.6609e+00,2.1847e+00,1.4060e+00,2.8793e+01
2.0000e+03,2.4200e+02,2.0000e+00,3.3894e+01,-9.9508e+05,-9.9509e+05,-8.0533e-01,-9.9509e+05,1.5481e-01,7.2023e+00,7.7643e+05,4.5988e+03,-3.2704e-01,-7.6783e-01,-3.1990e-01,-6.3268e-01,9.1021e-01,1.9456e+00,1.2914e+00,2.3677e+00,2.6393e+01
2.0000e+03,2.4300e+02,2.0000e+00,3.3939e+01,-9.9487e+05,-9.9488e+05,-8.0865e-01,-9.9488e+05,1.5485e-01,7.2056e+00,7.7452e+05,4.6110e+03,-1.1300e+00,-1.6863e+00,1.1633e+00,-7.1973e-01,1.9113e+00,1.0348e+00,2.3346e+00,2.7429e+00,2.7567e+01
2.0000e+03,2.4400e+02,1.0000e+00,3.4031e+01,-9.9372e+05,-9.9373e+05,-8.1198e-01,-9.9373e+05,1.5489e-01,7.2089e+00,7.7431e+05,4.6176e+03,-9.8619e-01,4.1426e-01,-1.3314e+00,-6.3261e-01,5.1595e-01,1.1083e+00,9.8587e-01,3.2728e+00,2.8434e+01
2.0000e+03,2.4500e+02,1.0000e+00,3.4123e+01,-9.9323e+05,-9.9324e+05,-8.1531e-01,-9.9324e+05,1.5492e-01,7.2122e+00,7.7316e+05,4.6243e+03,-5.1823e-01,-3.5779e-01,9.6010e-01,-1.2301e+00,2.0091e+00,1.5322e+00,2.3835e+00,1.3948e+00,2.9081e+01
2.0000e+03,2.4600e+02,5.0000e+00,3.4025e+01,-9.9297e+05,-9.9298e+05,-8.1864e-01,-9.9298e+05,1.5496e-01,7.2156e+00,7.7267e+05,4.6568e+03,-2.0223e-01,-1.7148e+00,3.3409e-01,-3.5371e-01,3.6396e-01,6.2564e-01,2.1845e+00,9.0146e-01,2.9907e+01
2.0000e+03,2.4700e+02,1.0000e+00,3.4116e+01,-9.9294e+05,-9.9294e+05,-8.2196e-01,-9.9294e+05,1.5499e-01,7.2189e+00,7.7241e+05,4.6624e+03,2.5187e-01,-1.1055e+00,-2.7898e-01,6.1749e-01,1.2333e+00,7.9577e-01,2.1632e+00,2.3100e+00,2.6055e+01
2.0000e+03,2.4800e+02,2.0000e+00,3.4160e+01,-9.9248e+05,-9.9248e+05,-8.2529e-01,-9.9248e+05,1.5503e-01,7.2223e+00,7.7238e+05,4.6757e+03,1.1065e-01,-1.7528e+00,-8.6122e-01,-5.0668e-01,1.0157e+00,6.8727e-01,1.1253e+00,8.5596e-01,2.9452e+01
2.0000e+03,2.4900e+02,1.0000e+00,3.4250e+01,-9.9199e+05,-9.9200e+05,-8.2862e-01,-9.9200e+05,1.5506e-01,7.2255e+00,7.7192e+05,4.6824e+03,-8.2369e-01,-7.8920e-01,-1.4339e-01,-1.3248e+00,-7.2115e-01,-2.4550e-01,2.0018e+00,1.6005e+00,2.7781e+01
2.0000e+03,2.5000e+02,1.0000e+00,3.4341e+01,-9.9175e+05,-9.9176e+05,-8.3195e-01,-9.9176e+05,1.5510e-01,7.2289e+00,7.7143e+05,4.6879e+03,-5.3794e-01,-1.2408e+00,1.1904e+00,4.1321e-01,1.6024e+00,1.0643e+00,2.3769e+00,3.3335e+00,2.8684e+01
2.0000e+03,2.5100e+02,3.0000e+00,3.4337e+01,-9.9099e+05,-9.9100e+05,-8.3528e-01,-9.9100e+05,1.5514e-01,7.2322e+00,7.7119e+05,4.7069e+03,-1.1348e+00,2.5449e-01,3.3762e-01,7.4708e-01,1.7954e+00,2.0225e+00,2.2771e+00,1.6741e+00,2.6606e+01
2.0000e+03,2.5200e+02,2.0000e+00,3.4379e+01,-9.9072e+05,-9.9073e+05,-8.3860e-01,-9.9073e+05,1.5517e-01,7.2356e+00,7.7043e+05,4.7202e+03,-5.5334e-01,2.5639e-01,-1.1040e+00,-5.2044e-01,1.2402e+00,1.8573e+00,5.3564e-01,1.6582e+00,2.8322e+01
2.0000e+03,2.5300e+02,1.0000e+00,3.4469e+01,-9.9061e+05,-9.9062e+05,-8.4193e-01,-9.9062e+05,1.5521e-01,7.2388e+00,7.7016e+05,4.7268e+03,-5.0526e-01,-6.4302e-01,-2.9716e-01,9.7095e-01,1.9055e-02,2.7076e-02,2.1605e+00,3.1081e+00,2.7741e+01
2.0000e+03,2.5400e+02,2.0000e+00,3.4511e+01,-9.8954e+05,-9.8955e+05,-8.4526e-01,-9.8955e+05,1.5524e-01,7.2422e+00,7.7005e+05,4.7390e+03,-1.4037e+00,-1.0272e-01,-5.6282e-01,2.1720e-01,2.9562e-01,1.2807e+00,1.5035e+00,1.4222e+00,2.9437e+01
2.0000e+03,2.5500e+02,1.0000e+00,3.4600e+01,-9.8954e+05,-9.8954e+05,-8.4859e-01,-9.8954e+05,1.5488e-01,7.2081e+00,7.6898e+05,4.7457e+03,-1.3039e-02,-1.5882e+00,-4.9088e-01,8.2224e-01,1.8870e+00,9.6935e-03,7.7555e-01,1.4222e+00,2.6862e+01
2.0000e+03,2.5600e+02,4.0000e+00,3.4548e+01,-9.8898e+05,-9.8899e+05,-8.5191e-01,-9.8899e+05,1.5532e-01,7.2489e+00,7.6898e+05,4.7726e+03,-1.3684e+00,-1.3977e+00,1.0573e+00,-6.8643e-01,1.7379e+00,7.9758e-01,2.3403e+00,2.6432e+00,2.7002e+01
2.0000e+03,2.5700e+02,1.0000e+00,3.4636e+01,-9.8671e+05,-9.8671e+05,-8.5524e-01,-9.8671e+05,1.5535e-01,7.2521e+00,7.6842e+05,4.7793e+03,-1.4621e+00,-1.3844e+00,-4.0696e-01,1.1896e+00,3.9620e-01,6.5955e-01,1.2866e+00,2.4062e+00,2.9425e+01
2.0000e+03,2.5800e+02,1.0000e+00,3.4724e+01,-9.8639e+05,-9.8640e+05,-8.5857e-01,-9.8640e+05,1.5539e-01,7.2555e+00,7.6615e+05,4.7861e+03,-1.4172e+00,-1.8664e+00,7.4424e-01,-3.4048e-01,1.7685e+00,2.0898e+00,1.5567e+00,1.4814e+00,2.6615e+01
2.0000e+03,2.5900e+02,1.0000e+00,3.4812e+01,-9.8637e+05,-9.8638e+05,-8.6190e-01,-9.8638e+05,1.5542e-01,7.2588e+00,7.6583e+05,4.7916e+03,3.5930e-01,-3.3708e-01,-7.2237e-01,9.7389e-01,8.8915e-01,1.0156e+00,1.2569e+00,2.6766e+00,2.7586e+01
2.0000e+03,2.6000e+02,6.0000e+00,3.4667e+01,-9.8585e+05,-9.8586e+05,-8.6523e-01,-9.8586e+05,1.5546e-01,7.2622e+00,7.6582e+05,4.8317e+03,4.9752e-02,-6.1816e-01,-7.2966e-01,1.2484e+00,1.2140e+00,1.9692e+00,2.7074e+00,9.0190e-01,2.8475e+01
2.0000e+03,2.6100e+02,4.0000e+00,3.4615e+01,-9.8566e+05,-9.8567e+05,-8.6855e-01,-9.8567e+05,1.5549e-01,7.2655e+00,7.6529e+05,4.8573e+03,-1.5421e-02,-1.2112e+00,7.5398e-01,1.7074e-01,1.5929e+00,2.4312e-01,1.3075e+00,2.5499e+00,2.9720e+01
2.0000e+03,2.6200e+02,3.0000e+00,3.4610e+01,-9.8332e+05,-9.8332e+05,-8.7188e-01,-9.8332e+05,1.5553e-01,7.2688e+00,7.6510e+05,4.8750e+03,-6.1986e-01,-1.7827e+00,6.1068e-01,-1.3732e+00,-5.8791e-01,9.2652e-01,2.7043e+00,3.3227e+00,2.8788e+01
2.0000e+03,2.6300e+02,1.0000e+00,3.4697e+01,-9.8141e+05,-9.8142e+05,-8.7521e-01,-9.8142e+05,1.5556e-01,7.2721e+00,7.6276e+05,4.8817e+03,-5.5529e-02,-3.6480e-01,-6.0534e-01,1.4881e+00,1.2282e+00,1.1642e+00,1.4589e+00,1.1483e+00,2.9888e+01
2.0000e+03,2.6400e+02,1.0000e+00,3.4783e+01,-9.8139e+05,-9.8140e+05,-8.7854e-01,-9.8140e+05,1.5560e-01,7.2755e+00,7.6085e+05,4.8884e+03,-5.3176e-02,-1.6288e+00,-1.0886e+00,9.7051e-01,1.3328e+00,9.7526e-01,5.5699e-01,2.0490e+00,2.8639e+01
2.0000e+03,2.6500e+02,4.0000e+00,3.4731e+01,-9.8110e+05,-9.8111e+05,-8.8186e-01,-9.8111e+05,1.5564e-01,7.2788e+00,7.6083e+05,4.9117e+03,-7.4719e-01,-1.2577e+00,-6.6613e-01,1.0502e+00,1.7986e+00,9.6693e-01,4.8618e-01,9.2666e-01,2.6567e+01
2.0000e+03,2.6600e+02,1.0000e+00,3.4817e+01,-9.8018e+05,-9.8019e+05,-8.8519e-01,-9.8019e+05,1.5567e-01,7.2821e+00,7.6054e+05,4.9183e+03,-1.2474e+00,7.1612e-02,2.1080e-01,1.4941e+00,9.2936e-01,1.3862e+00,2.5876e+00,2.4640e+00,2.6413e+01
2.0000e+03,2.6700e+02,1.0000e+00,3.4902e+01,-9.8010e+05,-9.8010e+05,-8.8852e-01,-9.8010e+05,1.5571e-01,7.2854e+00,7.5962e+05,4.9249e+03,-9.3079e-01,-1.7563e-01,-1.3965e+00,-2.1006e-01,5.9004e-01,8.9849e-01,7.8624e-01,1.0534e+00,2.9909e+01
2.0000e+03,2.6800e+02,3.0000e+00,3.4896e+01,-9.7966e+05,-9.7967e+05,-8.9185e-01,-9.7967e+05,1.5574e-01,7.2888e+00,7.5954e+05,4.9440e+03,2.9297e-01,-1.9303e+00,-6.2062e-02,9.8403e-01,3.5671e-01,1.2608e+00,1.3380e+00,2.7767e+00,2.6361e+01
2.0000e+03,2.6900e+02,1.0000e+00,3.4980e+01,-9.7926e+05,-9.7926e+05,-8.9518e-01,-9.7926e+05,1.5578e-01,7.2921e+00,7.5910e+05,4.9506e+03,-1.0624e+00,3.1217e-01,-4.5554e-01,1.2951e+00,-7.2540e-01,2.3788e-01,6.2168e-01,2.8254e+00,2.8378e+01
2.0000e+03,2.7000e+02,2.0000e+00,3.5019e+01,-9.7892e+05,-9.7893e+05,-8.9850e-01,-9.7893e+05,1.5581e-01,7.2954e+00,7.5870e+05,4.9639e+03,-1.2002e-02,-1.1708e+00,1.1560e+00,1.2594e+00,6.2938e-01,1.6713e+00,2.5096e+00,3.1565e+00,2.7280e+01
2.0000e+03,2.7100e+02,1.0000e+00,3.5104e+01,-9.7797e+05,-9.7798e+05,-9.0183e-01,-9.7798e+05,1.5585e-01,7.2987e+00,7.5836e+05,4.9706e+03,-6.8470e-01,3.0804e-01,-1.2403e+00,1.2763e+00,8.2970e-01,1.9350e+00,2.5030e+00,1.5013e+00,2.6547e+01
2.0000e+03,2.7200e+02,2.0000e+00,3.5142e+01,-9.7790e+05,-9.7791e+05,-9.0516e-01,-9.7791e+05,1.5588e-01,7.3021e+00,7.5741e+05,4.9828e+03,-1.3436e+00,-2.6649e-02,-6.7065e-01,-1.1000e+00,3.1082e-01,1.6389e+00,1.7885e+00,1.4082e+00,2.7776e+01
2.0000e+03,2.7300e+02,1.0000e+00,3.5226e+01,-9.7783e+05,-9.7783e+05,-9.0849e-01,-9.7783e+05,1.5592e-01,7.3054e+00,7.5734e+05,4.9894e+03,4.7914e-01,-1.9303e+00,8.3951e-01,1.0058e+00,3.1618e-01,1.4767e-01,1.7698e+00,2.8462e+00,2.9956e+01
2.0000e+03,2.7400e+02,3.0000e+00,3.5219e+01,-9.7701e+05,-9.7702e+05,-9.1181e-01,-9.7702e+05,1.5596e-01,7.3088e+00,7.5727e+05,5.0095e+03,4.0843e-01,1.9891e-01,8.1592e-01,7.0327e-01,1.0865e+00,8.3940e-01,1.0175e+00,3.0344e+00,2.9068e+01
2.0000e+03,2.7500e+02,2.0000e+00,3.5256e+01,-9.7647e+05,-9.7648e+05,-9.1514e-01,-9.7648e+05,1.5599e-01,7.3120e+00,7.5646e+05,5.0229e+03,-9.2407e-01,-1.0995e+00,-1.6036e+00,1.3738e+00,-3.2601e-02,2.5533e+00,2.6586e+00,8.2046e-01,2.9382e+01
2.0000e+03,2.7600e+02,2.0000e+00,3.5294e+01,-9.7605e+05,-9.7606e+05,-9.1847e-01,-9.7606e+05,1.5603e-01,7.3154e+00,7.5591e+05,5.0362e+03,-1.3329e+00,-5.0352e-01,7.5623e-01,-8.8313e-01,1.8341e+00,-4.0264e-03,8.6008e-01,8.1298e-01,2.9138e+01
2.0000e+03,2.7700e+02,4.0000e+00,3.5242e+01,-9.7569e+05,-9.7569e+05,-9.2180e-01,-9.7569e+05,1.5606e-01,7.3187e+00,7.5549e+05,5.0607e+03,-9.7205e-01,-9.1720e-01,3.0106e-01,-1.5071e-01,2.0243e+00,2.8341e-01,2.4553e+00,2.2739e+00,2.8041e+01
2.0000e+03,2.7800e+02,1.0000e+00,3.5324e+01,-9.7526e+05,-9.7527e+05,-9.2513e-01,-9.7527e+05,1.5610e-01,7.3221e+00,7.5513e+05,5.0673e+03,1.5420e-01,-8.6152e-01,2.9878e-01,4.8104e-01,1.0628e+00,1.9930e+00,4.8029e-01,1.7028e+00,2.8782e+01
2.0000e+03,2.7900e+02,1.0000e+00,3.5406e+01,-9.7508e+05,-9.7508e+05,-9.2845e-01,-9.7508e+05,1.5613e-01,7.3253e+00,7.5470e+05,5.0728e+03,-1.4168e+00,-1.2229e+00,5.6489e-01,9.5363e-01,1.6529e+00,1.3167e+00,2.2515e+00,1.2181e+00,2.6139e+01
2.0000e+03,2.8000e+02,2.0000e+00,3.5443e+01,-9.7469e+05,-9.7469e+05,-9.3178e-01,-9.7469e+05,1.5617e-01,7.3287e+00,7.5452e+05,5.0863e+03,-7.6785e-01,-1.1923e+00,8.3230e-01,-7.8600e-01,1.3000e+00,7.8187e-01,2.8844e+00,3.1490e+00,2.8805e+01
2.0000e+03,2.8100e+02,1.0000e+00,3.5525e+01,-9.7356e+05,-9.7357e+05,-9.3511e-01,-9.7357e+05,1.5620e-01,7.3321e+00,7.5413e+05,5.0918e+03,-9.6639e-01,3.7532e-01,-5.2837e-01,2.0183e-01,9.2758e-01,-1.6414e-01,8.4449e-01,2.3197e+00,2.8390e+01
2.0000e+03,2.8200e+02,1.0000e+00,3.5606e+01,-9.7337e+05,-9.7338e+05,-9.3844e-01,-9.7338e+05,1.5624e-01,7.3354e+00,7.6619e+05,5.0986e+03,-7.4508e-01,-1.9615e+00,-7.7293e-01,1.2906e+00,4.0947e-01,1.5290e+00,1.5499e+00,2.9302e+00,2.8815e+01
2.0000e+03,2.8300e+02,1.0000e+00,3.5687e+01,-9.7317e+05,-9.7317e+05,-9.4176e-01,-9.7317e+05,1.5627e-01,7.3386e+00,7.6600e+05,5.1053e+03,-2.4006e-01,1.7413e-01,-1.5189e+00,1.1648e+00,-7.8108e-01,2.5595e+00,1.1617e+00,3.0563e+00,2.7603e+01
2.0000e+03,2.8400e+02,1.0000e+00,3.5768e+01,-9.7308e+05,-9.7309e+05,-9.4509e-01,-9.7309e+05,1.5631e-01,7.3420e+00,7.6579e+05,5.1119e+03,-2.9080e-01,1.8010e-01,-1.2997e-01,2.0222e-01,1.5687e+00,4.7016e-01,1.9743e+00,1.1089e+00,2.8158e+01
2.0000e+03,2.8500e+02,1.0000e+00,3.5849e+01,-9.7279e+05,-9.7280e+05,-9.4842e-01,-9.7280e+05,1.5635e-01,7.3454e+00,7.6571e+05,5.1186e+03,-1.3457e+00,4.3000e-01,8.6653e-01,4.5840e-01,1.8824e+00,8.7940e-01,1.9464e+00,2.8582e+00,2.7126e+01
2.0000e+03,2.8600e+02,2.0000e+00,3.5885e+01,-9.7252e+05,-9.7253e+05,-9.5175e-01,-9.7253e+05,1.5638e-01,7.3487e+00,7.6542e+05,5.1318e+03,-1.3741e-01,-1.0218e+00,-1.7034e+00,6.8902e-02,6.7956e-01,3.5482e-01,4.8468e-01,2.1405e+00,2.8021e+01
2.0000e+03,2.8700e+02,1.0000e+00,3.5965e+01,-9.7221e+05,-9.7222e+05,-9.5508e-01,-9.7222e+05,1.5642e-01,7.3520e+00,7.6515e+05,5.1386e+03,-1.1465e+00,1.7292e-01,-9.1888e-01,-1.2591e+00,-2.3513e-01,6.6396e-01,2.7125e+00,8.1572e-01,2.8016e+01
2.0000e+03,2.8800e+02,1.0000e+00,3.6045e+01,-9.7136e+05,-9.7136e+05,-9.5840e-01,-9.7136e+05,1.5645e-01,7.3553e+00,7.6483e+05,5.1442e+03,-7.3309e-01,-6.8049e-01,4.9482e-02,1.0371e-01,7.5088e-01,2.3050e+00,1.4774e+00,1.8606e+00,2.8228e+01
2.0000e+03,2.8900e+02,1.0000e+00,3.6125e+01,-9.7101e+05,-9.7102e+05,-9.6173e-01,-9.7102e+05,1.5649e-01,7.3587e+00,7.6398e+05,5.1509e+03,6.7444e-02,-4.8501e-01,8.3328e-01,-1.1751e+00,7.3213e-01,2.4317e+00,2.3176e+00,2.4788e+00,2.7316e+01
2.0000e+03,2.9000e+02,2.0000e+00,3.6160e+01,-9.7065e+05,-9.7065e+05,-9.6506e-01,-9.7065e+05,1.5652e-01,7.3620e+00,7.6364e+05,5.1644e+03,4.2770e-01,-1.8439e+00,-1.0243e+00,-1.1616e+00,3.8986e-01,6.4187e-01,1.2037e+00,1.5716e+00,2.8450e+01
2.0000e+03,2.9100e+02,1.0000e+01,3.5837e+01,-9.7049e+05,-9.7050e+05,-9.6839e-01,-9.7050e+05,1.5656e-01,7.3654e+00,7.6327e+05,5.2280e+03,-7.4575e-01,3.6324e-01,-2.1943e-01,9.2417e-01,1.6799e+00,9.7314e-01,2.5359e+00,1.5951e+00,2.6780e+01
2.0000e+03,2.9200e+02,2.0000e+00,3.5872e+01,-9.6966e+05,-9.6967e+05,-9.7171e-01,-9.6967e+05,1.5659e-01,7.3686e+00,7.6312e+05,5.2415e+03,-2.9051e-01,-1.8131e+00,-4.9058e-01,1.0947e+00,1.5742e+00,8.6707e-01,9.7975e-01,2.1667e+00,2.6190e+01
2.0000e+03,2.9300e+02,2.0000e+00,3.5907e+01,-9.6887e+05,-9.6887e+05,-9.7504e-01,-9.6887e+05,1.5663e-01,7.3720e+00,7.6228e+05,5.2550e+03,3.3014e-01,2.2508e-02,6.1242e-02,9.7886e-01,1.4312e+00,1.1380e+00,8.6178e-01,8.7740e-01,2.9707e+01
2.0000e+03,2.9400e+02,1.0000e+00,3.5985e+01,-9.6858e+05,-9.6858e+05,-9.7837e-01,-9.6858e+05,1.5666e-01,7.3753e+00,7.6149e+05,5.2618e+03,-8.6429e-01,-1.6430e+00,8.3722e-01,-7.0890e-01,1.8836e+00,1.8692e+00,1.5842e+00,1.8198e+00,2.6260e+01
2.0000e+03,2.9500e+02,3.0000e+00,3.5976e+01,-9.6855e+05,-9.6856e+05,-9.8170e-01,-9.6856e+05,1.5670e-01,7.3786e+00,7.6120e+05,5.2817e+03,-3.4558e-01,-1.4264e+00,-5.1674e-01,-7.8583e-02,1.0341e+00,1.1458e+00,1.8063e+00,1.5056e+00,2.7596e+01
2.0000e+03,2.9600e+02,2.0000e+00,3.6010e+01,-9.6855e+05,-9.6855e+05,-9.8503e-01,-9.6855e+05,1.5630e-01,7.3409e+00,7.6118e+05,5.2950e+03,-1.7831e-01,-5.9241e-01,7.0958e-01,5.3006e-01,1.8036e+00,1.8548e+00,1.9871e+00,1.8378e+00,2.6623e+01
2.0000e+03,2.9700e+02,1.0000e+00,3.6087e+01,-9.6841e+05,-9.6842e+05,-9.8835e-01,-9.6842e+05,1.5677e-01,7.3853e+00,7.6117e+05,5.3006e+03,-1.1292e+00,-6.3917e-01,1.1463e+00,-3.5313e-01,1.6867e+00,1.3419e-01,2.1868e+00,2.9619e+00,2.9264e+01
2.0000e+03,2.9800e+02,1.0000e+00,3.6165e+01,-9.6835e+05,-9.6836e+05,-9.9168e-01,-9.6836e+05,1.5680e-01,7.3886e+00,7.6104e+05,5.3072e+03,-7.3676e-01,-6.4458e-02,1.8407e-01,-1.9549e-01,1.0518e+00,2.5559e+00,2.5756e+00,3.6261e+00,2.9110e+01
2.0000e+03,2.9900e+02,1.0000e+00,3.6242e+01,-9.6750e+05,-9.6751e+05,-9.9501e-01,-9.6751e+05,1.5684e-01,7.3920e+00,7.6098e+05,5.3139e+03,-1.0309e+00,3.8591e-01,7.2296e-02,-1.3946e+00,8.5198e-01,5.8021e-01,2.2810e+00,1.7813e+00,2.7581e+01
2.0000e+03,3.0000e+02,3.0000e+00,3.6232e+01,-9.6749e+05,-9.6750e+05,-9.9834e-01,-9.6750e+05,1.5687e-01,7.3952e+00,7.6013e+05,5.3339e+03,1.0475e-01,3.6388e-01,1.1552e+00,1.2108e+00,9.7822e-01,2.4765e+00,2.6540e+00,2.9508e+00,2.6164e+01
2.0000e+03,3.0100e+02,1.0000e+00,3.6309e+01,-9.6682e+05,-9.6683e+05,-1.0017e+00,-9.6683e+05,1.5691e-01,7.3986e+00,7.6011e+05,5.3405e+03,-3.0998e-01,-1.2755e+00,-2.6473e-01,-3.7489e-01,2.4411e-02,4.7222e-01,2.6492e+00,1.3731e+00,2.8041e+01
2.0000e+03,3.0200e+02,2.0000e+00,3.6342e+01,-9.6608e+05,-9.6609e+05,-1.0050e+00,-9.6609e+05,1.5695e-01,7.4019e+00,7.5945e+05,5.3538e+03,-2.4425e-01,2.6842e-01,-1.5737e+00,2.1831e-01,-4.4101e-01,1.8407e+00,8.8583e-01,8.1440e-01,2.8150e+01
2.0000e+03,3.0300e+02,2.0000e+00,3.6375e+01,-9.6546e+05,-9.6547e+05,-1.0083e+00,-9.6547e+05,1.5698e-01,7.4053e+00,7.5870e+05,5.3659e+03,-1.0071e+00,5.3064e-02,-1.0520e+00,5.1798e-01,2.1614e-01,2.0092e-01,1.9174e+00,2.1516e+00,2.7460e+01
2.0000e+03,3.0400e+02,3.0000e+00,3.6364e+01,-9.6467e+05,-9.6467e+05,-1.0116e+00,-9.6467e+05,1.5702e-01,7.4086e+00,7.5808e+05,5.3838e+03,2.1437e-01,-5.5539e-01,1.1046e-01,6.4352e-01,-6.4213e-01,5.9001e-01,2.2365e+00,1.9931e+00,2.8102e+01
2.0000e+03,3.0500e+02,8.0000e+00,3.6137e+01,-9.6394e+05,-9.6395e+05,-1.0150e+00,-9.6395e+05,1.5705e-01,7.4119e+00,7.5729e+05,5.4355e+03,-1.4324e+00,-8.3034e-01,-1.5949e-01,-8.1857e-01,-2.1843e-01,1.6450e+00,5.3848e-01,1.6990e+00,2.7922e+01
2.0000e+03,3.0600e+02,1.0000e+00,3.6213e+01,-9.6366e+05,-9.6366e+05,-1.0183e+00,-9.6366e+05,1.5709e-01,7.4152e+00,7.5657e+05,5.4422e+03,2.6826e-02,1.7064e-01,5.3320e-01,-4.5377e-01,-5.0221e-01,6.4847e-01,2.8351e+00,1.1301e+00,2.6673e+01
2.0000e+03,3.0700e+02,5.0000e+00,3.6118e+01,-9.6363e+05,-9.6363e+05,-1.0216e+00,-9.6363e+05,1.5712e-01,7.4186e+00,7.5628e+05,5.4747e+03,-7.2922e-01,-1.6345e+00,-4.8860e-01,-1.0381e+00,3.5129e-01,1.0667e+00,1.5943e+00,1.2690e+00,2.7827e+01
2.0000e+03,3.0800e+02,3.0000e+00,3.6108e+01,-9.6279e+05,-9.6280e+05,-1.0250e+00,-9.6280e+05,1.5716e-01,7.4219e+00,7.5625e+05,5.4952e+03,1.3327e-02,-1.8073e+00,-6.2981e-01,1.2785e+00,1.1967e+00,6.5667e-01,2.0346e+00,2.7258e+00,2.7173e+01
2.0000e+03,3.0900e+02,3.0000e+00,3.6098e+01,-9.6215e+05,-9.6216e+05,-1.0283e+00,-9.6216e+05,1.5719e-01,7.4252e+00,7.5541e+05,5.5153e+03,-8.4297e-01,1.8511e-01,-1.0724e+00,-2.9753e-01,7.2205e-01,1.2324e+00,1.7210e+00,1.9674e+00,2.7361e+01
2.0000e+03,3.1000e+02,5.0000e+00,3.6005e+01,-9.6114e+05,-9.6115e+05,-1.0316e+00,-9.6115e+05,1.5723e-01,7.4285e+00,7.5478e+05,5.5466e+03,-1.1086e+00,-1.0442e+00,-1.6203e+00,-7.7952e-02,2.0412e+00,5.6845e-02,8.3775e-01,3.0163e+00,2.8349e+01
2.0000e+03,3.1100e+02,3.0000e+00,3.5995e+01,-9.5980e+05,-9.5980e+05,-1.0349e+00,-9.5980e+05,1.5726e-01,7.4319e+00,7.7115e+05,5.5667e+03,-1.1308e+00,7.5668e-02,1.1748e+00,3.0387e-01,2.0918e+00,1.1775e-01,2.1497e+00,2.5751e+00,2.6440e+01
2.0000e+03,3.1200e+02,3.0000e+00,3.5986e+01,-9.5964e+05,-9.5965e+05,-1.0383e+00,-9.5965e+05,1.5730e-01,7.4352e+00,7.6981e+05,5.5856e+03,-1.3726e+00,-1.2379e+00,-9.9622e-01,9.5842e-01,1.3976e+00,1.3705e+00,8.9239e-01,2.3702e+00,2.8231e+01
2.0000e+03,3.1300e+02,1.0000e+00,3.6060e+01,-9.5951e+05,-9.5952e+05,-1.0416e+00,-9.5952e+05,1.5733e-01,7.4385e+00,7.6966e+05,5.5923e+03,3.7959e-02,-1.1454e+00,2.5538e-01,-8.8869e-01,1.3370e+00,5.9540e-01,1.0126e+00,2.4049e+00,2.7890e+01
2.0000e+03,3.1400e+02,2.0000e+00,3.6092e+01,-9.5889e+05,-9.5890e+05,-1.0449e+00,-9.5890e+05,1.5737e-01,7.4418e+00,7.6953e+05,5.6058e+03,4.4910e-01,-5.8712e-01,-3.8433e-01,1.3439e+00,5.0502e-01,1.7263e+00,2.1083e+00,1.4070e+00,2.8024e+01
2.0000e+03,3.1500e+02,1.0000e+00,3.6165e+01,-9.5807e+05,-9.5808e+05,-1.0483e+00,-9.5808e+05,1.5740e-01,7.4452e+00,7.6891e+05,5.6125e+03,3.1986e-01,-1.6917e+00,9.0238e-01,-8.1772e-01,1.8911e+00,1.1788e+00,1.5596e+00,1.2834e+00,2.8906e+01
2.0000e+03,3.1600e+02,1.0000e+00,3.6239e+01,-9.5785e+05,-9.5786e+05,-1.0516e+00,-9.5786e+05,1.5744e-01,7.4485e+00,7.6809e+05,5.6180e+03,-1.0808e+00,-2.1017e-01,-1.1186e+00,9.4089e-01,1.7115e+00,1.9601e+00,2.0328e+00,2.0841e+00,2.7098e+01
2.0000e+03,3.1700e+02,1.0000e+00,3.6312e+01,-9.5779e+05,-9.5780e+05,-1.0549e+00,-9.5780e+05,1.5747e-01,7.4519e+00,7.6787e+05,5.6248e+03,6.8363e-02,-1.6606e+00,-1.0469e+00,1.3121e+00,4.1048e-02,8.3023e-01,9.3800e-01,2.1586e+00,2.9785e+01
2.0000e+03,3.1800e+02,4.0000e+00,3.6260e+01,-9.5588e+05,-9.5589e+05,-1.0582e+00,-9.5589e+05,1.5751e-01,7.4551e+00,7.6781e+05,5.6505e+03,2.8338e-01,-5.5001e-01,3.9919e-01,5.5947e-02,8.6814e-01,1.0104e+00,2.3990e+00,1.0256e+00,2.7814e+01
2.0000e+03,3.1900e+02,8.0000e+00,3.6045e+01,-9.5505e+05,-9.5505e+05,-1.0616e+00,-9.5505e+05,1.5754e-01,7.4585e+00,7.6590e+05,5.7018e+03,-2.4433e-01,2.1822e-01,-7.6182e-01,-2.1708e-01,7.6194e-01,9.9451e-01,1.5833e+00,1.9429e+00,2.7953e+01
2.0000e+03,3.2000e+02,1.5000e+01,3.5556e+01,-9.5172e+05,-9.5173e+05,-1.0649e+00,-9.5173e+05,1.5758e-01,7.4618e+00,7.6506e+05,5.7983e+03,-9.0125e-01,-1.4964e+00,-2.2879e-02,1.4399e-02,1.6774e+00,2.0752e+00,2.9479e+00,2.9431e+00,2.9033e+01
2.0000e+03,3.2100e+02,5.0000e+00,3.5470e+01,-9.4817e+05,-9.4817e+05,-1.0682e+00,-9.4817e+05,1.5762e-01,7.4652e+00,7.6174e+05,5.8294e+03,2.8623e-01,-6.0297e-02,-1.0345e+00,7.6174e-01,4.0591e-02,1.1734e+00,6.3089e-01,2.5483e+00,2.7130e+01
2.0000e+03,3.2200e+02,3.0000e+00,3.5463e+01,-9.4727e+05,-9.4728e+05,-1.0715e+00,-9.4728e+05,1.5765e-01,7.4684e+00,7.5818e+05,5.8496e+03,-1.3844e+00,-1.3302e+00,8.3138e-01,1.3365e+00,6.6626e-01,2.3293e+00,1.3734e+00,1.4613e+00,2.6351e+01
2.0000e+03,3.2300e+02,1.0000e+00,3.5534e+01,-9.4683e+05,-9.4684e+05,-1.0749e+00,-9.4684e+05,1.5768e-01,7.4718e+00,7.5728e+05,5.8563e+03,-1.2388e+00,-1.9004e+00,7.3745e-01,-1.3650e+00,1.2652e+00,2.0022e+00,1.3676e+00,1.3738e+00,2.8722e+01
2.0000e+03,3.2400e+02,1.0000e+00,3.5604e+01,-9.4558e+05,-9.4558e+05,-1.0782e+00,-9.4558e+05,1.5772e-01,7.4751e+00,7.5685e+05,5.8630e+03,-1.0061e+00,-1.8100e-02,-9.7315e-02,1.4031e+00,2.0735e+00,3.6717e-01,1.0057e+00,1.2651e+00,2.8207e+01
2.0000e+03,3.2500e+02,1.0000e+00,3.5675e+01,-9.4467e+05,-9.4467e+05,-1.0815e+00,-9.4467e+05,1.5776e-01,7.4785e+00,7.5559e+05,5.8696e+03,-6.6854e-01,-1.7779e+00,9.1020e-01,-1.4206e+00,1.8898e+00,1.6385e+00,1.3584e+00,1.8763e+00,2.6754e+01
2.0000e+03,3.2600e+02,2.0000e+00,3.5706e+01,-9.4338e+05,-9.4338e+05,-1.0849e+00,-9.4338e+05,1.5779e-01,7.4817e+00,7.5468e+05,5.8829e+03,1.1725e-01,-1.0102e+00,1.0110e+00,-5.8991e-01,1.5219e+00,1.8899e+00,2.0685e+00,2.3335e+00,2.9252e+01
2.0000e+03,3.2700e+02,7.0000e+00,3.5543e+01,-9.4299e+05,-9.4300e+05,-1.0882e+00,-9.4300e+05,1.5783e-01,7.4851e+00,7.5339e+05,5.9274e+03,-1.2145e+00,6.1557e-02,-1.6538e+00,-9.8416e-01,1.6744e+00,9.1886e-01,6.5014e-01,8.7021e-01,2.7800e+01
2.0000e+03,3.2800e+02,1.0000e+00,3.5613e+01,-9.4208e+05,-9.4208e+05,-1.0915e+00,-9.4208e+05,1.5786e-01,7.4884e+00,7.5301e+05,5.9329e+03,4.4876e-01,4.3193e-01,-1.4704e+00,-3.1792e-01,2.8443e-01,8.8783e-01,1.0607e+00,1.6387e+00,2.8169e+01
2.0000e+03,3.2900e+02,4.0000e+00,3.5568e+01,-9.4161e+05,-9.4162e+05,-1.0948e+00,-9.4162e+05,1.5790e-01,7.4918e+00,7.5209e+05,5.9587e+03,-8.9420e-01,-1.9621e+00,-3.9186e-01,6.7711e-01,-7.0670e-01,1.6921e+00,1.5160e+00,2.5759e+00,2.6916e+01
2.0000e+03,3.3000e+02,1.0000e+00,3.5637e+01,-9.4043e+05,-9.4044e+05,-1.0982e+00,-9.4044e+05,1.5793e-01,7.4952e+00,7.5163e+05,5.9655e+03,4.4487e-01,-1.9851e+00,1.1694e+00,1.0601e+00,1.0117e+00,2.1002e+00,2.7157e+00,2.2907e+00,2.6346e+01
2.0000e+03,3.3100e+02,7.0000e+00,3.5477e+01,-9.3996e+05,-9.3996e+05,-1.1015e+00,-9.3996e+05,1.5797e-01,7.4984e+00,7.5045e+05,6.0067e+03,-1.0212e+00,-4.5204e-01,-8.6406e-01,-2.4707e-01,-7.3222e-01,-1.2373e-01,1.1450e+00,1.5918e+00,2.7463e+01
2.0000e+03,3.3200e+02,1.0000e+00,3.5546e+01,-9.3970e+05,-9.3971e+05,-1.1048e+00,-9.3971e+05,1.5800e-01,7.5018e+00,7.4997e+05,6.0133e+03,-2.4090e-01,-1.5999e+00,8.3073e-02,1.2524e+00,1.2883e+00,-1.6389e-01,9.4297e-01,2.5004e+00,2.6164e+01
2.0000e+03,3.3300e+02,1.0000e+00,3.5615e+01,-9.3962e+05,-9.3963e+05,-1.1082e+00,-9.3963e+05,1.5804e-01,7.5051e+00,7.4972e+05,6.0200e+03,-7.8766e-01,-1.8797e+00,8.9833e-03,6.0251e-01,5.8154e-01,2.4315e+00,1.2182e+00,1.5173e+00,2.8534e+01
2.0000e+03,3.3400e+02,6.0000e+00,3.5494e+01,-9.3945e+05,-9.3946e+05,-1.1115e+00,-9.3946e+05,1.5807e-01,7.5085e+00,7.4963e+05,6.0588e+03,-4.8699e-01,-1.3491e+00,-1.3806e+00,1.3617e+00,7.2135e-01,3.8419e-01,1.8428e+00,1.5373e+00,2.8908e+01
2.0000e+03,3.3500e+02,1.0000e+00,3.5563e+01,-9.3750e+05,-9.3751e+05,-1.1148e+00,-9.3751e+05,1.5811e-01,7.5117e+00,7.4947e+05,6.0654e+03,1.4176e-02,-1.3756e+00,-1.0439e+00,1.3352e+00,-6.8332e-01,7.5881e-01,2.3387e+00,1.0870e+00,2.6210e+01
2.0000e+03,3.3600e+02,2.0000e+00,3.5593e+01,-9.3713e+05,-9.3714e+05,-1.1181e+00,-9.3714e+05,1.5814e-01,7.5151e+00,7.4752e+05,6.0776e+03,-6.9822e-01,-3.5980e-01,9.9167e-01,-1.0378e+00,1.7670e+00,-1.8789e-01,3.2858e+00,2.0271e+00,2.8917e+01
2.0000e+03,3.3700e+02,3.0000e+00,3.5586e+01,-9.3675e+05,-9.3675e+05,-1.1215e+00,-9.3675e+05,1.5818e-01,7.5184e+00,7.4715e+05,6.0966e+03,-1.3782e+00,-1.2940e+00,-1.0001e+00,1.5547e+00,1.0848e+00,2.1387e+00,1.2939e+00,1.6765e+00,2.8399e+01
2.0000e+03,3.3800e+02,9.0000e+00,3.5356e+01,-9.3573e+05,-9.3574e+05,-1.1248e+00,-9.3574e+05,1.5821e-01,7.5218e+00,7.4676e+05,6.1559e+03,-7.0137e-01,3.9255e-01,-6.3053e-01,1.4199e+00,1.6181e-01,2.5071e+00,2.2731e+00,1.9885e+00,2.8473e+01
2.0000e+03,3.3900e+02,7.0000e+00,3.5202e+01,-9.3506e+05,-9.3507e+05,-1.1281e+00,-9.3507e+05,1.5825e-01,7.5250e+00,7.4575e+05,6.2006e+03,-1.4166e+00,2.1888e-01,2.4869e-01,-3.5301e-01,1.6609e+00,3.5029e-01,7.9802e-01,1.9084e+00,2.8142e+01
2.0000e+03,3.4000e+02,7.0000e+00,3.5052e+01,-9.3470e+05,-9.3471e+05,-1.1314e+00,-9.3471e+05,1.5828e-01,7.5284e+00,7.4507e+05,6.2453e+03,-9.5176e-01,-1.9271e+00,8.6005e-01,1.3021e+00,-6.3337e-01,1.4829e+00,2.5441e+00,9.7360e-01,2.6338e+01
2.0000e+03,3.4100e+02,2.0000e+00,3.5082e+01,-9.3349e+05,-9.3349e+05,-1.1348e+00,-9.3349e+05,1.5832e-01,7.5317e+00,7.4472e+05,6.2575e+03,-1.7697e-01,-4.5680e-01,1.1816e+00,5.6578e-01,-2.5844e-01,2.4405e+00,1.2653e+00,3.1727e+00,2.8038e+01
2.0000e+03,3.4200e+02,1.0000e+00,3.5149e+01,-9.3220e+05,-9.3220e+05,-1.1381e+00,-9.3220e+05,1.5835e-01,7.5351e+00,7.4350e+05,6.2631e+03,-7.9636e-01,-1.6278e-02,9.8521e-02,-6.0726e-01,-7.4531e-01,-8.1438e-02,1.8734e+00,1.8216e+00,2.7914e+01
2.0000e+03,3.4300e+02,4.0000e+00,3.5107e+01,-9.3200e+05,-9.3201e+05,-1.1414e+00,-9.3201e+05,1.5839e-01,7.5383e+00,7.4221e+05,6.2899e+03,-1.0532e+00,-1.0797e+00,5.0228e-03,1.4673e+00,1.4747e+00,5.3925e-01,9.6623e-01,2.3212e+00,2.6719e+01
2.0000e+03,3.4400e+02,6.0000e+00,3.4995e+01,-9.3181e+05,-9.3182e+05,-1.1448e+00,-9.3182e+05,1.5842e-01,7.5417e+00,7.4202e+05,6.3244e+03,-5.4592e-01,-1.3688e+00,1.4855e-01,-8.5136e-01,1.1491e+00,1.2670e+00,5.3012e-01,1.6011e+00,2.8561e+01
2.0000e+03,3.4500e+02,3.0000e+00,3.4990e+01,-9.3064e+05,-9.3065e+05,-1.1481e+00,-9.3065e+05,1.5846e-01,7.5450e+00,7.4182e+05,6.3421e+03,1.6430e-01,-1.8330e+00,1.0498e+00,-1.0106e+00,1.0635e+00,2.7432e-02,2.7198e+00,2.4572e+00,2.6221e+01
2.0000e+03,3.4600e+02,9.0000e+00,3.4774e+01,-9.3051e+05,-9.3051e+05,-1.1514e+00,-9.3051e+05,1.5849e-01,7.5484e+00,7.4065e+05,6.4013e+03,2.6281e-01,-3.6093e-01,1.7470e-01,2.2161e-01,1.1981e+00,6.9789e-01,1.7003e+00,2.2211e+00,2.7461e+01
2.0000e+03,3.4700e+02,2.0000e+00,3.4804e+01,-9.2843e+05,-9.2843e+05,-1.1547e+00,-9.2843e+05,1.5853e-01,7.5517e+00,7.4052e+05,6.4135e+03,3.5226e-01,-8.4254e-01,2.2040e-01,-1.1775e+00,-9.9496e-02,1.1509e+00,1.6944e+00,1.9880e+00,2.8675e+01
2.0000e+03,3.4800e+02,3.0000e+00,3.4800e+01,-9.2694e+05,-9.2694e+05,-1.1581e+00,-9.2694e+05,1.5856e-01,7.5550e+00,7.3844e+05,6.4324e+03,-1.0638e+00,2.1697e-01,-9.1550e-02,-5.3792e-01,1.7981e-01,-2.5138e-01,2.7651e+00,1.6392e+00,2.7097e+01
2.0000e+03,3.4900e+02,1.0000e+00,3.4865e+01,-9.2657e+05,-9.2658e+05,-1.1614e+00,-9.2658e+05,1.5860e-01,7.5583e+00,7.3695e+05,6.4390e+03,-9.7020e-01,-1.6549e+00,9.5586e-01,-2.2626e-01,1.8357e+00,5.2333e-01,2.0647e+00,2.1023e+00,2.8653e+01
2.0000e+03,3.5000e+02,1.0000e+00,3.4930e+01,-9.2574e+05,-9.2574e+05,-1.1647e+00,-9.2574e+05,1.5863e-01,7.5617e+00,7.3658e+05,6.4457e+03,4.1323e-01,-1.4418e+00,-1.2432e-03,1.4512e+00,5.9606e-01,2.9084e-02,1.1381e+00,8.9432e-01,2.9691e+01
2.0000e+03,3.5100e+02,2.0000e+00,3.4960e+01,-9.2498e+05,-9.2499e+05,-1.1681e+00,-9.2499e+05,1.5867e-01,7.5650e+00,7.4374e+05,6.4579e+03,-1.0835e-01,-2.2274e-01,-6.7259e-01,3.0193e-01,-6.5340e-01,1.4676e+00,1.0105e+00,2.0634e+00,2.6959e+01
2.0000e+03,3.5200e+02,3.0000e+00,3.4955e+01,-9.2430e+05,-9.2431e+05,-1.1714e+00,-9.2431e+05,1.5870e-01,7.5683e+00,7.4298e+05,6.4780e+03,-2.8485e-01,-1.6899e+00,-1.3618e+00,-8.8757e-01,1.2663e+00,1.5867e+00,1.6526e+00,3.0692e+00,2.8524e+01
2.0000e+03,3.5300e+02,3.0000e+00,3.4950e+01,-9.2342e+05,-9.2342e+05,-1.1747e+00,-9.2342e+05,1.5873e-01,7.5716e+00,7.4231e+05,6.4968e+03,-1.2426e-02,-4.9971e-01,1.1856e+00,-1.4243e+00,4.5519e-01,4.5509e-01,2.8014e+00,1.2969e+00,2.9237e+01
2.0000e+03,3.5400e+02,9.0000e+00,3.4740e+01,-9.2308e+05,-9.2309e+05,-1.1780e+00,-9.2309e+05,1.5877e-01,7.5750e+00,7.4142e+05,6.5525e+03,-9.2030e-01,1.2245e-01,4.5053e-01,-4.3614e-01,7.9718e-01,1.7840e+00,7.5542e-01,9.6217e-01,2.9451e+01
2.0000e+03,3.5500e+02,3.0000e+00,3.4736e+01,-9.2211e+05,-9.2212e+05,-1.1814e+00,-9.2212e+05,1.5881e-01,7.5783e+00,7.4109e+05,6.5716e+03,-1.4365e-01,-5.2591e-01,-1.3946e+00,6.3868e-01,3.8575e-02,1.3851e-01,5.0645e-01,2.0863e+00,2.8379e+01
2.0000e+03,3.5600e+02,2.0000e+00,3.4766e+01,-9.2155e+05,-9.2156e+05,-1.1847e+00,-9.2156e+05,1.5884e-01,7.5816e+00,7.4011e+05,6.5850e+03,4.7003e-02,-1.1398e+00,-6.3036e-01,-2.9907e-01,3.7307e-01,1.8057e+00,1.2121e+00,1.3341e+00,2.6866e+01
2.0000e+03,3.5700e+02,4.0000e+00,3.4728e+01,-9.2041e+05,-9.2042e+05,-1.1880e+00,-9.2042e+05,1.5887e-01,7.5849e+00,7.3956e+05,6.6106e+03,-1.1681e+00,1.8531e-01,-1.4953e+00,3.3747e-01,9.9343e-01,6.8298e-01,9.6315e-01,2.7231e+00,2.7551e+01
2.0000e+03,3.5800e+02,1.0000e+00,3.4791e+01,-9.1924e+05,-9.1925e+05,-1.1913e+00,-9.1925e+05,1.5891e-01,7.5883e+00,7.3842e+05,6.6161e+03,-5.1219e-02,-4.2128e-01,6.0164e-01,9.2426e-01,-4.6989e-01,-5.2519e-02,1.2499e+00,2.7211e+00,2.8279e+01
2.0000e+03,3.5900e+02,1.0000e+00,3.4854e+01,-9.1777e+05,-9.1778e+05,-1.1947e+00,-9.1778e+05,1.5894e-01,7.5916e+00,7.3724e+05,6.6228e+03,4.7844e-01,7.5007e-02,-4.4074e-01,-6.5129e-01,6.9748e-01,7.0521e-01,1.0571e+00,2.2332e+00,2.6852e+01
2.0000e+03,3.6000e+02,3.0000e+00,3.4850e+01,-9.1639e+05,-9.1640e+05,-1.1980e+00,-9.1640e+05,1.5898e-01,7.5950e+00,7.3577e+05,6.6417e+03,-4.6138e-01,-1.4026e+00,4.0667e-01,1.5553e+00,1.1108e+00,1.3990e+00,1.5509e+00,9.9358e-01,2.8831e+01
2.0000e+03,3.6100e+02,1.0000e+00,3.4913e+01,-9.1617e+05,-9.1618e+05,-1.2013e+00,-9.1618e+05,1.5901e-01,7.5982e+00,7.3439e+05,6.6538e+03,-1.3182e+00,-6.9088e-01,9.0182e-01,1.4582e+00,1.2122e+00,1.9771e+00,1.5134e+00,1.5563e+00,2.8669e+01
2.0000e+03,3.6200e+02,3.0000e+00,3.4908e+01,-9.1602e+05,-9.1603e+05,-1.2047e+00,-9.1603e+05,1.5905e-01,7.6016e+00,7.3418e+05,6.6741e+03,2.1017e-01,-1.9504e+00,1.4309e-01,-9.4589e-01,-1.3217e-01,7.1284e-01,4.9804e-01,2.1164e+00,2.9188e+01
2.0000e+03,3.6300e+02,7.0000e+00,3.4770e+01,-9.1541e+05,-9.1542e+05,-1.2080e+00,-9.1542e+05,1.5908e-01,7.6049e+00,7.3402e+05,6.7198e+03,5.8359e-02,-1.7843e+00,8.7957e-02,-4.5893e-01,-5.1341e-01,6.9889e-02,1.3123e+00,1.9415e+00,2.9155e+01
2.0000e+03,3.6400e+02,3.0000e+00,3.4766e+01,-9.1210e+05,-9.1211e+05,-1.2113e+00,-9.1211e+05,1.5912e-01,7.6083e+00,7.3341e+05,6.7388e+03,-6.7033e-01,-1.2948e+00,-8.7638e-02,9.0479e-02,-5.6896e-01,1.0961e+00,9.1270e-01,1.7413e+00,2.8503e+01
2.0000e+03,3.6500e+02,3.0000e+00,3.4762e+01,-9.1172e+05,-9.1173e+05,-1.2146e+00,-9.1173e+05,1.5915e-01,7.6115e+00,7.3011e+05,6.7578e+03,3.6037e-01,-2.4486e-01,6.1991e-01,1.4439e+00,2.5283e-01,1.8825e+00,8.6519e-01,1.4168e+00,2.9533e+01
2.0000e+03,3.6600e+02,2.0000e+00,3.4791e+01,-9.1049e+05,-9.1050e+05,-1.2180e+00,-9.1050e+05,1.5919e-01,7.6149e+00,7.2973e+05,6.7701e+03,-5.5549e-01,-9.8176e-01,2.8877e-01,-1.0841e+00,1.9924e-02,1.0284e+00,1.4025e+00,2.5889e+00,2.7624e+01
2.0000e+03,3.6700e+02,1.0000e+00,3.4853e+01,-9.0833e+05,-9.0834e+05,-1.2213e+00,-9.0834e+05,1.5922e-01,7.6182e+00,7.2850e+05,6.7770e+03,-1.8001e-01,-1.5743e+00,1.2156e+00,1.1067e+00,1.1463e+00,-2.3767e-01,8.7237e-01,3.2191e+00,2.9351e+01
2.0000e+03,3.6800e+02,1.0000e+00,3.4915e+01,-9.0710e+05,-9.0711e+05,-1.2246e+00,-9.0711e+05,1.5926e-01,7.6216e+00,7.2633e+05,6.7838e+03,-8.5516e-01,-1.0572e+00,-2.7517e-01,-8.3002e-02,4.9726e-01,-8.4000e-04,1.6009e+00,8.6608e-01,2.7793e+01
2.0000e+03,3.6900e+02,4.0000e+00,3.4877e+01,-9.0694e+05,-9.0695e+05,-1.2280e+00,-9.0695e+05,1.5929e-01,7.6248e+00,7.2510e+05,6.8109e+03,-5.3326e-01,3.1607e-01,1.1430e+00,-8.7359e-01,1.5363e+00,8.6267e-01,2.6858e+00,1.8601e+00,2.6668e+01
