logfeh,logdust_med,logNpix,tau,dmod,logl
-2.9717e-01,-5.1703e-01,1.9990e+00,2.9004e+00,2.6005e+01,-9.2050e+02
-2.3606e-01,-4.9234e-01,2.0138e+00,3.0222e+00,2.6053e+01,-9.1929e+02
-2.4464e-01,-5.1421e-01,1.9988e+00,2.9926e+00,2.6015e+01,-9.0641e+02
-2.2441e-01,-5.0627e-01,1.9980e+00,2.9845e+00,2.6002e+01,-8.9244e+02
-2.3390e-01,-5.2985e-01,1.9863e+00,2.8753e+00,2.5970e+01,-9.1941e+02
-2.7592e-01,-5.1421e-01,1.9960e+00,2.8370e+00,2.5986e+01,-9.1715e+02
-2.7510e-01,-5.4134e-01,1.9981e+00,2.8563e+00,2.6018e+01,-9.1489e+02
-2.7934e-01,-5.3135e-01,1.9977e+00,2.8900e+00,2.6007e+01,-9.1003e+02
-2.0385e-01,-5.1934e-01,1.9966e+00,2.8753e+00,2.5993e+01,-9.0601e+02
-2.8467e-01,-5.2097e-01,1.9956e+00,2.9373e+00,2.6000e+01,-9.1853e+02
-2.7602e-01,-5.3515e-01,1.9955e+00,2.8886e+00,2.6006e+01,-9.1933e+02
-2.1996e-01,-5.3748e-01,1.9986e+00,2.8498e+00,2.6012e+01,-9.1322e+02
-2.0538e-01,-5.1687e-01,2.0000e+00,2.9437e+00,2.6013e+01,-9.2036e+02
-2.0653e-01,-5.1763e-01,1.9986e+00,2.8724e+00,2.6004e+01,-9.1854e+02
-2.9010e-01,-5.3827e-01,2.0043e+00,2.9299e+00,2.6039e+01,-9.1734e+02
-2.3296e-01,-4.9880e-01,1.9967e+00,3.0246e+00,2.6002e+01,-9.1907e+02
-2.5814e-01,-5.2564e-01,1.9964e+00,2.8944e+00,2.6000e+01,-9.1988e+02
-2.5963e-01,-5.2401e-01,1.9991e+00,2.8755e+00,2.6013e+01,-9.0251e+02
-2.0010e-01,-5.4367e-01,1.9960e+00,2.8295e+00,2.6009e+01,-9.1586e+02
-1.9174e-01,-5.7087e-01,1.9600e+00,2.9818e+00,2.5889e+01,-9.1401e+02
-2.6792e-01,-4.9469e-01,1.9997e+00,2.9992e+00,2.6008e+01,-9.1788e+02
-2.6500e-01,-5.0100e-01,2.0007e+00,2.9751e+00,2.6015e+01,-9.1839e+02
-2.3102e-01,-5.1036e-01,1.9986e+00,2.9531e+00,2.6005e+01,-9.1919e+02
-2.3814e-01,-5.4349e-01,1.9945e+00,2.7990e+00,2.5996e+01,-9.1134e+02
-2.2946e-01,-5.2640e-01,2.0006e+00,2.8693e+00,2.6011e+01,-9.1577e+02
-2.4553e-01,-5.2061e-01,1.9976e+00,2.9066e+00,2.6002e+01,-9.2023e+02
-2.7486e-01,-5.0275e-01,2.0022e+00,3.0112e+00,2.6021e+01,-9.1462e+02
-2.5054e-01,-5.0725e-01,2.0138e+00,2.9727e+00,2.6052e+01,-9.1832e+02
-2.2271e-01,-5.2880e-01,1.9997e+00,2.9523e+00,2.6019e+01,-9.1593e+02
-2.8676e-01,-5.4466e-01,1.9920e+00,2.7884e+00,2.5988e+01,-8.9965e+02
-2.0049e-01,-5.2461e-01,1.9951e+00,2.9050e+00,2.5997e+01,-9.2055e+02
-2.5541e-01,-5.1689e-01,1.9994e+00,2.9329e+00,2.6010e+01,-8.9018e+02
-2.2968e-01,-5.0529e-01,2.0006e+00,2.9943e+00,2.6011e+01,-9.1079e+02
-2.1866e-01,-5.2683e-01,1.9895e+00,2.9140e+00,2.5981e+01,-9.1531e+02
-2.0133e-01,-5.0064e-01,2.0039e+00,3.0463e+00,2.6030e+01,-9.1533e+02
-2.0872e-01,-5.3223e-01,1.9976e+00,2.9184e+00,2.6015e+01,-9.1716e+02
-2.1266e-01,-5.2740e-01,2.0021e+00,2.8870e+00,2.6020e+01,-9.1871e+02
-2.2374e-01,-5.4621e-01,1.9975e+00,2.8146e+00,2.6014e+01,-9.0950e+02
-2.3014e-01,-5.3391e-01,1.9974e+00,2.8559e+00,2.6006e+01,-8.8750e+02
-2.2424e-01,-5.6380e-01,1.9911e+00,2.7100e+00,2.5989e+01,-9.2002e+02
-2.9762e-01,-5.1370e-01,1.9963e+00,2.8610e+00,2.5988e+01,-9.1233e+02
-2.0508e-01,-5.2293e-01,2.0035e+00,2.9859e+00,2.6030e+01,-9.2019e+02
-2.2814e-01,-5.1492e-01,1.9954e+00,2.9003e+00,2.5994e+01,-9.0442e+02
-3.0189e-01,-4.8211e-01,2.0125e+00,2.7435e+00,2.6037e+01,-9.1751e+02
-2.4854e-01,-5.1382e-01,2.0026e+00,2.9774e+00,2.6023e+01,-9.1385e+02
-2.4994e-01,-5.0038e-01,2.0008e+00,2.9862e+00,2.6010e+01,-8.9490e+02
-2.0569e-01,-5.3409e-01,2.0021e+00,2.8657e+00,2.6023e+01,-9.1548e+02
-3.1901e-01,-4.7728e-01,2.0190e+00,2.7451e+00,2.6056e+01,-9.1860e+02
-2.6251e-01,-5.2856e-01,1.9970e+00,2.8931e+00,2.6005e+01,-9.1141e+02
-2.2394e-01,-5.2355e-01,1.9911e+00,2.8838e+00,2.5981e+01,-9.1356e+02
-2.9766e-01,-5.1922e-01,2.0001e+00,2.9683e+00,2.6013e+01,-9.1494e+02
-2.9300e-01,-5.2093e-01,2.0004e+00,2.9062e+00,2.6018e+01,-9.1155e+02
-2.8360e-01,-5.2178e-01,2.0037e+00,2.9301e+00,2.6028e+01,-9.1880e+02
-2.6824e-01,-5.2826e-01,1.9923e+00,2.8661e+00,2.5987e+01,-9.1823e+02
-2.0196e-01,-5.0974e-01,1.9969e+00,2.8719e+00,2.5994e+01,-9.1377e+02
-2.4571e-01,-5.2746e-01,2.0013e+00,2.9738e+00,2.6026e+01,-9.1602e+02
-2.7881e-01,-5.4629e-01,1.9990e+00,2.8452e+00,2.6022e+01,-9.1946e+02
-2.9752e-01,-5.2683e-01,1.9988e+00,2.8916e+00,2.6009e+01,-9.0863e+02
-2.4327e-01,-4.9608e-01,1.9921e+00,3.0370e+00,2.5993e+01,-9.1691e+02
-1.7899e-01,-5.9153e-01,1.9667e+00,3.0231e+00,2.5915e+01,-9.1898e+02
-2.1480e-01,-5.1221e-01,1.9986e+00,2.9550e+00,2.6013e+01,-9.1814e+02
-2.1155e-01,-5.3054e-01,2.0001e+00,2.8558e+00,2.6014e+01,-9.2043e+02
-2.5713e-01,-5.3432e-01,1.9977e+00,2.8501e+00,2.6009e+01,-9.1768e+02
-2.1823e-01,-5.1938e-01,1.9954e+00,2.9473e+00,2.6004e+01,-9.1695e+02
-2.9042e-01,-5.0513e-01,2.0115e+00,2.9695e+00,2.6048e+01,-9.1192e+02
-2.0325e-01,-5.2454e-01,1.9897e+00,2.8903e+00,2.5982e+01,-9.1217e+02
-2.0341e-01,-5.1529e-01,1.9993e+00,2.9770e+00,2.6011e+01,-9.1742e+02
-2.1130e-01,-5.1095e-01,2.0048e+00,2.9471e+00,2.6029e+01,-9.1001e+02
-2.1508e-01,-5.3714e-01,1.9874e+00,2.8566e+00,2.5981e+01,-9.1459e+02
-2.4883e-01,-5.3381e-01,1.9963e+00,2.8562e+00,2.6007e+01,-9.1847e+02
-2.2288e-01,-5.6094e-01,1.9975e+00,2.8053e+00,2.6017e+01,-9.1095e+02
-2.1612e-01,-5.1421e-01,1.9977e+00,2.9316e+00,2.6000e+01,-9.1745e+02
-2.5821e-01,-5.2318e-01,2.0013e+00,2.9409e+00,2.6024e+01,-9.1654e+02
-2.0805e-01,-5.4159e-01,2.0026e+00,2.9008e+00,2.6028e+01,-8.9891e+02
-2.7867e-01,-5.2268e-01,1.9996e+00,2.9040e+00,2.6017e+01,-9.1873e+02
-2.1944e-01,-5.1695e-01,1.9860e+00,2.8961e+00,2.5967e+01,-9.1730e+02
-2.5898e-01,-5.3616e-01,1.9953e+00,2.8381e+00,2.6007e+01,-9.1842e+02
-2.5742e-01,-5.3054e-01,1.9969e+00,2.8622e+00,2.6001e+01,-9.1613e+02
-2.5188e-01,-5.3256e-01,1.9953e+00,2.8231e+00,2.5997e+01,-9.1033e+02
-2.1334e-01,-5.2010e-01,1.9938e+00,2.8143e+00,2.5980e+01,-9.1712e+02
-2.3510e-01,-5.1458e-01,1.9972e+00,2.9069e+00,2.6001e+01,-9.1041e+02
-2.4161e-01,-5.3524e-01,1.9895e+00,2.8544e+00,2.5988e+01,-9.1372e+02
-2.9494e-01,-5.3007e-01,2.0003e+00,2.9008e+00,2.6021e+01,-9.1119e+02
-2.2337e-01,-5.3258e-01,1.9955e+00,2.8652e+00,2.5995e+01,-9.2057e+02
-3.0006e-01,-4.8560e-01,2.0130e+00,2.7241e+00,2.6036e+01,-9.2045e+02
-2.9738e-01,-5.2291e-01,1.9946e+00,2.8732e+00,2.5997e+01,-9.1561e+02
-2.1001e-01,-5.3465e-01,1.9942e+00,2.8089e+00,2.5992e+01,-9.1687e+02
-2.8551e-01,-5.4615e-01,2.0043e+00,2.8760e+00,2.6038e+01,-9.1782e+02
-2.1263e-01,-5.2583e-01,1.9954e+00,2.8804e+00,2.5995e+01,-9.1842e+02
-2.1894e-01,-5.2014e-01,2.0012e+00,2.9189e+00,2.6011e+01,-9.1721e+02
-2.6053e-01,-5.2522e-01,2.0014e+00,2.9140e+00,2.6018e+01,-9.0049e+02
-1.8634e-01,-5.9293e-01,1.9582e+00,2.9750e+00,2.5892e+01,-9.0925e+02
-1.9795e-01,-5.8523e-01,1.9614e+00,2.8529e+00,2.5892e+01,-9.1820e+02
-2.6327e-01,-5.0535e-01,2.0004e+00,2.9827e+00,2.6010e+01,-9.1636e+02
-2.5729e-01,-5.2524e-01,2.0000e+00,2.8803e+00,2.6007e+01,-9.0990e+02
-2.8527e-01,-5.2502e-01,1.9995e+00,2.8775e+00,2.6011e+01,-9.1640e+02
-2.6220e-01,-5.0567e-01,2.0007e+00,3.0029e+00,2.6019e+01,-9.1528e+02
-2.7681e-01,-5.3033e-01,1.9924e+00,2.9073e+00,2.5994e+01,-9.0209e+02
-2.0271e-01,-5.2809e-01,1.9930e+00,2.8955e+00,2.5993e+01,-9.1548e+02
-2.3285e-01,-5.5050e-01,1.9849e+00,2.7510e+00,2.5963e+01,-9.1344e+02
-2.2538e-01,-5.3395e-01,1.9972e+00,2.9209e+00,2.6015e+01,-9.1972e+02
-2.5565e-01,-5.1730e-01,1.9995e+00,2.9226e+00,2.6011e+01,-9.2019e+02
-2.2400e-01,-4.8488e-01,2.0101e+00,3.0833e+00,2.6037e+01,-9.1885e+02
-2.5483e-01,-5.3480e-01,1.9982e+00,2.8597e+00,2.6015e+01,-9.1551e+02
-2.3652e-01,-5.1791e-01,1.9919e+00,2.8860e+00,2.5987e+01,-9.1725e+02
-2.6255e-01,-5.2939e-01,2.0061e+00,2.9319e+00,2.6042e+01,-9.1303e+02
-2.0069e-01,-5.2678e-01,1.9964e+00,2.9030e+00,2.5999e+01,-9.1812e+02
-2.0749e-01,-5.3374e-01,1.9908e+00,2.8451e+00,2.5979e+01,-9.1849e+02
-2.8629e-01,-5.2856e-01,2.0007e+00,2.9064e+00,2.6017e+01,-9.1794e+02
-2.2277e-01,-5.0835e-01,1.9932e+00,2.8896e+00,2.5981e+01,-9.1814e+02
-2.5705e-01,-5.1453e-01,1.9965e+00,2.8597e+00,2.5999e+01,-9.1839e+02
-1.9507e-01,-5.9451e-01,1.9574e+00,2.8585e+00,2.5891e+01,-9.2004e+02
-2.0059e-01,-5.3605e-01,1.9946e+00,2.8649e+00,2.5999e+01,-9.1349e+02
-2.0091e-01,-5.3869e-01,1.9870e+00,2.8250e+00,2.5975e+01,-9.1575e+02
-2.5165e-01,-5.4871e-01,1.9957e+00,2.8234e+00,2.6006e+01,-9.0017e+02
-2.8927e-01,-5.1832e-01,1.9983e+00,2.9424e+00,2.6013e+01,-9.1850e+02
-2.8390e-01,-5.1667e-01,2.0066e+00,2.9869e+00,2.6042e+01,-9.1663e+02
-2.9241e-01,-5.1192e-01,1.9929e+00,2.9580e+00,2.5990e+01,-9.1704e+02
-2.5808e-01,-5.1104e-01,1.9994e+00,2.9529e+00,2.6007e+01,-9.0791e+02
-2.3813e-01,-5.1037e-01,1.9968e+00,2.9637e+00,2.6001e+01,-9.1317e+02
-3.0699e-01,-4.9345e-01,2.0101e+00,2.7236e+00,2.6036e+01,-9.2032e+02
-2.6283e-01,-5.1552e-01,1.9997e+00,2.8923e+00,2.6007e+01,-8.9936e+02
-2.0899e-01,-5.2419e-01,1.9988e+00,2.9069e+00,2.6013e+01,-9.1554e+02
-2.8521e-01,-5.1765e-01,1.9963e+00,2.8853e+00,2.5996e+01,-9.0571e+02
-2.8824e-01,-5.2783e-01,1.9965e+00,2.9049e+00,2.6002e+01,-9.0940e+02
-2.9452e-01,-5.0106e-01,1.9954e+00,3.0329e+00,2.6001e+01,-9.1610e+02
-2.4361e-01,-5.2380e-01,2.0026e+00,2.9136e+00,2.6030e+01,-9.2023e+02
-2.9915e-01,-5.1246e-01,1.9965e+00,2.8945e+00,2.5994e+01,-9.1202e+02
-2.1114e-01,-5.5243e-01,1.9861e+00,2.7935e+00,2.5975e+01,-9.2029e+02
-2.8672e-01,-5.0894e-01,1.9994e+00,2.9824e+00,2.6008e+01,-9.1836e+02
-2.1229e-01,-5.0698e-01,1.9965e+00,2.9732e+00,2.6002e+01,-9.1850e+02
-2.2555e-01,-5.2697e-01,1.9956e+00,2.8236e+00,2.5995e+01,-9.0937e+02
-2.2018e-01,-5.2284e-01,2.0019e+00,2.9469e+00,2.6025e+01,-9.1778e+02
-2.6859e-01,-5.0861e-01,2.0028e+00,2.9437e+00,2.6016e+01,-9.1559e+02
-2.4551e-01,-5.6099e-01,1.9895e+00,2.7210e+00,2.5984e+01,-9.1776e+02
-2.4351e-01,-5.1439e-01,2.0004e+00,2.9226e+00,2.6012e+01,-9.1942e+02
-2.1543e-01,-5.1344e-01,2.0014e+00,2.9749e+00,2.6021e+01,-9.1556e+02
-2.1123e-01,-5.1615e-01,1.9963e+00,2.9541e+00,2.6006e+01,-9.1373e+02
-2.4451e-01,-4.9332e-01,2.0006e+00,2.9814e+00,2.6009e+01,-9.1374e+02
-2.2945e-01,-5.3100e-01,1.9951e+00,2.8667e+00,2.5994e+01,-9.1533e+02
-2.9976e-01,-5.0010e-01,2.0022e+00,2.9965e+00,2.6012e+01,-9.0393e+02
-1.8626e-01,-5.7410e-01,1.9514e+00,2.9547e+00,2.5858e+01,-9.1873e+02
-2.2087e-01,-5.1248e-01,1.9921e+00,3.0000e+00,2.5994e+01,-9.1890e+02
-2.4274e-01,-5.4158e-01,1.9941e+00,2.7883e+00,2.5992e+01,-9.1643e+02
-2.6183e-01,-5.1411e-01,1.9982e+00,2.9143e+00,2.6008e+01,-9.1886e+02
-2.0998e-01,-5.4621e-01,2.0018e+00,2.8854e+00,2.6029e+01,-9.1978e+02
-2.2611e-01,-5.2943e-01,1.9869e+00,2.8395e+00,2.5968e+01,-9.1760e+02
-2.1871e-01,-5.0182e-01,1.9949e+00,3.0083e+00,2.5995e+01,-9.0823e+02
-2.3724e-01,-5.1423e-01,2.0013e+00,2.9247e+00,2.6023e+01,-9.1553e+02
-2.5544e-01,-5.3040e-01,1.9950e+00,2.8952e+00,2.5998e+01,-9.0917e+02
-2.6837e-01,-5.0444e-01,1.9879e+00,2.9566e+00,2.5973e+01,-9.1707e+02
-2.3288e-01,-5.1499e-01,1.9986e+00,2.9291e+00,2.6006e+01,-9.1187e+02
-2.5425e-01,-5.0911e-01,2.0039e+00,2.9958e+00,2.6030e+01,-9.1784e+02
-2.3164e-01,-5.1823e-01,1.9892e+00,2.9005e+00,2.5978e+01,-9.1862e+02
-2.4882e-01,-5.0244e-01,1.9887e+00,2.9310e+00,2.5971e+01,-9.1382e+02
-2.3796e-01,-5.3257e-01,1.9946e+00,2.8701e+00,2.5999e+01,-9.1973e+02
-2.4754e-01,-5.1427e-01,1.9992e+00,2.9153e+00,2.6006e+01,-9.1527e+02
-2.8654e-01,-5.0884e-01,1.9953e+00,2.9064e+00,2.5994e+01,-9.1832e+02
-2.5111e-01,-5.1534e-01,2.0037e+00,2.9722e+00,2.6029e+01,-9.1414e+02
-2.0472e-01,-5.2684e-01,2.0002e+00,2.9041e+00,2.6017e+01,-9.1822e+02
-2.5849e-01,-5.1107e-01,1.9990e+00,2.9247e+00,2.6005e+01,-9.1948e+02
-2.8117e-01,-5.2409e-01,2.0010e+00,2.8998e+00,2.6022e+01,-9.1358e+02
-2.1110e-01,-5.1989e-01,2.0005e+00,2.9482e+00,2.6017e+01,-9.1798e+02
-2.7324e-01,-5.0473e-01,2.0012e+00,2.9729e+00,2.6014e+01,-9.1896e+02
-2.0051e-01,-5.0419e-01,2.0011e+00,2.9406e+00,2.6011e+01,-9.1888e+02
-2.9124e-01,-5.2000e-01,2.0013e+00,2.9530e+00,2.6023e+01,-9.1485e+02
-2.8948e-01,-5.3018e-01,2.0001e+00,2.8979e+00,2.6016e+01,-9.0175e+02
-2.6235e-01,-5.2350e-01,2.0001e+00,2.9275e+00,2.6016e+01,-9.1147e+02
-2.8356e-01,-4.9940e-01,1.9941e+00,2.9839e+00,2.5997e+01,-9.1782e+02
-2.6292e-01,-5.1001e-01,2.0014e+00,2.9363e+00,2.6013e+01,-9.1879e+02
-2.2186e-01,-5.3582e-01,1.9877e+00,2.8013e+00,2.5977e+01,-9.1584e+02
-2.7243e-01,-5.2194e-01,1.9990e+00,2.9665e+00,2.6008e+01,-9.2038e+02
-2.7429e-01,-5.2289e-01,1.9960e+00,2.9029e+00,2.6001e+01,-9.1057e+02
-2.7939e-01,-5.3671e-01,1.9936e+00,2.8570e+00,2.5990e+01,-9.1260e+02
-2.3325e-01,-5.2871e-01,1.9923e+00,2.8119e+00,2.5976e+01,-9.1251e+02
-2.5546e-01,-5.3105e-01,1.9953e+00,2.8794e+00,2.5998e+01,-9.1935e+02
-2.7755e-01,-5.4195e-01,1.9894e+00,2.7890e+00,2.5980e+01,-9.2021e+02
-2.4685e-01,-5.3370e-01,1.9955e+00,2.8376e+00,2.6000e+01,-9.1709e+02
-2.5431e-01,-5.4341e-01,1.9976e+00,2.8612e+00,2.6015e+01,-9.2045e+02
-2.0278e-01,-5.3712e-01,1.9949e+00,2.8381e+00,2.5999e+01,-8.9709e+02
-2.8268e-01,-5.0700e-01,2.0108e+00,3.0338e+00,2.6054e+01,-9.1494e+02
-2.7866e-01,-5.2235e-01,2.0001e+00,2.8987e+00,2.6013e+01,-9.2004e+02
-2.6584e-01,-5.2092e-01,1.9998e+00,2.9317e+00,2.6010e+01,-9.1291e+02
-2.5335e-01,-5.3092e-01,2.0009e+00,2.8795e+00,2.6018e+01,-9.1024e+02
-2.2226e-01,-5.0864e-01,1.9991e+00,2.9978e+00,2.6009e+01,-9.1710e+02
-2.5456e-01,-5.4512e-01,1.9935e+00,2.8251e+00,2.5996e+01,-9.1878e+02
-2.5252e-01,-5.3719e-01,1.9982e+00,2.8613e+00,2.6009e+01,-9.1706e+02
-2.5428e-01,-5.3087e-01,1.9967e+00,2.8365e+00,2.6008e+01,-9.1430e+02
-2.9087e-01,-5.2914e-01,2.0013e+00,2.9330e+00,2.6031e+01,-9.1139e+02
-2.1819e-01,-5.3593e-01,2.0019e+00,2.8657e+00,2.6028e+01,-9.0831e+02
-2.2831e-01,-5.2808e-01,1.9888e+00,2.8536e+00,2.5974e+01,-9.1328e+02
-2.8061e-01,-5.0220e-01,1.9977e+00,2.9186e+00,2.5994e+01,-9.1168e+02
-2.7296e-01,-5.0361e-01,2.0126e+00,3.0411e+00,2.6058e+01,-9.1928e+02
-2.3118e-01,-5.3164e-01,2.0056e+00,2.8921e+00,2.6038e+01,-9.2038e+02
-2.7339e-01,-5.2321e-01,1.9974e+00,2.9355e+00,2.6004e+01,-9.1846e+02
-2.4971e-01,-5.1912e-01,2.0033e+00,2.9887e+00,2.6031e+01,-9.1611e+02
-2.9449e-01,-5.2660e-01,1.9951e+00,2.8403e+00,2.5991e+01,-9.0383e+02
-2.1016e-01,-5.2058e-01,1.9999e+00,2.9200e+00,2.6016e+01,-9.1490e+02
-2.8115e-01,-5.2757e-01,2.0081e+00,2.9023e+00,2.6043e+01,-9.1581e+02
-2.9491e-01,-5.3037e-01,2.0015e+00,2.9012e+00,2.6027e+01,-9.1301e+02
-2.4584e-01,-4.9713e-01,1.9973e+00,2.9958e+00,2.5998e+01,-9.1874e+02
-2.9036e-01,-5.3575e-01,1.9988e+00,2.8643e+00,2.6008e+01,-9.1356e+02
-2.8263e-01,-5.1404e-01,2.0026e+00,2.9582e+00,2.6028e+01,-9.2014e+02
-2.5218e-01,-5.1038e-01,2.0015e+00,2.8992e+00,2.6014e+01,-9.1706e+02
-2.8207e-01,-4.9476e-01,1.9984e+00,2.9531e+00,2.5997e+01,-9.1912e+02
-2.3328e-01,-5.2162e-01,2.0120e+00,2.9727e+00,2.6055e+01,-9.0714e+02
-2.9572e-01,-5.2319e-01,2.0211e+00,2.9470e+00,2.6083e+01,-9.2037e+02
-2.3193e-01,-5.1355e-01,2.0008e+00,2.8855e+00,2.6008e+01,-9.0611e+02
-3.0031e-01,-4.9500e-01,2.0232e+00,2.7922e+00,2.6076e+01,-9.0093e+02
-2.2536e-01,-5.3118e-01,2.0017e+00,2.8895e+00,2.6022e+01,-9.1941e+02
-2.0101e-01,-5.2941e-01,1.9945e+00,2.8692e+00,2.5996e+01,-9.1375e+02
-2.9372e-01,-5.0722e-01,2.0085e+00,2.9798e+00,2.6042e+01,-9.1720e+02
-2.0581e-01,-5.4442e-01,1.9985e+00,2.7826e+00,2.6009e+01,-9.0278e+02
-2.0570e-01,-5.2922e-01,1.9988e+00,2.9179e+00,2.6016e+01,-9.2003e+02
-2.9560e-01,-5.1313e-01,2.0197e+00,2.9398e+00,2.6074e+01,-9.2019e+02
-2.3471e-01,-5.3602e-01,1.9978e+00,2.8423e+00,2.6014e+01,-9.1625e+02
-2.8597e-01,-5.3151e-01,2.0026e+00,2.8802e+00,2.6021e+01,-9.1081e+02
-2.6493e-01,-5.3152e-01,1.9977e+00,2.8557e+00,2.6006e+01,-9.1274e+02
-2.6917e-01,-5.0686e-01,2.0014e+00,2.9797e+00,2.6013e+01,-9.1631e+02
-2.9611e-01,-5.1290e-01,1.9986e+00,2.9014e+00,2.6006e+01,-9.1872e+02
-2.0162e-01,-5.4200e-01,1.9984e+00,2.8281e+00,2.6016e+01,-9.1520e+02
-2.0916e-01,-4.9966e-01,1.9959e+00,3.0258e+00,2.6003e+01,-9.0953e+02
-2.6469e-01,-5.2576e-01,2.0003e+00,2.8775e+00,2.6020e+01,-9.1929e+02
-2.1254e-01,-5.2956e-01,1.9972e+00,2.8637e+00,2.6002e+01,-9.1794e+02
-2.2708e-01,-5.4233e-01,2.0003e+00,2.8843e+00,2.6025e+01,-9.0884e+02
-2.8224e-01,-5.0841e-01,2.0135e+00,3.0358e+00,2.6059e+01,-9.1681e+02
-2.3719e-01,-5.1905e-01,1.9996e+00,2.9735e+00,2.6013e+01,-9.1875e+02
-3.1275e-01,-4.8075e-01,2.0199e+00,2.7218e+00,2.6063e+01,-9.1609e+02
-2.9553e-01,-5.1997e-01,1.9895e+00,2.8693e+00,2.5969e+01,-9.0776e+02
-2.8492e-01,-5.0119e-01,2.0021e+00,2.9829e+00,2.6016e+01,-9.2013e+02
-2.7609e-01,-5.1598e-01,2.0015e+00,2.9586e+00,2.6020e+01,-9.1865e+02
-2.2675e-01,-5.4766e-01,1.9891e+00,2.7607e+00,2.5978e+01,-9.1607e+02
-2.0228e-01,-5.1843e-01,1.9983e+00,2.9174e+00,2.6008e+01,-9.1849e+02
-2.8674e-01,-5.2565e-01,1.9864e+00,2.8781e+00,2.5977e+01,-9.1696e+02
-2.5245e-01,-5.2941e-01,1.9858e+00,2.8143e+00,2.5964e+01,-9.1427e+02
-2.5464e-01,-5.3558e-01,1.9950e+00,2.8360e+00,2.5996e+01,-9.1819e+02
-2.3429e-01,-5.2764e-01,2.0040e+00,2.9146e+00,2.6029e+01,-9.1621e+02
-2.3737e-01,-5.2347e-01,1.9914e+00,2.8606e+00,2.5976e+01,-9.1664e+02
-2.5142e-01,-5.2279e-01,1.9967e+00,2.8815e+00,2.6003e+01,-9.1910e+02
-2.6598e-01,-5.0533e-01,1.9961e+00,2.9950e+00,2.6005e+01,-9.1555e+02
-2.8119e-01,-5.3307e-01,1.9895e+00,2.8575e+00,2.5980e+01,-9.1964e+02
-2.7015e-01,-5.1699e-01,2.0008e+00,2.9618e+00,2.6019e+01,-9.1461e+02
-2.5365e-01,-5.2643e-01,2.0008e+00,2.9021e+00,2.6020e+01,-9.1888e+02
-2.1541e-01,-5.1389e-01,1.9974e+00,2.9268e+00,2.6000e+01,-9.1995e+02
-2.4128e-01,-5.2339e-01,1.9961e+00,2.8677e+00,2.5994e+01,-9.1791e+02
-2.8497e-01,-5.3374e-01,1.9996e+00,2.8926e+00,2.6020e+01,-9.1992e+02
-2.5116e-01,-5.2315e-01,2.0033e+00,2.9176e+00,2.6029e+01,-9.1893e+02
-2.2707e-01,-5.3263e-01,1.9961e+00,2.9093e+00,2.6006e+01,-9.1748e+02
-2.4387e-01,-5.2177e-01,2.0213e+00,2.9504e+00,2.6084e+01,-9.1890e+02
-3.0852e-01,-4.9460e-01,2.0214e+00,2.7101e+00,2.6071e+01,-9.1992e+02
-2.4052e-01,-4.9224e-01,2.0053e+00,3.0565e+00,2.6026e+01,-9.2018e+02
-2.1007e-01,-5.2930e-01,1.9906e+00,2.8678e+00,2.5980e+01,-9.1459e+02
-2.7598e-01,-5.3479e-01,1.9996e+00,2.8572e+00,2.6014e+01,-9.0650e+02
-2.7918e-01,-5.2433e-01,1.9934e+00,2.9009e+00,2.5989e+01,-9.1494e+02
-2.1231e-01,-5.2932e-01,1.9985e+00,2.8574e+00,2.6010e+01,-9.1706e+02
-2.6830e-01,-5.3412e-01,2.0012e+00,2.8890e+00,2.6022e+01,-9.0869e+02
-2.3824e-01,-5.2549e-01,1.9997e+00,2.9177e+00,2.6017e+01,-9.1302e+02
-2.6415e-01,-5.2321e-01,1.9980e+00,2.9155e+00,2.6007e+01,-9.1566e+02
-2.3032e-01,-5.3179e-01,2.0016e+00,2.8892e+00,2.6018e+01,-9.2051e+02
-2.2824e-01,-5.0123e-01,1.9986e+00,2.9794e+00,2.6001e+01,-9.0961e+02
-2.3522e-01,-5.5830e-01,1.9935e+00,2.7650e+00,2.6003e+01,-9.0602e+02
-2.6528e-01,-5.1785e-01,2.0046e+00,3.0079e+00,2.6033e+01,-9.0708e+02
-2.2136e-01,-5.3137e-01,1.9925e+00,2.8770e+00,2.5989e+01,-9.1430e+02
-2.9691e-01,-5.1457e-01,1.9919e+00,2.8519e+00,2.5972e+01,-9.1190e+02
-2.8729e-01,-5.4474e-01,1.9982e+00,2.8025e+00,2.6013e+01,-9.1715e+02
-2.1732e-01,-5.4310e-01,1.9924e+00,2.7572e+00,2.5983e+01,-9.1159e+02
-2.6845e-01,-5.1719e-01,2.0012e+00,2.9737e+00,2.6018e+01,-9.1854e+02
-2.9453e-01,-5.1363e-01,1.9980e+00,2.9347e+00,2.6006e+01,-9.1508e+02
-2.1614e-01,-5.1628e-01,2.0064e+00,3.0230e+00,2.6040e+01,-9.1512e+02
-2.9165e-01,-5.2502e-01,1.9948e+00,2.8672e+00,2.5993e+01,-9.1214e+02
-2.9950e-01,-5.2664e-01,1.9963e+00,2.8679e+00,2.5994e+01,-9.1858e+02
-2.5823e-01,-5.2213e-01,1.9965e+00,2.8651e+00,2.5990e+01,-9.1665e+02
-2.3353e-01,-5.0429e-01,2.0067e+00,2.9678e+00,2.6028e+01,-9.1927e+02
-2.8969e-01,-5.0274e-01,1.9877e+00,2.9914e+00,2.5976e+01,-9.0171e+02
-2.3897e-01,-5.3128e-01,1.9976e+00,2.8551e+00,2.6008e+01,-9.1165e+02
-2.1098e-01,-5.2009e-01,1.9987e+00,2.9364e+00,2.6013e+01,-9.1243e+02
-2.3624e-01,-5.2245e-01,2.0010e+00,2.8937e+00,2.6011e+01,-9.1778e+02
-2.2724e-01,-5.1517e-01,2.0006e+00,2.9630e+00,2.6017e+01,-9.1987e+02
-2.8362e-01,-5.3592e-01,1.9955e+00,2.8733e+00,2.5996e+01,-9.1868e+02
-2.7877e-01,-5.3572e-01,1.9956e+00,2.8356e+00,2.5995e+01,-8.9940e+02
-2.4515e-01,-5.1981e-01,2.0035e+00,3.0113e+00,2.6037e+01,-9.0823e+02
-2.1422e-01,-4.8705e-01,2.0088e+00,3.0824e+00,2.6035e+01,-9.1327e+02
-2.7581e-01,-5.1016e-01,2.0030e+00,2.9942e+00,2.6023e+01,-9.0637e+02
-2.2655e-01,-5.2554e-01,1.9972e+00,2.8914e+00,2.6000e+01,-9.1780e+02
-2.2504e-01,-5.5436e-01,1.9945e+00,2.7454e+00,2.6000e+01,-9.1543e+02
-2.2137e-01,-5.4761e-01,1.9924e+00,2.7893e+00,2.5988e+01,-9.1722e+02
-2.3001e-01,-5.4484e-01,2.0070e+00,2.8876e+00,2.6049e+01,-9.1598e+02
-2.4961e-01,-5.4623e-01,1.9973e+00,2.8078e+00,2.6012e+01,-8.9754e+02
-2.1303e-01,-4.9549e-01,2.0014e+00,3.0011e+00,2.6006e+01,-9.2056e+02
-2.1492e-01,-5.2814e-01,2.0010e+00,2.8642e+00,2.6015e+01,-9.1604e+02
-2.1586e-01,-5.4348e-01,1.9955e+00,2.8367e+00,2.6001e+01,-9.1595e+02
-2.0627e-01,-5.0031e-01,2.0018e+00,3.0151e+00,2.6016e+01,-9.0361e+02
-2.5703e-01,-5.2980e-01,1.9918e+00,2.8518e+00,2.5986e+01,-9.1704e+02
-2.7333e-01,-5.3345e-01,1.9954e+00,2.8435e+00,2.5999e+01,-9.1050e+02
-2.5105e-01,-4.9746e-01,1.9933e+00,2.9986e+00,2.5989e+01,-9.1644e+02
-2.8383e-01,-5.2389e-01,1.9944e+00,2.9238e+00,2.5995e+01,-9.1536e+02
-2.4616e-01,-5.2547e-01,1.9907e+00,2.8387e+00,2.5980e+01,-9.0965e+02
-2.2904e-01,-4.9941e-01,2.0025e+00,2.9683e+00,2.6017e+01,-9.1476e+02
-2.5113e-01,-5.1841e-01,2.0016e+00,2.9236e+00,2.6015e+01,-9.1195e+02
-2.2466e-01,-5.1462e-01,1.9979e+00,2.9118e+00,2.6006e+01,-9.1925e+02
-2.7097e-01,-5.1109e-01,1.9972e+00,2.8937e+00,2.5993e+01,-9.0602e+02
-2.1824e-01,-5.3204e-01,1.9974e+00,2.8725e+00,2.6009e+01,-9.0645e+02
-2.5860e-01,-5.2566e-01,1.9955e+00,2.9105e+00,2.5999e+01,-9.1569e+02
-2.3803e-01,-5.0648e-01,1.9947e+00,2.9340e+00,2.5995e+01,-9.1755e+02
-2.6271e-01,-5.1618e-01,1.9927e+00,2.9109e+00,2.5986e+01,-9.1900e+02
-2.6444e-01,-5.3606e-01,1.9899e+00,2.7808e+00,2.5980e+01,-9.1965e+02
-2.2302e-01,-5.2649e-01,1.9938e+00,2.8748e+00,2.5995e+01,-9.0766e+02
-2.9593e-01,-5.0817e-01,2.0230e+00,2.9672e+00,2.6083e+01,-9.1230e+02
-2.8879e-01,-5.1156e-01,2.0020e+00,2.9779e+00,2.6018e+01,-9.1435e+02
-2.8917e-01,-5.0563e-01,2.0028e+00,2.9758e+00,2.6027e+01,-9.1971e+02
-2.8367e-01,-5.2900e-01,1.9965e+00,2.8655e+00,2.6000e+01,-9.1039e+02
-2.8110e-01,-5.3254e-01,2.0015e+00,2.9037e+00,2.6026e+01,-9.1657e+02
-2.7812e-01,-5.0645e-01,2.0027e+00,2.9562e+00,2.6013e+01,-9.1744e+02
-2.3468e-01,-5.3323e-01,1.9973e+00,2.8132e+00,2.5999e+01,-9.1880e+02
-2.5197e-01,-5.2409e-01,2.0004e+00,2.9705e+00,2.6022e+01,-9.1992e+02
-2.5913e-01,-5.1568e-01,2.0012e+00,2.9251e+00,2.6013e+01,-9.2025e+02
-2.2848e-01,-5.0658e-01,2.0016e+00,2.9843e+00,2.6020e+01,-9.2054e+02
-2.7206e-01,-5.2497e-01,1.9938e+00,2.8801e+00,2.5989e+01,-8.9833e+02
-2.8888e-01,-5.2751e-01,1.9937e+00,2.8800e+00,2.5994e+01,-9.1490e+02
-2.3361e-01,-5.2510e-01,1.9971e+00,2.8796e+00,2.6006e+01,-8.9944e+02
-2.7618e-01,-5.1834e-01,1.9995e+00,2.9354e+00,2.6011e+01,-9.1562e+02
-2.6604e-01,-5.1980e-01,1.9897e+00,2.8873e+00,2.5970e+01,-9.0393e+02
-2.6950e-01,-5.1621e-01,1.9919e+00,2.9549e+00,2.5993e+01,-9.0688e+02
-2.9119e-01,-5.4210e-01,1.9980e+00,2.7839e+00,2.6007e+01,-9.1684e+02
-2.5727e-01,-5.4318e-01,1.9944e+00,2.8149e+00,2.5998e+01,-9.1201e+02
-2.5743e-01,-5.3996e-01,2.0024e+00,2.9000e+00,2.6033e+01,-9.1973e+02
-2.0594e-01,-4.9211e-01,2.0027e+00,3.0235e+00,2.6016e+01,-9.1894e+02
-2.9927e-01,-5.1420e-01,1.9977e+00,2.9527e+00,2.6002e+01,-9.1903e+02
-2.8733e-01,-5.2169e-01,1.9955e+00,2.8220e+00,2.5985e+01,-9.1471e+02
-2.3921e-01,-4.9762e-01,2.0006e+00,3.0359e+00,2.6017e+01,-9.1948e+02
-2.7218e-01,-5.0363e-01,1.9975e+00,2.9324e+00,2.5999e+01,-9.2031e+02
-2.8177e-01,-5.3530e-01,1.9968e+00,2.9344e+00,2.6017e+01,-9.1656e+02
-2.1348e-01,-5.2472e-01,2.0005e+00,2.9219e+00,2.6021e+01,-8.9287e+02
-2.6669e-01,-5.2459e-01,2.0051e+00,2.9243e+00,2.6036e+01,-9.1753e+02
-2.6654e-01,-5.2006e-01,1.9980e+00,2.9126e+00,2.6001e+01,-9.2033e+02
-2.5717e-01,-5.4049e-01,1.9917e+00,2.8189e+00,2.5992e+01,-9.1834e+02
-2.8343e-01,-5.3107e-01,1.9994e+00,2.8737e+00,2.6012e+01,-9.1959e+02
-2.6049e-01,-5.2705e-01,1.9997e+00,2.9278e+00,2.6013e+01,-8.9162e+02
-2.5105e-01,-5.1938e-01,1.9982e+00,2.9279e+00,2.6005e+01,-9.1996e+02
-2.9128e-01,-5.2026e-01,1.9979e+00,2.8970e+00,2.6001e+01,-9.0602e+02
-2.3490e-01,-5.3770e-01,1.9884e+00,2.8348e+00,2.5981e+01,-9.1649e+02
-2.1806e-01,-5.2107e-01,1.9975e+00,2.9350e+00,2.6006e+01,-9.1802e+02
-2.9596e-01,-4.8950e-01,1.9961e+00,3.0204e+00,2.5993e+01,-9.2005e+02
-2.1822e-01,-5.0188e-01,2.0063e+00,3.0165e+00,2.6034e+01,-9.1784e+02
-2.6114e-01,-5.2693e-01,1.9919e+00,2.9217e+00,2.5992e+01,-9.0266e+02
-2.5035e-01,-5.2040e-01,2.0061e+00,2.9615e+00,2.6033e+01,-9.1358e+02
-2.2398e-01,-5.0717e-01,2.0008e+00,2.9893e+00,2.6008e+01,-9.0835e+02
-2.0029e-01,-5.4233e-01,1.9972e+00,2.8482e+00,2.6011e+01,-9.1083e+02
-2.5479e-01,-5.3627e-01,2.0005e+00,2.8372e+00,2.6017e+01,-9.1228e+02
-2.6471e-01,-5.3262e-01,2.0021e+00,2.9145e+00,2.6025e+01,-9.1574e+02
-2.6079e-01,-5.1624e-01,2.0008e+00,2.9360e+00,2.6017e+01,-9.1544e+02
-2.4045e-01,-4.9128e-01,2.0015e+00,3.0154e+00,2.6015e+01,-9.0509e+02
-2.8523e-01,-5.1318e-01,1.9956e+00,2.8506e+00,2.5991e+01,-9.2000e+02
-2.1132e-01,-5.3231e-01,2.0001e+00,2.8909e+00,2.6023e+01,-9.1362e+02
-2.2159e-01,-5.4513e-01,1.9971e+00,2.8588e+00,2.6013e+01,-9.1167e+02
-2.5416e-01,-5.4655e-01,1.9925e+00,2.8089e+00,2.5993e+01,-9.1870e+02
-2.1830e-01,-5.2133e-01,2.0045e+00,2.9321e+00,2.6027e+01,-9.1744e+02
-2.4578e-01,-5.0681e-01,1.9986e+00,2.9791e+00,2.6009e+01,-9.0989e+02
-2.9559e-01,-5.0535e-01,1.9991e+00,2.9345e+00,2.6006e+01,-9.1861e+02
-2.0483e-01,-5.1039e-01,2.0012e+00,3.0158e+00,2.6023e+01,-9.1575e+02
-2.8339e-01,-5.1113e-01,2.0014e+00,2.9925e+00,2.6016e+01,-9.1194e+02
-2.1661e-01,-5.1337e-01,1.9897e+00,2.9423e+00,2.5983e+01,-9.1872e+02
-2.8038e-01,-5.4184e-01,2.0037e+00,2.9429e+00,2.6040e+01,-9.1957e+02
-2.2304e-01,-5.1714e-01,1.9925e+00,2.8883e+00,2.5984e+01,-9.1692e+02
-2.8099e-01,-5.2525e-01,2.0025e+00,2.9056e+00,2.6022e+01,-9.1916e+02
-2.2406e-01,-5.3690e-01,2.0025e+00,2.9015e+00,2.6032e+01,-9.2019e+02
-3.1440e-01,-4.8029e-01,2.0152e+00,2.7799e+00,2.6049e+01,-9.0658e+02
-2.8122e-01,-5.1995e-01,1.9956e+00,2.8466e+00,2.5992e+01,-9.1596e+02
-2.0752e-01,-5.2037e-01,1.9922e+00,2.9334e+00,2.5991e+01,-8.8953e+02
-2.9115e-01,-5.2563e-01,1.9937e+00,2.8397e+00,2.5990e+01,-9.1772e+02
-2.4576e-01,-5.2291e-01,1.9924e+00,2.8529e+00,2.5989e+01,-9.1205e+02
-2.1755e-01,-5.1388e-01,1.9836e+00,2.9463e+00,2.5965e+01,-9.1835e+02
-2.2503e-01,-5.4215e-01,1.9936e+00,2.8399e+00,2.5997e+01,-9.1406e+02
-2.1258e-01,-5.0619e-01,2.0005e+00,2.9733e+00,2.6006e+01,-9.2034e+02
-2.6935e-01,-5.3502e-01,1.9941e+00,2.8540e+00,2.5995e+01,-9.0413e+02
-2.9921e-01,-5.2796e-01,2.0024e+00,2.9123e+00,2.6027e+01,-9.1360e+02
-2.7306e-01,-5.2776e-01,2.0017e+00,2.9814e+00,2.6026e+01,-8.9235e+02
-2.8286e-01,-5.2352e-01,2.0003e+00,2.8789e+00,2.6014e+01,-9.1459e+02
-2.2116e-01,-5.0602e-01,2.0021e+00,2.9649e+00,2.6018e+01,-9.2011e+02
-2.3281e-01,-5.1338e-01,2.0196e+00,2.9704e+00,2.6078e+01,-9.1993e+02
-2.4902e-01,-5.3257e-01,2.0003e+00,2.8633e+00,2.6012e+01,-9.1506e+02
-2.8796e-01,-5.2600e-01,2.0004e+00,2.9147e+00,2.6016e+01,-9.1819e+02
-2.8886e-01,-5.1356e-01,1.9995e+00,2.9394e+00,2.6004e+01,-9.1876e+02
-2.5271e-01,-5.0199e-01,2.0077e+00,3.0856e+00,2.6046e+01,-9.1718e+02
-2.9749e-01,-5.1555e-01,1.9994e+00,2.9982e+00,2.6018e+01,-9.1951e+02
-2.1773e-01,-4.9962e-01,2.0018e+00,2.9916e+00,2.6012e+01,-9.0917e+02
-2.1600e-01,-5.2059e-01,1.9991e+00,2.9300e+00,2.6014e+01,-9.1534e+02
-2.6752e-01,-5.2737e-01,2.0021e+00,2.9291e+00,2.6030e+01,-9.2033e+02
-2.3288e-01,-5.3866e-01,2.0019e+00,2.9127e+00,2.6033e+01,-9.1692e+02
-2.6635e-01,-5.3145e-01,1.9945e+00,2.8186e+00,2.5991e+01,-9.1985e+02
-2.0246e-01,-5.1981e-01,1.9966e+00,2.8878e+00,2.6001e+01,-9.1265e+02
-2.9037e-01,-5.0347e-01,2.0036e+00,3.0253e+00,2.6027e+01,-9.1416e+02
-2.2014e-01,-5.1572e-01,1.9956e+00,2.9319e+00,2.6001e+01,-9.1503e+02
-2.7778e-01,-5.1811e-01,2.0050e+00,2.9567e+00,2.6030e+01,-9.0517e+02
-2.7844e-01,-4.9015e-01,2.0181e+00,3.1050e+00,2.6070e+01,-9.1560e+02
-2.5782e-01,-5.3311e-01,1.9983e+00,2.9238e+00,2.6015e+01,-9.1623e+02
-2.7594e-01,-4.9604e-01,1.9976e+00,3.0269e+00,2.6001e+01,-9.1690e+02
-2.8085e-01,-5.3168e-01,1.9934e+00,2.8751e+00,2.5996e+01,-9.0016e+02
-2.1159e-01,-5.3326e-01,1.9993e+00,2.9337e+00,2.6025e+01,-9.1474e+02
-2.3153e-01,-5.2474e-01,1.9906e+00,2.9069e+00,2.5984e+01,-9.1669e+02
-2.1373e-01,-5.2437e-01,1.9978e+00,2.9400e+00,2.6012e+01,-9.1479e+02
-2.3387e-01,-4.9435e-01,1.9958e+00,3.0164e+00,2.5996e+01,-9.1330e+02
-2.6906e-01,-5.0479e-01,2.0002e+00,3.0004e+00,2.6013e+01,-9.2051e+02
-2.8338e-01,-5.1687e-01,1.9901e+00,2.8728e+00,2.5983e+01,-9.1918e+02
-2.5587e-01,-5.2047e-01,2.0025e+00,2.9441e+00,2.6022e+01,-9.1203e+02
-2.9987e-01,-4.9137e-01,2.0165e+00,3.0545e+00,2.6061e+01,-9.1063e+02
-2.0184e-01,-5.1449e-01,2.0017e+00,2.9831e+00,2.6023e+01,-9.1799e+02
-2.3708e-01,-5.3436e-01,1.9982e+00,2.8747e+00,2.6012e+01,-9.1608e+02
-2.1503e-01,-5.3663e-01,1.9987e+00,2.8565e+00,2.6009e+01,-9.1259e+02
-2.2243e-01,-5.2480e-01,1.9894e+00,2.8979e+00,2.5977e+01,-9.1109e+02
-2.3828e-01,-5.1710e-01,1.9965e+00,2.9345e+00,2.6002e+01,-9.0268e+02
-2.2009e-01,-5.1252e-01,1.9956e+00,2.8915e+00,2.5989e+01,-9.2015e+02
-2.5026e-01,-5.3084e-01,2.0005e+00,2.8913e+00,2.6017e+01,-9.1748e+02
-2.0047e-01,-5.4325e-01,2.0016e+00,2.8382e+00,2.6026e+01,-9.1962e+02
-2.1436e-01,-5.2659e-01,1.9980e+00,2.8652e+00,2.6004e+01,-9.1434e+02
-2.0830e-01,-5.1961e-01,1.9959e+00,2.8990e+00,2.6003e+01,-9.1924e+02
-2.9215e-01,-5.2652e-01,1.9964e+00,2.9262e+00,2.6004e+01,-9.2019e+02
-2.4632e-01,-5.3175e-01,1.9936e+00,2.8577e+00,2.5994e+01,-9.0860e+02
-2.2577e-01,-4.8715e-01,2.0082e+00,3.0650e+00,2.6031e+01,-9.1785e+02
-3.2200e-01,-4.8162e-01,2.0335e+00,2.7054e+00,2.6097e+01,-9.1688e+02
-2.7220e-01,-4.9453e-01,2.0081e+00,2.9909e+00,2.6028e+01,-9.0911e+02
-2.1104e-01,-5.0498e-01,1.9919e+00,3.0072e+00,2.5991e+01,-9.1244e+02
-2.3348e-01,-5.3213e-01,1.9927e+00,2.8591e+00,2.5989e+01,-9.1906e+02
-2.7381e-01,-5.3581e-01,1.9909e+00,2.8337e+00,2.5989e+01,-9.1965e+02
-2.9376e-01,-5.1187e-01,1.9981e+00,2.9176e+00,2.5995e+01,-9.0475e+02
-2.8857e-01,-4.9871e-01,1.9977e+00,3.0154e+00,2.6002e+01,-9.2007e+02
-2.2440e-01,-5.3378e-01,1.9932e+00,2.8628e+00,2.5994e+01,-9.0919e+02
-2.8386e-01,-5.1987e-01,2.0113e+00,3.0657e+00,2.6063e+01,-9.2053e+02
-2.6960e-01,-5.1020e-01,2.0015e+00,3.0001e+00,2.6020e+01,-9.1103e+02
-2.4933e-01,-5.4682e-01,1.9951e+00,2.8175e+00,2.6001e+01,-9.1791e+02
-2.5878e-01,-5.1484e-01,2.0029e+00,2.9280e+00,2.6020e+01,-9.1863e+02
-2.4435e-01,-5.1792e-01,1.9972e+00,2.8941e+00,2.6007e+01,-9.1301e+02
-2.4448e-01,-5.1348e-01,2.0002e+00,2.9649e+00,2.6015e+01,-9.0963e+02
-2.9883e-01,-5.0822e-01,1.9998e+00,2.9668e+00,2.6010e+01,-9.1956e+02
-2.4098e-01,-5.1715e-01,2.0187e+00,2.9994e+00,2.6082e+01,-9.1913e+02
-2.5820e-01,-5.2191e-01,1.9989e+00,2.9516e+00,2.6010e+01,-9.0603e+02
-2.9668e-01,-5.0734e-01,1.9992e+00,2.9742e+00,2.6013e+01,-9.1965e+02
-2.0017e-01,-5.2906e-01,1.9997e+00,2.8923e+00,2.6014e+01,-9.1420e+02
-2.1569e-01,-5.1875e-01,1.9967e+00,2.8727e+00,2.6003e+01,-9.1609e+02
-3.0745e-01,-4.7698e-01,2.0228e+00,2.7523e+00,2.6068e+01,-9.1779e+02
-2.8670e-01,-5.3404e-01,1.9969e+00,2.8198e+00,2.6006e+01,-9.2049e+02
-2.1576e-01,-5.0440e-01,1.9967e+00,2.9361e+00,2.5993e+01,-9.1592e+02
-1.9637e-01,-5.7096e-01,1.9590e+00,2.9081e+00,2.5887e+01,-9.2009e+02
-2.9266e-01,-5.1996e-01,1.9988e+00,2.8942e+00,2.6008e+01,-9.1831e+02
-2.1210e-01,-4.9980e-01,2.0000e+00,2.9852e+00,2.6006e+01,-9.1526e+02
-2.8071e-01,-4.9541e-01,2.0174e+00,3.0674e+00,2.6065e+01,-9.1698e+02
-2.5894e-01,-5.2814e-01,2.0027e+00,2.9214e+00,2.6025e+01,-9.1965e+02
-2.5746e-01,-5.3489e-01,1.9971e+00,2.8824e+00,2.6005e+01,-9.1361e+02
-2.3881e-01,-5.2005e-01,2.0007e+00,2.9324e+00,2.6024e+01,-9.1902e+02
-2.2844e-01,-5.1742e-01,1.9923e+00,2.8685e+00,2.5983e+01,-9.1842e+02
-2.6193e-01,-5.1005e-01,2.0005e+00,2.9872e+00,2.6017e+01,-9.1584e+02
-2.2303e-01,-5.2317e-01,1.9966e+00,2.9081e+00,2.6001e+01,-9.1082e+02
-2.1560e-01,-5.1321e-01,2.0086e+00,3.0135e+00,2.6050e+01,-9.1962e+02
-2.5751e-01,-5.2009e-01,1.9882e+00,2.8708e+00,2.5981e+01,-8.9484e+02
-2.9293e-01,-5.4307e-01,2.0049e+00,2.8815e+00,2.6037e+01,-9.1064e+02
-2.3178e-01,-4.9921e-01,2.0030e+00,2.9991e+00,2.6014e+01,-9.1973e+02
-2.9697e-01,-4.9960e-01,2.0026e+00,3.0444e+00,2.6021e+01,-9.2034e+02
-2.6841e-01,-5.1498e-01,1.9896e+00,2.8780e+00,2.5976e+01,-9.2016e+02
-2.8049e-01,-5.4879e-01,1.9941e+00,2.7667e+00,2.6001e+01,-9.1594e+02
-2.7443e-01,-5.1773e-01,2.0020e+00,2.9596e+00,2.6022e+01,-9.1595e+02
-2.8911e-01,-5.4195e-01,1.9955e+00,2.8437e+00,2.6000e+01,-9.1709e+02
-2.6645e-01,-5.2382e-01,2.0015e+00,2.8896e+00,2.6024e+01,-9.1586e+02
-2.9265e-01,-5.2259e-01,1.9994e+00,2.9436e+00,2.6012e+01,-9.1450e+02
-2.0097e-01,-5.1824e-01,1.9892e+00,2.8624e+00,2.5974e+01,-9.0991e+02
-2.3478e-01,-5.1550e-01,1.9962e+00,2.9048e+00,2.5998e+01,-9.0228e+02
-2.5593e-01,-5.2455e-01,2.0013e+00,2.8769e+00,2.6011e+01,-9.1717e+02
-2.7815e-01,-5.2511e-01,1.9999e+00,2.8975e+00,2.6016e+01,-9.1330e+02
-2.3470e-01,-5.1861e-01,1.9998e+00,2.8949e+00,2.6008e+01,-9.0759e+02
-2.6470e-01,-5.1411e-01,2.0028e+00,2.9834e+00,2.6027e+01,-9.2031e+02
-2.8669e-01,-5.1779e-01,1.9942e+00,2.8680e+00,2.5983e+01,-9.1701e+02
-2.8413e-01,-4.9228e-01,2.0113e+00,3.0532e+00,2.6039e+01,-9.1280e+02
-2.9603e-01,-5.3127e-01,1.9877e+00,2.8285e+00,2.5974e+01,-9.1973e+02
-2.6605e-01,-5.2414e-01,2.0037e+00,2.9501e+00,2.6024e+01,-9.1115e+02
-2.5239e-01,-5.1888e-01,1.9985e+00,2.8754e+00,2.6007e+01,-9.1087e+02
-2.5137e-01,-5.4165e-01,2.0023e+00,2.8586e+00,2.6028e+01,-9.1819e+02
-2.7707e-01,-5.4081e-01,1.9882e+00,2.8087e+00,2.5977e+01,-9.1570e+02
-2.0888e-01,-5.0948e-01,2.0003e+00,3.0036e+00,2.6016e+01,-9.1644e+02
-2.8052e-01,-5.2801e-01,2.0009e+00,2.9460e+00,2.6021e+01,-9.1288e+02
-2.6453e-01,-5.1686e-01,2.0060e+00,2.8902e+00,2.6032e+01,-9.2047e+02
-2.2222e-01,-5.4197e-01,2.0008e+00,2.9126e+00,2.6027e+01,-9.1897e+02
-2.7466e-01,-5.3175e-01,1.9946e+00,2.8519e+00,2.5997e+01,-9.1740e+02
-2.4782e-01,-5.3830e-01,1.9966e+00,2.8390e+00,2.6011e+01,-9.2008e+02
-2.0059e-01,-5.4816e-01,1.9868e+00,2.7797e+00,2.5976e+01,-9.1506e+02
-2.1586e-01,-5.1878e-01,1.9941e+00,2.8812e+00,2.5990e+01,-9.1598e+02
-2.6176e-01,-5.1718e-01,1.9999e+00,2.8989e+00,2.6011e+01,-9.2051e+02
-2.1326e-01,-5.4224e-01,1.9953e+00,2.8146e+00,2.6001e+01,-9.1593e+02
-2.8489e-01,-5.2584e-01,1.9959e+00,2.8564e+00,2.5993e+01,-9.1529e+02
-2.5989e-01,-5.1911e-01,1.9984e+00,2.9868e+00,2.6011e+01,-9.1692e+02
-2.4235e-01,-5.3314e-01,1.9946e+00,2.8390e+00,2.5994e+01,-9.2018e+02
-2.1738e-01,-5.3281e-01,1.9976e+00,2.8541e+00,2.6002e+01,-9.1975e+02
-2.8153e-01,-5.1058e-01,2.0017e+00,3.0004e+00,2.6016e+01,-9.1333e+02
-2.4615e-01,-5.1096e-01,1.9866e+00,2.9419e+00,2.5970e+01,-9.1663e+02
-2.3942e-01,-5.3249e-01,2.0000e+00,2.8694e+00,2.6017e+01,-9.2032e+02
-2.2514e-01,-5.3669e-01,1.9984e+00,2.8628e+00,2.6013e+01,-9.1783e+02
-2.2767e-01,-5.3969e-01,1.9974e+00,2.8592e+00,2.6007e+01,-9.1171e+02
-2.0368e-01,-5.2703e-01,1.9959e+00,2.8671e+00,2.5994e+01,-9.1613e+02
-2.0920e-01,-5.1731e-01,1.9942e+00,2.9410e+00,2.5994e+01,-9.2048e+02
-2.1423e-01,-4.9871e-01,2.0013e+00,2.9990e+00,2.6013e+01,-9.0861e+02
-2.6776e-01,-5.1727e-01,1.9994e+00,2.9597e+00,2.6009e+01,-9.2055e+02
-2.9084e-01,-5.2366e-01,2.0000e+00,2.9359e+00,2.6019e+01,-9.1566e+02
