nlive,niter,nc,eff,logl,logwt,logvol,logz,logzerr,h,delta_logz,time_elapsed,logfeh,logdust,logNpix,tau
2.0000e+03,1.0000e+00,1.0000e+00,1.9960e-01,-5.6293e+05,-5.6293e+05,-1.9980e-03,-5.6293e+05,1.1750e-01,6.9098e+00,inf,1.5814e+03,-5.9021e-02,-9.7485e-01,4.9564e+00,6.5912e-01
2.0000e+03,2.0000e+00,1.0000e+00,3.9841e-01,-5.6197e+05,-5.6197e+05,-3.9960e-03,-5.6197e+05,1.1751e-01,6.9118e+00,5.5048e+05,1.5845e+03,-8.5755e-02,-8.1427e-01,4.9239e+00,8.5790e-01
2.0000e+03,3.0000e+00,1.0000e+00,5.9642e-01,-5.6174e+05,-5.6174e+05,-5.9940e-03,-5.6174e+05,1.1753e-01,6.9137e+00,5.4952e+05,1.5876e+03,1.6303e-01,-4.3295e-01,4.9779e+00,1.5120e+00
2.0000e+03,4.0000e+00,1.0000e+00,7.9365e-01,-5.5986e+05,-5.5987e+05,-7.9920e-03,-5.5987e+05,1.1755e-01,6.9157e+00,5.4929e+05,1.5908e+03,1.2576e-01,-2.6862e-01,4.8458e+00,1.0059e+00
2.0000e+03,5.0000e+00,1.0000e+00,9.9010e-01,-5.5921e+05,-5.5922e+05,-9.9900e-03,-5.5922e+05,1.1757e-01,6.9177e+00,5.4741e+05,1.5939e+03,-5.6626e-02,-6.8850e-01,4.6737e+00,5.0014e-01
2.0000e+03,6.0000e+00,1.0000e+00,1.1858e+00,-5.5884e+05,-5.5884e+05,-1.1988e-02,-5.5884e+05,1.1758e-01,6.9198e+00,5.4676e+05,1.5973e+03,-2.9304e-01,-4.1694e-01,4.7198e+00,5.5263e-01
2.0000e+03,7.0000e+00,1.0000e+00,1.3807e+00,-5.5854e+05,-5.5855e+05,-1.3986e-02,-5.5855e+05,1.1760e-01,6.9218e+00,5.4639e+05,1.6003e+03,2.2683e-01,-2.5070e-01,4.7309e+00,7.9845e-01
2.0000e+03,8.0000e+00,2.0000e+00,1.5717e+00,-5.5796e+05,-5.5797e+05,-1.5984e-02,-5.5797e+05,1.1762e-01,6.9238e+00,5.4610e+05,1.6065e+03,1.8245e-01,-8.7670e-01,4.5791e+00,1.7200e+00
2.0000e+03,9.0000e+00,1.0000e+00,1.7647e+00,-5.5795e+05,-5.5796e+05,-1.7982e-02,-5.5796e+05,1.1762e-01,6.9239e+00,5.4551e+05,1.6095e+03,1.1177e-01,-9.0796e-01,4.5512e+00,2.2987e-01
2.0000e+03,1.0000e+01,1.0000e+00,1.9569e+00,-5.5790e+05,-5.5791e+05,-1.9980e-02,-5.5791e+05,1.1765e-01,6.9277e+00,5.4550e+05,1.6127e+03,2.3054e-01,-2.4578e-01,4.6667e+00,3.9785e-01
2.0000e+03,1.1000e+01,1.0000e+00,2.1484e+00,-5.5784e+05,-5.5785e+05,-2.1978e-02,-5.5785e+05,1.1767e-01,6.9297e+00,5.4546e+05,1.6157e+03,-4.6090e-01,-9.0727e-01,4.5480e+00,1.4284e+00
2.0000e+03,1.2000e+01,1.0000e+00,2.3392e+00,-5.5750e+05,-5.5751e+05,-2.3976e-02,-5.5751e+05,1.1768e-01,6.9317e+00,5.4540e+05,1.6188e+03,7.6013e-02,-1.8267e-01,4.7070e+00,1.7356e+00
2.0000e+03,1.3000e+01,1.0000e+00,2.5292e+00,-5.5727e+05,-5.5727e+05,-2.5974e-02,-5.5727e+05,1.1770e-01,6.9338e+00,5.4506e+05,1.6220e+03,-2.2098e-02,-8.3405e-01,4.4965e+00,8.5498e-01
2.0000e+03,1.4000e+01,2.0000e+00,2.7132e+00,-5.5689e+05,-5.5690e+05,-2.7972e-02,-5.5690e+05,1.1772e-01,6.9357e+00,5.4482e+05,1.6281e+03,1.0429e-01,-5.1573e-01,4.5067e+00,1.3026e+00
2.0000e+03,1.5000e+01,1.0000e+00,2.9014e+00,-5.5679e+05,-5.5680e+05,-2.9970e-02,-5.5680e+05,1.1774e-01,6.9377e+00,5.4445e+05,1.6311e+03,2.2360e-01,-3.2409e-02,4.7201e+00,1.5590e+00
2.0000e+03,1.6000e+01,1.0000e+00,3.0888e+00,-5.5670e+05,-5.5671e+05,-3.1968e-02,-5.5671e+05,1.1775e-01,6.9397e+00,5.4434e+05,1.6342e+03,7.6023e-02,-8.0563e-01,4.4515e+00,3.2690e-01
2.0000e+03,1.7000e+01,1.0000e+00,3.2755e+00,-5.5648e+05,-5.5648e+05,-3.3966e-02,-5.5648e+05,1.1777e-01,6.9417e+00,5.4426e+05,1.6373e+03,-1.7897e-01,-7.4162e-01,4.4611e+00,1.4689e+00
2.0000e+03,1.8000e+01,1.0000e+00,3.4615e+00,-5.5642e+05,-5.5642e+05,-3.5964e-02,-5.5642e+05,1.1779e-01,6.9437e+00,5.4403e+05,1.6404e+03,2.0398e-01,-2.5496e-01,4.6429e+00,1.9741e+00
2.0000e+03,1.9000e+01,1.0000e+00,3.6468e+00,-5.5619e+05,-5.5620e+05,-3.7962e-02,-5.5620e+05,1.1780e-01,6.9457e+00,5.4397e+05,1.6435e+03,2.4579e-01,-4.3294e-01,4.4462e+00,8.2025e-01
2.0000e+03,2.0000e+01,1.0000e+00,3.8314e+00,-5.5563e+05,-5.5564e+05,-3.9960e-02,-5.5564e+05,1.1782e-01,6.9477e+00,5.4374e+05,1.6467e+03,1.7618e-01,-6.7149e-01,4.4962e+00,1.9686e+00
2.0000e+03,2.1000e+01,2.0000e+00,4.0076e+00,-5.5544e+05,-5.5545e+05,-4.1958e-02,-5.5545e+05,1.1784e-01,6.9497e+00,5.4319e+05,1.6528e+03,-3.7241e-01,-2.8162e-01,4.4792e+00,1.1215e+00
2.0000e+03,2.2000e+01,1.0000e+00,4.1905e+00,-5.5476e+05,-5.5476e+05,-4.3956e-02,-5.5476e+05,1.1785e-01,6.9517e+00,5.4299e+05,1.6560e+03,-1.4525e-01,-7.6581e-01,4.3353e+00,8.7828e-01
2.0000e+03,2.3000e+01,1.0000e+00,4.3726e+00,-5.5441e+05,-5.5441e+05,-4.5954e-02,-5.5441e+05,1.1787e-01,6.9537e+00,5.4231e+05,1.6590e+03,-4.3735e-01,-4.0141e-01,4.3843e+00,1.5477e+00
2.0000e+03,2.4000e+01,1.0000e+00,4.5541e+00,-5.5431e+05,-5.5431e+05,-4.7952e-02,-5.5431e+05,1.1789e-01,6.9557e+00,5.4196e+05,1.6622e+03,1.3399e-01,-4.6545e-01,4.3303e+00,1.5697e+00
2.0000e+03,2.5000e+01,1.0000e+00,4.7348e+00,-5.5359e+05,-5.5360e+05,-4.9950e-02,-5.5360e+05,1.1790e-01,6.9577e+00,5.4186e+05,1.6654e+03,2.3699e-01,-8.2368e-01,4.1999e+00,1.3266e+00
2.0000e+03,2.6000e+01,1.0000e+00,4.9149e+00,-5.5304e+05,-5.5305e+05,-5.1948e-02,-5.5305e+05,1.1792e-01,6.9597e+00,5.4114e+05,1.6685e+03,-1.5664e-01,-7.9597e-02,4.5163e+00,2.0957e+00
2.0000e+03,2.7000e+01,1.0000e+00,5.0943e+00,-5.5248e+05,-5.5249e+05,-5.3946e-02,-5.5249e+05,1.1794e-01,6.9617e+00,5.4060e+05,1.6718e+03,-3.4974e-01,-3.4292e-01,4.7728e+00,2.9185e+00
2.0000e+03,2.8000e+01,1.0000e+00,5.2731e+00,-5.5236e+05,-5.5237e+05,-5.5944e-02,-5.5237e+05,1.1796e-01,6.9637e+00,5.4003e+05,1.6748e+03,-1.9419e-02,-6.1226e-01,4.2661e+00,1.9116e+00
2.0000e+03,2.9000e+01,1.0000e+00,5.4511e+00,-5.5223e+05,-5.5224e+05,-5.7942e-02,-5.5224e+05,1.1797e-01,6.9657e+00,5.3991e+05,1.6780e+03,1.6692e-01,-9.4773e-01,4.1327e+00,1.2469e+00
2.0000e+03,3.0000e+01,1.0000e+00,5.6285e+00,-5.5183e+05,-5.5183e+05,-5.9940e-02,-5.5183e+05,1.1799e-01,6.9677e+00,5.3979e+05,1.6811e+03,-8.3160e-02,-8.0241e-01,4.1624e+00,7.9220e-01
2.0000e+03,3.1000e+01,1.0000e+00,5.8052e+00,-5.5177e+05,-5.5178e+05,-6.1938e-02,-5.5178e+05,1.1801e-01,6.9697e+00,5.3938e+05,1.6842e+03,-4.5696e-01,-8.5255e-02,4.3227e+00,1.3561e+00
2.0000e+03,3.2000e+01,1.0000e+00,5.9813e+00,-5.5159e+05,-5.5160e+05,-6.3936e-02,-5.5160e+05,1.1802e-01,6.9717e+00,5.3932e+05,1.6874e+03,-3.5747e-02,-2.2053e-01,4.7254e+00,2.7988e+00
2.0000e+03,3.3000e+01,1.0000e+00,6.1567e+00,-5.5100e+05,-5.5100e+05,-6.5934e-02,-5.5100e+05,1.1804e-01,6.9737e+00,5.3914e+05,1.6905e+03,-4.9216e-01,-8.2647e-01,4.3566e+00,2.5510e+00
2.0000e+03,3.4000e+01,2.0000e+00,6.3197e+00,-5.5080e+05,-5.5081e+05,-6.7932e-02,-5.5081e+05,1.1806e-01,6.9757e+00,5.3855e+05,1.6969e+03,9.3307e-02,-2.1271e-01,4.7911e+00,3.2616e+00
2.0000e+03,3.5000e+01,2.0000e+00,6.4815e+00,-5.5069e+05,-5.5070e+05,-6.9930e-02,-5.5070e+05,1.1807e-01,6.9777e+00,5.3836e+05,1.7031e+03,-4.8460e-01,-3.8245e-01,4.2182e+00,1.9500e+00
2.0000e+03,3.6000e+01,1.0000e+00,6.6543e+00,-5.4966e+05,-5.4966e+05,-7.1928e-02,-5.4966e+05,1.1809e-01,6.9797e+00,5.3825e+05,1.7063e+03,-2.6385e-02,-2.0547e-01,4.1429e+00,1.2453e+00
2.0000e+03,3.7000e+01,1.0000e+00,6.8266e+00,-5.4961e+05,-5.4962e+05,-7.3926e-02,-5.4962e+05,1.1811e-01,6.9817e+00,5.3721e+05,1.7094e+03,-2.9223e-01,-9.8952e-01,4.5511e+00,3.0538e+00
2.0000e+03,3.8000e+01,1.0000e+00,6.9982e+00,-5.4898e+05,-5.4899e+05,-7.5924e-02,-5.4899e+05,1.1812e-01,6.9837e+00,5.3717e+05,1.7125e+03,-2.8789e-01,-7.5820e-01,4.4854e+00,3.0000e+00
2.0000e+03,3.9000e+01,1.0000e+00,7.1691e+00,-5.4881e+05,-5.4882e+05,-7.7922e-02,-5.4882e+05,1.1814e-01,6.9857e+00,5.3653e+05,1.7156e+03,-2.6836e-01,-6.3232e-01,4.0532e+00,1.5255e+00
2.0000e+03,4.0000e+01,1.0000e+00,7.3394e+00,-5.4880e+05,-5.4881e+05,-7.9920e-02,-5.4881e+05,1.1815e-01,6.9871e+00,5.3637e+05,1.7188e+03,2.1493e-01,-1.1461e-01,4.1171e+00,3.5128e-01
2.0000e+03,4.1000e+01,1.0000e+00,7.5092e+00,-5.4877e+05,-5.4877e+05,-8.1918e-02,-5.4877e+05,1.1818e-01,6.9897e+00,5.3636e+05,1.7220e+03,1.5964e-01,-5.0008e-01,4.6570e+00,3.3581e+00
2.0000e+03,4.2000e+01,1.0000e+00,7.6782e+00,-5.4853e+05,-5.4853e+05,-8.3916e-02,-5.4853e+05,1.1819e-01,6.9917e+00,5.3632e+05,1.7251e+03,-1.6155e-01,-3.4913e-01,4.2372e+00,2.3354e+00
2.0000e+03,4.3000e+01,1.0000e+00,7.8467e+00,-5.4810e+05,-5.4811e+05,-8.5914e-02,-5.4811e+05,1.1821e-01,6.9937e+00,5.3608e+05,1.7283e+03,-1.6917e-01,-4.7280e-01,4.1193e+00,2.0857e+00
2.0000e+03,4.4000e+01,1.0000e+00,8.0146e+00,-5.4810e+05,-5.4811e+05,-8.7912e-02,-5.4811e+05,1.1699e-01,6.8506e+00,5.3566e+05,1.7314e+03,2.1921e-01,-6.1412e-01,3.9300e+00,1.1153e+00
2.0000e+03,4.5000e+01,1.0000e+00,8.1818e+00,-5.4790e+05,-5.4791e+05,-8.9910e-02,-5.4791e+05,1.1824e-01,6.9977e+00,5.3565e+05,1.7345e+03,-3.6552e-01,-2.5547e-01,4.0681e+00,1.3367e+00
2.0000e+03,4.6000e+01,1.0000e+00,8.3485e+00,-5.4730e+05,-5.4730e+05,-9.1908e-02,-5.4730e+05,1.1826e-01,6.9996e+00,5.3545e+05,1.7376e+03,5.2346e-02,-5.2530e-01,4.8964e+00,4.2529e+00
2.0000e+03,4.7000e+01,1.0000e+00,8.5145e+00,-5.4703e+05,-5.4703e+05,-9.3906e-02,-5.4703e+05,1.1828e-01,7.0016e+00,5.3485e+05,1.7407e+03,-9.2907e-02,-5.0507e-01,4.2051e+00,2.5329e+00
2.0000e+03,4.8000e+01,1.0000e+00,8.6799e+00,-5.4659e+05,-5.4659e+05,-9.5904e-02,-5.4659e+05,1.1829e-01,7.0037e+00,5.3458e+05,1.7438e+03,-2.7714e-01,-2.8201e-01,4.9912e+00,4.4600e+00
2.0000e+03,4.9000e+01,1.0000e+00,8.8448e+00,-5.4653e+05,-5.4653e+05,-9.7902e-02,-5.4653e+05,1.1831e-01,7.0057e+00,5.3414e+05,1.7470e+03,-2.9915e-01,-9.6327e-01,4.2162e+00,2.7370e+00
2.0000e+03,5.0000e+01,1.0000e+00,9.0090e+00,-5.4632e+05,-5.4633e+05,-9.9900e-02,-5.4633e+05,1.1833e-01,7.0077e+00,5.3408e+05,1.7502e+03,2.4265e-01,-6.0601e-01,3.8561e+00,1.4896e+00
2.0000e+03,5.1000e+01,1.0000e+00,9.1727e+00,-5.4618e+05,-5.4618e+05,-1.0190e-01,-5.4618e+05,1.1834e-01,7.0096e+00,5.3387e+05,1.7534e+03,-1.7188e-01,-2.9075e-02,4.0954e+00,1.1410e+00
2.0000e+03,5.2000e+01,1.0000e+00,9.3357e+00,-5.4606e+05,-5.4607e+05,-1.0390e-01,-5.4607e+05,1.1836e-01,7.0116e+00,5.3373e+05,1.7565e+03,1.6603e-01,-5.0121e-02,4.4910e+00,3.0392e+00
2.0000e+03,5.3000e+01,1.0000e+00,9.4982e+00,-5.4591e+05,-5.4592e+05,-1.0589e-01,-5.4592e+05,1.1838e-01,7.0136e+00,5.3362e+05,1.7596e+03,-4.9299e-01,-9.9351e-02,4.9090e+00,4.4995e+00
2.0000e+03,5.4000e+01,1.0000e+00,9.6601e+00,-5.4551e+05,-5.4552e+05,-1.0789e-01,-5.4552e+05,1.1839e-01,7.0157e+00,5.3347e+05,1.7627e+03,-4.3642e-01,-6.6700e-01,3.9137e+00,1.2252e+00
2.0000e+03,5.5000e+01,1.0000e+00,9.8214e+00,-5.4549e+05,-5.4549e+05,-1.0989e-01,-5.4549e+05,1.1841e-01,7.0177e+00,5.3307e+05,1.7659e+03,-1.6602e-01,-2.6391e-02,4.1911e+00,2.3446e+00
2.0000e+03,5.6000e+01,1.0000e+00,9.9822e+00,-5.4544e+05,-5.4545e+05,-1.1189e-01,-5.4545e+05,1.1843e-01,7.0197e+00,5.3304e+05,1.7689e+03,-2.2104e-01,-1.7230e-01,4.6046e+00,3.4757e+00
2.0000e+03,5.7000e+01,1.0000e+00,1.0142e+01,-5.4516e+05,-5.4516e+05,-1.1389e-01,-5.4516e+05,1.1844e-01,7.0216e+00,5.3300e+05,1.7722e+03,-3.5492e-01,-2.5995e-01,4.8269e+00,4.1756e+00
2.0000e+03,5.8000e+01,1.0000e+00,1.0302e+01,-5.4511e+05,-5.4512e+05,-1.1588e-01,-5.4512e+05,1.1846e-01,7.0236e+00,5.3271e+05,1.7753e+03,-4.2533e-02,-7.0992e-01,4.3072e+00,3.0705e+00
2.0000e+03,5.9000e+01,1.0000e+00,1.0461e+01,-5.4500e+05,-5.4501e+05,-1.1788e-01,-5.4501e+05,1.1848e-01,7.0256e+00,5.3266e+05,1.7784e+03,-4.0436e-01,-8.8714e-01,3.9217e+00,1.9911e+00
2.0000e+03,6.0000e+01,1.0000e+00,1.0619e+01,-5.4469e+05,-5.4469e+05,-1.1988e-01,-5.4469e+05,1.1850e-01,7.0276e+00,5.3256e+05,1.7816e+03,1.6642e-01,-4.7068e-01,4.5400e+00,3.6761e+00
2.0000e+03,6.1000e+01,1.0000e+00,1.0777e+01,-5.4425e+05,-5.4425e+05,-1.2188e-01,-5.4425e+05,1.1851e-01,7.0297e+00,5.3224e+05,1.7847e+03,-3.6745e-01,-6.2936e-01,4.0383e+00,2.5189e+00
2.0000e+03,6.2000e+01,1.0000e+00,1.0935e+01,-5.4406e+05,-5.4406e+05,-1.2388e-01,-5.4406e+05,1.1853e-01,7.0316e+00,5.3180e+05,1.7878e+03,1.4779e-01,-5.9450e-01,3.7860e+00,1.0756e+00
2.0000e+03,6.3000e+01,1.0000e+00,1.1092e+01,-5.4396e+05,-5.4397e+05,-1.2587e-01,-5.4397e+05,1.1855e-01,7.0336e+00,5.3161e+05,1.7909e+03,-3.8904e-01,-9.8351e-01,4.1297e+00,2.8581e+00
2.0000e+03,6.4000e+01,3.0000e+00,1.1208e+01,-5.4369e+05,-5.4369e+05,-1.2787e-01,-5.4369e+05,1.1856e-01,7.0356e+00,5.3151e+05,1.8004e+03,-2.6237e-01,-4.3190e-01,4.4765e+00,3.5458e+00
2.0000e+03,6.5000e+01,1.0000e+00,1.1364e+01,-5.4354e+05,-5.4355e+05,-1.2987e-01,-5.4355e+05,1.1858e-01,7.0376e+00,5.3124e+05,1.8035e+03,-1.7202e-01,-4.0690e-01,4.8058e+00,4.4697e+00
2.0000e+03,6.6000e+01,1.0000e+00,1.1518e+01,-5.4316e+05,-5.4316e+05,-1.3187e-01,-5.4316e+05,1.1860e-01,7.0396e+00,5.3110e+05,1.8066e+03,2.2334e-01,-9.8297e-01,3.7063e+00,1.2095e+00
2.0000e+03,6.7000e+01,1.0000e+00,1.1672e+01,-5.4257e+05,-5.4258e+05,-1.3387e-01,-5.4258e+05,1.1861e-01,7.0416e+00,5.3071e+05,1.8098e+03,1.8113e-01,-4.0538e-01,4.0940e+00,2.8184e+00
2.0000e+03,6.8000e+01,1.0000e+00,1.1826e+01,-5.4248e+05,-5.4249e+05,-1.3586e-01,-5.4249e+05,1.1863e-01,7.0436e+00,5.3012e+05,1.8128e+03,3.0865e-02,-7.6521e-01,4.1411e+00,2.9436e+00
2.0000e+03,6.9000e+01,1.0000e+00,1.1979e+01,-5.4213e+05,-5.4214e+05,-1.3786e-01,-5.4214e+05,1.1865e-01,7.0456e+00,5.3004e+05,1.8159e+03,-3.8352e-01,-3.5044e-01,4.9266e+00,5.5890e+00
2.0000e+03,7.0000e+01,1.0000e+00,1.2132e+01,-5.4188e+05,-5.4189e+05,-1.3986e-01,-5.4189e+05,1.1866e-01,7.0476e+00,5.2968e+05,1.8192e+03,-8.5648e-02,-7.2696e-01,4.8980e+00,5.3755e+00
2.0000e+03,7.1000e+01,2.0000e+00,1.2263e+01,-5.4150e+05,-5.4151e+05,-1.4186e-01,-5.4151e+05,1.1868e-01,7.0496e+00,5.2943e+05,1.8255e+03,-2.5081e-01,-4.3267e-01,3.7986e+00,8.2629e-01
2.0000e+03,7.2000e+01,2.0000e+00,1.2392e+01,-5.4144e+05,-5.4145e+05,-1.4386e-01,-5.4145e+05,1.1870e-01,7.0516e+00,5.2906e+05,1.8316e+03,4.3312e-02,-2.4923e-01,3.7924e+00,9.9553e-01
2.0000e+03,7.3000e+01,1.0000e+00,1.2543e+01,-5.4141e+05,-5.4142e+05,-1.4585e-01,-5.4142e+05,1.1871e-01,7.0536e+00,5.2899e+05,1.8347e+03,-4.7908e-01,-4.2670e-01,4.2226e+00,3.4220e+00
2.0000e+03,7.4000e+01,1.0000e+00,1.2693e+01,-5.4134e+05,-5.4135e+05,-1.4785e-01,-5.4135e+05,1.1873e-01,7.0556e+00,5.2896e+05,1.8378e+03,-4.9708e-01,-8.1571e-01,4.7119e+00,5.5234e+00
2.0000e+03,7.5000e+01,1.0000e+00,1.2842e+01,-5.4100e+05,-5.4101e+05,-1.4985e-01,-5.4101e+05,1.1875e-01,7.0576e+00,5.2890e+05,1.8409e+03,-4.7396e-01,-8.4474e-01,4.0277e+00,3.0134e+00
2.0000e+03,7.6000e+01,2.0000e+00,1.2969e+01,-5.4085e+05,-5.4086e+05,-1.5185e-01,-5.4086e+05,1.1877e-01,7.0596e+00,5.2855e+05,1.8473e+03,-4.3511e-01,-2.4699e-01,3.9692e+00,2.5925e+00
2.0000e+03,7.7000e+01,1.0000e+00,1.3118e+01,-5.4054e+05,-5.4054e+05,-1.5385e-01,-5.4054e+05,1.1878e-01,7.0616e+00,5.2841e+05,1.8504e+03,-4.3686e-01,-1.7404e-01,3.8591e+00,2.0320e+00
2.0000e+03,7.8000e+01,1.0000e+00,1.3265e+01,-5.4015e+05,-5.4016e+05,-1.5584e-01,-5.4016e+05,1.1880e-01,7.0636e+00,5.2809e+05,1.8535e+03,-1.2877e-01,-1.9012e-01,4.8183e+00,5.1361e+00
2.0000e+03,7.9000e+01,2.0000e+00,1.3390e+01,-5.3984e+05,-5.3985e+05,-1.5784e-01,-5.3985e+05,1.1882e-01,7.0656e+00,5.2770e+05,1.8597e+03,1.6892e-01,-1.8965e-01,4.8564e+00,7.6659e+00
2.0000e+03,8.0000e+01,1.0000e+00,1.3536e+01,-5.3959e+05,-5.3960e+05,-1.5984e-01,-5.3960e+05,1.1883e-01,7.0676e+00,5.2739e+05,1.8629e+03,9.2893e-02,-7.9185e-03,4.8352e+00,6.3565e+00
2.0000e+03,8.1000e+01,1.0000e+00,1.3682e+01,-5.3957e+05,-5.3957e+05,-1.6184e-01,-5.3957e+05,1.1885e-01,7.0696e+00,5.2715e+05,1.8661e+03,2.0307e-01,-2.4378e-01,4.8116e+00,6.8913e+00
2.0000e+03,8.2000e+01,2.0000e+00,1.3805e+01,-5.3950e+05,-5.3950e+05,-1.6384e-01,-5.3950e+05,1.1887e-01,7.0716e+00,5.2712e+05,1.8724e+03,-3.9651e-01,-5.9719e-01,4.7252e+00,5.4180e+00
2.0000e+03,8.3000e+01,1.0000e+00,1.3950e+01,-5.3941e+05,-5.3942e+05,-1.6583e-01,-5.3942e+05,1.1888e-01,7.0736e+00,5.2705e+05,1.8754e+03,2.4837e-01,-5.9889e-01,4.5333e+00,4.5962e+00
2.0000e+03,8.4000e+01,1.0000e+00,1.4094e+01,-5.3915e+05,-5.3916e+05,-1.6783e-01,-5.3916e+05,1.1890e-01,7.0756e+00,5.2696e+05,1.8786e+03,7.4990e-02,-7.7829e-01,3.8270e+00,2.5060e+00
2.0000e+03,8.5000e+01,1.0000e+00,1.4238e+01,-5.3905e+05,-5.3906e+05,-1.6983e-01,-5.3906e+05,1.1892e-01,7.0776e+00,5.2670e+05,1.8816e+03,-1.7233e-01,-3.8785e-01,4.6728e+00,5.0433e+00
2.0000e+03,8.6000e+01,1.0000e+00,1.4381e+01,-5.3902e+05,-5.3903e+05,-1.7183e-01,-5.3903e+05,1.1893e-01,7.0796e+00,5.2660e+05,1.8847e+03,-4.4759e-01,-1.1216e-01,3.8236e+00,1.8050e+00
2.0000e+03,8.7000e+01,2.0000e+00,1.4500e+01,-5.3846e+05,-5.3847e+05,-1.7383e-01,-5.3847e+05,1.1895e-01,7.0816e+00,5.2657e+05,1.8908e+03,-4.9085e-01,-5.4300e-01,4.7270e+00,6.7836e+00
2.0000e+03,8.8000e+01,3.0000e+00,1.4594e+01,-5.3843e+05,-5.3844e+05,-1.7582e-01,-5.3844e+05,1.1897e-01,7.0836e+00,5.2602e+05,1.9002e+03,1.3218e-01,-9.9404e-01,3.5836e+00,1.0074e+00
2.0000e+03,8.9000e+01,1.0000e+00,1.4735e+01,-5.3825e+05,-5.3826e+05,-1.7782e-01,-5.3826e+05,1.1898e-01,7.0856e+00,5.2598e+05,1.9032e+03,-4.2255e-01,-5.1468e-01,3.6986e+00,8.1807e-01
2.0000e+03,9.0000e+01,1.0000e+00,1.4876e+01,-5.3805e+05,-5.3806e+05,-1.7982e-01,-5.3806e+05,1.1900e-01,7.0876e+00,5.2581e+05,1.9063e+03,-2.1276e-01,-3.4191e-01,4.5249e+00,4.6241e+00
2.0000e+03,9.1000e+01,1.0000e+00,1.5017e+01,-5.3796e+05,-5.3797e+05,-1.8182e-01,-5.3797e+05,1.1902e-01,7.0896e+00,5.2561e+05,1.9094e+03,-7.0506e-02,-8.7934e-01,4.9999e+00,7.9793e+00
2.0000e+03,9.2000e+01,1.0000e+00,1.5157e+01,-5.3786e+05,-5.3787e+05,-1.8382e-01,-5.3787e+05,1.1903e-01,7.0916e+00,5.2551e+05,1.9126e+03,-4.5784e-01,-7.2181e-01,4.7468e+00,6.7234e+00
2.0000e+03,9.3000e+01,1.0000e+00,1.5296e+01,-5.3765e+05,-5.3766e+05,-1.8581e-01,-5.3766e+05,1.1905e-01,7.0936e+00,5.2542e+05,1.9157e+03,-3.9700e-01,-8.5801e-01,3.6551e+00,9.5193e-01
2.0000e+03,9.4000e+01,2.0000e+00,1.5410e+01,-5.3764e+05,-5.3765e+05,-1.8781e-01,-5.3765e+05,1.1907e-01,7.0955e+00,5.2521e+05,1.9220e+03,-1.0605e-01,-7.1386e-01,3.6346e+00,8.1337e-01
2.0000e+03,9.5000e+01,2.0000e+00,1.5523e+01,-5.3763e+05,-5.3763e+05,-1.8981e-01,-5.3763e+05,1.1908e-01,7.0972e+00,5.2519e+05,1.9282e+03,8.6848e-02,-6.8270e-01,4.2733e+00,4.1097e+00
2.0000e+03,9.6000e+01,1.0000e+00,1.5661e+01,-5.3749e+05,-5.3749e+05,-1.9181e-01,-5.3749e+05,1.1910e-01,7.0996e+00,5.2518e+05,1.9313e+03,-2.3899e-01,-8.1741e-01,4.6072e+00,5.6816e+00
2.0000e+03,9.7000e+01,1.0000e+00,1.5798e+01,-5.3747e+05,-5.3748e+05,-1.9381e-01,-5.3748e+05,1.1911e-01,7.1011e+00,5.2504e+05,1.9343e+03,-8.2124e-02,-5.4473e-01,4.7784e+00,6.0018e+00
2.0000e+03,9.8000e+01,1.0000e+00,1.5935e+01,-5.3731e+05,-5.3731e+05,-1.9580e-01,-5.3731e+05,1.1913e-01,7.1036e+00,5.2503e+05,1.9374e+03,1.6742e-01,-8.3153e-01,4.5343e+00,5.6519e+00
2.0000e+03,9.9000e+01,1.0000e+00,1.6071e+01,-5.3711e+05,-5.3712e+05,-1.9780e-01,-5.3712e+05,1.1915e-01,7.1055e+00,5.2486e+05,1.9406e+03,6.3356e-02,-1.3433e-01,4.8169e+00,7.0486e+00
2.0000e+03,1.0000e+02,1.0000e+00,1.6207e+01,-5.3693e+05,-5.3694e+05,-1.9980e-01,-5.3694e+05,1.1917e-01,7.1075e+00,5.2466e+05,1.9438e+03,-2.0708e-01,-1.8432e-01,4.8946e+00,7.3729e+00
2.0000e+03,1.0100e+02,1.0000e+00,1.6343e+01,-5.3688e+05,-5.3688e+05,-2.0180e-01,-5.3688e+05,1.1918e-01,7.1095e+00,5.2448e+05,1.9471e+03,-3.0143e-01,-8.0500e-01,4.2821e+00,4.2102e+00
2.0000e+03,1.0200e+02,1.0000e+00,1.6478e+01,-5.3679e+05,-5.3680e+05,-2.0380e-01,-5.3680e+05,1.1920e-01,7.1116e+00,5.2443e+05,1.9504e+03,-4.1449e-01,-4.3972e-01,4.0764e+00,3.5380e+00
2.0000e+03,1.0300e+02,1.0000e+00,1.6613e+01,-5.3673e+05,-5.3674e+05,-2.0579e-01,-5.3674e+05,1.1922e-01,7.1136e+00,5.2434e+05,1.9534e+03,2.0134e-02,-5.7879e-01,4.4334e+00,4.6431e+00
2.0000e+03,1.0400e+02,1.0000e+00,1.6747e+01,-5.3668e+05,-5.3668e+05,-2.0779e-01,-5.3668e+05,1.1923e-01,7.1156e+00,5.2429e+05,1.9565e+03,-4.1290e-01,-8.0270e-01,4.1171e+00,3.7014e+00
2.0000e+03,1.0500e+02,1.0000e+00,1.6881e+01,-5.3660e+05,-5.3661e+05,-2.0979e-01,-5.3661e+05,1.1925e-01,7.1175e+00,5.2423e+05,1.9597e+03,-3.6583e-01,-9.2325e-01,4.7471e+00,6.7030e+00
2.0000e+03,1.0600e+02,2.0000e+00,1.6987e+01,-5.3657e+05,-5.3658e+05,-2.1179e-01,-5.3658e+05,1.1927e-01,7.1195e+00,5.2416e+05,1.9658e+03,-2.6999e-01,-9.4339e-01,4.7473e+00,7.2416e+00
2.0000e+03,1.0700e+02,1.0000e+00,1.7120e+01,-5.3627e+05,-5.3627e+05,-2.1379e-01,-5.3627e+05,1.1928e-01,7.1215e+00,5.2412e+05,1.9690e+03,-4.3707e-01,-8.0426e-01,4.7901e+00,7.7609e+00
2.0000e+03,1.0800e+02,1.0000e+00,1.7252e+01,-5.3616e+05,-5.3617e+05,-2.1578e-01,-5.3617e+05,1.1930e-01,7.1236e+00,5.2382e+05,1.9722e+03,-1.4899e-01,-2.0977e-01,4.6918e+00,5.7899e+00
2.0000e+03,1.0900e+02,2.0000e+00,1.7357e+01,-5.3599e+05,-5.3600e+05,-2.1778e-01,-5.3600e+05,1.1932e-01,7.1256e+00,5.2371e+05,1.9784e+03,-3.4868e-01,-3.0170e-01,4.8088e+00,7.1307e+00
2.0000e+03,1.1000e+02,1.0000e+00,1.7488e+01,-5.3596e+05,-5.3597e+05,-2.1978e-01,-5.3597e+05,1.1933e-01,7.1275e+00,5.2355e+05,1.9815e+03,-2.5685e-02,-1.5574e-01,3.6841e+00,1.2603e+00
2.0000e+03,1.1100e+02,1.0000e+00,1.7619e+01,-5.3594e+05,-5.3595e+05,-2.2178e-01,-5.3595e+05,1.1935e-01,7.1295e+00,5.2352e+05,1.9847e+03,-3.4642e-01,-7.7120e-01,3.6133e+00,2.5501e-01
2.0000e+03,1.1200e+02,1.0000e+00,1.7750e+01,-5.3592e+05,-5.3593e+05,-2.2378e-01,-5.3593e+05,1.1937e-01,7.1315e+00,5.2350e+05,1.9878e+03,1.2832e-01,-7.4636e-01,4.3720e+00,4.9793e+00
2.0000e+03,1.1300e+02,2.0000e+00,1.7852e+01,-5.3565e+05,-5.3566e+05,-2.2577e-01,-5.3566e+05,1.1939e-01,7.1335e+00,5.2347e+05,1.9939e+03,-4.9827e-01,-4.7831e-01,4.0343e+00,3.5852e+00
2.0000e+03,1.1400e+02,1.0000e+00,1.7981e+01,-5.3562e+05,-5.3563e+05,-2.2777e-01,-5.3563e+05,1.1940e-01,7.1355e+00,5.2321e+05,1.9972e+03,2.4897e-01,-6.7469e-01,4.4010e+00,4.9308e+00
2.0000e+03,1.1500e+02,2.0000e+00,1.8082e+01,-5.3553e+05,-5.3554e+05,-2.2977e-01,-5.3554e+05,1.1942e-01,7.1375e+00,5.2317e+05,2.0035e+03,-2.1993e-01,-9.8759e-01,4.6876e+00,6.9989e+00
2.0000e+03,1.1600e+02,1.0000e+00,1.8210e+01,-5.3545e+05,-5.3546e+05,-2.3177e-01,-5.3546e+05,1.1944e-01,7.1395e+00,5.2308e+05,2.0066e+03,1.9276e-01,-5.4080e-01,3.5184e+00,1.0623e+00
2.0000e+03,1.1700e+02,1.0000e+00,1.8339e+01,-5.3487e+05,-5.3488e+05,-2.3377e-01,-5.3488e+05,1.1945e-01,7.1415e+00,5.2301e+05,2.0098e+03,-4.4215e-01,-2.8002e-02,4.5313e+00,5.0804e+00
2.0000e+03,1.1800e+02,2.0000e+00,1.8438e+01,-5.3476e+05,-5.3476e+05,-2.3576e-01,-5.3476e+05,1.1947e-01,7.1435e+00,5.2243e+05,2.0159e+03,-9.7470e-02,-2.2676e-01,4.5214e+00,5.1354e+00
2.0000e+03,1.1900e+02,1.0000e+00,1.8565e+01,-5.3455e+05,-5.3456e+05,-2.3776e-01,-5.3456e+05,1.1949e-01,7.1455e+00,5.2231e+05,2.0190e+03,-3.7896e-02,-7.8071e-01,4.4901e+00,5.2181e+00
2.0000e+03,1.2000e+02,1.0000e+00,1.8692e+01,-5.3439e+05,-5.3440e+05,-2.3976e-01,-5.3440e+05,1.1950e-01,7.1475e+00,5.2210e+05,2.0223e+03,1.3674e-01,-8.8656e-02,4.5996e+00,6.9511e+00
2.0000e+03,1.2100e+02,1.0000e+00,1.8818e+01,-5.3436e+05,-5.3437e+05,-2.4176e-01,-5.3437e+05,1.1952e-01,7.1495e+00,5.2194e+05,2.0255e+03,-1.4333e-01,-6.5558e-01,3.5635e+00,1.0970e+00
2.0000e+03,1.2200e+02,1.0000e+00,1.8944e+01,-5.3403e+05,-5.3404e+05,-2.4376e-01,-5.3404e+05,1.1954e-01,7.1515e+00,5.2191e+05,2.0286e+03,-1.1568e-01,-8.5524e-01,4.5072e+00,5.9321e+00
2.0000e+03,1.2300e+02,1.0000e+00,1.9070e+01,-5.3355e+05,-5.3356e+05,-2.4575e-01,-5.3356e+05,1.1955e-01,7.1535e+00,5.2159e+05,2.0317e+03,1.4795e-01,-1.0123e-01,4.4015e+00,5.2577e+00
2.0000e+03,1.2400e+02,1.0000e+00,1.9195e+01,-5.3354e+05,-5.3354e+05,-2.4775e-01,-5.3354e+05,1.1957e-01,7.1555e+00,5.2111e+05,2.0348e+03,6.7776e-02,-5.4575e-01,3.7765e+00,2.9181e+00
2.0000e+03,1.2500e+02,1.0000e+00,1.9320e+01,-5.3347e+05,-5.3347e+05,-2.4975e-01,-5.3347e+05,1.1959e-01,7.1575e+00,5.2109e+05,2.0379e+03,-1.6703e-01,-7.5233e-02,3.6857e+00,7.4403e-01
2.0000e+03,1.2600e+02,1.0000e+00,1.9444e+01,-5.3322e+05,-5.3323e+05,-2.5175e-01,-5.3323e+05,1.1960e-01,7.1595e+00,5.2102e+05,2.0411e+03,-2.8459e-01,-2.8290e-01,3.6029e+00,1.1654e+00
2.0000e+03,1.2700e+02,1.0000e+00,1.9569e+01,-5.3273e+05,-5.3274e+05,-2.5375e-01,-5.3274e+05,1.1962e-01,7.1615e+00,5.2077e+05,2.0441e+03,-5.5433e-02,-6.5405e-02,4.4318e+00,5.0332e+00
2.0000e+03,1.2800e+02,1.0000e+00,1.9692e+01,-5.3251e+05,-5.3251e+05,-2.5574e-01,-5.3251e+05,1.1964e-01,7.1635e+00,5.2029e+05,2.0474e+03,-6.5035e-02,-2.7262e-01,3.9216e+00,3.2916e+00
2.0000e+03,1.2900e+02,2.0000e+00,1.9785e+01,-5.3247e+05,-5.3248e+05,-2.5774e-01,-5.3248e+05,1.1965e-01,7.1655e+00,5.2006e+05,2.0536e+03,-7.5042e-02,-4.8600e-01,4.4755e+00,5.7907e+00
2.0000e+03,1.3000e+02,1.0000e+00,1.9908e+01,-5.3236e+05,-5.3237e+05,-2.5974e-01,-5.3237e+05,1.1967e-01,7.1675e+00,5.2003e+05,2.0568e+03,5.5323e-02,-4.3570e-01,3.9834e+00,3.6976e+00
2.0000e+03,1.3100e+02,1.0000e+00,2.0031e+01,-5.3203e+05,-5.3204e+05,-2.6174e-01,-5.3204e+05,1.1969e-01,7.1695e+00,5.1992e+05,2.0599e+03,-1.8006e-01,-1.7225e-01,3.6023e+00,2.4917e-01
2.0000e+03,1.3200e+02,2.0000e+00,2.0122e+01,-5.3201e+05,-5.3202e+05,-2.6374e-01,-5.3202e+05,1.1970e-01,7.1715e+00,5.1958e+05,2.0661e+03,7.5337e-02,-2.9188e-01,4.1875e+00,4.5063e+00
2.0000e+03,1.3300e+02,1.0000e+00,2.0244e+01,-5.3139e+05,-5.3140e+05,-2.6573e-01,-5.3140e+05,1.1972e-01,7.1735e+00,5.1957e+05,2.0692e+03,-5.1776e-02,-5.7713e-01,4.7339e+00,7.9524e+00
2.0000e+03,1.3400e+02,1.0000e+00,2.0365e+01,-5.3131e+05,-5.3132e+05,-2.6773e-01,-5.3132e+05,1.1974e-01,7.1755e+00,5.1894e+05,2.0725e+03,-2.9441e-01,-9.7085e-01,4.5227e+00,7.3022e+00
2.0000e+03,1.3500e+02,1.0000e+00,2.0486e+01,-5.3130e+05,-5.3130e+05,-2.6973e-01,-5.3130e+05,1.1975e-01,7.1775e+00,5.1887e+05,2.0756e+03,-4.3183e-01,-4.7635e-01,4.5784e+00,7.7133e+00
2.0000e+03,1.3600e+02,1.0000e+00,2.0606e+01,-5.3117e+05,-5.3118e+05,-2.7173e-01,-5.3118e+05,1.1977e-01,7.1795e+00,5.1885e+05,2.0787e+03,6.9783e-02,-7.9434e-01,4.3624e+00,6.2213e+00
2.0000e+03,1.3700e+02,2.0000e+00,2.0695e+01,-5.3106e+05,-5.3107e+05,-2.7373e-01,-5.3107e+05,1.1979e-01,7.1815e+00,5.1872e+05,2.0849e+03,1.4147e-01,-8.8819e-02,4.5063e+00,7.7269e+00
2.0000e+03,1.3800e+02,1.0000e+00,2.0814e+01,-5.3084e+05,-5.3084e+05,-2.7572e-01,-5.3084e+05,1.1980e-01,7.1835e+00,5.1861e+05,2.0879e+03,-3.3141e-01,-7.1015e-01,4.3959e+00,5.9789e+00
2.0000e+03,1.3900e+02,1.0000e+00,2.0934e+01,-5.3069e+05,-5.3069e+05,-2.7772e-01,-5.3069e+05,1.1982e-01,7.1855e+00,5.1839e+05,2.0910e+03,-2.5522e-01,-6.9411e-01,4.4985e+00,6.9312e+00
2.0000e+03,1.4000e+02,2.0000e+00,2.1021e+01,-5.3052e+05,-5.3052e+05,-2.7972e-01,-5.3052e+05,1.1984e-01,7.1875e+00,5.1824e+05,2.0974e+03,1.5223e-01,-1.6777e-01,4.1143e+00,4.4326e+00
2.0000e+03,1.4100e+02,1.0000e+00,2.1139e+01,-5.3042e+05,-5.3043e+05,-2.8172e-01,-5.3043e+05,1.1985e-01,7.1895e+00,5.1807e+05,2.1004e+03,-3.5870e-01,-9.9239e-01,4.5854e+00,7.9807e+00
2.0000e+03,1.4200e+02,2.0000e+00,2.1226e+01,-5.3034e+05,-5.3034e+05,-2.8372e-01,-5.3034e+05,1.1987e-01,7.1914e+00,5.1797e+05,2.1066e+03,-3.8325e-01,-4.0472e-03,4.5588e+00,6.4496e+00
2.0000e+03,1.4300e+02,2.0000e+00,2.1311e+01,-5.3027e+05,-5.3028e+05,-2.8571e-01,-5.3028e+05,1.1989e-01,7.1935e+00,5.1789e+05,2.1129e+03,1.5695e-01,-2.3569e-01,4.4069e+00,6.7358e+00
2.0000e+03,1.4400e+02,1.0000e+00,2.1429e+01,-5.2985e+05,-5.2986e+05,-2.8771e-01,-5.2986e+05,1.1990e-01,7.1955e+00,5.1783e+05,2.1160e+03,-4.1683e-01,-1.0463e-01,4.5684e+00,7.3298e+00
2.0000e+03,1.4500e+02,1.0000e+00,2.1545e+01,-5.2970e+05,-5.2971e+05,-2.8971e-01,-5.2971e+05,1.1992e-01,7.1975e+00,5.1740e+05,2.1192e+03,2.3991e-01,-2.1079e-01,3.4573e+00,1.3504e+00
2.0000e+03,1.4600e+02,1.0000e+00,2.1662e+01,-5.2969e+05,-5.2969e+05,-2.9171e-01,-5.2969e+05,1.1994e-01,7.1995e+00,5.1725e+05,2.1224e+03,-2.8006e-01,-4.6988e-01,4.4653e+00,6.9634e+00
2.0000e+03,1.4700e+02,1.0000e+00,2.1778e+01,-5.2967e+05,-5.2968e+05,-2.9371e-01,-5.2968e+05,1.1995e-01,7.2015e+00,5.1724e+05,2.1255e+03,-3.2918e-02,-5.0632e-01,4.3622e+00,5.7256e+00
2.0000e+03,1.4800e+02,1.0000e+00,2.1893e+01,-5.2955e+05,-5.2956e+05,-2.9570e-01,-5.2956e+05,1.1997e-01,7.2034e+00,5.1722e+05,2.1286e+03,-3.9813e-01,-8.7293e-02,4.4877e+00,6.2909e+00
2.0000e+03,1.4900e+02,4.0000e+00,2.1912e+01,-5.2952e+05,-5.2953e+05,-2.9770e-01,-5.2953e+05,1.1999e-01,7.2054e+00,5.1710e+05,2.1410e+03,-4.4913e-01,-8.9832e-01,3.4668e+00,1.6963e+00
2.0000e+03,1.5000e+02,1.0000e+00,2.2026e+01,-5.2928e+05,-5.2929e+05,-2.9970e-01,-5.2929e+05,1.2000e-01,7.2075e+00,5.1708e+05,2.1442e+03,-4.9370e-01,-5.2845e-01,4.4097e+00,7.3931e+00
2.0000e+03,1.5100e+02,1.0000e+00,2.2141e+01,-5.2898e+05,-5.2899e+05,-3.0170e-01,-5.2899e+05,1.2002e-01,7.2095e+00,5.1683e+05,2.1474e+03,-2.3945e-01,-8.7143e-01,3.7252e+00,3.1911e+00
2.0000e+03,1.5200e+02,1.0000e+00,2.2255e+01,-5.2891e+05,-5.2892e+05,-3.0370e-01,-5.2892e+05,1.2004e-01,7.2115e+00,5.1653e+05,2.1505e+03,-1.6779e-01,-4.2051e-01,3.4702e+00,1.4992e+00
2.0000e+03,1.5300e+02,1.0000e+00,2.2368e+01,-5.2864e+05,-5.2865e+05,-3.0569e-01,-5.2865e+05,1.2005e-01,7.2134e+00,5.1646e+05,2.1536e+03,-4.4994e-02,-1.7784e-01,3.5119e+00,1.0316e+00
2.0000e+03,1.5400e+02,1.0000e+00,2.2482e+01,-5.2813e+05,-5.2813e+05,-3.0769e-01,-5.2813e+05,1.2007e-01,7.2154e+00,5.1619e+05,2.1567e+03,1.7170e-01,-8.9924e-02,3.5155e+00,1.3447e+00
2.0000e+03,1.5500e+02,1.0000e+00,2.2595e+01,-5.2791e+05,-5.2792e+05,-3.0969e-01,-5.2792e+05,1.2009e-01,7.2174e+00,5.1568e+05,2.1598e+03,-2.1145e-03,-9.5404e-01,4.5022e+00,7.5493e+00
2.0000e+03,1.5600e+02,1.0000e+00,2.2707e+01,-5.2742e+05,-5.2742e+05,-3.1169e-01,-5.2742e+05,1.2010e-01,7.2195e+00,5.1547e+05,2.1629e+03,4.4994e-02,-9.9912e-02,4.1167e+00,4.8333e+00
2.0000e+03,1.5700e+02,1.0000e+00,2.2820e+01,-5.2734e+05,-5.2735e+05,-3.1369e-01,-5.2735e+05,1.2012e-01,7.2215e+00,5.1497e+05,2.1661e+03,1.3944e-01,-4.5611e-01,3.3625e+00,1.1990e+00
2.0000e+03,1.5800e+02,1.0000e+00,2.2932e+01,-5.2714e+05,-5.2715e+05,-3.1568e-01,-5.2715e+05,1.2013e-01,7.2234e+00,5.1490e+05,2.1692e+03,-2.6981e-01,-6.9126e-01,3.5608e+00,2.7393e+00
2.0000e+03,1.5900e+02,1.0000e+00,2.3043e+01,-5.2709e+05,-5.2710e+05,-3.1768e-01,-5.2710e+05,1.2015e-01,7.2254e+00,5.1470e+05,2.1724e+03,-1.5283e-01,-1.5281e-01,3.7121e+00,3.0061e+00
2.0000e+03,1.6000e+02,1.0000e+00,2.3155e+01,-5.2704e+05,-5.2705e+05,-3.1968e-01,-5.2705e+05,1.2017e-01,7.2274e+00,5.1464e+05,2.1756e+03,1.0675e-01,-3.8560e-01,4.2157e+00,6.2515e+00
2.0000e+03,1.6100e+02,2.0000e+00,2.3232e+01,-5.2699e+05,-5.2699e+05,-3.2168e-01,-5.2699e+05,1.2019e-01,7.2294e+00,5.1460e+05,2.1818e+03,-2.3954e-01,-6.1650e-01,3.8665e+00,3.8979e+00
2.0000e+03,1.6200e+02,2.0000e+00,2.3309e+01,-5.2645e+05,-5.2646e+05,-3.2368e-01,-5.2646e+05,1.2020e-01,7.2314e+00,5.1454e+05,2.1880e+03,9.3823e-02,-4.3346e-01,4.3097e+00,7.8020e+00
2.0000e+03,1.6300e+02,1.0000e+00,2.3420e+01,-5.2624e+05,-5.2624e+05,-3.2567e-01,-5.2624e+05,1.2022e-01,7.2335e+00,5.1400e+05,2.1911e+03,-1.8784e-01,-1.2242e-01,4.0431e+00,4.4301e+00
2.0000e+03,1.6400e+02,1.0000e+00,2.3529e+01,-5.2604e+05,-5.2605e+05,-3.2767e-01,-5.2605e+05,1.2023e-01,7.2354e+00,5.1379e+05,2.1942e+03,-4.2799e-01,-4.8828e-01,4.3745e+00,7.9490e+00
2.0000e+03,1.6500e+02,1.0000e+00,2.3639e+01,-5.2561e+05,-5.2561e+05,-3.2967e-01,-5.2561e+05,1.2025e-01,7.2374e+00,5.1359e+05,2.1975e+03,1.5479e-01,-9.6129e-01,3.7696e+00,3.8625e+00
2.0000e+03,1.6600e+02,1.0000e+00,2.3748e+01,-5.2559e+05,-5.2560e+05,-3.3167e-01,-5.2560e+05,1.2027e-01,7.2394e+00,5.1316e+05,2.2006e+03,-4.0704e-01,-8.8062e-01,3.9541e+00,4.7397e+00
2.0000e+03,1.6700e+02,1.0000e+00,2.3857e+01,-5.2557e+05,-5.2558e+05,-3.3367e-01,-5.2558e+05,1.2028e-01,7.2415e+00,5.1314e+05,2.2038e+03,1.2435e-01,-5.3017e-01,3.3214e+00,9.6033e-01
2.0000e+03,1.6800e+02,2.0000e+00,2.3932e+01,-5.2546e+05,-5.2547e+05,-3.3566e-01,-5.2547e+05,1.2030e-01,7.2434e+00,5.1313e+05,2.2100e+03,1.4947e-01,-2.8794e-01,3.6551e+00,3.1399e+00
2.0000e+03,1.6900e+02,2.0000e+00,2.4006e+01,-5.2542e+05,-5.2542e+05,-3.3766e-01,-5.2542e+05,1.2032e-01,7.2454e+00,5.1302e+05,2.2162e+03,-3.5281e-01,-7.6176e-01,4.2980e+00,7.1822e+00
2.0000e+03,1.7000e+02,1.0000e+00,2.4113e+01,-5.2532e+05,-5.2533e+05,-3.3966e-01,-5.2533e+05,1.2033e-01,7.2474e+00,5.1297e+05,2.2193e+03,-2.2460e-01,-7.6756e-01,4.1402e+00,5.8410e+00
2.0000e+03,1.7100e+02,2.0000e+00,2.4187e+01,-5.2501e+05,-5.2502e+05,-3.4166e-01,-5.2502e+05,1.2035e-01,7.2494e+00,5.1287e+05,2.2257e+03,-2.0728e-01,-3.7738e-01,3.8658e+00,4.0568e+00
2.0000e+03,1.7200e+02,1.0000e+00,2.4294e+01,-5.2497e+05,-5.2498e+05,-3.4366e-01,-5.2498e+05,1.2037e-01,7.2514e+00,5.1256e+05,2.2288e+03,-4.6880e-01,-6.8915e-01,4.1291e+00,6.3845e+00
2.0000e+03,1.7300e+02,1.0000e+00,2.4401e+01,-5.2441e+05,-5.2442e+05,-3.4565e-01,-5.2442e+05,1.2038e-01,7.2534e+00,5.1253e+05,2.2320e+03,-4.9220e-01,-3.2678e-01,4.1597e+00,6.6631e+00
2.0000e+03,1.7400e+02,2.0000e+00,2.4473e+01,-5.2435e+05,-5.2436e+05,-3.4765e-01,-5.2436e+05,1.2040e-01,7.2554e+00,5.1196e+05,2.2382e+03,9.4762e-02,-9.5050e-01,3.8654e+00,4.4550e+00
2.0000e+03,1.7500e+02,1.0000e+00,2.4579e+01,-5.2434e+05,-5.2435e+05,-3.4965e-01,-5.2435e+05,1.2030e-01,7.2433e+00,5.1190e+05,2.2414e+03,1.4236e-01,-2.7220e-01,3.7694e+00,3.8316e+00
2.0000e+03,1.7600e+02,1.0000e+00,2.4684e+01,-5.2427e+05,-5.2428e+05,-3.5165e-01,-5.2428e+05,1.2043e-01,7.2594e+00,5.1190e+05,2.2445e+03,1.2131e-01,-1.0856e-01,4.2572e+00,7.6943e+00
2.0000e+03,1.7700e+02,1.0000e+00,2.4790e+01,-5.2400e+05,-5.2401e+05,-3.5365e-01,-5.2401e+05,1.2045e-01,7.2614e+00,5.1182e+05,2.2478e+03,1.5987e-01,-2.9916e-03,4.1349e+00,5.8290e+00
2.0000e+03,1.7800e+02,1.0000e+00,2.4895e+01,-5.2395e+05,-5.2396e+05,-3.5564e-01,-5.2396e+05,1.2047e-01,7.2634e+00,5.1155e+05,2.2509e+03,6.3267e-02,-9.4407e-01,3.4746e+00,2.8359e+00
2.0000e+03,1.7900e+02,1.0000e+00,2.5000e+01,-5.2373e+05,-5.2374e+05,-3.5764e-01,-5.2374e+05,1.2048e-01,7.2654e+00,5.1151e+05,2.2540e+03,2.3494e-01,-5.5566e-01,4.2307e+00,7.7601e+00
2.0000e+03,1.8000e+02,1.0000e+00,2.5105e+01,-5.2362e+05,-5.2363e+05,-3.5964e-01,-5.2363e+05,1.2050e-01,7.2674e+00,5.1128e+05,2.2571e+03,-2.2579e-01,-1.9840e-01,4.1309e+00,5.6407e+00
2.0000e+03,1.8100e+02,1.0000e+00,2.5209e+01,-5.2362e+05,-5.2362e+05,-3.6164e-01,-5.2362e+05,1.2050e-01,7.2679e+00,5.1118e+05,2.2601e+03,-2.9727e-02,-4.5172e-01,3.8704e+00,4.2779e+00
2.0000e+03,1.8200e+02,1.0000e+00,2.5313e+01,-5.2358e+05,-5.2359e+05,-3.6364e-01,-5.2359e+05,1.2053e-01,7.2714e+00,5.1117e+05,2.2632e+03,-2.1611e-01,-5.3891e-01,4.1142e+00,5.7915e+00
2.0000e+03,1.8300e+02,1.0000e+00,2.5417e+01,-5.2319e+05,-5.2320e+05,-3.6563e-01,-5.2320e+05,1.2055e-01,7.2734e+00,5.1114e+05,2.2663e+03,-1.6254e-01,-3.8167e-01,3.5896e+00,3.1953e+00
2.0000e+03,1.8400e+02,3.0000e+00,2.5450e+01,-5.2311e+05,-5.2312e+05,-3.6763e-01,-5.2312e+05,1.2057e-01,7.2754e+00,5.1074e+05,2.2758e+03,-1.5216e-01,-2.1986e-01,3.5676e+00,2.9083e+00
2.0000e+03,1.8500e+02,1.0000e+00,2.5552e+01,-5.2266e+05,-5.2266e+05,-3.6963e-01,-5.2266e+05,1.2058e-01,7.2774e+00,5.1067e+05,2.2789e+03,2.7567e-02,-3.9320e-02,3.8597e+00,4.0122e+00
2.0000e+03,1.8600e+02,1.0000e+00,2.5655e+01,-5.2249e+05,-5.2250e+05,-3.7163e-01,-5.2250e+05,1.2060e-01,7.2794e+00,5.1021e+05,2.2820e+03,-3.0826e-01,-8.9169e-01,4.1047e+00,6.2816e+00
2.0000e+03,1.8700e+02,1.0000e+00,2.5758e+01,-5.2245e+05,-5.2246e+05,-3.7363e-01,-5.2246e+05,1.2062e-01,7.2814e+00,5.1005e+05,2.2851e+03,-3.6577e-01,-1.3799e-01,3.5171e+00,2.5889e+00
2.0000e+03,1.8800e+02,1.0000e+00,2.5860e+01,-5.2243e+05,-5.2244e+05,-3.7562e-01,-5.2244e+05,1.2063e-01,7.2834e+00,5.1001e+05,2.2882e+03,1.2935e-02,-9.3880e-01,3.9621e+00,5.4135e+00
2.0000e+03,1.8900e+02,3.0000e+00,2.5890e+01,-5.2189e+05,-5.2189e+05,-3.7762e-01,-5.2189e+05,1.2065e-01,7.2854e+00,5.0999e+05,2.2977e+03,2.4046e-01,-5.0511e-02,4.0086e+00,5.1581e+00
2.0000e+03,1.9000e+02,1.0000e+00,2.5992e+01,-5.2174e+05,-5.2175e+05,-3.7962e-01,-5.2175e+05,1.2067e-01,7.2874e+00,5.0944e+05,2.3009e+03,1.7618e-01,-1.6308e-02,3.5637e+00,2.7071e+00
2.0000e+03,1.9100e+02,1.0000e+00,2.6093e+01,-5.2165e+05,-5.2165e+05,-3.8162e-01,-5.2165e+05,1.2068e-01,7.2894e+00,5.0929e+05,2.3041e+03,-4.6749e-02,-8.9690e-01,4.2095e+00,7.5699e+00
2.0000e+03,1.9200e+02,1.0000e+00,2.6194e+01,-5.2161e+05,-5.2162e+05,-3.8362e-01,-5.2162e+05,1.2070e-01,7.2914e+00,5.0920e+05,2.3072e+03,1.9126e-01,-4.1810e-01,3.8844e+00,4.9757e+00
2.0000e+03,1.9300e+02,1.0000e+00,2.6294e+01,-5.2160e+05,-5.2161e+05,-3.8561e-01,-5.2161e+05,1.2071e-01,7.2933e+00,5.0917e+05,2.3103e+03,-4.4970e-01,-5.6337e-02,4.1720e+00,6.9437e+00
2.0000e+03,1.9400e+02,1.0000e+00,2.6395e+01,-5.2155e+05,-5.2155e+05,-3.8761e-01,-5.2155e+05,1.2073e-01,7.2954e+00,5.0915e+05,2.3133e+03,-9.3723e-02,-2.1937e-01,4.2860e+00,7.6319e+00
2.0000e+03,1.9500e+02,1.0000e+00,2.6495e+01,-5.2151e+05,-5.2152e+05,-3.8961e-01,-5.2152e+05,1.2075e-01,7.2974e+00,5.0910e+05,2.3165e+03,-1.3818e-01,-1.3926e-01,4.1869e+00,6.5997e+00
2.0000e+03,1.9600e+02,1.0000e+00,2.6594e+01,-5.2108e+05,-5.2109e+05,-3.9161e-01,-5.2109e+05,1.2076e-01,7.2994e+00,5.0907e+05,2.3195e+03,-1.1805e-01,-3.3895e-01,3.5213e+00,3.0303e+00
2.0000e+03,1.9700e+02,1.0000e+00,2.6694e+01,-5.2078e+05,-5.2078e+05,-3.9361e-01,-5.2078e+05,1.2078e-01,7.3014e+00,5.0863e+05,2.3229e+03,3.6127e-02,-3.2966e-01,3.5368e+00,3.1863e+00
2.0000e+03,1.9800e+02,1.0000e+00,2.6793e+01,-5.2058e+05,-5.2059e+05,-3.9560e-01,-5.2059e+05,1.2080e-01,7.3034e+00,5.0833e+05,2.3261e+03,1.3945e-01,-4.0204e-01,3.7754e+00,4.3437e+00
2.0000e+03,1.9900e+02,1.0000e+00,2.6892e+01,-5.2050e+05,-5.2051e+05,-3.9760e-01,-5.2051e+05,1.2081e-01,7.3054e+00,5.0814e+05,2.3292e+03,-4.5139e-01,-6.9481e-01,3.7764e+00,4.7512e+00
2.0000e+03,2.0000e+02,1.0000e+00,2.6991e+01,-5.2049e+05,-5.2050e+05,-3.9960e-01,-5.2050e+05,1.2083e-01,7.3073e+00,5.0806e+05,2.3323e+03,-2.0451e-01,-5.4337e-01,3.6751e+00,3.8595e+00
2.0000e+03,2.0100e+02,2.0000e+00,2.7052e+01,-5.2046e+05,-5.2047e+05,-4.0160e-01,-5.2047e+05,1.2085e-01,7.3094e+00,5.0804e+05,2.3385e+03,-2.8501e-01,-5.0761e-01,3.7276e+00,4.1288e+00
2.0000e+03,2.0200e+02,1.0000e+00,2.7151e+01,-5.2044e+05,-5.2045e+05,-4.0360e-01,-5.2045e+05,1.2086e-01,7.3113e+00,5.0801e+05,2.3416e+03,-4.5578e-01,-9.2088e-01,3.6570e+00,4.2344e+00
2.0000e+03,2.0300e+02,1.0000e+00,2.7248e+01,-5.2037e+05,-5.2038e+05,-4.0559e-01,-5.2038e+05,1.2088e-01,7.3133e+00,5.0799e+05,2.3447e+03,-9.6938e-02,-7.9696e-02,3.8410e+00,4.3362e+00
2.0000e+03,2.0400e+02,1.0000e+00,2.7346e+01,-5.1996e+05,-5.1997e+05,-4.0759e-01,-5.1997e+05,1.2090e-01,7.3154e+00,5.0792e+05,2.3479e+03,-4.2093e-01,-6.1062e-01,4.0186e+00,6.3396e+00
2.0000e+03,2.0500e+02,1.0000e+00,2.7443e+01,-5.1981e+05,-5.1982e+05,-4.0959e-01,-5.1982e+05,1.2091e-01,7.3173e+00,5.0752e+05,2.3510e+03,-4.7408e-01,-9.3486e-01,3.3157e+00,2.2252e+00
2.0000e+03,2.0600e+02,1.0000e+00,2.7540e+01,-5.1981e+05,-5.1981e+05,-4.1159e-01,-5.1981e+05,1.2002e-01,7.2101e+00,5.0737e+05,2.3541e+03,-7.7376e-02,-3.5224e-01,4.0876e+00,6.7820e+00
2.0000e+03,2.0700e+02,1.0000e+00,2.7637e+01,-5.1974e+05,-5.1974e+05,-4.1359e-01,-5.1974e+05,1.2095e-01,7.3214e+00,5.0736e+05,2.3572e+03,-1.2269e-01,-9.8623e-01,4.0913e+00,7.0729e+00
2.0000e+03,2.0800e+02,2.0000e+00,2.7696e+01,-5.1909e+05,-5.1910e+05,-4.1558e-01,-5.1910e+05,1.2096e-01,7.3233e+00,5.0729e+05,2.3636e+03,6.7487e-03,-4.5498e-01,3.2569e+00,2.1047e-01
2.0000e+03,2.0900e+02,1.0000e+00,2.7793e+01,-5.1894e+05,-5.1895e+05,-4.1758e-01,-5.1895e+05,1.2098e-01,7.3253e+00,5.0665e+05,2.3667e+03,-2.2308e-01,-9.2314e-01,4.0706e+00,7.4255e+00
2.0000e+03,2.1000e+02,1.0000e+00,2.7888e+01,-5.1891e+05,-5.1892e+05,-4.1958e-01,-5.1892e+05,1.2100e-01,7.3273e+00,5.0650e+05,2.3699e+03,2.9498e-02,-8.5017e-01,3.9843e+00,6.6650e+00
2.0000e+03,2.1100e+02,3.0000e+00,2.7910e+01,-5.1877e+05,-5.1878e+05,-4.2158e-01,-5.1878e+05,1.2101e-01,7.3293e+00,5.0646e+05,2.3793e+03,-1.6444e-01,-8.9361e-01,3.6610e+00,4.0680e+00
2.0000e+03,2.1200e+02,1.0000e+00,2.8005e+01,-5.1873e+05,-5.1873e+05,-4.2358e-01,-5.1873e+05,1.2103e-01,7.3313e+00,5.0632e+05,2.3825e+03,2.0424e-01,-8.0710e-01,3.8514e+00,5.6137e+00
2.0000e+03,2.1300e+02,1.0000e+00,2.8100e+01,-5.1867e+05,-5.1868e+05,-4.2557e-01,-5.1868e+05,1.2105e-01,7.3333e+00,5.0628e+05,2.3857e+03,-1.5607e-02,-5.6731e-01,3.9224e+00,5.6217e+00
2.0000e+03,2.1400e+02,1.0000e+00,2.8195e+01,-5.1842e+05,-5.1843e+05,-4.2757e-01,-5.1843e+05,1.2106e-01,7.3353e+00,5.0623e+05,2.3889e+03,-4.6857e-01,-8.2581e-01,3.2616e+00,1.4658e+00
2.0000e+03,2.1500e+02,1.0000e+00,2.8289e+01,-5.1825e+05,-5.1826e+05,-4.2957e-01,-5.1826e+05,1.2108e-01,7.3373e+00,5.0598e+05,2.3921e+03,1.8743e-01,-2.7834e-01,3.2380e+00,1.5484e+00
2.0000e+03,2.1600e+02,2.0000e+00,2.8346e+01,-5.1806e+05,-5.1806e+05,-4.3157e-01,-5.1806e+05,1.2109e-01,7.3393e+00,5.0580e+05,2.3986e+03,1.8236e-01,-4.5916e-01,3.6117e+00,3.9005e+00
2.0000e+03,2.1700e+02,1.0000e+00,2.8440e+01,-5.1799e+05,-5.1800e+05,-4.3357e-01,-5.1800e+05,1.2111e-01,7.3413e+00,5.0561e+05,2.4017e+03,-3.4759e-01,-3.3297e-01,3.2991e+00,5.1060e-01
2.0000e+03,2.1800e+02,2.0000e+00,2.8497e+01,-5.1792e+05,-5.1793e+05,-4.3556e-01,-5.1793e+05,1.2113e-01,7.3433e+00,5.0554e+05,2.4079e+03,4.7942e-02,-1.0904e-02,4.1190e+00,7.8383e+00
2.0000e+03,2.1900e+02,1.0000e+00,2.8590e+01,-5.1774e+05,-5.1775e+05,-4.3756e-01,-5.1775e+05,1.2114e-01,7.3453e+00,5.0548e+05,2.4110e+03,-3.7812e-01,-4.1716e-01,3.2817e+00,1.3246e+00
2.0000e+03,2.2000e+02,1.0000e+00,2.8683e+01,-5.1739e+05,-5.1740e+05,-4.3956e-01,-5.1740e+05,1.2116e-01,7.3473e+00,5.0529e+05,2.4142e+03,1.0161e-01,-8.5623e-01,3.8170e+00,5.6662e+00
2.0000e+03,2.2100e+02,1.0000e+00,2.8776e+01,-5.1737e+05,-5.1738e+05,-4.4156e-01,-5.1738e+05,1.2118e-01,7.3493e+00,5.0495e+05,2.4173e+03,-2.1683e-01,-5.2592e-01,3.8316e+00,5.1730e+00
2.0000e+03,2.2200e+02,1.0000e+00,2.8869e+01,-5.1732e+05,-5.1733e+05,-4.4356e-01,-5.1733e+05,1.2119e-01,7.3513e+00,5.0492e+05,2.4204e+03,-1.2808e-01,-7.3871e-01,3.2227e+00,6.7604e-01
2.0000e+03,2.2300e+02,1.0000e+00,2.8961e+01,-5.1724e+05,-5.1724e+05,-4.4555e-01,-5.1724e+05,1.2121e-01,7.3533e+00,5.0488e+05,2.4237e+03,-4.0555e-01,-2.8091e-01,3.4620e+00,3.1551e+00
2.0000e+03,2.2400e+02,2.0000e+00,2.9016e+01,-5.1663e+05,-5.1664e+05,-4.4755e-01,-5.1664e+05,1.2123e-01,7.3553e+00,5.0479e+05,2.4298e+03,-2.4165e-01,-5.8586e-02,4.0133e+00,6.4295e+00
2.0000e+03,2.2500e+02,1.0000e+00,2.9107e+01,-5.1657e+05,-5.1658e+05,-4.4955e-01,-5.1658e+05,1.2124e-01,7.3573e+00,5.0418e+05,2.4330e+03,8.8442e-02,-4.3952e-01,3.6421e+00,4.2224e+00
2.0000e+03,2.2600e+02,1.0000e+00,2.9199e+01,-5.1655e+05,-5.1656e+05,-4.5155e-01,-5.1656e+05,1.2126e-01,7.3593e+00,5.0413e+05,2.4361e+03,-2.8106e-01,-4.0020e-01,3.3919e+00,2.8087e+00
2.0000e+03,2.2700e+02,1.0000e+00,2.9290e+01,-5.1639e+05,-5.1639e+05,-4.5355e-01,-5.1639e+05,1.2128e-01,7.3613e+00,5.0410e+05,2.4394e+03,-4.5212e-01,-5.7325e-01,3.8242e+00,5.7734e+00
2.0000e+03,2.2800e+02,2.0000e+00,2.9344e+01,-5.1582e+05,-5.1583e+05,-4.5554e-01,-5.1583e+05,1.2129e-01,7.3633e+00,5.0394e+05,2.4456e+03,-5.8994e-02,-8.6293e-01,3.2590e+00,2.4263e+00
2.0000e+03,2.2900e+02,1.0000e+00,2.9434e+01,-5.1576e+05,-5.1577e+05,-4.5754e-01,-5.1577e+05,1.2131e-01,7.3653e+00,5.0338e+05,2.4489e+03,-1.5966e-01,-6.0598e-01,3.6866e+00,4.4750e+00
2.0000e+03,2.3000e+02,1.0000e+00,2.9525e+01,-5.1576e+05,-5.1577e+05,-4.5954e-01,-5.1577e+05,1.1196e-01,6.2741e+00,5.0332e+05,2.4520e+03,7.6159e-02,-7.0006e-01,3.1875e+00,2.0327e+00
2.0000e+03,2.3100e+02,2.0000e+00,2.9577e+01,-5.1547e+05,-5.1548e+05,-4.6154e-01,-5.1548e+05,1.2134e-01,7.3693e+00,5.0332e+05,2.4584e+03,-1.0985e-01,-9.5804e-01,4.0299e+00,7.9080e+00
2.0000e+03,2.3200e+02,1.0000e+00,2.9668e+01,-5.1468e+05,-5.1469e+05,-4.6354e-01,-5.1469e+05,1.2136e-01,7.3713e+00,5.0302e+05,2.4615e+03,-2.3051e-01,-9.1200e-01,3.9183e+00,7.0603e+00
2.0000e+03,2.3300e+02,1.0000e+00,2.9757e+01,-5.1421e+05,-5.1422e+05,-4.6553e-01,-5.1422e+05,1.2137e-01,7.3733e+00,5.0224e+05,2.4646e+03,9.6810e-02,-7.4836e-01,3.1219e+00,5.4480e-01
2.0000e+03,2.3400e+02,1.0000e+00,2.9847e+01,-5.1413e+05,-5.1414e+05,-4.6753e-01,-5.1414e+05,1.2139e-01,7.3753e+00,5.0176e+05,2.4677e+03,-2.5204e-01,-4.5685e-01,3.9365e+00,7.0745e+00
2.0000e+03,2.3500e+02,1.0000e+00,2.9936e+01,-5.1385e+05,-5.1386e+05,-4.6953e-01,-5.1386e+05,1.2141e-01,7.3773e+00,5.0169e+05,2.4709e+03,-2.7762e-01,-6.4771e-01,3.2123e+00,1.9775e+00
2.0000e+03,2.3600e+02,1.0000e+00,3.0025e+01,-5.1342e+05,-5.1343e+05,-4.7153e-01,-5.1343e+05,1.2142e-01,7.3793e+00,5.0141e+05,2.4742e+03,-2.2784e-01,-3.4572e-01,3.4193e+00,3.2204e+00
2.0000e+03,2.3700e+02,1.0000e+00,3.0114e+01,-5.1341e+05,-5.1342e+05,-4.7353e-01,-5.1342e+05,1.2142e-01,7.3792e+00,5.0097e+05,2.4772e+03,-2.9707e-01,-7.7333e-01,3.5920e+00,4.3943e+00
2.0000e+03,2.3800e+02,1.0000e+00,3.0203e+01,-5.1282e+05,-5.1283e+05,-4.7552e-01,-5.1283e+05,1.2146e-01,7.3833e+00,5.0096e+05,2.4805e+03,-3.3189e-01,-8.6134e-01,3.9010e+00,7.7929e+00
2.0000e+03,2.3900e+02,1.0000e+00,3.0292e+01,-5.1257e+05,-5.1258e+05,-4.7752e-01,-5.1258e+05,1.2147e-01,7.3853e+00,5.0038e+05,2.4836e+03,1.0847e-01,-1.2729e-01,3.6640e+00,4.7514e+00
2.0000e+03,2.4000e+02,1.0000e+00,3.0380e+01,-5.1234e+05,-5.1234e+05,-4.7952e-01,-5.1234e+05,1.2149e-01,7.3873e+00,5.0013e+05,2.4867e+03,-2.4638e-01,-5.1568e-01,3.1848e+00,3.8471e-01
2.0000e+03,2.4100e+02,3.0000e+00,3.0391e+01,-5.1225e+05,-5.1225e+05,-4.8152e-01,-5.1225e+05,1.2151e-01,7.3893e+00,4.9989e+05,2.4959e+03,-2.6945e-01,-7.0158e-01,3.6370e+00,4.8016e+00
2.0000e+03,2.4200e+02,1.0000e+00,3.0479e+01,-5.1212e+05,-5.1213e+05,-4.8352e-01,-5.1213e+05,1.2152e-01,7.3913e+00,4.9980e+05,2.4992e+03,1.8515e-01,-7.6463e-01,3.5954e+00,4.7453e+00
2.0000e+03,2.4300e+02,1.0000e+00,3.0566e+01,-5.1191e+05,-5.1191e+05,-4.8551e-01,-5.1191e+05,1.2154e-01,7.3933e+00,4.9967e+05,2.5024e+03,7.1203e-02,-8.5597e-02,3.6345e+00,4.5901e+00
2.0000e+03,2.4400e+02,5.0000e+00,3.0500e+01,-5.1184e+05,-5.1185e+05,-4.8751e-01,-5.1185e+05,1.2156e-01,7.3953e+00,4.9946e+05,2.5178e+03,-3.4600e-01,-1.1682e-01,3.7833e+00,5.7161e+00
2.0000e+03,2.4500e+02,5.0000e+00,3.0435e+01,-5.1175e+05,-5.1176e+05,-4.8951e-01,-5.1176e+05,1.2157e-01,7.3973e+00,4.9940e+05,2.5336e+03,-3.9844e-01,-9.9545e-01,3.1501e+00,2.3108e-01
2.0000e+03,2.4600e+02,1.0000e+00,3.0521e+01,-5.1173e+05,-5.1173e+05,-4.9151e-01,-5.1173e+05,1.2159e-01,7.3993e+00,4.9930e+05,2.5366e+03,-1.1052e-01,-7.6103e-01,3.9182e+00,7.9690e+00
2.0000e+03,2.4700e+02,3.0000e+00,3.0532e+01,-5.1171e+05,-5.1172e+05,-4.9351e-01,-5.1172e+05,1.2160e-01,7.4010e+00,4.9928e+05,2.5459e+03,-4.3438e-01,-7.4324e-01,3.5605e+00,4.6007e+00
2.0000e+03,2.4800e+02,3.0000e+00,3.0542e+01,-5.1152e+05,-5.1153e+05,-4.9550e-01,-5.1153e+05,1.2162e-01,7.4033e+00,4.9927e+05,2.5555e+03,-3.1415e-01,-9.5498e-01,3.8218e+00,6.6942e+00
2.0000e+03,2.4900e+02,1.0000e+00,3.0627e+01,-5.1147e+05,-5.1147e+05,-4.9750e-01,-5.1147e+05,1.2164e-01,7.4053e+00,4.9908e+05,2.5586e+03,1.1689e-01,-6.9817e-02,3.8082e+00,6.4249e+00
2.0000e+03,2.5000e+02,1.0000e+00,3.0713e+01,-5.1028e+05,-5.1029e+05,-4.9950e-01,-5.1029e+05,1.2165e-01,7.4073e+00,4.9902e+05,2.5618e+03,-3.6368e-01,-2.2101e-01,3.5577e+00,4.4605e+00
2.0000e+03,2.5100e+02,2.0000e+00,3.0760e+01,-5.1027e+05,-5.1028e+05,-5.0150e-01,-5.1028e+05,1.2167e-01,7.4087e+00,4.9784e+05,2.5680e+03,-2.4489e-01,-3.3991e-01,3.6969e+00,5.3684e+00
2.0000e+03,2.5200e+02,1.0000e+00,3.0845e+01,-5.0929e+05,-5.0930e+05,-5.0350e-01,-5.0930e+05,1.2169e-01,7.4113e+00,4.9783e+05,2.5711e+03,-1.8700e-01,-8.3547e-01,3.2182e+00,2.7206e+00
2.0000e+03,2.5300e+02,1.0000e+00,3.0929e+01,-5.0912e+05,-5.0913e+05,-5.0549e-01,-5.0913e+05,1.2170e-01,7.4132e+00,4.9685e+05,2.5744e+03,-3.8813e-01,-2.0099e-01,3.6294e+00,5.0801e+00
2.0000e+03,2.5400e+02,1.0000e+00,3.1013e+01,-5.0841e+05,-5.0842e+05,-5.0749e-01,-5.0842e+05,1.2172e-01,7.4152e+00,4.9667e+05,2.5774e+03,-1.9146e-02,-9.7731e-01,3.7808e+00,7.0887e+00
2.0000e+03,2.5500e+02,1.0000e+00,3.1098e+01,-5.0784e+05,-5.0784e+05,-5.0949e-01,-5.0784e+05,1.2174e-01,7.4173e+00,4.9596e+05,2.5805e+03,5.6768e-02,-3.5571e-01,3.6891e+00,6.7718e+00
2.0000e+03,2.5600e+02,3.0000e+00,3.1106e+01,-5.0778e+05,-5.0779e+05,-5.1149e-01,-5.0779e+05,1.2175e-01,7.4192e+00,4.9539e+05,2.5897e+03,2.3813e-01,-3.8946e-01,3.6068e+00,5.2703e+00
2.0000e+03,2.5700e+02,1.0000e+00,3.1189e+01,-5.0735e+05,-5.0736e+05,-5.1349e-01,-5.0736e+05,1.2177e-01,7.4212e+00,4.9534e+05,2.5928e+03,1.6792e-01,-2.6735e-02,3.3736e+00,2.9920e+00
2.0000e+03,2.5800e+02,1.0000e+00,3.1273e+01,-5.0725e+05,-5.0725e+05,-5.1548e-01,-5.0725e+05,1.2179e-01,7.4233e+00,4.9490e+05,2.5959e+03,-3.2455e-01,-3.1705e-01,3.5375e+00,4.7925e+00
2.0000e+03,2.5900e+02,3.0000e+00,3.1280e+01,-5.0704e+05,-5.0705e+05,-5.1748e-01,-5.0705e+05,1.2180e-01,7.4252e+00,4.9480e+05,2.6053e+03,6.3546e-02,-7.3692e-01,3.0303e+00,1.0811e+00
2.0000e+03,2.6000e+02,1.0000e+00,3.1363e+01,-5.0698e+05,-5.0698e+05,-5.1948e-01,-5.0698e+05,1.2182e-01,7.4272e+00,4.9459e+05,2.6084e+03,-4.8035e-01,-4.9940e-01,3.1125e+00,1.8638e+00
2.0000e+03,2.6100e+02,4.0000e+00,3.1333e+01,-5.0697e+05,-5.0698e+05,-5.2148e-01,-5.0698e+05,1.2047e-01,7.2634e+00,4.9453e+05,2.6208e+03,2.2794e-01,-7.1773e-01,3.6313e+00,6.2390e+00
2.0000e+03,2.6200e+02,1.0000e+00,3.1415e+01,-5.0654e+05,-5.0655e+05,-5.2348e-01,-5.0655e+05,1.2185e-01,7.4312e+00,4.9453e+05,2.6241e+03,-4.7665e-01,-9.7177e-02,3.4492e+00,4.3516e+00
2.0000e+03,2.6300e+02,1.0000e+00,3.1497e+01,-5.0653e+05,-5.0654e+05,-5.2547e-01,-5.0654e+05,1.2160e-01,7.4010e+00,4.9409e+05,2.6272e+03,2.0060e-01,-5.2921e-01,3.0494e+00,2.1775e+00
2.0000e+03,2.6400e+02,1.0000e+00,3.1579e+01,-5.0590e+05,-5.0591e+05,-5.2747e-01,-5.0591e+05,1.2188e-01,7.4352e+00,4.9409e+05,2.6303e+03,-2.7540e-01,-1.5427e-01,3.1890e+00,4.2918e-01
2.0000e+03,2.6500e+02,2.0000e+00,3.1623e+01,-5.0578e+05,-5.0579e+05,-5.2947e-01,-5.0579e+05,1.2190e-01,7.4372e+00,4.9345e+05,2.6365e+03,-3.5300e-01,-9.6127e-01,3.4634e+00,4.5606e+00
2.0000e+03,2.6600e+02,1.0000e+00,3.1704e+01,-5.0485e+05,-5.0486e+05,-5.3147e-01,-5.0486e+05,1.2192e-01,7.4392e+00,4.9334e+05,2.6396e+03,-4.5984e-01,-7.8679e-01,3.5699e+00,6.1528e+00
2.0000e+03,2.6700e+02,2.0000e+00,3.1748e+01,-5.0470e+05,-5.0470e+05,-5.3347e-01,-5.0470e+05,1.2193e-01,7.4412e+00,4.9240e+05,2.6460e+03,-3.5277e-01,-8.7235e-01,3.6722e+00,7.0631e+00
2.0000e+03,2.6800e+02,1.0000e+00,3.1829e+01,-5.0429e+05,-5.0430e+05,-5.3546e-01,-5.0430e+05,1.2195e-01,7.4432e+00,4.9225e+05,2.6492e+03,-1.5846e-01,-3.0642e-01,3.5519e+00,5.2815e+00
2.0000e+03,2.6900e+02,1.0000e+00,3.1910e+01,-5.0375e+05,-5.0376e+05,-5.3746e-01,-5.0376e+05,1.2197e-01,7.4452e+00,4.9185e+05,2.6523e+03,-3.6255e-01,-2.0259e-01,3.4495e+00,4.4897e+00
2.0000e+03,2.7000e+02,2.0000e+00,3.1953e+01,-5.0337e+05,-5.0337e+05,-5.3946e-01,-5.0337e+05,1.2198e-01,7.4472e+00,4.9130e+05,2.6585e+03,2.1162e-02,-7.5284e-01,3.4669e+00,5.2167e+00
2.0000e+03,2.7100e+02,1.0000e+00,3.2033e+01,-5.0325e+05,-5.0326e+05,-5.4146e-01,-5.0326e+05,1.2200e-01,7.4492e+00,4.9092e+05,2.6616e+03,-1.6055e-01,-5.3651e-02,3.5349e+00,4.6924e+00
2.0000e+03,2.7200e+02,1.0000e+00,3.2113e+01,-5.0313e+05,-5.0313e+05,-5.4346e-01,-5.0313e+05,1.2201e-01,7.4512e+00,4.9080e+05,2.6647e+03,2.3748e-01,-5.0911e-01,3.6275e+00,7.3208e+00
2.0000e+03,2.7300e+02,1.0000e+00,3.2193e+01,-5.0309e+05,-5.0310e+05,-5.4545e-01,-5.0310e+05,1.2203e-01,7.4532e+00,4.9068e+05,2.6678e+03,1.6296e-01,-2.5864e-01,3.0628e+00,1.1685e+00
2.0000e+03,2.7400e+02,3.0000e+00,3.2197e+01,-5.0285e+05,-5.0286e+05,-5.4745e-01,-5.0286e+05,1.2205e-01,7.4552e+00,4.9064e+05,2.6772e+03,7.3525e-02,-9.4539e-01,2.9605e+00,1.5275e+00
2.0000e+03,2.7500e+02,2.0000e+00,3.2239e+01,-5.0270e+05,-5.0271e+05,-5.4945e-01,-5.0271e+05,1.2206e-01,7.4572e+00,4.9041e+05,2.6834e+03,1.2268e-01,-2.5524e-01,3.3459e+00,3.9937e+00
2.0000e+03,2.7600e+02,2.0000e+00,3.2281e+01,-5.0267e+05,-5.0268e+05,-5.5145e-01,-5.0268e+05,1.2208e-01,7.4592e+00,4.9026e+05,2.6896e+03,-7.7429e-02,-1.7255e-01,3.3533e+00,3.8133e+00
2.0000e+03,2.7700e+02,3.0000e+00,3.2284e+01,-5.0265e+05,-5.0266e+05,-5.5345e-01,-5.0266e+05,1.2210e-01,7.4612e+00,4.9023e+05,2.6992e+03,1.2203e-01,-8.6153e-01,3.2779e+00,3.8744e+00
2.0000e+03,2.7800e+02,5.0000e+00,3.2213e+01,-5.0260e+05,-5.0261e+05,-5.5544e-01,-5.0261e+05,1.2211e-01,7.4632e+00,4.9020e+05,2.7148e+03,-2.4504e-02,-3.5676e-01,3.2100e+00,3.1812e+00
2.0000e+03,2.7900e+02,1.0000e+00,3.2292e+01,-5.0186e+05,-5.0187e+05,-5.5744e-01,-5.0187e+05,1.2213e-01,7.4652e+00,4.9016e+05,2.7180e+03,2.2392e-01,-5.0297e-02,3.2071e+00,8.3104e-01
2.0000e+03,2.8000e+02,2.0000e+00,3.2333e+01,-5.0184e+05,-5.0185e+05,-5.5944e-01,-5.0185e+05,1.2215e-01,7.4672e+00,4.8942e+05,2.7244e+03,1.7433e-01,-3.0426e-01,3.0182e+00,1.4631e+00
2.0000e+03,2.8100e+02,1.0000e+00,3.2411e+01,-5.0176e+05,-5.0176e+05,-5.6144e-01,-5.0176e+05,1.2216e-01,7.4692e+00,4.8940e+05,2.7275e+03,-2.3226e-01,-1.8087e-01,3.5606e+00,5.7489e+00
2.0000e+03,2.8200e+02,1.0000e+00,3.2488e+01,-5.0172e+05,-5.0173e+05,-5.6344e-01,-5.0173e+05,1.2218e-01,7.4712e+00,4.8931e+05,2.7305e+03,1.5044e-01,-2.2716e-03,3.5743e+00,5.8303e+00
2.0000e+03,2.8300e+02,1.0000e+00,3.2566e+01,-5.0147e+05,-5.0147e+05,-5.6543e-01,-5.0147e+05,1.2219e-01,7.4732e+00,4.8928e+05,2.7337e+03,-3.4821e-01,-8.4006e-01,3.2441e+00,3.6248e+00
2.0000e+03,2.8400e+02,2.0000e+00,3.2606e+01,-5.0140e+05,-5.0140e+05,-5.6743e-01,-5.0140e+05,1.2221e-01,7.4752e+00,4.8902e+05,2.7399e+03,-4.5408e-01,-9.7684e-01,3.0296e+00,2.2061e+00
2.0000e+03,2.8500e+02,1.0000e+00,3.2683e+01,-5.0136e+05,-5.0137e+05,-5.6943e-01,-5.0137e+05,1.2223e-01,7.4772e+00,4.8895e+05,2.7430e+03,-3.3670e-01,-4.6878e-01,3.2574e+00,3.6251e+00
2.0000e+03,2.8600e+02,1.0000e+00,3.2761e+01,-5.0124e+05,-5.0125e+05,-5.7143e-01,-5.0125e+05,1.2224e-01,7.4792e+00,4.8891e+05,2.7462e+03,-9.0761e-02,-8.4455e-02,3.4506e+00,4.5187e+00
2.0000e+03,2.8700e+02,3.0000e+00,3.2763e+01,-5.0059e+05,-5.0060e+05,-5.7343e-01,-5.0060e+05,1.2226e-01,7.4812e+00,4.8879e+05,2.7556e+03,-4.2078e-01,-4.2272e-01,3.6172e+00,7.7322e+00
2.0000e+03,2.8800e+02,1.0000e+00,3.2839e+01,-5.0051e+05,-5.0052e+05,-5.7542e-01,-5.0052e+05,1.2228e-01,7.4832e+00,4.8815e+05,2.7587e+03,-4.9873e-01,-5.5344e-01,3.0213e+00,7.4005e-01
2.0000e+03,2.8900e+02,2.0000e+00,3.2878e+01,-5.0050e+05,-5.0051e+05,-5.7742e-01,-5.0051e+05,1.2228e-01,7.4840e+00,4.8806e+05,2.7651e+03,-4.4931e-01,-2.8685e-02,3.4629e+00,5.1134e+00
2.0000e+03,2.9000e+02,1.0000e+00,3.2955e+01,-5.0012e+05,-5.0013e+05,-5.7942e-01,-5.0013e+05,1.2231e-01,7.4872e+00,4.8805e+05,2.7682e+03,-4.4851e-01,-6.7939e-01,3.3692e+00,4.9194e+00
2.0000e+03,2.9100e+02,1.0000e+00,3.3031e+01,-4.9986e+05,-4.9987e+05,-5.8142e-01,-4.9987e+05,1.2232e-01,7.4892e+00,4.8768e+05,2.7712e+03,-1.2708e-01,-1.0912e-02,3.4621e+00,4.4998e+00
2.0000e+03,2.9200e+02,1.0000e+00,3.3107e+01,-4.9973e+05,-4.9974e+05,-5.8342e-01,-4.9974e+05,1.2234e-01,7.4912e+00,4.8742e+05,2.7745e+03,2.2647e-02,-3.5973e-01,3.5305e+00,6.6471e+00
2.0000e+03,2.9300e+02,1.0000e+00,3.3182e+01,-4.9970e+05,-4.9971e+05,-5.8541e-01,-4.9971e+05,1.2236e-01,7.4932e+00,4.8728e+05,2.7776e+03,-6.2355e-02,-3.5186e-01,3.4453e+00,5.1793e+00
2.0000e+03,2.9400e+02,2.0000e+00,3.3220e+01,-4.9952e+05,-4.9953e+05,-5.8741e-01,-4.9953e+05,1.2237e-01,7.4952e+00,4.8725e+05,2.7838e+03,-3.0990e-01,-7.8124e-01,3.2535e+00,3.8925e+00
2.0000e+03,2.9500e+02,3.0000e+00,3.3221e+01,-4.9935e+05,-4.9935e+05,-5.8941e-01,-4.9935e+05,1.2239e-01,7.4972e+00,4.8708e+05,2.7931e+03,-2.8639e-02,-4.1317e-01,3.3607e+00,4.5293e+00
2.0000e+03,2.9600e+02,1.0000e+00,3.3296e+01,-4.9900e+05,-4.9901e+05,-5.9141e-01,-4.9901e+05,1.2241e-01,7.4992e+00,4.8690e+05,2.7962e+03,-4.8130e-01,-1.1627e-01,3.3083e+00,4.2490e+00
2.0000e+03,2.9700e+02,2.0000e+00,3.3333e+01,-4.9884e+05,-4.9885e+05,-5.9341e-01,-4.9885e+05,1.2242e-01,7.5012e+00,4.8656e+05,2.8028e+03,-4.2789e-01,-1.8066e-01,3.5184e+00,6.2907e+00
2.0000e+03,2.9800e+02,1.0000e+00,3.3408e+01,-4.9847e+05,-4.9847e+05,-5.9540e-01,-4.9847e+05,1.2244e-01,7.5032e+00,4.8639e+05,2.8059e+03,-3.4623e-01,-7.6527e-01,3.3879e+00,5.0649e+00
2.0000e+03,2.9900e+02,1.0000e+00,3.3483e+01,-4.9798e+05,-4.9799e+05,-5.9740e-01,-4.9799e+05,1.2246e-01,7.5052e+00,4.8602e+05,2.8091e+03,-4.5965e-01,-1.3720e-01,3.5199e+00,6.9703e+00
2.0000e+03,3.0000e+02,4.0000e+00,3.3445e+01,-4.9797e+05,-4.9798e+05,-5.9940e-01,-4.9798e+05,1.2247e-01,7.5071e+00,4.8554e+05,2.8214e+03,-2.9497e-02,-7.3831e-01,3.3302e+00,4.4837e+00
2.0000e+03,3.0100e+02,1.0000e+00,3.3519e+01,-4.9772e+05,-4.9773e+05,-6.0140e-01,-4.9773e+05,1.2249e-01,7.5091e+00,4.8552e+05,2.8247e+03,-1.7730e-01,-5.9613e-01,3.4044e+00,5.2262e+00
2.0000e+03,3.0200e+02,7.0000e+00,3.3370e+01,-4.9722e+05,-4.9723e+05,-6.0340e-01,-4.9723e+05,1.2250e-01,7.5112e+00,4.8527e+05,2.8464e+03,-4.5067e-01,-2.1219e-01,3.0496e+00,1.4970e+00
2.0000e+03,3.0300e+02,1.0000e+00,3.3444e+01,-4.9714e+05,-4.9715e+05,-6.0539e-01,-4.9715e+05,1.2252e-01,7.5132e+00,4.8478e+05,2.8497e+03,-4.9665e-01,-6.8522e-01,3.4418e+00,7.9518e+00
2.0000e+03,3.0400e+02,1.0000e+00,3.3517e+01,-4.9682e+05,-4.9683e+05,-6.0739e-01,-4.9683e+05,1.2254e-01,7.5151e+00,4.8469e+05,2.8528e+03,-1.3964e-01,-3.5607e-01,3.4865e+00,6.1134e+00
2.0000e+03,3.0500e+02,1.0000e+00,3.3590e+01,-4.9664e+05,-4.9665e+05,-6.0939e-01,-4.9665e+05,1.2255e-01,7.5171e+00,4.8437e+05,2.8558e+03,-1.8887e-01,-7.1792e-01,3.2591e+00,4.1116e+00
2.0000e+03,3.0600e+02,1.0000e+00,3.3663e+01,-4.9663e+05,-4.9664e+05,-6.1139e-01,-4.9664e+05,1.2243e-01,7.5015e+00,4.8419e+05,2.8591e+03,2.3290e-01,-3.8115e-01,2.9339e+00,1.8489e+00
2.0000e+03,3.0700e+02,2.0000e+00,3.3699e+01,-4.9626e+05,-4.9627e+05,-6.1339e-01,-4.9627e+05,1.2259e-01,7.5211e+00,4.8419e+05,2.8653e+03,-3.8069e-01,-5.6060e-01,3.5173e+00,7.4080e+00
2.0000e+03,3.0800e+02,1.0000e+00,3.3772e+01,-4.9605e+05,-4.9606e+05,-6.1538e-01,-4.9606e+05,1.2260e-01,7.5231e+00,4.8382e+05,2.8685e+03,-3.6483e-01,-8.8939e-02,3.5786e+00,7.3085e+00
2.0000e+03,3.0900e+02,2.0000e+00,3.3807e+01,-4.9603e+05,-4.9604e+05,-6.1738e-01,-4.9604e+05,1.2262e-01,7.5251e+00,4.8360e+05,2.8748e+03,-2.5991e-01,-4.7327e-01,3.5189e+00,7.0640e+00
2.0000e+03,3.1000e+02,4.0000e+00,3.3769e+01,-4.9595e+05,-4.9596e+05,-6.1938e-01,-4.9596e+05,1.2263e-01,7.5271e+00,4.8358e+05,2.8872e+03,-7.6864e-02,-3.0978e-01,2.9882e+00,2.3550e-01
2.0000e+03,3.1100e+02,2.0000e+00,3.3804e+01,-4.9564e+05,-4.9565e+05,-6.2138e-01,-4.9565e+05,1.2265e-01,7.5291e+00,4.8351e+05,2.8935e+03,-2.1608e-01,-1.8355e-01,3.5540e+00,7.4575e+00
2.0000e+03,3.1200e+02,1.0000e+00,3.3876e+01,-4.9543e+05,-4.9543e+05,-6.2338e-01,-4.9543e+05,1.2267e-01,7.5311e+00,4.8320e+05,2.8967e+03,2.3428e-01,-1.1877e-01,3.5107e+00,7.4508e+00
2.0000e+03,3.1300e+02,3.0000e+00,3.3874e+01,-4.9537e+05,-4.9537e+05,-6.2537e-01,-4.9537e+05,1.2268e-01,7.5331e+00,4.8298e+05,2.9062e+03,-1.3448e-01,-7.3326e-01,3.4200e+00,6.0530e+00
2.0000e+03,3.1400e+02,1.0000e+00,3.3946e+01,-4.9521e+05,-4.9522e+05,-6.2737e-01,-4.9522e+05,1.2270e-01,7.5351e+00,4.8292e+05,2.9093e+03,-4.9422e-01,-2.6294e-02,3.1737e+00,9.1439e-01
2.0000e+03,3.1500e+02,1.0000e+00,3.4017e+01,-4.9496e+05,-4.9497e+05,-6.2937e-01,-4.9497e+05,1.2272e-01,7.5371e+00,4.8277e+05,2.9124e+03,-1.7767e-01,-5.8364e-01,3.5115e+00,7.2682e+00
2.0000e+03,3.1600e+02,1.0000e+00,3.4088e+01,-4.9454e+05,-4.9454e+05,-6.3137e-01,-4.9454e+05,1.2273e-01,7.5391e+00,4.8252e+05,2.9156e+03,4.0684e-04,-8.5069e-01,2.8837e+00,2.7611e-01
2.0000e+03,3.1700e+02,1.0000e+00,3.4159e+01,-4.9440e+05,-4.9440e+05,-6.3337e-01,-4.9440e+05,1.2275e-01,7.5411e+00,4.8209e+05,2.9188e+03,-7.5542e-02,-9.9324e-01,3.4698e+00,7.3058e+00
2.0000e+03,3.1800e+02,1.0000e+00,3.4230e+01,-4.9392e+05,-4.9393e+05,-6.3536e-01,-4.9393e+05,1.2276e-01,7.5431e+00,4.8195e+05,2.9220e+03,1.3219e-01,-3.3848e-01,3.4691e+00,7.9040e+00
2.0000e+03,3.1900e+02,3.0000e+00,3.4227e+01,-4.9320e+05,-4.9321e+05,-6.3736e-01,-4.9321e+05,1.2278e-01,7.5451e+00,4.8147e+05,2.9315e+03,2.4518e-01,-1.8130e-01,3.1805e+00,3.6649e+00
2.0000e+03,3.2000e+02,1.0000e+00,3.4298e+01,-4.9316e+05,-4.9316e+05,-6.3936e-01,-4.9316e+05,1.2280e-01,7.5471e+00,4.8076e+05,2.9346e+03,-7.4315e-04,-8.8020e-01,3.3350e+00,5.6761e+00
2.0000e+03,3.2100e+02,1.0000e+00,3.4368e+01,-4.9280e+05,-4.9280e+05,-6.4136e-01,-4.9280e+05,1.2281e-01,7.5491e+00,4.8071e+05,2.9377e+03,-3.4827e-01,-2.7362e-01,3.2853e+00,4.7130e+00
2.0000e+03,3.2200e+02,2.0000e+00,3.4402e+01,-4.9255e+05,-4.9256e+05,-6.4336e-01,-4.9256e+05,1.2283e-01,7.5511e+00,4.8035e+05,2.9440e+03,-1.9990e-01,-5.0669e-01,3.0075e+00,2.7346e+00
2.0000e+03,3.2300e+02,2.0000e+00,3.4435e+01,-4.9214e+05,-4.9215e+05,-6.4535e-01,-4.9215e+05,1.2285e-01,7.5531e+00,4.8011e+05,2.9505e+03,-3.9045e-01,-8.1842e-01,3.4002e+00,6.7681e+00
2.0000e+03,3.2400e+02,3.0000e+00,3.4431e+01,-4.9203e+05,-4.9204e+05,-6.4735e-01,-4.9204e+05,1.2286e-01,7.5551e+00,4.7970e+05,2.9599e+03,-4.5318e-01,-7.4064e-01,3.1287e+00,3.9939e+00
2.0000e+03,3.2500e+02,1.0000e+00,3.4501e+01,-4.9163e+05,-4.9164e+05,-6.4935e-01,-4.9164e+05,1.2288e-01,7.5571e+00,4.7958e+05,2.9630e+03,7.0061e-02,-1.6740e-01,3.2398e+00,4.3964e+00
2.0000e+03,3.2600e+02,3.0000e+00,3.4497e+01,-4.9058e+05,-4.9059e+05,-6.5135e-01,-4.9059e+05,1.2289e-01,7.5591e+00,4.7918e+05,2.9722e+03,-3.7571e-01,-4.5284e-01,3.1553e+00,4.1103e+00
2.0000e+03,3.2700e+02,3.0000e+00,3.4494e+01,-4.9045e+05,-4.9046e+05,-6.5335e-01,-4.9046e+05,1.2291e-01,7.5611e+00,4.7814e+05,2.9818e+03,1.4989e-01,-7.5359e-01,3.3733e+00,7.8093e+00
2.0000e+03,3.2800e+02,1.0000e+00,3.4563e+01,-4.9044e+05,-4.9045e+05,-6.5534e-01,-4.9045e+05,1.2293e-01,7.5631e+00,4.7801e+05,2.9850e+03,2.0693e-02,-5.3048e-01,2.8615e+00,1.3382e+00
2.0000e+03,3.2900e+02,2.0000e+00,3.4595e+01,-4.9002e+05,-4.9002e+05,-6.5734e-01,-4.9002e+05,1.2294e-01,7.5651e+00,4.7799e+05,2.9911e+03,-1.1544e-01,-1.7169e-01,3.4690e+00,7.7600e+00
2.0000e+03,3.3000e+02,1.0000e+00,3.4664e+01,-4.8987e+05,-4.8987e+05,-6.5934e-01,-4.8987e+05,1.2296e-01,7.5671e+00,4.7757e+05,2.9943e+03,-3.1636e-01,-3.3599e-01,2.9249e+00,3.7605e-01
2.0000e+03,3.3100e+02,1.0000e+00,3.4732e+01,-4.8968e+05,-4.8969e+05,-6.6134e-01,-4.8969e+05,1.2298e-01,7.5691e+00,4.7742e+05,2.9974e+03,-2.8606e-01,-3.7508e-01,2.9124e+00,1.6458e+00
2.0000e+03,3.3200e+02,1.0000e+00,3.4801e+01,-4.8959e+05,-4.8960e+05,-6.6334e-01,-4.8960e+05,1.2299e-01,7.5711e+00,4.7724e+05,3.0006e+03,-4.9239e-01,-4.4045e-01,2.9241e+00,2.4991e+00
2.0000e+03,3.3300e+02,1.0000e+00,3.4869e+01,-4.8959e+05,-4.8959e+05,-6.6533e-01,-4.8959e+05,1.1553e-01,6.6808e+00,4.7714e+05,3.0037e+03,-7.7544e-02,-9.6184e-01,3.2621e+00,5.3051e+00
2.0000e+03,3.3400e+02,5.0000e+00,3.4792e+01,-4.8954e+05,-4.8954e+05,-6.6733e-01,-4.8954e+05,1.2302e-01,7.5751e+00,4.7714e+05,3.0190e+03,-6.5463e-02,-8.1324e-01,3.3859e+00,7.4767e+00
2.0000e+03,3.3500e+02,1.0000e+00,3.4860e+01,-4.8928e+05,-4.8929e+05,-6.6933e-01,-4.8929e+05,1.2304e-01,7.5771e+00,4.7709e+05,3.0221e+03,-2.1616e-01,-4.5771e-01,3.0632e+00,3.3690e+00
2.0000e+03,3.3600e+02,2.0000e+00,3.4891e+01,-4.8906e+05,-4.8907e+05,-6.7133e-01,-4.8907e+05,1.2306e-01,7.5791e+00,4.7683e+05,3.0284e+03,2.0815e-01,-8.6886e-01,3.0734e+00,3.8702e+00
2.0000e+03,3.3700e+02,3.0000e+00,3.4886e+01,-4.8871e+05,-4.8872e+05,-6.7333e-01,-4.8872e+05,1.2307e-01,7.5811e+00,4.7662e+05,3.0378e+03,-4.3654e-01,-6.6668e-01,3.3623e+00,7.4365e+00
2.0000e+03,3.3800e+02,2.0000e+00,3.4917e+01,-4.8856e+05,-4.8856e+05,-6.7532e-01,-4.8856e+05,1.2309e-01,7.5831e+00,4.7627e+05,3.0440e+03,2.3106e-01,-2.7305e-01,2.9876e+00,2.7119e+00
2.0000e+03,3.3900e+02,2.0000e+00,3.4948e+01,-4.8803e+05,-4.8803e+05,-6.7732e-01,-4.8803e+05,1.2311e-01,7.5851e+00,4.7611e+05,3.0505e+03,-4.1155e-01,-3.6076e-01,3.0215e+00,3.2970e+00
2.0000e+03,3.4000e+02,1.0000e+00,3.5015e+01,-4.8761e+05,-4.8762e+05,-6.7932e-01,-4.8762e+05,1.2312e-01,7.5871e+00,4.7558e+05,3.0535e+03,-2.4670e-01,-4.9537e-01,2.9695e+00,2.8673e+00
2.0000e+03,3.4100e+02,1.0000e+00,3.5082e+01,-4.8732e+05,-4.8732e+05,-6.8132e-01,-4.8732e+05,1.2314e-01,7.5891e+00,4.7517e+05,3.0567e+03,1.6328e-01,-2.8819e-01,3.2255e+00,5.1974e+00
2.0000e+03,3.4200e+02,1.0000e+00,3.5149e+01,-4.8731e+05,-4.8731e+05,-6.8332e-01,-4.8731e+05,1.2314e-01,7.5893e+00,4.7487e+05,3.0598e+03,-3.0679e-02,-1.0831e-01,3.3200e+00,5.8437e+00
2.0000e+03,3.4300e+02,2.0000e+00,3.5179e+01,-4.8700e+05,-4.8701e+05,-6.8531e-01,-4.8701e+05,1.2317e-01,7.5931e+00,4.7486e+05,3.0660e+03,-4.8622e-01,-1.4455e-01,3.2910e+00,7.2036e+00
2.0000e+03,3.4400e+02,1.0000e+00,3.5246e+01,-4.8641e+05,-4.8642e+05,-6.8731e-01,-4.8642e+05,1.2319e-01,7.5951e+00,4.7455e+05,3.0691e+03,-2.0449e-01,-8.3329e-01,2.8212e+00,4.7439e-01
2.0000e+03,3.4500e+02,2.0000e+00,3.5276e+01,-4.8624e+05,-4.8625e+05,-6.8931e-01,-4.8625e+05,1.2320e-01,7.5971e+00,4.7397e+05,3.0754e+03,2.1259e-01,-5.8213e-01,3.1796e+00,4.9253e+00
2.0000e+03,3.4600e+02,5.0000e+00,3.5198e+01,-4.8587e+05,-4.8587e+05,-6.9131e-01,-4.8587e+05,1.2322e-01,7.5991e+00,4.7379e+05,3.0907e+03,1.0450e-01,-9.6983e-01,3.1413e+00,4.9190e+00
2.0000e+03,3.4700e+02,2.0000e+00,3.5228e+01,-4.8552e+05,-4.8552e+05,-6.9331e-01,-4.8552e+05,1.2324e-01,7.6011e+00,4.7342e+05,3.0971e+03,-1.2902e-01,-1.3818e-01,3.3786e+00,7.5803e+00
2.0000e+03,3.4800e+02,1.0000e+00,3.5294e+01,-4.8487e+05,-4.8488e+05,-6.9530e-01,-4.8488e+05,1.2325e-01,7.6031e+00,4.7307e+05,3.1004e+03,-2.0398e-01,-9.6895e-01,3.3074e+00,6.8170e+00
2.0000e+03,3.4900e+02,3.0000e+00,3.5288e+01,-4.8447e+05,-4.8447e+05,-6.9730e-01,-4.8447e+05,1.2327e-01,7.6050e+00,4.7242e+05,3.1097e+03,-8.2804e-03,-3.4778e-01,3.2060e+00,5.6378e+00
2.0000e+03,3.5000e+02,2.0000e+00,3.5318e+01,-4.8443e+05,-4.8443e+05,-6.9930e-01,-4.8443e+05,1.2328e-01,7.6071e+00,4.7202e+05,3.1159e+03,-2.6806e-02,-4.4876e-01,3.2683e+00,6.5649e+00
2.0000e+03,3.5100e+02,1.0000e+00,3.5383e+01,-4.8404e+05,-4.8404e+05,-7.0130e-01,-4.8404e+05,1.2330e-01,7.6091e+00,4.7198e+05,3.1190e+03,3.5580e-02,-2.4187e-01,3.3119e+00,7.8495e+00
2.0000e+03,3.5200e+02,2.0000e+00,3.5412e+01,-4.8313e+05,-4.8314e+05,-7.0330e-01,-4.8314e+05,1.2332e-01,7.6110e+00,4.7159e+05,3.1254e+03,-3.9911e-02,-2.6573e-01,3.2655e+00,6.2242e+00
2.0000e+03,3.5300e+02,1.0000e+00,3.5477e+01,-4.8274e+05,-4.8275e+05,-7.0529e-01,-4.8275e+05,1.2333e-01,7.6131e+00,4.7068e+05,3.1285e+03,-4.5397e-01,-7.4782e-01,2.7861e+00,1.3354e+00
2.0000e+03,3.5400e+02,1.0000e+00,3.5542e+01,-4.8271e+05,-4.8272e+05,-7.0729e-01,-4.8272e+05,1.2335e-01,7.6151e+00,4.7029e+05,3.1317e+03,-7.8640e-02,-8.6241e-01,3.0926e+00,4.5058e+00
2.0000e+03,3.5500e+02,2.0000e+00,3.5571e+01,-4.8227e+05,-4.8228e+05,-7.0929e-01,-4.8228e+05,1.2336e-01,7.6170e+00,4.7027e+05,3.1379e+03,-2.3131e-02,-5.6443e-01,3.2113e+00,6.3006e+00
2.0000e+03,3.5600e+02,1.0000e+00,3.5636e+01,-4.8198e+05,-4.8199e+05,-7.1129e-01,-4.8199e+05,1.2338e-01,7.6190e+00,4.6983e+05,3.1410e+03,1.6268e-02,-9.9640e-01,2.8568e+00,2.9596e+00
2.0000e+03,3.5700e+02,1.0000e+00,3.5700e+01,-4.8106e+05,-4.8107e+05,-7.1329e-01,-4.8107e+05,1.2340e-01,7.6210e+00,4.6954e+05,3.1441e+03,-3.8520e-01,-5.1861e-01,3.0089e+00,3.9800e+00
2.0000e+03,3.5800e+02,3.0000e+00,3.5693e+01,-4.8100e+05,-4.8101e+05,-7.1528e-01,-4.8101e+05,1.2341e-01,7.6230e+00,4.6862e+05,3.1535e+03,-4.8411e-01,-5.6648e-01,2.7853e+00,1.9867e+00
2.0000e+03,3.5900e+02,1.0000e+00,3.5757e+01,-4.8099e+05,-4.8100e+05,-7.1728e-01,-4.8100e+05,1.2324e-01,7.6019e+00,4.6855e+05,3.1566e+03,3.0222e-02,-4.1538e-01,2.8575e+00,2.7369e+00
2.0000e+03,3.6000e+02,5.0000e+00,3.5679e+01,-4.8076e+05,-4.8077e+05,-7.1928e-01,-4.8077e+05,1.2345e-01,7.6270e+00,4.6855e+05,3.1722e+03,-4.4087e-01,-9.9107e-01,3.2333e+00,7.6507e+00
2.0000e+03,3.6100e+02,1.0000e+00,3.5743e+01,-4.8068e+05,-4.8069e+05,-7.2128e-01,-4.8069e+05,1.2346e-01,7.6290e+00,4.6831e+05,3.1755e+03,-4.6642e-01,-8.8711e-01,2.7522e+00,6.6148e-01
2.0000e+03,3.6200e+02,2.0000e+00,3.5771e+01,-4.8063e+05,-4.8064e+05,-7.2328e-01,-4.8064e+05,1.2348e-01,7.6310e+00,4.6823e+05,3.1817e+03,-2.4678e-01,-5.9311e-01,2.8938e+00,2.9848e+00
2.0000e+03,3.6300e+02,2.0000e+00,3.5799e+01,-4.8049e+05,-4.8050e+05,-7.2527e-01,-4.8050e+05,1.2349e-01,7.6330e+00,4.6819e+05,3.1878e+03,-1.7307e-01,-3.2852e-01,3.0090e+00,3.7641e+00
2.0000e+03,3.6400e+02,2.0000e+00,3.5827e+01,-4.8037e+05,-4.8037e+05,-7.2727e-01,-4.8037e+05,1.2351e-01,7.6350e+00,4.6804e+05,3.1940e+03,-4.6229e-01,-8.7838e-01,3.0252e+00,4.8197e+00
2.0000e+03,3.6500e+02,1.0000e+00,3.5890e+01,-4.7996e+05,-4.7996e+05,-7.2927e-01,-4.7996e+05,1.2353e-01,7.6370e+00,4.6792e+05,3.1970e+03,1.8917e-03,-2.3706e-01,3.1354e+00,5.1664e+00
2.0000e+03,3.6600e+02,4.0000e+00,3.5847e+01,-4.7967e+05,-4.7967e+05,-7.3127e-01,-4.7967e+05,1.2354e-01,7.6390e+00,4.6751e+05,3.2096e+03,1.1208e-01,-4.6104e-01,3.0532e+00,4.7392e+00
2.0000e+03,3.6700e+02,4.0000e+00,3.5805e+01,-4.7883e+05,-4.7883e+05,-7.3327e-01,-4.7883e+05,1.2356e-01,7.6410e+00,4.6722e+05,3.2221e+03,1.6059e-01,-2.7700e-01,3.2057e+00,7.3486e+00
2.0000e+03,3.6800e+02,1.0000e+00,3.5867e+01,-4.7873e+05,-4.7874e+05,-7.3526e-01,-4.7874e+05,1.2357e-01,7.6430e+00,4.6638e+05,3.2254e+03,1.8047e-01,-5.9351e-01,3.0531e+00,4.8820e+00
2.0000e+03,3.6900e+02,1.0000e+00,3.5930e+01,-4.7832e+05,-4.7832e+05,-7.3726e-01,-4.7832e+05,1.2359e-01,7.6450e+00,4.6628e+05,3.2284e+03,-3.4579e-01,-7.7456e-01,2.7375e+00,1.9400e+00
2.0000e+03,3.7000e+02,2.0000e+00,3.5957e+01,-4.7827e+05,-4.7827e+05,-7.3926e-01,-4.7827e+05,1.2361e-01,7.6470e+00,4.6587e+05,3.2348e+03,-3.0628e-01,-8.4192e-02,3.1294e+00,4.5079e+00
2.0000e+03,3.7100e+02,5.0000e+00,3.5880e+01,-4.7823e+05,-4.7824e+05,-7.4126e-01,-4.7824e+05,1.2362e-01,7.6490e+00,4.6582e+05,3.2506e+03,-1.0938e-01,-4.0899e-01,2.7782e+00,1.2298e+00
2.0000e+03,3.7200e+02,1.0000e+00,3.5942e+01,-4.7765e+05,-4.7766e+05,-7.4326e-01,-4.7766e+05,1.2364e-01,7.6510e+00,4.6579e+05,3.2537e+03,-1.3415e-02,-6.5442e-01,3.1732e+00,7.0322e+00
2.0000e+03,3.7300e+02,1.0000e+00,3.6004e+01,-4.7753e+05,-4.7753e+05,-7.4525e-01,-4.7753e+05,1.2366e-01,7.6530e+00,4.6521e+05,3.2568e+03,-1.2220e-01,-6.8043e-02,3.2965e+00,7.9190e+00
2.0000e+03,3.7400e+02,2.0000e+00,3.6031e+01,-4.7710e+05,-4.7711e+05,-7.4725e-01,-4.7711e+05,1.2367e-01,7.6550e+00,4.6508e+05,3.2630e+03,-4.1155e-01,-2.3641e-01,3.1346e+00,5.8041e+00
2.0000e+03,3.7500e+02,1.0000e+00,3.6092e+01,-4.7676e+05,-4.7676e+05,-7.4925e-01,-4.7676e+05,1.2369e-01,7.6570e+00,4.6465e+05,3.2661e+03,-4.9915e-01,-8.0078e-01,3.0191e+00,6.0868e+00
2.0000e+03,3.7600e+02,7.0000e+00,3.5946e+01,-4.7619e+05,-4.7619e+05,-7.5125e-01,-4.7619e+05,1.2370e-01,7.6590e+00,4.6431e+05,3.2880e+03,-3.4294e-01,-9.7152e-01,2.7549e+00,2.5357e+00
2.0000e+03,3.7700e+02,1.0000e+00,3.6008e+01,-4.7586e+05,-4.7587e+05,-7.5325e-01,-4.7587e+05,1.2372e-01,7.6610e+00,4.6374e+05,3.2912e+03,-3.6919e-01,-6.4866e-01,2.7183e+00,1.0313e+00
2.0000e+03,3.7800e+02,1.0000e+00,3.6069e+01,-4.7512e+05,-4.7513e+05,-7.5525e-01,-4.7513e+05,1.2374e-01,7.6630e+00,4.6341e+05,3.2944e+03,-7.5094e-02,-9.5903e-01,2.6697e+00,3.9023e-01
2.0000e+03,3.7900e+02,2.0000e+00,3.6095e+01,-4.7466e+05,-4.7467e+05,-7.5724e-01,-4.7467e+05,1.2375e-01,7.6650e+00,4.6268e+05,3.3007e+03,-1.0522e-01,-9.8257e-01,2.6695e+00,8.0328e-01
2.0000e+03,3.8000e+02,1.0000e+00,3.6156e+01,-4.7392e+05,-4.7393e+05,-7.5924e-01,-4.7393e+05,1.2377e-01,7.6670e+00,4.6221e+05,3.3039e+03,-4.6061e-02,-9.9345e-01,2.9940e+00,4.8292e+00
2.0000e+03,3.8100e+02,3.0000e+00,3.6148e+01,-4.7350e+05,-4.7351e+05,-7.6124e-01,-4.7351e+05,1.2378e-01,7.6690e+00,4.6147e+05,3.3133e+03,1.1372e-01,-8.3538e-01,2.7588e+00,2.9955e+00
2.0000e+03,3.8200e+02,4.0000e+00,3.6106e+01,-4.7325e+05,-4.7326e+05,-7.6324e-01,-4.7326e+05,1.2380e-01,7.6710e+00,4.6106e+05,3.3260e+03,1.9503e-01,-5.8976e-01,3.0973e+00,6.8352e+00
2.0000e+03,3.8300e+02,1.0000e+00,3.6166e+01,-4.7301e+05,-4.7302e+05,-7.6524e-01,-4.7302e+05,1.2382e-01,7.6730e+00,4.6081e+05,3.3291e+03,9.1944e-02,-9.0149e-01,2.7693e+00,3.1073e+00
2.0000e+03,3.8400e+02,4.0000e+00,3.6124e+01,-4.7287e+05,-4.7287e+05,-7.6723e-01,-4.7287e+05,1.2383e-01,7.6750e+00,4.6057e+05,3.3415e+03,-4.3117e-02,-3.7998e-01,2.7660e+00,1.6703e+00
2.0000e+03,3.8500e+02,4.0000e+00,3.6082e+01,-4.7228e+05,-4.7229e+05,-7.6923e-01,-4.7229e+05,1.2385e-01,7.6770e+00,4.6042e+05,3.3542e+03,2.0136e-01,-7.8608e-03,3.2005e+00,6.5537e+00
2.0000e+03,3.8600e+02,1.0000e+00,3.6142e+01,-4.7125e+05,-4.7125e+05,-7.7123e-01,-4.7125e+05,1.2387e-01,7.6790e+00,4.5984e+05,3.3573e+03,-3.5250e-01,-5.8991e-01,2.9074e+00,4.1141e+00
2.0000e+03,3.8700e+02,1.0000e+00,3.6202e+01,-4.7123e+05,-4.7124e+05,-7.7323e-01,-4.7124e+05,1.2388e-01,7.6808e+00,4.5880e+05,3.3604e+03,-1.0849e-01,-5.3256e-02,3.0593e+00,3.0643e+00
2.0000e+03,3.8800e+02,2.0000e+00,3.6228e+01,-4.7101e+05,-4.7102e+05,-7.7523e-01,-4.7102e+05,1.2390e-01,7.6830e+00,4.5879e+05,3.3666e+03,6.8480e-02,-4.4880e-01,3.0034e+00,5.4990e+00
2.0000e+03,3.8900e+02,2.0000e+00,3.6253e+01,-4.7093e+05,-4.7094e+05,-7.7722e-01,-4.7094e+05,1.2391e-01,7.6850e+00,4.5857e+05,3.3729e+03,-2.7489e-01,-5.3824e-01,2.9824e+00,4.7267e+00
2.0000e+03,3.9000e+02,4.0000e+00,3.6212e+01,-4.7085e+05,-4.7086e+05,-7.7922e-01,-4.7086e+05,1.2393e-01,7.6870e+00,4.5848e+05,3.3856e+03,-1.7747e-01,-9.7696e-01,3.0293e+00,5.5238e+00
2.0000e+03,3.9100e+02,2.0000e+00,3.6237e+01,-4.7004e+05,-4.7005e+05,-7.8122e-01,-4.7005e+05,1.2395e-01,7.6890e+00,4.5841e+05,3.3919e+03,-8.9560e-02,-9.9356e-01,2.8911e+00,4.2245e+00
2.0000e+03,3.9200e+02,2.0000e+00,3.6263e+01,-4.6981e+05,-4.6982e+05,-7.8322e-01,-4.6982e+05,1.2396e-01,7.6910e+00,4.5760e+05,3.3981e+03,-3.3933e-01,-9.9754e-02,3.1377e+00,6.7715e+00
2.0000e+03,3.9300e+02,1.0000e+00,3.6322e+01,-4.6920e+05,-4.6921e+05,-7.8522e-01,-4.6921e+05,1.2398e-01,7.6930e+00,4.5736e+05,3.4014e+03,-3.5464e-01,-7.0706e-01,2.9857e+00,5.2646e+00
2.0000e+03,3.9400e+02,1.0000e+00,3.6380e+01,-4.6851e+05,-4.6852e+05,-7.8721e-01,-4.6852e+05,1.2399e-01,7.6950e+00,4.5675e+05,3.4044e+03,-4.6905e-01,-8.2513e-01,2.6804e+00,2.7908e+00
2.0000e+03,3.9500e+02,3.0000e+00,3.6372e+01,-4.6759e+05,-4.6759e+05,-7.8921e-01,-4.6759e+05,1.2401e-01,7.6970e+00,4.5607e+05,3.4138e+03,-2.0539e-01,-5.9945e-01,3.0976e+00,7.5484e+00
2.0000e+03,3.9600e+02,2.0000e+00,3.6397e+01,-4.6755e+05,-4.6756e+05,-7.9121e-01,-4.6756e+05,1.2403e-01,7.6990e+00,4.5514e+05,3.4201e+03,-3.3339e-01,-7.0778e-01,3.0612e+00,7.0248e+00
2.0000e+03,3.9700e+02,4.0000e+00,3.6355e+01,-4.6753e+05,-4.6754e+05,-7.9321e-01,-4.6754e+05,1.2404e-01,7.7010e+00,4.5510e+05,3.4326e+03,-2.7544e-01,-5.1958e-01,3.0851e+00,7.6761e+00
2.0000e+03,3.9800e+02,1.0000e+00,3.6414e+01,-4.6738e+05,-4.6739e+05,-7.9521e-01,-4.6739e+05,1.2406e-01,7.7030e+00,4.5509e+05,3.4358e+03,3.2615e-02,-7.5020e-02,3.1165e+00,7.7724e+00
2.0000e+03,3.9900e+02,2.0000e+00,3.6438e+01,-4.6688e+05,-4.6688e+05,-7.9720e-01,-4.6688e+05,1.2407e-01,7.7050e+00,4.5493e+05,3.4419e+03,-1.2290e-02,-9.2334e-01,3.0327e+00,7.5218e+00
2.0000e+03,4.0000e+02,4.0000e+00,3.6397e+01,-4.6670e+05,-4.6671e+05,-7.9920e-01,-4.6671e+05,1.2409e-01,7.7069e+00,4.5443e+05,3.4546e+03,1.9680e-01,-6.0187e-01,2.9557e+00,5.5178e+00
2.0000e+03,4.0100e+02,4.0000e+00,3.6355e+01,-4.6575e+05,-4.6576e+05,-8.0120e-01,-4.6576e+05,1.2411e-01,7.7090e+00,4.5425e+05,3.4670e+03,-2.9799e-01,-9.6619e-01,2.8714e+00,4.3725e+00
2.0000e+03,4.0200e+02,1.0000e+00,3.6413e+01,-4.6571e+05,-4.6572e+05,-8.0320e-01,-4.6572e+05,1.2412e-01,7.7110e+00,4.5330e+05,3.4702e+03,1.2844e-01,-7.5874e-01,2.7370e+00,3.4801e+00
2.0000e+03,4.0300e+02,3.0000e+00,3.6405e+01,-4.6511e+05,-4.6511e+05,-8.0520e-01,-4.6511e+05,1.2414e-01,7.7129e+00,4.5327e+05,3.4797e+03,-3.3587e-01,-2.5380e-01,2.8164e+00,3.3253e+00
2.0000e+03,4.0400e+02,1.0000e+00,3.6462e+01,-4.6507e+05,-4.6508e+05,-8.0719e-01,-4.6508e+05,1.2416e-01,7.7150e+00,4.5266e+05,3.4828e+03,-4.6312e-01,-3.7343e-01,2.6659e+00,1.9655e+00
2.0000e+03,4.0500e+02,2.0000e+00,3.6486e+01,-4.6483e+05,-4.6484e+05,-8.0919e-01,-4.6484e+05,1.2417e-01,7.7170e+00,4.5263e+05,3.4890e+03,-1.0892e-02,-6.4864e-01,2.8328e+00,4.2526e+00
2.0000e+03,4.0600e+02,1.0000e+00,3.6544e+01,-4.6477e+05,-4.6478e+05,-8.1119e-01,-4.6478e+05,1.2419e-01,7.7189e+00,4.5238e+05,3.4921e+03,8.6342e-02,-2.4210e-01,2.9097e+00,3.5143e-01
2.0000e+03,4.0700e+02,1.0000e+00,3.6601e+01,-4.6461e+05,-4.6462e+05,-8.1319e-01,-4.6462e+05,1.2420e-01,7.7209e+00,4.5233e+05,3.4953e+03,-4.5143e-02,-4.1094e-01,2.7840e+00,3.5511e+00
2.0000e+03,4.0800e+02,2.0000e+00,3.6625e+01,-4.6457e+05,-4.6458e+05,-8.1519e-01,-4.6458e+05,1.2422e-01,7.7229e+00,4.5216e+05,3.5017e+03,9.9544e-02,-5.6481e-02,3.0840e+00,6.9412e+00
2.0000e+03,4.0900e+02,8.0000e+00,3.6453e+01,-4.6454e+05,-4.6455e+05,-8.1718e-01,-4.6455e+05,1.2424e-01,7.7249e+00,4.5212e+05,3.5265e+03,3.8446e-02,-9.4208e-01,2.9984e+00,7.8543e+00
2.0000e+03,4.1000e+02,1.0000e+00,3.6509e+01,-4.6363e+05,-4.6364e+05,-8.1918e-01,-4.6364e+05,1.2425e-01,7.7269e+00,4.5210e+05,3.5297e+03,-2.4238e-01,-9.2659e-01,2.6298e+00,2.6111e+00
2.0000e+03,4.1100e+02,2.0000e+00,3.6533e+01,-4.6352e+05,-4.6352e+05,-8.2118e-01,-4.6352e+05,1.2427e-01,7.7289e+00,4.5119e+05,3.5360e+03,-3.2193e-01,-5.3162e-01,2.8754e+00,4.5487e+00
2.0000e+03,4.1200e+02,3.0000e+00,3.6525e+01,-4.6292e+05,-4.6292e+05,-8.2318e-01,-4.6292e+05,1.2428e-01,7.7309e+00,4.5107e+05,3.5454e+03,-2.1715e-01,-4.9773e-01,2.7999e+00,3.7922e+00
2.0000e+03,4.1300e+02,4.0000e+00,3.6484e+01,-4.6114e+05,-4.6115e+05,-8.2518e-01,-4.6115e+05,1.2430e-01,7.7329e+00,4.5047e+05,3.5581e+03,-2.8880e-01,-3.2330e-01,2.9829e+00,6.3500e+00
2.0000e+03,4.1400e+02,3.0000e+00,3.6476e+01,-4.6070e+05,-4.6070e+05,-8.2717e-01,-4.6070e+05,1.2432e-01,7.7349e+00,4.4869e+05,3.5673e+03,-1.9917e-01,-6.9386e-02,3.0613e+00,6.4957e+00
2.0000e+03,4.1500e+02,2.0000e+00,3.6500e+01,-4.6007e+05,-4.6008e+05,-8.2917e-01,-4.6008e+05,1.2433e-01,7.7369e+00,4.4825e+05,3.5736e+03,-6.7650e-02,-6.8244e-01,2.9225e+00,6.3435e+00
2.0000e+03,4.1600e+02,1.0000e+00,3.6555e+01,-4.5917e+05,-4.5918e+05,-8.3117e-01,-4.5918e+05,1.2435e-01,7.7389e+00,4.4762e+05,3.5768e+03,-4.0741e-01,-6.5354e-01,2.5413e+00,5.8959e-01
2.0000e+03,4.1700e+02,3.0000e+00,3.6547e+01,-4.5892e+05,-4.5892e+05,-8.3317e-01,-4.5892e+05,1.2436e-01,7.7409e+00,4.4673e+05,3.5861e+03,2.0505e-01,-1.1974e-01,2.8326e+00,2.3675e-01
2.0000e+03,4.1800e+02,2.0000e+00,3.6570e+01,-4.5804e+05,-4.5805e+05,-8.3517e-01,-4.5805e+05,1.2438e-01,7.7429e+00,4.4647e+05,3.5923e+03,-3.8128e-01,-3.9015e-01,2.7310e+00,3.8386e+00
2.0000e+03,4.1900e+02,1.0000e+00,3.6626e+01,-4.5714e+05,-4.5715e+05,-8.3716e-01,-4.5715e+05,1.2440e-01,7.7449e+00,4.4559e+05,3.5954e+03,1.0371e-01,-5.8027e-01,2.8602e+00,6.0755e+00
2.0000e+03,4.2000e+02,5.0000e+00,3.6554e+01,-4.5687e+05,-4.5688e+05,-8.3916e-01,-4.5688e+05,1.2441e-01,7.7469e+00,4.4469e+05,3.6113e+03,-6.7092e-02,-7.7058e-01,2.6870e+00,3.6664e+00
2.0000e+03,4.2100e+02,1.0000e+00,3.6609e+01,-4.5687e+05,-4.5687e+05,-8.4116e-01,-4.5687e+05,1.2325e-01,7.6028e+00,4.4442e+05,3.6145e+03,-6.3377e-03,-4.7436e-01,2.6726e+00,3.3195e+00
2.0000e+03,4.2200e+02,2.0000e+00,3.6632e+01,-4.5654e+05,-4.5654e+05,-8.4316e-01,-4.5654e+05,1.2444e-01,7.7509e+00,4.4442e+05,3.6208e+03,-2.4976e-01,-2.6100e-01,2.8357e+00,4.4619e+00
2.0000e+03,4.2300e+02,3.0000e+00,3.6623e+01,-4.5532e+05,-4.5533e+05,-8.4516e-01,-4.5533e+05,1.2446e-01,7.7529e+00,4.4409e+05,3.6301e+03,-2.2254e-01,-6.3443e-02,2.9322e+00,1.0901e+00
2.0000e+03,4.2400e+02,1.0000e+00,3.6678e+01,-4.5365e+05,-4.5365e+05,-8.4715e-01,-4.5365e+05,1.2448e-01,7.7549e+00,4.4287e+05,3.6333e+03,-1.4300e-01,-6.1097e-01,2.9008e+00,7.0424e+00
2.0000e+03,4.2500e+02,2.0000e+00,3.6701e+01,-4.5266e+05,-4.5266e+05,-8.4915e-01,-4.5266e+05,1.2449e-01,7.7569e+00,4.4120e+05,3.6397e+03,-4.2474e-01,-3.9698e-01,2.5925e+00,2.7489e+00
2.0000e+03,4.2600e+02,5.0000e+00,3.6629e+01,-4.5240e+05,-4.5241e+05,-8.5115e-01,-4.5241e+05,1.2451e-01,7.7589e+00,4.4021e+05,3.6557e+03,-1.5156e-01,-6.5971e-01,2.9139e+00,7.8988e+00
2.0000e+03,4.2700e+02,1.0000e+00,3.6684e+01,-4.5211e+05,-4.5212e+05,-8.5315e-01,-4.5212e+05,1.2452e-01,7.7609e+00,4.3996e+05,3.6589e+03,-1.6494e-01,-5.8489e-01,2.9216e+00,7.8683e+00
2.0000e+03,4.2800e+02,2.0000e+00,3.6707e+01,-4.5149e+05,-4.5150e+05,-8.5515e-01,-4.5150e+05,1.2454e-01,7.7629e+00,4.3966e+05,3.6653e+03,2.8263e-02,-1.5613e-01,2.9301e+00,8.0869e-01
2.0000e+03,4.2900e+02,2.0000e+00,3.6729e+01,-4.5147e+05,-4.5148e+05,-8.5714e-01,-4.5148e+05,1.2456e-01,7.7649e+00,4.3904e+05,3.6721e+03,-2.2155e-01,-1.5611e-01,2.8833e+00,4.7207e+00
2.0000e+03,4.3000e+02,4.0000e+00,3.6689e+01,-4.5041e+05,-4.5042e+05,-8.5914e-01,-4.5042e+05,1.2457e-01,7.7669e+00,4.3903e+05,3.6853e+03,2.0615e-01,-1.5063e-01,2.8908e+00,6.0339e-01
2.0000e+03,4.3100e+02,1.0000e+00,3.6743e+01,-4.5004e+05,-4.5004e+05,-8.6114e-01,-4.5004e+05,1.2459e-01,7.7689e+00,4.3796e+05,3.6885e+03,-2.2210e-01,-9.2826e-01,2.6743e+00,4.1317e+00
2.0000e+03,4.3200e+02,1.0000e+00,3.6797e+01,-4.4946e+05,-4.4947e+05,-8.6314e-01,-4.4947e+05,1.2460e-01,7.7709e+00,4.3759e+05,3.6917e+03,-4.8008e-01,-6.1995e-01,2.4473e+00,8.2082e-01
2.0000e+03,4.3300e+02,1.0000e+00,3.6851e+01,-4.4936e+05,-4.4937e+05,-8.6514e-01,-4.4937e+05,1.2462e-01,7.7729e+00,4.3702e+05,3.6950e+03,-1.2039e-01,-6.1824e-01,2.8231e+00,6.2517e+00
2.0000e+03,4.3400e+02,1.0000e+00,3.6905e+01,-4.4927e+05,-4.4927e+05,-8.6713e-01,-4.4927e+05,1.2464e-01,7.7749e+00,4.3691e+05,3.6982e+03,8.9433e-02,-1.9313e-03,1.2109e+00,4.3716e-01
2.0000e+03,4.3500e+02,3.0000e+00,3.6896e+01,-4.4924e+05,-4.4925e+05,-8.6913e-01,-4.4925e+05,1.2465e-01,7.7769e+00,4.3682e+05,3.7097e+03,-4.0692e-01,-6.9761e-01,2.6813e+00,4.7870e+00
2.0000e+03,4.3600e+02,1.0000e+00,3.6949e+01,-4.4917e+05,-4.4918e+05,-8.7113e-01,-4.4918e+05,1.2467e-01,7.7789e+00,4.3679e+05,3.7129e+03,-1.2779e-01,-4.0901e-01,2.7671e+00,5.1544e+00
2.0000e+03,4.3700e+02,3.0000e+00,3.6940e+01,-4.4903e+05,-4.4904e+05,-8.7313e-01,-4.4904e+05,1.2468e-01,7.7809e+00,4.3672e+05,3.7228e+03,9.8447e-02,-6.9641e-01,2.5940e+00,3.6494e+00
2.0000e+03,4.3800e+02,2.0000e+00,3.6962e+01,-4.4890e+05,-4.4891e+05,-8.7513e-01,-4.4891e+05,1.2470e-01,7.7829e+00,4.3658e+05,3.7293e+03,-2.2481e-01,-2.8016e-01,2.8967e+00,7.3887e+00
2.0000e+03,4.3900e+02,1.0000e+00,3.7015e+01,-4.4794e+05,-4.4795e+05,-8.7712e-01,-4.4795e+05,1.2472e-01,7.7849e+00,4.3646e+05,3.7326e+03,-2.0835e-01,-6.5967e-01,2.6089e+00,3.7112e+00
2.0000e+03,4.4000e+02,1.0000e+00,3.7068e+01,-4.4693e+05,-4.4693e+05,-8.7912e-01,-4.4693e+05,1.2473e-01,7.7869e+00,4.3549e+05,3.7360e+03,2.0912e-01,-3.3189e-01,2.8021e+00,6.7380e+00
2.0000e+03,4.4100e+02,1.0000e+00,3.7121e+01,-4.4658e+05,-4.4659e+05,-8.8112e-01,-4.4659e+05,1.2475e-01,7.7889e+00,4.3448e+05,3.7393e+03,-4.8509e-01,-8.9436e-01,2.6553e+00,5.9582e+00
2.0000e+03,4.4200e+02,1.0000e+00,3.7174e+01,-4.4658e+05,-4.4659e+05,-8.8312e-01,-4.4659e+05,1.2305e-01,7.5780e+00,4.3414e+05,3.7426e+03,-1.7278e-01,-7.9752e-01,2.7756e+00,5.9630e+00
2.0000e+03,4.4300e+02,9.0000e+00,3.6978e+01,-4.4657e+05,-4.4658e+05,-8.8512e-01,-4.4658e+05,1.2409e-01,7.7072e+00,4.3413e+05,3.7715e+03,-4.8044e-02,-6.1070e-01,2.6492e+00,4.3095e+00
2.0000e+03,4.4400e+02,4.0000e+00,3.6938e+01,-4.4611e+05,-4.4612e+05,-8.8711e-01,-4.4612e+05,1.2480e-01,7.7949e+00,4.3413e+05,3.7844e+03,7.0640e-02,-5.5111e-02,3.0062e+00,5.3305e+00
2.0000e+03,4.4500e+02,1.0000e+00,3.6991e+01,-4.4522e+05,-4.4522e+05,-8.8911e-01,-4.4522e+05,1.2481e-01,7.7969e+00,4.3367e+05,3.7876e+03,6.9306e-02,-5.3414e-01,2.7657e+00,7.1888e+00
2.0000e+03,4.4600e+02,1.0000e+00,3.7043e+01,-4.4517e+05,-4.4518e+05,-8.9111e-01,-4.4518e+05,1.2483e-01,7.7989e+00,4.3277e+05,3.7908e+03,-3.9834e-01,-8.7293e-01,2.6559e+00,4.9778e+00
2.0000e+03,4.4700e+02,6.0000e+00,3.6942e+01,-4.4465e+05,-4.4466e+05,-8.9311e-01,-4.4466e+05,1.2484e-01,7.8009e+00,4.3272e+05,3.8101e+03,3.0865e-02,-6.7257e-01,2.7012e+00,5.6677e+00
2.0000e+03,4.4800e+02,1.0000e+00,3.6994e+01,-4.4431e+05,-4.4432e+05,-8.9511e-01,-4.4432e+05,1.2486e-01,7.8028e+00,4.3221e+05,3.8133e+03,-3.2642e-01,-9.0451e-03,1.0240e+00,2.7485e+00
2.0000e+03,4.4900e+02,2.0000e+00,3.7016e+01,-4.4293e+05,-4.4294e+05,-8.9710e-01,-4.4294e+05,1.2488e-01,7.8049e+00,4.3186e+05,3.8197e+03,1.8624e-01,-6.8471e-01,2.5269e+00,1.3071e+00
2.0000e+03,4.5000e+02,1.0000e+00,3.7068e+01,-4.4287e+05,-4.4288e+05,-8.9910e-01,-4.4288e+05,1.2489e-01,7.8069e+00,4.3049e+05,3.8229e+03,-2.1326e-01,-9.4613e-01,2.8066e+00,7.8578e+00
2.0000e+03,4.5100e+02,2.0000e+00,3.7089e+01,-4.4247e+05,-4.4247e+05,-9.0110e-01,-4.4247e+05,1.2491e-01,7.8088e+00,4.3043e+05,3.8294e+03,-3.5636e-01,-3.7789e-01,2.7509e+00,6.3043e+00
2.0000e+03,4.5200e+02,2.0000e+00,3.7110e+01,-4.4140e+05,-4.4141e+05,-9.0310e-01,-4.4141e+05,1.2492e-01,7.8109e+00,4.3002e+05,3.8358e+03,-2.4305e-01,-9.9386e-01,2.7542e+00,6.3966e+00
2.0000e+03,4.5300e+02,4.0000e+00,3.7070e+01,-4.4066e+05,-4.4067e+05,-9.0510e-01,-4.4067e+05,1.2494e-01,7.8129e+00,4.2896e+05,3.8484e+03,-3.8411e-01,-8.1919e-01,2.4320e+00,3.1446e+00
2.0000e+03,4.5400e+02,4.0000e+00,3.7031e+01,-4.4042e+05,-4.4043e+05,-9.0709e-01,-4.4043e+05,1.2496e-01,7.8148e+00,4.2822e+05,3.8613e+03,-2.1210e-01,-6.2206e-01,2.7039e+00,5.6845e+00
2.0000e+03,4.5500e+02,2.0000e+00,3.7052e+01,-4.3973e+05,-4.3974e+05,-9.0909e-01,-4.3974e+05,1.2497e-01,7.8169e+00,4.2797e+05,3.8676e+03,2.3298e-01,-2.4604e-02,3.0194e+00,6.5384e+00
2.0000e+03,4.5600e+02,1.0000e+00,3.7103e+01,-4.3968e+05,-4.3969e+05,-9.1109e-01,-4.3969e+05,1.2499e-01,7.8188e+00,4.2728e+05,3.8708e+03,-2.1905e-01,-9.3693e-01,2.7158e+00,5.7858e+00
2.0000e+03,4.5700e+02,1.0000e+00,3.7154e+01,-4.3950e+05,-4.3951e+05,-9.1309e-01,-4.3951e+05,1.2500e-01,7.8208e+00,4.2724e+05,3.8739e+03,-1.9255e-02,-8.7818e-01,2.4887e+00,3.6592e+00
2.0000e+03,4.5800e+02,1.0000e+00,3.7206e+01,-4.3905e+05,-4.3905e+05,-9.1509e-01,-4.3905e+05,1.2502e-01,7.8228e+00,4.2706e+05,3.8772e+03,-4.7858e-01,-8.5967e-01,2.6000e+00,6.6341e+00
2.0000e+03,4.5900e+02,1.0000e+00,3.7256e+01,-4.3827e+05,-4.3828e+05,-9.1708e-01,-4.3828e+05,1.2504e-01,7.8248e+00,4.2660e+05,3.8804e+03,-1.0241e-01,-3.1951e-01,2.7096e+00,6.1655e+00
